frame,timestamp_ms,nose_x,nose_y,nose_conf,left_eye_x,left_eye_y,left_eye_conf,right_eye_x,right_eye_y,right_eye_conf,left_ear_x,left_ear_y,left_ear_conf,right_ear_x,right_ear_y,right_ear_conf,left_shoulder_x,left_shoulder_y,left_shoulder_conf,right_shoulder_x,right_shoulder_y,right_shoulder_conf,left_elbow_x,left_elbow_y,left_elbow_conf,right_elbow_x,right_elbow_y,right_elbow_conf,left_wrist_x,left_wrist_y,left_wrist_conf,right_wrist_x,right_wrist_y,right_wrist_conf,left_hip_x,left_hip_y,left_hip_conf,right_hip_x,right_hip_y,right_hip_conf,left_knee_x,left_knee_y,left_knee_conf,right_knee_x,right_knee_y,right_knee_conf,left_ankle_x,left_ankle_y,left_ankle_conf,right_ankle_x,right_ankle_y,right_ankle_conf
0,0,746.916015625,64.52627563476562,0.002092586364597082,751.2425537109375,48.12547302246094,0.0027792658656835556,752.4008178710938,66.19523620605469,0.0009136477019637823,789.8370361328125,33.89112854003906,0.01688760332763195,797.8800659179688,64.82100677490234,0.0026325101498514414,789.483642578125,0.0,0.027171840891242027,852.6245727539062,0.0,0.014974147081375122,721.6260375976562,10.383316040039062,0.11323989927768707,804.8770751953125,22.5849609375,0.05290612578392029,745.7704467773438,13.027862548828125,0.10965077579021454,744.3046875,34.89546203613281,0.06264670193195343,878.4530639648438,122.86170959472656,0.9327682852745056,920.0438842773438,122.39620971679688,0.9021319150924683,779.2591552734375,465.3263244628906,0.9911681413650513,865.724853515625,477.1209411621094,0.9831224083900452,826.1316528320312,830.0608520507812,0.991204023361206,1113.5533447265625,666.0615844726562,0.9863600134849548
1,33,764.8059692382812,64.75340270996094,0.0032831106800585985,770.657470703125,46.58445739746094,0.003114900318905711,770.653564453125,67.13648986816406,0.0012820458505302668,810.8525390625,30.541259765625,0.010882132686674595,812.7301635742188,64.42385864257812,0.0020992972422391176,817.9583129882812,0.0,0.0265519842505455,857.6890869140625,0.0,0.027268823236227036,732.4051513671875,24.59209442138672,0.2026011049747467,782.5023193359375,41.012969970703125,0.2127573937177658,701.0516967773438,23.973655700683594,0.3167778253555298,694.3721313476562,26.182754516601562,0.372934490442276,897.126708984375,127.1414566040039,0.9396971464157104,917.4971923828125,128.42701721191406,0.9322437644004822,772.11328125,468.9504089355469,0.9880936741828918,820.8032836914062,479.79547119140625,0.9825437664985657,869.9619750976562,832.3804321289062,0.9807471632957458,1081.7823486328125,679.913818359375,0.9756138920783997
2,66,732.70458984375,57.3299560546875,0.0044409590773284435,736.6710815429688,41.6480712890625,0.0037397504784166813,736.3909301757812,57.760986328125,0.0012583150528371334,780.8688354492188,25.66259765625,0.010126887820661068,787.1387329101562,51.94981384277344,0.0016544602112844586,794.7813720703125,0.0,0.03137447312474251,861.7122802734375,0.0,0.02900291047990322,731.7815551757812,30.166488647460938,0.30537405610084534,831.9556274414062,43.391075134277344,0.26815226674079895,709.428955078125,31.355209350585938,0.4997464418411255,728.7622680664062,47.251190185546875,0.47274455428123474,885.1362915039062,132.3053436279297,0.9516578316688538,917.1282958984375,124.1429672241211,0.9444575905799866,793.1283569335938,493.3601989746094,0.9914956092834473,835.53759765625,479.7287292480469,0.9877383708953857,912.5285034179688,825.4215698242188,0.9860535264015198,1031.953857421875,716.720703125,0.9830695390701294
3,100,766.9052124023438,56.313262939453125,0.0056792572140693665,767.9176025390625,39.32798767089844,0.004830682184547186,765.469482421875,52.55731201171875,0.0011881012469530106,815.7403564453125,25.513092041015625,0.015103601850569248,817.9072875976562,48.661376953125,0.0013241816777735949,847.2625122070312,0.0,0.038999006152153015,886.2328491210938,0.0,0.04966622591018677,805.754150390625,28.72503662109375,0.33697161078453064,892.7180786132812,53.55372619628906,0.3932693302631378,734.434814453125,50.057373046875,0.5603285431861877,746.7015380859375,60.67707824707031,0.599292516708374,903.0258178710938,140.0918426513672,0.8809038996696472,904.8012084960938,128.09156799316406,0.8866625428199768,807.5030517578125,493.6559143066406,0.9589698314666748,758.6259155273438,462.71905517578125,0.9525405168533325,951.3347778320312,821.6510009765625,0.9145066142082214,947.285400390625,762.9913330078125,0.9133042097091675
4,133,766.8475952148438,65.51838684082031,0.004012623336166143,771.5413208007812,50.33738708496094,0.002977429423481226,767.2630615234375,65.60620880126953,0.0013344790786504745,815.4701538085938,34.292884826660156,0.007516042795032263,800.1156005859375,62.43809509277344,0.0016670575132593513,848.5843505859375,0.0,0.017477748915553093,858.0264282226562,0.0,0.047411784529685974,801.706298828125,30.952056884765625,0.17492859065532684,880.8829345703125,55.9801025390625,0.45044034719467163,742.8951416015625,42.80918884277344,0.3391203284263611,758.0755004882812,53.963287353515625,0.599460780620575,900.0087890625,145.70761108398438,0.9354455471038818,869.2161254882812,136.02406311035156,0.9569495320320129,852.5064697265625,498.92645263671875,0.9860168099403381,725.3247680664062,448.2843933105469,0.9878299832344055,1000.821533203125,826.4280395507812,0.976090669631958,878.6612548828125,725.9574584960938,0.9811305999755859
5,166,758.952392578125,69.74750518798828,0.0036106931511312723,764.354736328125,55.15928649902344,0.002818130888044834,760.1090698242188,68.06748962402344,0.0012968075461685658,807.36865234375,40.52574920654297,0.007401247974485159,792.9263305664062,63.32659149169922,0.0016438498860225081,842.6804809570312,1.45367431640625,0.01486655417829752,849.1112060546875,0.0,0.04379408061504364,799.0471801757812,28.102249145507812,0.1318231076002121,877.7285766601562,51.66096496582031,0.4079309105873108,753.6076049804688,37.11273193359375,0.23891615867614746,765.6470947265625,45.952423095703125,0.5040035843849182,901.2653198242188,137.47825622558594,0.9285315275192261,860.0367431640625,130.0045623779297,0.9554199576377869,885.2536010742188,492.72747802734375,0.9849629998207092,712.795166015625,442.4365539550781,0.9880856275558472,1053.7991943359375,824.3706665039062,0.9753924012184143,801.9944458007812,765.2924194335938,0.9821327328681946
6,200,742.4017944335938,48.2633056640625,0.010363837704062462,751.4805908203125,32.951934814453125,0.00882299430668354,738.9041137695312,41.66313171386719,0.002610338618978858,804.8950805664062,26.442718505859375,0.01407130341976881,766.219482421875,40.434539794921875,0.0016526151448488235,843.5154418945312,5.317840576171875,0.0392761267721653,817.9237060546875,3.20196533203125,0.040635619312524796,812.458251953125,19.376220703125,0.28958165645599365,842.232421875,37.68310546875,0.29695674777030945,771.240478515625,20.435806274414062,0.43883517384529114,768.0015258789062,21.387405395507812,0.4051392674446106,913.365966796875,132.5408477783203,0.9427124261856079,851.0597534179688,125.91064453125,0.9426395893096924,918.1397094726562,494.7981262207031,0.9880059361457825,721.2296142578125,443.3848876953125,0.9852296710014343,1102.8621826171875,812.8826293945312,0.9786868691444397,728.6107177734375,784.3163452148438,0.9805780649185181
7,233,800.5874633789062,69.02867889404297,0.00410643732175231,804.076904296875,57.78936767578125,0.003775427583605051,796.5016479492188,64.6658706665039,0.001711689168587327,834.9310913085938,45.78730773925781,0.010077772662043571,810.9659423828125,55.7003173828125,0.0024351924657821655,843.3446655273438,9.954299926757812,0.03721750155091286,834.9853515625,0.0,0.01979505643248558,771.473388671875,22.308746337890625,0.2130136787891388,814.3478393554688,22.074737548828125,0.10320990532636642,762.3975830078125,19.327285766601562,0.20467136800289154,761.5025024414062,15.110366821289062,0.10240259766578674,913.3295288085938,130.77479553222656,0.947155773639679,854.6162109375,119.38920593261719,0.9268617630004883,960.0678100585938,489.08636474609375,0.9892576336860657,734.5008544921875,447.3941345214844,0.9825353622436523,1140.9530029296875,798.2849731445312,0.9853142499923706,667.8497924804688,784.8622436523438,0.9825209975242615
8,266,782.9965209960938,79.83853912353516,0.0029461022932082415,786.566162109375,65.32752227783203,0.0030970191583037376,782.0359497070312,70.22314453125,0.001370879472233355,816.194091796875,52.602447509765625,0.010600602254271507,803.7156982421875,58.46612548828125,0.0024639011826366186,824.1369018554688,19.26177978515625,0.01712036319077015,843.7349853515625,9.410568237304688,0.018527435138821602,735.8051147460938,61.2198486328125,0.06992761790752411,901.6275024414062,56.1668701171875,0.08074013888835907,677.7264404296875,129.0330047607422,0.06239737942814827,887.1082763671875,106.78152465820312,0.06005305051803589,906.9139404296875,113.67453002929688,0.9148938059806824,858.9349365234375,112.55213928222656,0.9198307394981384,973.2713623046875,473.7846984863281,0.9874839186668396,746.0870361328125,446.9695129394531,0.9859404563903809,1172.555419921875,779.111572265625,0.9880286455154419,654.9807739257812,788.7671508789062,0.9894056916236877
9,300,809.3956298828125,80.85944366455078,0.0035647419281303883,810.5475463867188,68.26480865478516,0.0037054354324936867,807.7197875976562,73.90889739990234,0.0017611803486943245,837.6185913085938,57.14703369140625,0.010142318904399872,825.974853515625,64.76630401611328,0.0026239280123263597,838.1441040039062,30.420089721679688,0.020991258323192596,859.046630859375,11.53875732421875,0.013937145471572876,745.8717651367188,73.66667175292969,0.09515286982059479,897.8448486328125,67.76756286621094,0.06162017583847046,683.8898315429688,123.79252624511719,0.08563672006130219,869.660400390625,119.36228942871094,0.0550699383020401,905.1297607421875,108.99989318847656,0.9172499179840088,855.9574584960938,99.89657592773438,0.9008071422576904,977.5844116210938,464.5733642578125,0.9879541397094727,747.5184326171875,442.79571533203125,0.9832108020782471,1196.293701171875,763.7186279296875,0.9890370965003967,653.7817993164062,779.9769287109375,0.9877041578292847
10,333,810.9855346679688,82.3905029296875,0.00430163973942399,814.0272216796875,67.60123443603516,0.004541998263448477,805.2462768554688,73.95675659179688,0.0022833591792732477,844.35888671875,55.4366455078125,0.009547388181090355,814.5324096679688,65.2694320678711,0.002711009234189987,849.310791015625,33.176422119140625,0.016754934564232826,840.9075317382812,14.18994140625,0.01206119079142809,772.36083984375,80.25242614746094,0.07319016009569168,889.656005859375,79.115478515625,0.056018464267253876,731.3485107421875,130.62803649902344,0.07425647228956223,919.26513671875,136.98870849609375,0.054181721061468124,904.8656616210938,100.91162109375,0.8970128893852234,840.8480224609375,94.76142883300781,0.8815340399742126,961.0302124023438,466.8388366699219,0.9860556125640869,746.0548095703125,448.8299560546875,0.9817008376121521,1209.21826171875,747.699462890625,0.9886515140533447,680.9533081054688,788.6629028320312,0.9874650239944458
11,366,772.4520263671875,81.15151977539062,0.002394768176600337,775.4608764648438,63.23881530761719,0.0032436056062579155,771.8448486328125,72.69996643066406,0.0013331020018085837,805.2980346679688,52.995758056640625,0.011112229898571968,795.6002807617188,67.8834228515625,0.002155160764232278,813.82763671875,21.09276580810547,0.009745275601744652,832.820068359375,3.6959609985351562,0.00947918277233839,742.9591674804688,61.91809844970703,0.03917418792843819,894.657958984375,51.20310974121094,0.04551392421126366,708.5202026367188,137.87123107910156,0.037579089403152466,917.6494140625,121.29904174804688,0.03756825998425484,880.7026977539062,90.68641662597656,0.8581059575080872,837.6348266601562,95.14814758300781,0.8611371517181396,929.369384765625,473.8898620605469,0.9788599014282227,748.6841430664062,458.4715881347656,0.9770370721817017,1207.156982421875,718.921875,0.9829035401344299,732.9850463867188,805.3601684570312,0.9835301041603088
12,400,835.5377807617188,85.22712707519531,0.01071439404040575,835.358154296875,69.35934448242188,0.009520865976810455,824.9189453125,75.9107437133789,0.006582555361092091,851.141845703125,53.938018798828125,0.01087968423962593,823.9546508789062,62.86427307128906,0.005482684355229139,838.0897216796875,23.38458251953125,0.027944890782237053,853.1215209960938,2.6093902587890625,0.010585075244307518,788.6689453125,80.23713684082031,0.11130725592374802,839.0143432617188,80.27224731445312,0.03754318132996559,771.9442749023438,122.59721374511719,0.1212373599410057,795.7335205078125,147.94020080566406,0.051564786583185196,865.6876831054688,114.38291931152344,0.8382590413093567,830.0963745117188,101.5089111328125,0.7590043544769287,893.433837890625,486.7979736328125,0.9739155173301697,747.25146484375,469.0662536621094,0.9583451747894287,1192.4315185546875,723.4208374023438,0.9795352816581726,752.2252197265625,811.3973388671875,0.9721335172653198
13,433,776.6892700195312,81.4632568359375,0.0028050318360328674,784.32080078125,65.6118392944336,0.0034094168804585934,772.8234252929688,74.608154296875,0.0015652768779546022,821.3750610351562,54.91259765625,0.007125481963157654,788.6695556640625,68.04762268066406,0.0016875312430784106,843.262451171875,16.140060424804688,0.006421755533665419,820.90673828125,0.0,0.007578087039291859,875.9468994140625,30.182373046875,0.03727547451853752,901.2800903320312,23.641571044921875,0.06054910644888878,932.4996337890625,50.983978271484375,0.0572139136493206,930.1484985351562,45.17454528808594,0.06844184547662735,864.4515380859375,96.08436584472656,0.8111278414726257,812.567138671875,96.05369567871094,0.8282149434089661,859.5437622070312,496.38134765625,0.9681024551391602,749.2513427734375,470.7294616699219,0.9698061347007751,1164.029296875,709.337646484375,0.9723233580589294,794.3646850585938,812.0999145507812,0.9753108620643616
14,466,769.808349609375,78.81729125976562,0.0019346036715433002,770.6846923828125,67.26319885253906,0.0019999679643660784,771.7811279296875,77.89375305175781,0.0009878870332613587,797.3150634765625,51.27861785888672,0.00893634557723999,815.8793334960938,66.90408325195312,0.0022362724412232637,789.3651123046875,4.024131774902344,0.010777407325804234,891.1939086914062,0.0,0.01902448758482933,747.2200927734375,20.323974609375,0.05525311827659607,961.0292358398438,17.584304809570312,0.13339796662330627,798.7394409179688,68.92002868652344,0.06675682216882706,915.6795043945312,56.542877197265625,0.12133234739303589,848.70361328125,126.42439270019531,0.8847562670707703,874.2615966796875,123.81330871582031,0.9124996066093445,806.4542236328125,502.70721435546875,0.9742279052734375,760.3770141601562,481.8468933105469,0.9794275760650635,1120.6556396484375,696.2489013671875,0.9746777415275574,817.1990356445312,814.2198486328125,0.9792002439498901
15,500,768.8732299804688,81.98469543457031,0.0038624382577836514,768.5632934570312,69.91241455078125,0.0031943833455443382,769.71923828125,83.00292205810547,0.00146201450843364,800.1989135742188,52.60784912109375,0.0068149142898619175,822.0291748046875,73.08004760742188,0.0017536815721541643,796.405517578125,10.319046020507812,0.015260404907166958,911.47509765625,0.0,0.024479685351252556,774.8209228515625,26.906204223632812,0.15412364900112152,869.4935302734375,39.00480651855469,0.26408952474594116,759.2296752929688,34.19746398925781,0.26649823784828186,763.2265625,42.067474365234375,0.38826075196266174,853.9995727539062,139.0472869873047,0.9221634268760681,909.6708984375,134.5296173095703,0.9347656965255737,772.1503295898438,491.709228515625,0.9834596514701843,778.1358642578125,487.2699279785156,0.9852006435394287,1062.580810546875,693.7875366210938,0.9820116758346558,844.3505859375,811.4522094726562,0.9828936457633972
16,533,773.822021484375,78.95654296875,0.0047000558115541935,770.3046264648438,64.7219009399414,0.003572701010853052,776.014892578125,79.8053970336914,0.001623246818780899,796.7106323242188,48.60594177246094,0.00841438490897417,835.47607421875,73.18304443359375,0.0023160118144005537,792.3492431640625,13.79022216796875,0.024489380419254303,935.92236328125,0.0,0.03796033188700676,775.482666015625,32.83598327636719,0.2247786521911621,897.91796875,54.801177978515625,0.3435266613960266,744.3368530273438,44.08332824707031,0.37942278385162354,759.6807861328125,56.78302001953125,0.5101571083068848,860.536376953125,146.27734375,0.9233659505844116,938.806640625,139.2754364013672,0.9337580800056458,744.7861328125,487.17822265625,0.9808067679405212,769.688232421875,481.95220947265625,0.9820463061332703,995.8519287109375,709.0612182617188,0.9764686822891235,879.1598510742188,798.1763305664062,0.9762093424797058
17,566,759.9718017578125,71.99734497070312,0.005036087241023779,755.3656616210938,56.410308837890625,0.003627614350989461,758.3319702148438,74.05650329589844,0.001514068222604692,790.2498779296875,37.75346374511719,0.011244316585361958,826.360107421875,67.44937133789062,0.0027331507299095392,778.2767944335938,0.0,0.04376419633626938,926.632568359375,0.0,0.04998672008514404,725.8865356445312,4.6743621826171875,0.3064219653606415,883.5203247070312,49.10137939453125,0.3289787471294403,724.0003662109375,32.4744873046875,0.44946202635765076,756.2520751953125,47.74534606933594,0.47767698764801025,854.828857421875,139.8409881591797,0.912173330783844,949.0045166015625,138.27589416503906,0.9104485511779785,700.572998046875,465.847900390625,0.9724720120429993,814.8512573242188,495.7420654296875,0.9692930579185486,936.3911743164062,726.0426635742188,0.9618327617645264,932.1478271484375,801.734130859375,0.956092119216919
18,600,752.1813354492188,73.58150482177734,0.005020837765187025,755.16845703125,59.332855224609375,0.0037206353154033422,751.60009765625,76.36354064941406,0.0018382617272436619,796.4130859375,43.25559997558594,0.00866722222417593,803.4512329101562,71.69833374023438,0.002682568272575736,811.9638061523438,1.04754638671875,0.023151565343141556,889.0514526367188,0.0,0.043884824961423874,777.9732055664062,19.324493408203125,0.17870675027370453,859.6038208007812,47.040321350097656,0.3397192358970642,721.5723876953125,23.811904907226562,0.32215458154678345,731.9168701171875,38.69654846191406,0.5064487457275391,870.7775268554688,143.4150848388672,0.9250993132591248,927.7401733398438,139.72564697265625,0.9408407807350159,673.6395263671875,457.48443603515625,0.9842674136161804,832.653076171875,488.6121826171875,0.9863627552986145,881.3829345703125,758.20703125,0.9816356897354126,976.496337890625,819.3718872070312,0.9819194078445435
19,633,763.9559326171875,66.7276840209961,0.002766307443380356,765.2770385742188,51.880897521972656,0.002486178418621421,768.1550903320312,70.48214721679688,0.000988454557955265,805.91015625,35.74962615966797,0.012238155119121075,832.76318359375,66.7364730834961,0.0026749668177217245,812.4122924804688,0.0,0.03522970527410507,907.1627807617188,0.0,0.03749128803610802,743.8687133789062,6.7630462646484375,0.1951514184474945,809.6863403320312,31.894638061523438,0.2024136483669281,686.3509521484375,5.96282958984375,0.2385151982307434,684.275634765625,17.317245483398438,0.2656515836715698,866.3681030273438,142.11849975585938,0.9389867186546326,946.9134521484375,139.59317016601562,0.9360988140106201,666.2332763671875,447.1099548339844,0.98661208152771,863.6552734375,488.266845703125,0.9845196008682251,800.1992797851562,766.9572143554688,0.9843090772628784,1020.2085571289062,811.6018676757812,0.9806956648826599
20,666,773.5953369140625,88.8823013305664,0.002766210353001952,768.6005859375,67.8519058227539,0.0030844807624816895,772.57763671875,83.15757751464844,0.0012992281699553132,795.33544921875,48.24751281738281,0.026666834950447083,839.9134521484375,72.1384506225586,0.005647129844874144,786.9697265625,0.0,0.06097060441970825,904.412109375,0.0,0.031081443652510643,734.5250854492188,20.77239990234375,0.12388166040182114,863.124267578125,42.618896484375,0.06307028234004974,761.6902465820312,66.0574951171875,0.08956199139356613,780.068115234375,82.171875,0.05866760015487671,860.5548706054688,123.88165283203125,0.9214896559715271,956.6885375976562,129.7196502685547,0.8867018222808838,685.2332153320312,443.2647399902344,0.9840531349182129,903.9219360351562,492.5916442871094,0.9740602970123291,709.212890625,796.2009887695312,0.9841120839118958,1074.881103515625,798.4308471679688,0.9763178825378418
21,700,791.7634887695312,90.78300476074219,0.0013837272999808192,788.2203369140625,69.75462341308594,0.0016927625983953476,795.51708984375,83.94536590576172,0.0006534404819831252,808.8350830078125,52.804595947265625,0.01946483552455902,861.4332275390625,74.04409790039062,0.0033850858453661203,795.0199584960938,0.0,0.03590713068842888,929.4664916992188,0.0,0.017730973660945892,751.3070678710938,17.535873413085938,0.0981377512216568,886.6795043945312,26.88043212890625,0.05192415416240692,801.987548828125,43.64570617675781,0.07850200682878494,803.4866333007812,57.41148376464844,0.05307311937212944,863.3736572265625,117.46916198730469,0.9199239611625671,973.7686767578125,118.77534484863281,0.8856354355812073,708.807373046875,459.2178039550781,0.9860208630561829,929.5264892578125,478.7377624511719,0.9774317741394043,629.7200927734375,801.6373901367188,0.9838017821311951,1108.82763671875,779.6984252929688,0.976639449596405
22,733,815.1754760742188,96.11846923828125,0.002004737965762615,809.3857421875,73.77935028076172,0.0021141988690942526,813.62841796875,82.50123596191406,0.0009261293453164399,822.1928100585938,54.872955322265625,0.015171940438449383,864.4341430664062,67.75170135498047,0.003482568310573697,815.4596557617188,7.61260986328125,0.029963169246912003,911.8187866210938,7.60968017578125,0.014976236037909985,786.031005859375,57.60246276855469,0.08999254554510117,898.5430297851562,58.72123718261719,0.04716460779309273,792.0778198242188,143.54127502441406,0.0969497412443161,834.6279296875,135.5166778564453,0.06406605988740921,868.4813842773438,100.14340209960938,0.9066058397293091,955.4756469726562,103.1539306640625,0.866696834564209,727.686767578125,457.1617126464844,0.9881190657615662,957.9111938476562,475.8097229003906,0.9800746440887451,608.3624267578125,802.4661865234375,0.9884223341941833,1139.4639892578125,761.020263671875,0.9831910729408264
23,766,819.5795288085938,99.21100616455078,0.0024984099436551332,818.7890625,75.18196105957031,0.0028694933280348778,813.4191284179688,82.88440704345703,0.0011246106587350368,840.3391723632812,59.526031494140625,0.01380886323750019,847.6261596679688,71.48421478271484,0.0027583083137869835,843.4237060546875,16.344589233398438,0.020744474604725838,873.4699096679688,16.640304565429688,0.009483315981924534,781.023193359375,68.13656616210938,0.07459822297096252,859.0712280273438,65.0482177734375,0.033958204090595245,716.3465576171875,131.35304260253906,0.09922359138727188,795.0450439453125,134.1343231201172,0.061629679054021835,879.0938110351562,79.4033203125,0.8741865158081055,920.7141723632812,82.70704650878906,0.818149209022522,742.3383178710938,448.18817138671875,0.9874826669692993,956.3159790039062,468.057861328125,0.9780294895172119,614.288330078125,802.4290161132812,0.9889839291572571,1158.3828125,755.1185913085938,0.9835118055343628
24,800,798.6883544921875,95.24578857421875,0.0014283218188211322,803.0294189453125,73.40464782714844,0.001990250311791897,800.771728515625,85.24214172363281,0.0005783449742011726,827.0216674804688,55.02699279785156,0.011348754167556763,834.2571411132812,74.25471496582031,0.0014198661083355546,825.4188232421875,7.434196472167969,0.011284146457910538,871.5034790039062,2.628204345703125,0.0057073356583714485,738.5518798828125,53.07325744628906,0.07066758722066879,830.7469482421875,57.076904296875,0.028979871422052383,632.7481079101562,131.72654724121094,0.10900861769914627,719.8389282226562,148.1015167236328,0.059041887521743774,863.1193237304688,80.93220520019531,0.8501548767089844,916.7670288085938,77.23338317871094,0.7918624877929688,742.3504028320312,459.4988708496094,0.984900712966919,943.550537109375,460.4007873535156,0.9741541743278503,666.8597412109375,807.9688110351562,0.9855015873908997,1166.7236328125,739.8160400390625,0.9786766171455383
25,833,789.0135498046875,93.38397216796875,0.001368102733977139,792.769775390625,70.54989624023438,0.0020111047197133303,793.3579711914062,84.34110260009766,0.0006659561186097562,820.3343505859375,53.7352294921875,0.013706355355679989,836.3779907226562,75.5379638671875,0.0019864002242684364,813.135009765625,8.820396423339844,0.010223141871392727,890.0684204101562,0.0,0.007578948512673378,780.16796875,52.85254669189453,0.03936484828591347,884.7733764648438,46.4798583984375,0.02963222935795784,756.8823852539062,143.68519592285156,0.0519593171775341,812.8253173828125,122.1430435180664,0.04169784486293793,851.8421630859375,83.83987426757812,0.83316570520401,920.9569702148438,79.74481201171875,0.8024693131446838,742.4525146484375,455.04656982421875,0.9825986623764038,917.4693603515625,456.158203125,0.9746734499931335,700.8832397460938,814.7736206054688,0.985675036907196,1167.0216064453125,710.3079833984375,0.9810969829559326
26,866,784.9979248046875,83.50373840332031,0.001432314165867865,788.3882446289062,62.841041564941406,0.0020000545773655176,791.4519653320312,76.69377136230469,0.0006731519824825227,816.1392211914062,46.706634521484375,0.013323537074029446,837.5475463867188,68.29829406738281,0.001981291687116027,806.86669921875,3.5771026611328125,0.011343767866492271,894.2840576171875,0.0,0.009050417691469193,780.6041259765625,43.308311462402344,0.047227587550878525,904.346923828125,36.08441162109375,0.03964494541287422,771.881103515625,118.40272521972656,0.06334871798753738,847.6318359375,92.0372543334961,0.055205363780260086,848.7431640625,95.31257629394531,0.8511719703674316,916.8070678710938,90.705322265625,0.8262801766395569,746.022216796875,460.7227478027344,0.9830372929573059,889.1092529296875,463.6985168457031,0.9755428433418274,726.4885864257812,821.72021484375,0.9855412840843201,1151.9774169921875,702.0971069335938,0.9809082746505737
27,900,760.8220825195312,82.19377899169922,0.0029795337468385696,761.6602172851562,62.07843017578125,0.003451203927397728,762.9173583984375,75.43482971191406,0.0010489558335393667,793.9487915039062,39.621826171875,0.013920437544584274,810.2860717773438,61.35301208496094,0.0018493297975510359,800.9411010742188,0.0,0.019613800570368767,867.1452026367188,0.0,0.015886668115854263,769.3890380859375,51.503997802734375,0.10707869380712509,852.0238647460938,49.45664978027344,0.08139438182115555,723.5328979492188,134.94168090820312,0.16542960703372955,739.4256591796875,132.08358764648438,0.1426873803138733,862.35498046875,102.3695068359375,0.9022789001464844,913.62451171875,99.21464538574219,0.8812173008918762,738.223876953125,457.5768127441406,0.988463819026947,860.4900512695312,480.743408203125,0.9814887642860413,754.7910766601562,830.5973510742188,0.9894352555274963,1115.7235107421875,687.464111328125,0.9850133061408997
28,933,752.885009765625,88.45438385009766,0.0022403255570679903,751.24951171875,70.02957916259766,0.0028560939244925976,756.621826171875,83.5938491821289,0.0009564123465679586,778.419677734375,48.06761169433594,0.01932542957365513,807.037353515625,70.51107788085938,0.0028796179685741663,783.1150512695312,6.258819580078125,0.024115564301609993,869.5812377929688,0.0,0.020723357796669006,765.7300415039062,53.86688232421875,0.075419582426548,904.9187622070312,52.95208740234375,0.06811045110225677,745.6223754882812,148.7266387939453,0.07944239675998688,857.769287109375,130.99191284179688,0.07441430538892746,861.7093505859375,116.486572265625,0.90342116355896,916.4654541015625,112.97598266601562,0.8890252709388733,746.031005859375,473.830810546875,0.9866480231285095,834.824951171875,486.6391296386719,0.9799228310585022,792.685791015625,842.718017578125,0.9881948232650757,1073.7169189453125,686.2232666015625,0.984444260597229
29,966,750.4170532226562,76.38228607177734,0.0028275130316615105,749.892578125,59.859832763671875,0.0035330457612872124,751.205322265625,76.07025146484375,0.0011746191885322332,783.2726440429688,40.71734619140625,0.0168070737272501,792.6124877929688,69.26236724853516,0.0028355533722788095,790.7521362304688,0.0,0.03667937219142914,829.2154541015625,0.0,0.016049714758992195,736.4324340820312,10.249649047851562,0.14968174695968628,787.5936279296875,36.37403869628906,0.05324173346161842,762.8267211914062,51.00096130371094,0.14658531546592712,742.1027221679688,97.53680419921875,0.06713107973337173,872.0947875976562,111.84553527832031,0.9315817952156067,894.4295654296875,113.07559204101562,0.8886285424232483,750.2352905273438,468.09503173828125,0.9899049401283264,815.6561279296875,492.67822265625,0.9788476824760437,841.4203491210938,831.0299072265625,0.990440845489502,1032.3380126953125,713.0354614257812,0.9838903546333313
30,1000,764.5625,51.149505615234375,0.00600338215008378,766.976806640625,35.39044189453125,0.005225504282861948,764.9542236328125,50.40696716308594,0.0019385747145861387,807.7035522460938,21.801498413085938,0.016224190592765808,806.9613647460938,47.499847412109375,0.0032740808092057705,815.34228515625,0.0,0.06096156686544418,847.02197265625,0.0,0.0448627844452858,730.4939575195312,13.995071411132812,0.31142377853393555,753.6963500976562,28.96417236328125,0.1999809890985489,688.7255859375,11.463638305664062,0.3751852214336395,673.3583984375,8.568191528320312,0.27861103415489197,888.6570434570312,129.7990264892578,0.951323926448822,906.0057373046875,126.64581298828125,0.9355150461196899,759.3135375976562,477.33685302734375,0.9898996949195862,810.656494140625,489.8575744628906,0.9828881025314331,893.9616088867188,819.707763671875,0.9856064915657043,984.5361328125,736.2220458984375,0.979778528213501
31,1033,729.210205078125,53.13688659667969,0.004396010190248489,734.7448120117188,38.59844970703125,0.0036162673495709896,733.3772583007812,53.81245422363281,0.0014370892895385623,784.8863525390625,24.5086669921875,0.010943658649921417,778.6881103515625,51.015769958496094,0.0022405439522117376,830.3961181640625,0.0,0.02266809716820717,825.93408203125,0.0,0.05101499706506729,740.531005859375,15.551536560058594,0.1869385987520218,782.2446899414062,47.80268096923828,0.3568553328514099,682.563720703125,14.775627136230469,0.3239535093307495,684.5931396484375,28.401626586914062,0.4687136709690094,899.8141479492188,144.39483642578125,0.8567509651184082,873.6290283203125,137.5981903076172,0.8938175439834595,776.2134399414062,490.2219543457031,0.9552205204963684,720.37353515625,455.10662841796875,0.9578675031661987,926.32763671875,821.3192138671875,0.8927893042564392,887.1163940429688,755.5986328125,0.9066601395606995
32,1066,761.471435546875,67.1246109008789,0.005881322547793388,766.7675170898438,50.521087646484375,0.004390291403979063,757.19677734375,64.57516479492188,0.0017521848203614354,813.7291870117188,36.41986083984375,0.009724869392812252,788.1038818359375,61.71771240234375,0.0019371380330994725,844.1845092773438,4.0119781494140625,0.029912862926721573,850.62451171875,0.0,0.04769885167479515,799.644287109375,28.383636474609375,0.2591054141521454,872.0278930664062,53.458831787109375,0.3833409249782562,729.69287109375,44.138031005859375,0.4412061274051666,741.6646728515625,49.99818420410156,0.5362222790718079,898.2112426757812,144.36227416992188,0.9253297448158264,866.2582397460938,130.13314819335938,0.9367072582244873,820.3253173828125,504.6884765625,0.9821918606758118,695.7360229492188,442.35003662109375,0.9805311560630798,981.5447387695312,829.8345947265625,0.9687923192977905,829.5772705078125,743.376220703125,0.9721466898918152
33,1100,767.4713745117188,68.84014892578125,0.005202401429414749,773.7514038085938,53.81714630126953,0.003736827289685607,767.0581665039062,67.82080078125,0.0017528269672766328,818.8381958007812,38.190582275390625,0.007963406853377819,795.5006103515625,63.17079162597656,0.0019523062510415912,855.2457275390625,5.991325378417969,0.0219480711966753,855.14013671875,0.0,0.050440818071365356,813.3139038085938,39.99005126953125,0.2040456235408783,872.1456298828125,60.985382080078125,0.44083747267723083,751.2182006835938,42.085418701171875,0.3685794472694397,757.6797485351562,53.536102294921875,0.5680139660835266,902.9891967773438,141.4756622314453,0.9328572750091553,860.3701782226562,128.3297882080078,0.9528008103370667,861.5872192382812,498.1707458496094,0.9848042726516724,698.0484008789062,433.49664306640625,0.9862715005874634,1023.40576171875,830.2933959960938,0.9710376858711243,761.2305908203125,759.5081176757812,0.9775000214576721
34,1133,795.8567504882812,82.25255584716797,0.006897230166941881,800.4769287109375,68.34857940673828,0.004778658971190453,789.1397705078125,76.6321792602539,0.00244990736246109,837.5511474609375,50.7425537109375,0.007617459632456303,805.9727783203125,62.884986877441406,0.0021381196565926075,851.7431030273438,9.853271484375,0.028721719980239868,859.4011840820312,1.31982421875,0.03567218780517578,809.200439453125,29.977981567382812,0.250312864780426,866.2415771484375,49.320648193359375,0.3034506142139435,761.6204223632812,40.530120849609375,0.38424810767173767,763.956298828125,40.056243896484375,0.4023728370666504,912.3450317382812,141.69639587402344,0.9345255494117737,867.2640991210938,120.33357238769531,0.938482940196991,898.65185546875,508.0608215332031,0.9852927327156067,695.7517700195312,434.3971252441406,0.983159601688385,1079.3702392578125,832.305908203125,0.9748674631118774,683.0170288085938,778.401123046875,0.9770967364311218
35,1166,816.0953979492188,79.76465606689453,0.003808441339060664,818.5829467773438,68.72209167480469,0.0032429026905447245,812.1705932617188,75.07088470458984,0.0016588238067924976,848.7542724609375,53.959625244140625,0.00992587860673666,829.5795288085938,61.86559295654297,0.0026796890888363123,844.2861328125,16.877197265625,0.0307941697537899,869.4738159179688,0.0,0.02838154323399067,765.8385009765625,38.90840148925781,0.16342484951019287,858.781494140625,26.04437255859375,0.14761658012866974,743.9969482421875,61.75144958496094,0.15730994939804077,784.7312622070312,35.44486999511719,0.12463367730379105,904.5623168945312,138.25794982910156,0.9425328969955444,864.4715576171875,117.25685119628906,0.9391692280769348,939.8292846679688,506.4775390625,0.9874697923660278,716.4505004882812,446.0847473144531,0.9839403629302979,1122.43603515625,819.0802001953125,0.9814537763595581,617.9664916992188,776.45361328125,0.9816792011260986
36,1200,792.880615234375,78.81953430175781,0.002171013504266739,796.7882080078125,66.42585754394531,0.0020852743182331324,794.0358276367188,70.08931732177734,0.0009956785943359137,825.4942016601562,52.762115478515625,0.008576476015150547,816.8509521484375,56.453521728515625,0.0022769642528146505,828.4876708984375,18.933425903320312,0.017253559082746506,862.2389526367188,6.9029388427734375,0.02013241872191429,735.0485229492188,55.470245361328125,0.07915735244750977,910.6939086914062,55.27336120605469,0.09294075518846512,682.2796630859375,112.65733337402344,0.06618200242519379,876.2137451171875,105.36717224121094,0.06155763939023018,911.0202026367188,125.91975402832031,0.9243081212043762,867.2186889648438,117.601318359375,0.9310216307640076,976.1958618164062,493.2440185546875,0.9876828789710999,723.9471435546875,444.5802917480469,0.9860283732414246,1169.8692626953125,806.5806884765625,0.9855474233627319,599.5846557617188,777.9450073242188,0.9877042770385742
37,1233,802.8087768554688,82.32810974121094,0.0014803261728957295,805.2003173828125,71.2789306640625,0.0016195179196074605,806.6093139648438,77.36153411865234,0.0008629579097032547,827.551025390625,60.75270080566406,0.007578191347420216,826.427734375,69.64901733398438,0.0021872022189199924,826.90087890625,23.00152587890625,0.008774333633482456,861.202392578125,11.72955322265625,0.014514359645545483,744.7349853515625,63.43482971191406,0.034544430673122406,933.37158203125,50.2232666015625,0.07288666814565659,720.9126586914062,124.61620330810547,0.027905073016881943,958.5133666992188,103.18224334716797,0.04164128005504608,901.001953125,119.19277954101562,0.8841989636421204,853.4558715820312,118.77987670898438,0.9103107452392578,994.4017333984375,474.2124328613281,0.9813809394836426,730.3505859375,447.2591857910156,0.9827409386634827,1195.93994140625,783.3074340820312,0.9812770485877991,603.041259765625,775.0889282226562,0.98536217212677
38,1266,809.6160278320312,84.66531372070312,0.003279251279309392,810.6035766601562,72.34222412109375,0.0032221991568803787,809.0517578125,77.22308349609375,0.0017947679152712226,836.1280517578125,62.21003723144531,0.008132544346153736,824.5032348632812,68.74964904785156,0.0026643150486052036,835.6627807617188,36.98291015625,0.014910221099853516,853.144775390625,17.963516235351562,0.013768089935183525,747.2571411132812,85.88465881347656,0.06483849883079529,914.9890747070312,78.13270568847656,0.06596758216619492,714.5125732421875,135.63729858398438,0.05978293716907501,929.6461181640625,131.92630004882812,0.05319051072001457,909.7799072265625,114.145751953125,0.9058354496955872,850.7177124023438,105.92344665527344,0.9033240675926208,997.6480102539062,468.9558410644531,0.9870722889900208,733.132568359375,447.39056396484375,0.9843863844871521,1224.1085205078125,768.1234741210938,0.9888442158699036,620.1447143554688,774.0411987304688,0.9887006878852844
39,1300,799.9004516601562,89.64205169677734,0.0038117156364023685,802.4832153320312,74.53079223632812,0.004454087000340223,795.9830932617188,80.8963851928711,0.0018809804460033774,834.5946044921875,63.10414123535156,0.00971719529479742,810.72216796875,72.78495025634766,0.002090692287310958,841.3298950195312,39.10675048828125,0.015518917702138424,836.6959228515625,18.498367309570312,0.009484861977398396,742.9589233398438,82.17732238769531,0.07544617354869843,868.5494995117188,79.27706909179688,0.04478558525443077,678.007568359375,134.87301635742188,0.0718352347612381,839.7565307617188,142.10577392578125,0.044702183455228806,908.0887451171875,110.42047119140625,0.9056292176246643,840.5014038085938,104.81350708007812,0.8836857676506042,976.0928344726562,470.1969909667969,0.9882015585899353,733.545654296875,457.62554931640625,0.9832747578620911,1231.8072509765625,751.124267578125,0.9909823536872864,668.1615600585938,801.6522216796875,0.9893718361854553
40,1333,804.5647583007812,91.93991088867188,0.004640244413167238,808.8556518554688,75.0556869506836,0.005992411635816097,797.8306884765625,80.9197998046875,0.0023017104249447584,842.9197998046875,64.22490692138672,0.009568346664309502,807.8472290039062,72.76881408691406,0.0018172122072428465,851.7737426757812,44.1463623046875,0.012149871326982975,828.2427978515625,17.666061401367188,0.005928856786340475,763.3823852539062,91.40121459960938,0.06611953675746918,838.8120727539062,85.66200256347656,0.029745114967226982,696.7035522460938,147.7562713623047,0.07442796230316162,801.1727294921875,157.91734313964844,0.03804450482130051,899.330078125,101.76795959472656,0.8684365153312683,827.0074462890625,95.50241088867188,0.8240032196044922,951.3327026367188,485.3338623046875,0.985080897808075,739.8893432617188,470.5810852050781,0.9774770140647888,1230.84423828125,728.9293212890625,0.9898968935012817,705.3656005859375,816.002197265625,0.9872187376022339
41,1366,774.3776245117188,86.30955505371094,0.0046043721958994865,778.5830078125,66.0765609741211,0.006443215999752283,774.184814453125,76.37960815429688,0.0030104191973805428,807.2564086914062,57.11473846435547,0.01641356758773327,797.3346557617188,72.80816650390625,0.004119448829442263,812.0962524414062,21.20159912109375,0.013585151173174381,832.8755493164062,6.117805480957031,0.012428377754986286,758.2833251953125,60.108489990234375,0.0423334538936615,839.960693359375,40.811737060546875,0.04239129275083542,723.0468139648438,154.91336059570312,0.03920413926243782,809.8564453125,145.5028533935547,0.035894230008125305,878.6568603515625,93.33590698242188,0.8099659085273743,845.2874145507812,97.42048645019531,0.810585081577301,913.1593017578125,486.5490417480469,0.9625727534294128,752.0924072265625,461.3919982910156,0.959520697593689,1202.49755859375,721.4061889648438,0.9614058136940002,751.9508056640625,822.4194946289062,0.9625114798545837
42,1400,772.5081176757812,87.78343963623047,0.002169849583879113,777.9805908203125,72.51722717285156,0.00285315397195518,771.1907958984375,80.96475219726562,0.0013457181630656123,809.755615234375,59.23649597167969,0.010228823870420456,794.5977172851562,70.52348327636719,0.0023536996450275183,817.4970703125,16.191970825195312,0.008200399577617645,830.878662109375,0.0,0.01059157494455576,788.1183471679688,48.17198181152344,0.029928777366876602,890.3203735351562,29.770431518554688,0.054933320730924606,824.41552734375,119.6795883178711,0.029671624302864075,927.3970336914062,77.9926986694336,0.04101395234465599,864.9080810546875,102.15573120117188,0.8409668207168579,829.871337890625,101.85401916503906,0.8634413480758667,872.4860229492188,500.819091796875,0.9708626866340637,749.5523071289062,470.6802062988281,0.974185049533844,1176.2933349609375,693.654296875,0.9764530062675476,782.61767578125,817.76904296875,0.979820728302002
43,1433,781.1226806640625,83.57661437988281,0.001961932983249426,781.9796142578125,71.59121704101562,0.0019989926367998123,781.464111328125,81.7141342163086,0.0011643703328445554,806.7378540039062,55.10188293457031,0.007639342453330755,818.5191650390625,69.908203125,0.0024470810312777758,806.94580078125,6.1190643310546875,0.007241945248097181,880.4668579101562,0.0,0.01867002621293068,793.9182739257812,24.232864379882812,0.031273700296878815,948.4667358398438,16.7764892578125,0.13282805681228638,876.7304077148438,89.10468292236328,0.039519019424915314,954.14208984375,68.78125762939453,0.10939708352088928,862.3048095703125,123.73681640625,0.8540189266204834,871.87890625,121.09927368164062,0.9067959785461426,816.2308959960938,502.6747741699219,0.9690293669700623,757.179443359375,476.2152099609375,0.9800992608070374,1122.4500732421875,683.6766967773438,0.9738869071006775,812.8265991210938,822.1564331054688,0.9813057780265808
44,1466,782.8244018554688,83.60504150390625,0.0035088041331619024,780.8463745117188,70.47331237792969,0.0031227890867739916,783.3568725585938,84.8711929321289,0.0015391462948173285,809.1780395507812,52.880218505859375,0.008120137266814709,835.4583129882812,75.94608306884766,0.0023299383465200663,805.3170776367188,10.107467651367188,0.014352178201079369,924.8478393554688,0.0,0.026519209146499634,782.6798095703125,20.785858154296875,0.10217248648405075,878.9873657226562,30.921340942382812,0.2184210866689682,781.6110229492188,39.208465576171875,0.15301445126533508,779.8433227539062,39.97412109375,0.2721725404262543,866.9364624023438,128.47178649902344,0.9070231318473816,925.8316040039062,124.40267944335938,0.9278730750083923,778.91259765625,491.41180419921875,0.9804547429084778,786.75,488.00592041015625,0.9839823842048645,1060.8944091796875,692.62158203125,0.9804746508598328,842.9459838867188,821.3782348632812,0.982233464717865
45,1500,782.842041015625,79.73865509033203,0.005867034196853638,778.7191772460938,65.58407592773438,0.004771837964653969,780.721435546875,80.13384246826172,0.001889235689304769,809.4945068359375,49.21307373046875,0.012882398441433907,840.6348266601562,72.64361572265625,0.0030548658687621355,803.0728149414062,16.641952514648438,0.05245644599199295,932.5008544921875,0.094757080078125,0.041346266865730286,773.917236328125,18.674148559570312,0.32043999433517456,872.3507080078125,48.71946716308594,0.2421744167804718,764.3333129882812,30.670211791992188,0.40984758734703064,768.5938110351562,35.40985107421875,0.3320227861404419,868.2454833984375,134.00619506835938,0.9384170174598694,943.9124145507812,126.59623718261719,0.9264804720878601,747.2472534179688,483.5860290527344,0.9836683869361877,786.6385498046875,481.0660400390625,0.9790079593658447,997.4608764648438,701.3443603515625,0.9796629548072815,877.1188354492188,797.3232421875,0.9752320647239685
46,1533,782.3840942382812,67.14127349853516,0.0038139226380735636,775.9341430664062,51.115264892578125,0.0035576254595071077,782.4617309570312,69.8257827758789,0.001182004576548934,809.9193115234375,34.043060302734375,0.017250018194317818,855.4676513671875,65.26194763183594,0.0032334155403077602,797.818603515625,0.185577392578125,0.07684732228517532,937.8856201171875,0.0,0.03446671739220619,737.312255859375,8.131072998046875,0.3558218479156494,847.7933959960938,37.16294860839844,0.14064118266105652,765.9684448242188,23.329605102539062,0.3697618246078491,771.957275390625,30.7232666015625,0.17610453069210052,869.80615234375,137.43310546875,0.9289939403533936,964.3165283203125,134.43447875976562,0.8884902596473694,703.237060546875,466.5165710449219,0.9788265228271484,823.7172241210938,493.4369201660156,0.9632806181907654,934.7290649414062,751.349365234375,0.9708475470542908,932.5111694335938,812.3231201171875,0.9554856419563293
47,1566,777.80810546875,63.33782958984375,0.003578030504286289,777.4502563476562,47.35359191894531,0.003275064518675208,781.0936889648438,67.83229064941406,0.0011827894486486912,820.51123046875,31.825469970703125,0.01334721501916647,851.1655883789062,66.07997131347656,0.0027747442945837975,823.2459106445312,0.0,0.04676394537091255,933.5643310546875,0.0,0.03377305343747139,757.4235229492188,8.86102294921875,0.2684003412723541,829.7532958984375,33.607818603515625,0.18215252459049225,725.42236328125,4.5959930419921875,0.324942946434021,720.917724609375,17.153549194335938,0.2551157474517822,876.0055541992188,142.40492248535156,0.941466212272644,961.5899047851562,139.19723510742188,0.9267637729644775,678.0930786132812,449.6896667480469,0.9864446520805359,849.6405639648438,487.4593505859375,0.9818691611289978,862.458984375,753.354736328125,0.983677864074707,979.8739013671875,831.1494140625,0.9777840375900269
48,1600,760.473388671875,89.22157287597656,0.0011585529427975416,761.3036499023438,71.03418731689453,0.0017449294682592154,770.399658203125,92.01583099365234,0.0005415432387962937,803.4473876953125,53.16618347167969,0.024871403351426125,852.4998779296875,84.91283416748047,0.0035464507527649403,809.0791625976562,0.0,0.03948056697845459,937.0750122070312,0.0,0.02345055341720581,773.104248046875,11.362907409667969,0.09639157354831696,880.1583251953125,32.64903259277344,0.05503823608160019,788.3867797851562,51.27770233154297,0.06139970198273659,797.7383422851562,62.45361328125,0.04026588052511215,879.5333862304688,133.46224975585938,0.9052202105522156,983.8026123046875,134.64981079101562,0.8792122602462769,666.3303833007812,445.7729187011719,0.9772003293037415,873.8867797851562,489.44769287109375,0.9683287739753723,760.7567138671875,790.004150390625,0.9728926420211792,1029.752197265625,823.6272583007812,0.9623472690582275
49,1633,757.212646484375,73.52657318115234,0.0021412379574030638,758.9970703125,54.56300354003906,0.0025512303691357374,766.3025512695312,69.35112762451172,0.0009512839606031775,792.62255859375,37.34394836425781,0.028523847460746765,841.5344848632812,58.32616424560547,0.006375575438141823,804.5288696289062,0.0,0.0469098798930645,925.2667846679688,0.0,0.03982255607843399,774.8260498046875,15.267608642578125,0.10140171647071838,892.4683227539062,39.808753967285156,0.07481296360492706,779.4750366210938,87.52429962158203,0.08122122287750244,796.9274291992188,94.44738006591797,0.05934816598892212,886.0713500976562,126.65812683105469,0.8808980584144592,992.9161376953125,128.67532348632812,0.8691385388374329,672.8440551757812,442.2899169921875,0.9733169674873352,923.3916015625,482.3341369628906,0.9668700695037842,676.010009765625,795.310546875,0.9604963064193726,1083.7078857421875,807.4780883789062,0.9495608806610107
50,1666,794.9672241210938,73.80310821533203,0.0020793997682631016,789.0905151367188,52.410186767578125,0.0020712437108159065,795.5018920898438,65.28094482421875,0.0008187281782738864,816.248291015625,37.488006591796875,0.018989695236086845,870.8602294921875,55.835540771484375,0.003834377508610487,813.2149658203125,0.0,0.0528283417224884,942.5052490234375,0.0,0.025623803958296776,775.9927368164062,17.858322143554688,0.1459742784500122,936.6597900390625,35.07023620605469,0.07519835233688354,824.9198608398438,76.15727233886719,0.1347048133611679,856.4564208984375,87.71882629394531,0.08745396882295609,883.9528198242188,112.56417846679688,0.9395833015441895,990.4844970703125,118.67170715332031,0.9103066921234131,710.7864990234375,447.0819396972656,0.989988386631012,954.544189453125,492.5599670410156,0.9831271171569824,609.27001953125,803.4939575195312,0.9888973832130432,1126.6112060546875,797.3024291992188,0.9829173684120178
51,1700,805.8792114257812,93.36678314208984,0.0007809533271938562,803.4031372070312,73.25436401367188,0.0009402241557836533,809.7839965820312,83.8227310180664,0.00037551301647908986,824.0585327148438,58.681251525878906,0.015619685873389244,874.0691528320312,73.2157974243164,0.002822019625455141,818.2377319335938,5.083671569824219,0.026920994743704796,941.1193237304688,0.14888763427734375,0.016559597104787827,783.3828735351562,41.515594482421875,0.06772086769342422,951.1517944335938,39.501434326171875,0.05289936065673828,820.2965698242188,112.84689331054688,0.05208960920572281,889.6243896484375,96.29010772705078,0.049006033688783646,880.9635009765625,106.14688110351562,0.9335625767707825,984.9942626953125,110.08135986328125,0.9157710075378418,733.2221069335938,450.20355224609375,0.9898571968078613,974.2005615234375,478.2402038574219,0.9859983921051025,573.9640502929688,783.6703491210938,0.9894326329231262,1159.0775146484375,786.6702270507812,0.9857390522956848
52,1733,785.6752319335938,103.18059539794922,0.0012533200206235051,790.068115234375,81.67121887207031,0.0016613423358649015,792.4286499023438,94.17743682861328,0.0005262249615043402,814.0570678710938,63.915985107421875,0.013985163532197475,843.5315551757812,82.11151885986328,0.001925117801874876,815.6563110351562,0.0,0.014983749948441982,900.513427734375,0.0,0.009757352992892265,727.480224609375,37.787818908691406,0.0744853988289833,858.0699462890625,45.971099853515625,0.04402743652462959,625.8473510742188,125.83470153808594,0.09769327938556671,729.3674926757812,137.44259643554688,0.07105229794979095,883.8997192382812,84.044677734375,0.8765239119529724,969.753662109375,85.0004653930664,0.8494560718536377,729.7874145507812,455.294677734375,0.9847018122673035,981.6831665039062,456.24700927734375,0.9789907932281494,588.652587890625,773.7636108398438,0.9812623858451843,1181.4429931640625,773.5404663085938,0.9758335947990417
53,1766,795.4169311523438,102.79893493652344,0.0016197898657992482,803.9789428710938,80.9578857421875,0.0020329433027654886,794.4620971679688,92.01283264160156,0.0006459182477556169,831.3554077148438,63.569000244140625,0.009854689240455627,817.8975219726562,81.32215118408203,0.0014413566095754504,831.8518676757812,10.706016540527344,0.010769971646368504,849.6866455078125,11.568923950195312,0.006384901236742735,702.421142578125,54.99650573730469,0.07645489275455475,783.3284912109375,62.39293670654297,0.035757843405008316,574.22900390625,112.57292175292969,0.1270168572664261,627.4865112304688,126.6123046875,0.08002607524394989,883.6851196289062,74.34274291992188,0.836311399936676,922.1074829101562,75.25236511230469,0.7855038642883301,746.3209228515625,444.5315856933594,0.9828033447265625,968.7147216796875,464.5138854980469,0.9725292921066284,659.0159301757812,788.8216552734375,0.9826622009277344,1177.1817626953125,759.5374145507812,0.9747991561889648
54,1800,792.04833984375,93.60594177246094,0.0010515933390706778,796.647216796875,71.78196716308594,0.0015654020244255662,796.4191284179688,84.93589782714844,0.0004769203078467399,824.3939208984375,55.50196838378906,0.01441150438040495,840.6187744140625,75.43743896484375,0.0018309287261217833,819.3955688476562,8.838455200195312,0.011966492049396038,897.46142578125,2.1051177978515625,0.007869473658502102,754.4708862304688,52.64176940917969,0.04781842604279518,891.501953125,52.46605682373047,0.029270945116877556,673.055419921875,135.3262481689453,0.05558129400014877,808.1956787109375,129.85482788085938,0.03919151425361633,864.555419921875,87.20823669433594,0.8574271202087402,935.3236694335938,82.4989013671875,0.8244126439094543,752.7632446289062,458.4251403808594,0.9843251705169678,946.8894653320312,459.3326416015625,0.976769745349884,700.5315551757812,807.3521118164062,0.9860650300979614,1182.773681640625,725.4661865234375,0.9814590215682983
55,1833,789.72216796875,90.24288940429688,0.0013497048057615757,793.040771484375,68.67192077636719,0.001989066833630204,796.2195434570312,81.15218353271484,0.0006165991653688252,820.7286987304688,52.21714782714844,0.015794750303030014,846.8778076171875,69.89089965820312,0.0020719394087791443,813.8516235351562,10.339004516601562,0.013064215891063213,908.3937377929688,0.0,0.009321521036326885,788.006103515625,58.07276916503906,0.04881327971816063,900.9842529296875,45.173377990722656,0.034410055726766586,764.879638671875,153.7328338623047,0.05920888110995293,816.603759765625,122.759033203125,0.04446934163570404,859.0642700195312,99.67144775390625,0.8598207235336304,938.0088500976562,90.89955139160156,0.8320810794830322,757.7871704101562,470.5884704589844,0.9838199615478516,921.4579467773438,458.7391662597656,0.9765554070472717,723.7167358398438,814.6336669921875,0.9856541752815247,1173.7574462890625,709.9784545898438,0.9814637303352356
56,1866,796.3632202148438,101.48625183105469,0.002309432253241539,798.0677490234375,82.12845611572266,0.00266269245184958,795.9818725585938,95.12860107421875,0.0009883209131658077,827.74951171875,59.518157958984375,0.01410303357988596,836.998046875,80.28387451171875,0.0023324978537857533,820.1409912109375,5.492340087890625,0.02143435925245285,890.3895874023438,0.0,0.014448102563619614,784.8424072265625,48.974029541015625,0.08832754194736481,937.3643798828125,23.280807495117188,0.06865206360816956,751.8438720703125,120.77719116210938,0.11332139372825623,917.7114868164062,76.01472473144531,0.1016029343008995,865.548583984375,107.87141418457031,0.9066464900970459,916.1702880859375,106.149169921875,0.882221519947052,754.5999145507812,460.73712158203125,0.9879748821258545,887.6854248046875,477.0546875,0.98073410987854,754.9191284179688,820.2008056640625,0.989059567451477,1140.544677734375,676.5419311523438,0.9851909279823303
57,1900,764.2594604492188,83.27755737304688,0.0037983055226504803,766.7698974609375,63.08869171142578,0.0050915139727294445,764.9373168945312,78.33357238769531,0.0014302695635706186,804.859130859375,41.807647705078125,0.02421136014163494,809.1976318359375,67.19412231445312,0.0027171270921826363,815.8850708007812,0.0,0.026684552431106567,864.2901000976562,0.0,0.02152758277952671,785.651611328125,54.58323669433594,0.08833063393831253,860.9987182617188,60.676300048828125,0.06750330328941345,743.2743530273438,149.79977416992188,0.10326168686151505,766.3735961914062,147.34698486328125,0.08611106872558594,879.5348510742188,119.12393188476562,0.8970621824264526,916.625244140625,116.64349365234375,0.8776719570159912,745.01953125,466.4916687011719,0.9860619902610779,849.6405639648438,483.9605712890625,0.977978527545929,776.0982055664062,827.1492919921875,0.987403154373169,1090.5819091796875,674.140869140625,0.9828932881355286
58,1933,759.8480224609375,74.07781219482422,0.0028637018986046314,759.5040283203125,57.99609375,0.0039406162686645985,762.6276245117188,72.19855499267578,0.0011102564167231321,794.76416015625,40.72613525390625,0.026019271463155746,813.25927734375,64.36910247802734,0.0031237732619047165,802.6897583007812,0.0,0.042990416288375854,863.129150390625,0.0,0.02096826210618019,762.9117431640625,14.302597045898438,0.13059085607528687,868.1799926757812,34.83544921875,0.05462736636400223,787.755126953125,58.20881652832031,0.11349104344844818,819.3350830078125,75.95960998535156,0.05443878844380379,875.0044555664062,123.27351379394531,0.9287945032119751,911.4917602539062,120.05836486816406,0.8936631083488464,758.7265014648438,476.2508239746094,0.9887890219688416,836.1116333007812,482.1742858886719,0.978532612323761,830.6143798828125,829.25244140625,0.988677442073822,1055.729736328125,692.1631469726562,0.9830694198608398
59,1966,765.8721313476562,65.51385498046875,0.003129355376586318,765.6069946289062,50.67393493652344,0.0030247315298765898,772.3674926757812,66.33023071289062,0.001038500340655446,796.2578125,32.247047424316406,0.014428507536649704,827.9558715820312,58.158416748046875,0.0026021874509751797,798.92431640625,0.0,0.055090103298425674,891.9754028320312,0.0,0.029750021174550056,739.8193969726562,17.857635498046875,0.32795044779777527,812.3003540039062,30.37152099609375,0.15986962616443634,734.203125,12.657073974609375,0.3776458501815796,731.9827270507812,23.054534912109375,0.22586314380168915,878.2815551757812,143.9429168701172,0.9619148969650269,936.022216796875,135.45858764648438,0.9428318738937378,773.3369750976562,486.8576965332031,0.9924618601799011,834.9874877929688,474.3721923828125,0.986031174659729,876.0574951171875,819.001708984375,0.9885855317115784,1007.514404296875,716.984375,0.9832788109779358
60,2000,770.2203979492188,61.524444580078125,0.005873451475054026,772.5869750976562,44.678466796875,0.005608868319541216,765.7080078125,58.299774169921875,0.0014999347040429711,816.6336059570312,29.338165283203125,0.016113385558128357,803.4862060546875,53.34947204589844,0.0019446829101070762,835.4653930664062,0.0,0.060624539852142334,840.0897827148438,0.0,0.02839086949825287,737.109130859375,13.54302978515625,0.40410926938056946,793.8056640625,37.66127014160156,0.17645572125911713,748.6107177734375,38.68876647949219,0.5435115098953247,749.4884643554688,41.58576965332031,0.30873268842697144,913.5787963867188,139.10169982910156,0.9145702123641968,897.362548828125,132.5079345703125,0.868302047252655,785.8967895507812,475.389404296875,0.9770002365112305,758.545654296875,458.5375671386719,0.9561468362808228,912.9287719726562,809.6451416015625,0.9610588550567627,937.201904296875,744.8736572265625,0.9439275860786438
61,2033,781.1288452148438,69.59346771240234,0.005306261591613293,785.451416015625,53.4173583984375,0.003909258171916008,777.8184814453125,66.64096069335938,0.0015269308350980282,831.2227172851562,36.65350341796875,0.010812983848154545,810.983642578125,60.631256103515625,0.0019775396212935448,864.6687622070312,6.9643707275390625,0.03160236030817032,869.4066162109375,0.9770050048828125,0.06328539550304413,821.9456787109375,36.717315673828125,0.246782124042511,889.1449584960938,67.18006896972656,0.4463326632976532,760.6802978515625,43.04777526855469,0.41720908880233765,763.8043823242188,48.75018310546875,0.5716153979301453,911.3388061523438,146.51097106933594,0.9306493401527405,882.9807739257812,130.7570343017578,0.9476075768470764,823.5216674804688,508.3334655761719,0.9823735952377319,722.5858154296875,443.31317138671875,0.982705295085907,963.6582641601562,822.6546020507812,0.9664942026138306,854.8309936523438,727.7464599609375,0.9725618958473206
62,2066,771.6325073242188,62.15968322753906,0.005130716599524021,778.750732421875,48.89973449707031,0.0034754301887005568,771.2781372070312,60.361427307128906,0.001768028480000794,823.459228515625,35.298797607421875,0.008387683890759945,803.1888427734375,54.63835144042969,0.002278266940265894,860.3048095703125,3.1635589599609375,0.02153307944536209,869.5545043945312,0.0,0.06774426251649857,820.7367553710938,29.69146728515625,0.1771533489227295,900.9918823242188,54.414756774902344,0.5123200416564941,778.250244140625,32.72291564941406,0.32784217596054077,785.9464111328125,50.710968017578125,0.612457811832428,914.3511352539062,156.49082946777344,0.9368946552276611,879.3483276367188,141.06813049316406,0.9626026153564453,856.9616088867188,504.3820495605469,0.9852902889251709,718.5532836914062,434.0358581542969,0.9887070655822754,1001.25,823.4044799804688,0.9721792340278625,779.1161499023438,746.3446655273438,0.9809560179710388
63,2100,772.0112915039062,71.93927764892578,0.006380398757755756,779.019287109375,58.271575927734375,0.004549175035208464,767.9046020507812,65.65956115722656,0.0017930467147380114,825.102783203125,43.46086120605469,0.009227409027516842,793.9012451171875,55.53717041015625,0.0017002495005726814,856.504638671875,12.540573120117188,0.028443660587072372,850.904296875,7.0074005126953125,0.05264517664909363,817.8328857421875,28.88616943359375,0.24511729180812836,876.6738891601562,53.0050048828125,0.41545411944389343,785.103515625,34.48484802246094,0.40515273809432983,784.9259643554688,39.74116516113281,0.5116332769393921,923.9313354492188,152.28250122070312,0.9422173500061035,876.0143432617188,138.36744689941406,0.956104576587677,883.3749389648438,508.4951477050781,0.9873560667037964,719.0465087890625,434.9070739746094,0.9875324368476868,1066.3916015625,820.9522705078125,0.9756098985671997,723.66943359375,764.05224609375,0.9814313650131226
64,2133,786.3670043945312,52.39324951171875,0.007101856172084808,792.548095703125,40.742523193359375,0.005404964089393616,780.9129638671875,48.81871032714844,0.0025538390036672354,837.2633666992188,32.675079345703125,0.0115241389721632,803.7601318359375,43.981842041015625,0.0028227295260876417,856.375732421875,8.622299194335938,0.04408254846930504,853.6703491210938,0.0,0.04296472296118736,802.35205078125,22.872161865234375,0.24522529542446136,854.4170532226562,28.279769897460938,0.24013958871364594,791.7409057617188,38.1082763671875,0.29334118962287903,789.4367065429688,22.3839111328125,0.25189369916915894,926.45361328125,148.7116241455078,0.948786735534668,874.7755737304688,130.8135223388672,0.9472628235816956,926.0054321289062,501.1173095703125,0.9876225590705872,730.0973510742188,442.8209228515625,0.9844270348548889,1107.7247314453125,820.654541015625,0.978661060333252,651.4674682617188,772.8369140625,0.979590654373169
65,2166,795.8522338867188,77.9538345336914,0.0023058599326759577,799.9107055664062,66.8503646850586,0.0021237563341856003,795.574951171875,70.81842041015625,0.0009772665798664093,828.5725708007812,51.23268127441406,0.01029446441680193,816.8897705078125,55.68241882324219,0.0025719564873725176,833.85498046875,13.403640747070312,0.028628407046198845,861.82275390625,2.485931396484375,0.029972855001688004,765.4608764648438,39.73356628417969,0.12144271284341812,898.7814331054688,38.947723388671875,0.12310124188661575,759.2476196289062,77.66404724121094,0.09030374884605408,857.8884887695312,69.82237243652344,0.07359717786312103,925.2467651367188,140.3004913330078,0.9491166472434998,885.2451782226562,133.03518676757812,0.9509974718093872,967.8978881835938,495.4523620605469,0.9898115992546082,740.6773071289062,445.5685119628906,0.9876723885536194,1154.8267822265625,801.44482421875,0.9858160018920898,624.6471557617188,763.0955810546875,0.9876533150672913
66,2200,807.5760498046875,82.84961700439453,0.00250182393938303,810.4724731445312,70.19519805908203,0.0022070463746786118,808.2733154296875,74.36272430419922,0.0011600250145420432,836.15185546875,54.753662109375,0.008073939010500908,827.39892578125,59.64532470703125,0.0025032737758010626,840.4575805664062,16.583450317382812,0.017488723620772362,867.81298828125,8.076278686523438,0.024284375831484795,760.7182006835938,67.28086853027344,0.08103376626968384,931.6256713867188,60.86897277832031,0.12076357752084732,708.4856567382812,141.1560516357422,0.07464714348316193,942.3626098632812,124.53076171875,0.08357623964548111,923.9778442382812,125.94538879394531,0.9270772933959961,876.6199951171875,122.54507446289062,0.9382498860359192,999.8527221679688,483.2362060546875,0.9877316355705261,744.0028686523438,446.636474609375,0.9871230125427246,1177.357177734375,796.4271240234375,0.9857978224754333,618.5394287109375,767.0313720703125,0.9885284304618835
67,2233,824.1311645507812,82.23845672607422,0.0029524655546993017,825.2077026367188,70.81835174560547,0.0027124700136482716,824.3141479492188,75.68968963623047,0.0015420140698552132,850.1394653320312,58.99346923828125,0.008345728740096092,841.3458251953125,65.43081665039062,0.002838259097188711,848.6304931640625,30.130050659179688,0.018616870045661926,874.1552734375,12.241744995117188,0.018836328759789467,751.4056396484375,79.70585632324219,0.08215655386447906,933.0697631835938,69.82099914550781,0.08893917500972748,697.3687744140625,126.68440246582031,0.07179483771324158,939.5706176757812,122.68876647949219,0.06680025905370712,927.0993041992188,115.04232788085938,0.9261666536331177,874.4086303710938,105.41285705566406,0.9270342588424683,1009.9703979492188,468.83416748046875,0.9886647462844849,749.4686889648438,440.67510986328125,0.9865530133247375,1216.7410888671875,778.92041015625,0.9887194037437439,626.3994140625,764.83154296875,0.989094078540802
68,2266,806.6336059570312,79.25922393798828,0.002912526950240135,808.7484741210938,64.87411499023438,0.003440568223595619,808.751220703125,74.7693099975586,0.0019637481309473515,829.8804931640625,56.630950927734375,0.012333491817116737,824.9013671875,73.25216674804688,0.004140987992286682,835.9468383789062,12.846931457519531,0.013256385922431946,847.0631713867188,9.142341613769531,0.0194117221981287,771.921630859375,50.59705352783203,0.03835403919219971,900.1761474609375,39.013023376464844,0.06889010965824127,760.8905639648438,113.9092025756836,0.029496293514966965,937.4258422851562,102.29537200927734,0.040390823036432266,919.0237426757812,96.54862976074219,0.8558051586151123,862.2841186523438,104.71284484863281,0.8806730508804321,1000.0151977539062,458.0735778808594,0.9715534448623657,741.709228515625,438.4673767089844,0.972790539264679,1219.34619140625,759.2274780273438,0.9666914343833923,677.3580932617188,779.3131713867188,0.9724222421646118
69,2300,789.2060546875,87.60041046142578,0.0038268950302153826,792.0245971679688,69.34268951416016,0.0050824908539652824,789.731689453125,79.91814422607422,0.002702562604099512,816.7626953125,60.11228942871094,0.015465897507965565,807.9468383789062,77.9458999633789,0.004757881164550781,827.9594116210938,20.86772918701172,0.013970830477774143,831.5988159179688,14.690345764160156,0.016474833711981773,762.2127685546875,53.08948516845703,0.03639667481184006,865.53369140625,39.09819030761719,0.05031096562743187,738.9005126953125,125.52404022216797,0.02776377461850643,855.8807983398438,113.41138458251953,0.03288731351494789,905.1488037109375,92.20699310302734,0.8369745016098022,849.8133544921875,102.390380859375,0.8520135283470154,978.3854370117188,463.28924560546875,0.9685729742050171,748.8689575195312,453.3314208984375,0.968100368976593,1225.03857421875,740.9441528320312,0.9673521518707275,725.311279296875,803.1813354492188,0.9702945947647095
70,2333,810.3926391601562,90.3211898803711,0.0037812483496963978,813.1286010742188,74.71996307373047,0.0049608019180595875,805.92626953125,79.7523422241211,0.0019650717731565237,842.0601806640625,63.822418212890625,0.011133303865790367,821.21728515625,70.14246368408203,0.0020963894203305244,844.1001586914062,38.5067138671875,0.014124392531812191,845.35205078125,10.973785400390625,0.007435386069118977,779.0768432617188,79.54801940917969,0.06201959773898125,865.9771728515625,74.00070190429688,0.03236532211303711,754.679443359375,138.63839721679688,0.05954425409436226,834.8536376953125,135.32437133789062,0.033438459038734436,892.3313598632812,98.7301025390625,0.8738174438476562,839.6571044921875,92.95747375488281,0.8367381691932678,947.9232788085938,487.2862243652344,0.9832388162612915,755.708984375,467.2825927734375,0.9762817025184631,1226.8013916015625,716.3526000976562,0.9881294965744019,739.2457275390625,810.3528442382812,0.9857423305511475
71,2366,800.8758544921875,86.56329345703125,0.0028878285083919764,801.9017944335938,72.85194396972656,0.003823575098067522,798.1494140625,78.63816833496094,0.0014524629805237055,830.5567626953125,58.3905029296875,0.012333648279309273,825.8746948242188,65.40332794189453,0.002067387569695711,829.7605590820312,26.491607666015625,0.01640501618385315,865.3178100585938,0.0,0.00878297258168459,774.2422485351562,54.676666259765625,0.06690403819084167,888.5692749023438,50.31170654296875,0.037262771278619766,764.7945556640625,125.25357055664062,0.05732150003314018,853.3148803710938,101.02093505859375,0.03383832052350044,876.0671997070312,111.10807800292969,0.8878085017204285,851.143798828125,103.50746154785156,0.8569738268852234,911.745849609375,503.9541320800781,0.9821733236312866,763.7816162109375,474.68646240234375,0.9760788679122925,1212.8702392578125,717.22509765625,0.9863666892051697,781.7149658203125,822.2252197265625,0.9844352602958679
72,2400,781.1279296875,83.79077911376953,0.002212636871263385,784.3721923828125,70.51178741455078,0.002312641590833664,782.0535278320312,79.40325164794922,0.0012965296627953649,814.7825317382812,57.710174560546875,0.007878055796027184,816.7534790039062,69.88117218017578,0.002372625283896923,824.2157592773438,15.081436157226562,0.0068803816102445126,871.1217651367188,0.0,0.017969230189919472,818.3421630859375,29.0625,0.029684314504265785,956.4981689453125,17.743789672851562,0.12781094014644623,893.970947265625,72.75503540039062,0.03888893127441406,952.0875244140625,47.344757080078125,0.10650014132261276,869.6732177734375,119.66629028320312,0.8514975309371948,857.3093872070312,118.3494873046875,0.9055597186088562,859.9302978515625,498.5347900390625,0.9713596105575562,764.279296875,472.20263671875,0.9811022877693176,1155.3497314453125,702.2109985351562,0.9747509360313416,812.8554077148438,814.5609741210938,0.9821420907974243
73,2433,781.9097900390625,88.48155212402344,0.00215593702159822,783.1063842773438,76.4432373046875,0.0019751545041799545,782.5787353515625,87.78044128417969,0.0012395012890920043,809.8463745117188,59.61836242675781,0.007520137820392847,819.8734130859375,77.17291259765625,0.002772090956568718,817.1480712890625,10.580589294433594,0.0088219428434968,884.3404541015625,0.0,0.027628356590867043,833.9921875,22.545913696289062,0.03929413855075836,972.7651977539062,22.344955444335938,0.2027922421693802,915.9774169921875,70.56340026855469,0.053445715457201004,963.1571044921875,56.64903259277344,0.17798689007759094,866.0531616210938,133.1570587158203,0.8807871341705322,877.0970458984375,133.8672332763672,0.9296838641166687,817.859619140625,493.86328125,0.972709059715271,777.581787109375,489.04205322265625,0.9834762811660767,1089.2666015625,701.947021484375,0.9749319553375244,848.8892822265625,820.421142578125,0.9821054935455322
74,2466,784.6074829101562,87.33370971679688,0.0017367274267598987,780.9149780273438,75.04994201660156,0.001760688261128962,788.8009643554688,88.32270812988281,0.0009885451290756464,798.3098754882812,57.66069030761719,0.015169288963079453,843.574951171875,77.5433349609375,0.004964765161275864,788.6898803710938,15.570167541503906,0.024546481668949127,933.4124145507812,0.0,0.04815661162137985,778.059814453125,28.08526611328125,0.06529087573289871,970.889892578125,25.321197509765625,0.17279230058193207,804.4795532226562,66.28884887695312,0.04805605858564377,905.4169921875,60.824615478515625,0.10698780417442322,867.572998046875,141.37513732910156,0.9217614531517029,938.3053588867188,136.9580841064453,0.9433421492576599,784.9664306640625,490.5877990722656,0.9781627058982849,792.467529296875,488.1119384765625,0.9831392168998718,1026.1396484375,710.697021484375,0.9784225821495056,874.5673828125,804.1586303710938,0.9811520576477051
75,2500,765.1962890625,100.07858276367188,0.0026291683316230774,763.8868408203125,83.49121856689453,0.003079518675804138,767.5617065429688,100.20650482177734,0.0010951353469863534,795.1100463867188,61.86662292480469,0.020554419606924057,822.9137573242188,88.53153991699219,0.0036175476852804422,796.966552734375,18.40001678466797,0.044755853712558746,897.3607177734375,1.9346466064453125,0.031074082478880882,769.5252685546875,25.102157592773438,0.1705605387687683,837.1802368164062,38.63246154785156,0.11368587613105774,788.1279296875,46.75520324707031,0.15634913742542267,788.8991088867188,51.242706298828125,0.11068464815616608,876.1580200195312,133.3340301513672,0.8621854186058044,938.0386962890625,126.7273178100586,0.8334510326385498,755.4977416992188,479.31243896484375,0.9516566395759583,806.4561767578125,473.4126281738281,0.9332659840583801,944.1262817382812,773.98095703125,0.9277660250663757,929.7589111328125,767.334228515625,0.910659670829773
76,2533,757.3343505859375,71.2774658203125,0.003197871381416917,756.602783203125,56.52433776855469,0.0034184500109404325,759.87646484375,73.67999267578125,0.00117625726852566,790.9918823242188,41.12908172607422,0.019163373857736588,823.1892700195312,68.27256774902344,0.0036670397967100143,795.7860717773438,4.430511474609375,0.06973513960838318,899.8055419921875,0.0,0.030107252299785614,750.47021484375,19.838516235351562,0.2819859981536865,806.335205078125,31.144363403320312,0.10843463242053986,766.7100219726562,15.2647705078125,0.25908756256103516,759.8347778320312,25.0909423828125,0.12144527584314346,877.0604248046875,141.605224609375,0.9441879987716675,954.18310546875,136.1850128173828,0.9123347401618958,715.0559692382812,467.0600280761719,0.9859442710876465,844.4136352539062,483.9538269042969,0.9762553572654724,895.3956909179688,773.8412475585938,0.9814934730529785,972.4112548828125,817.8920288085938,0.9721047878265381
77,2566,758.6573486328125,74.04144287109375,0.003450787393376231,759.4503784179688,58.23820495605469,0.003316827118396759,761.669189453125,77.19456481933594,0.0011123396689072251,801.9937133789062,40.73151397705078,0.012963037937879562,828.0313110351562,71.09701538085938,0.002422920661047101,805.4177856445312,0.0,0.04802289232611656,907.556396484375,0.0,0.02201985754072666,739.66650390625,8.352630615234375,0.3066559433937073,829.6983032226562,21.954345703125,0.13162341713905334,771.0811157226562,13.808807373046875,0.4001230299472809,777.0848388671875,30.076263427734375,0.21895313262939453,873.5420532226562,129.3181610107422,0.9439088702201843,951.8556518554688,123.64659118652344,0.9130197167396545,700.194091796875,454.10906982421875,0.9892469048500061,868.9949340820312,476.1058044433594,0.9815750122070312,820.0409545898438,790.397705078125,0.9855595827102661,1009.54052734375,805.5980224609375,0.9781187772750854
78,2600,794.5811157226562,90.58071899414062,0.002709656022489071,791.3118896484375,69.66769409179688,0.0031833972316235304,791.0374755859375,85.74982452392578,0.001260874210856855,824.3864135742188,49.280731201171875,0.02340696193277836,853.56982421875,75.27488708496094,0.004739465191960335,818.7457275390625,0.0,0.052676972001791,915.9752197265625,0.1046905517578125,0.022978825494647026,768.49658203125,16.241546630859375,0.12275546789169312,872.5941162109375,38.87489318847656,0.051586199551820755,796.9497680664062,64.76211547851562,0.09582599252462387,800.201904296875,85.41705322265625,0.05187854915857315,877.719970703125,115.41091918945312,0.9227525591850281,959.8544921875,119.09056091308594,0.8812435269355774,706.26171875,442.8296813964844,0.9862745404243469,907.0718994140625,485.5520324707031,0.9763748049736023,731.72119140625,798.52734375,0.9872720837593079,1065.1016845703125,807.5009765625,0.980416476726532
79,2633,802.1810913085938,81.89762878417969,0.0020044271368533373,796.7439575195312,61.340538024902344,0.002150803804397583,801.9970703125,73.68729400634766,0.0009527779184281826,820.155029296875,42.59271240234375,0.02252383902668953,869.0786743164062,61.06498718261719,0.005135818384587765,815.178955078125,0.0,0.04865751788020134,937.6594848632812,0.0,0.028783423826098442,798.3737182617188,42.78218078613281,0.09350603818893433,946.7352905273438,53.52003479003906,0.06296464055776596,836.6619873046875,127.84561157226562,0.07117012143135071,884.6825561523438,127.247314453125,0.05595748499035835,869.3577270507812,113.99253845214844,0.9269236326217651,971.4384155273438,118.46644592285156,0.9030119180679321,717.7903442382812,449.3854064941406,0.9872856736183167,950.7420654296875,491.9385986328125,0.9810941219329834,668.3953857421875,809.2549438476562,0.9873653054237366,1105.79052734375,796.7063598632812,0.9824442267417908
80,2666,801.6474609375,93.89630889892578,0.0011105366284027696,803.3518676757812,74.97402954101562,0.001425496069714427,811.5748901367188,88.66502380371094,0.0005259225727058947,824.5578002929688,55.1279296875,0.019459044560790062,870.6088256835938,75.1281967163086,0.0034586915280669928,827.994384765625,0.0,0.029782986268401146,934.7972412109375,0.0,0.01852043904364109,825.4229736328125,49.46692657470703,0.08237999677658081,946.5103149414062,49.74437713623047,0.05218684673309326,842.2269287109375,168.28857421875,0.07414096593856812,895.1614379882812,147.72811889648438,0.04942275956273079,878.6038208007812,104.50403594970703,0.9057853817939758,978.6099243164062,107.98452758789062,0.8810834884643555,721.563720703125,452.1264953613281,0.9834738373756409,963.7893676757812,467.16094970703125,0.9765605330467224,610.2151489257812,795.342041015625,0.9773259162902832,1145.165771484375,775.328125,0.969993531703949
81,2700,817.6741333007812,99.16044616699219,0.000887215428519994,816.2847290039062,78.98460388183594,0.0012017516419291496,820.0979614257812,88.94160461425781,0.0004296108381822705,837.1171875,62.61131286621094,0.014173038303852081,872.2901611328125,77.33642578125,0.002148274565115571,835.7091674804688,10.05010986328125,0.017234859988093376,924.8471069335938,4.6112823486328125,0.009688750840723515,798.9371948242188,53.953285217285156,0.052071209996938705,928.6111450195312,48.32208251953125,0.03467964753508568,791.0988159179688,132.1087646484375,0.04883360490202904,871.33837890625,121.12415313720703,0.04006768390536308,883.235595703125,91.16867065429688,0.8996787071228027,965.4468383789062,93.30166625976562,0.869202196598053,744.6700439453125,447.150146484375,0.9876791834831238,975.7157592773438,468.03369140625,0.9818549156188965,611.0471801757812,790.3229370117188,0.9885987043380737,1165.67822265625,766.1234130859375,0.9843825697898865
82,2733,820.66845703125,96.21185302734375,0.001781441387720406,816.8466796875,75.52347564697266,0.0019881771877408028,821.3787231445312,83.34272003173828,0.0008309895638376474,833.1310424804688,58.459716796875,0.015183258801698685,874.328125,68.85454559326172,0.0032423243392258883,826.960205078125,13.678298950195312,0.027377795428037643,921.181884765625,10.427352905273438,0.013457324355840683,805.667724609375,55.83192443847656,0.08043816685676575,925.0936889648438,50.78105163574219,0.041887033730745316,816.5197143554688,122.581787109375,0.08483228832483292,872.635986328125,104.84092712402344,0.0540265254676342,870.266845703125,93.35289001464844,0.9113175868988037,955.7147827148438,94.63742065429688,0.8732022047042847,753.1203002929688,450.25634765625,0.9898248314857483,980.817626953125,467.59344482421875,0.9830785393714905,644.8716430664062,799.070068359375,0.9907146692276001,1170.184326171875,750.3294067382812,0.9866881966590881
83,2766,817.4898071289062,100.06292724609375,0.0029575414955615997,819.794921875,78.9371109008789,0.003906405996531248,812.4619140625,88.61780548095703,0.001275662099942565,850.4776611328125,60.520545959472656,0.017171243205666542,843.5341186523438,76.95398712158203,0.0024893851950764656,857.2756958007812,18.278594970703125,0.022546904161572456,867.1187133789062,19.520736694335938,0.009007842279970646,818.8682250976562,65.13070678710938,0.07845143973827362,852.2509155273438,67.93972778320312,0.02870500087738037,780.0772705078125,127.18281555175781,0.10046985745429993,781.9595947265625,136.7574462890625,0.04979503154754639,883.1552734375,76.81983947753906,0.8783178329467773,911.8240966796875,80.36027526855469,0.8110793232917786,756.195068359375,441.15191650390625,0.987841784954071,954.1886596679688,467.57110595703125,0.9760537147521973,702.0152587890625,813.309326171875,0.9894327521324158,1176.8101806640625,723.1514282226562,0.9832803010940552
84,2800,804.17822265625,87.92294311523438,0.0017327375244349241,809.6409301757812,64.61801147460938,0.0024919796269387007,807.6209106445312,78.57257080078125,0.0008947422029450536,838.5908813476562,50.350181579589844,0.015638699755072594,844.03564453125,72.48129272460938,0.0026077046059072018,833.5507202148438,11.773223876953125,0.01142517663538456,890.5254516601562,3.3313980102539062,0.009381567128002644,809.1376342773438,58.31304931640625,0.0366474986076355,898.9720458984375,51.19237518310547,0.03147781640291214,801.0661010742188,147.10887145996094,0.04747734218835831,848.873291015625,122.30708312988281,0.040538206696510315,866.4899291992188,81.42626953125,0.8190789818763733,920.1383056640625,77.08195495605469,0.7939960360527039,758.808837890625,457.4859924316406,0.9796925783157349,912.9356689453125,455.5860900878906,0.9716178178787231,726.3016357421875,817.4379272460938,0.9828920364379883,1168.3729248046875,704.4747314453125,0.9781428575515747
85,2833,791.6268920898438,85.415771484375,0.002680113771930337,793.297119140625,64.74666595458984,0.003168209921568632,795.1096801757812,77.52076721191406,0.0011278527090325952,820.8551025390625,45.45611572265625,0.017110472545027733,841.827392578125,65.49044036865234,0.0028426351491361856,818.7579345703125,1.0073089599609375,0.01953636109828949,900.5304565429688,0.0,0.018282832577824593,798.4910888671875,50.62220764160156,0.06855247169733047,936.6328125,40.80574035644531,0.06826841086149216,797.2254638671875,132.8049774169922,0.09283372014760971,896.863037109375,90.43057250976562,0.08754017949104309,863.2775268554688,100.64259338378906,0.8747661113739014,923.4343872070312,97.85087585449219,0.8612613677978516,754.9332275390625,459.2310791015625,0.9842677712440491,885.8175659179688,475.0039978027344,0.977780282497406,752.7455444335938,823.547607421875,0.9859646558761597,1129.612548828125,686.463134765625,0.9821175932884216
86,2866,794.01220703125,84.28372192382812,0.0020391130819916725,793.6388549804688,65.697509765625,0.0025940989144146442,795.0504150390625,80.23164367675781,0.0009497047285549343,821.716552734375,41.70721435546875,0.017893396317958832,836.9661865234375,66.78755950927734,0.002750484738498926,817.0794067382812,0.0,0.025276528671383858,888.0245971679688,0.0,0.01710248552262783,802.7975463867188,50.10887145996094,0.07329675555229187,925.41943359375,47.96067810058594,0.05796624720096588,806.53271484375,144.64682006835938,0.07029566913843155,891.6947021484375,113.9080810546875,0.06281132251024246,862.99169921875,111.73818969726562,0.9136586785316467,908.617919921875,109.64410400390625,0.8910545110702515,752.6201171875,475.3852844238281,0.9876773953437805,838.5672607421875,477.3240966796875,0.9799575209617615,796.359375,826.8226318359375,0.9891275763511658,1096.6484375,658.5413818359375,0.9855775237083435
87,2900,773.3970947265625,88.17212677001953,0.0032443839590996504,773.8065185546875,69.8140640258789,0.004524516873061657,772.67822265625,85.2238540649414,0.0013970347354188561,808.4707641601562,46.97314453125,0.02287435345351696,805.9522705078125,75.51768493652344,0.002987841609865427,828.8366088867188,6.5589752197265625,0.026851357892155647,838.1072387695312,0.0,0.02112993597984314,809.3714599609375,57.73338317871094,0.07703088223934174,827.9300537109375,71.48249816894531,0.059044599533081055,782.4725341796875,158.97280883789062,0.07652353495359421,759.609375,157.18753051757812,0.06318097561597824,882.7816772460938,113.26638793945312,0.9052681922912598,889.521240234375,112.67765808105469,0.8854857683181763,759.98974609375,471.8824768066406,0.9864098429679871,822.2388305664062,489.40594482421875,0.9785580039024353,829.2579956054688,839.160888671875,0.9880438446998596,1049.718505859375,698.4331665039062,0.9837469458580017
88,2933,754.74267578125,69.15035247802734,0.0018988890806213021,754.245849609375,54.14300537109375,0.002643371932208538,762.06201171875,71.7403793334961,0.0008833176689222455,784.7777709960938,37.995941162109375,0.026658030226826668,816.84765625,67.03486633300781,0.0042662182822823524,788.338623046875,2.2787704467773438,0.05425015836954117,875.7350463867188,0.0,0.02591395378112793,746.4176025390625,10.484756469726562,0.13994431495666504,831.7727661132812,26.254806518554688,0.05719122663140297,778.9532470703125,24.402786254882812,0.08633120357990265,779.2598876953125,35.65992736816406,0.04135148599743843,878.3115234375,136.66700744628906,0.9458209276199341,930.4508056640625,131.7578125,0.9180994033813477,773.0874633789062,487.8922119140625,0.9892422556877136,828.0482177734375,481.0649719238281,0.9797959327697754,875.699951171875,822.7706909179688,0.9874656796455383,1008.75439453125,703.3383178710938,0.9814027547836304
89,2966,773.79345703125,57.150604248046875,0.004742169287055731,777.8098754882812,38.890045166015625,0.004909872077405453,770.2329711914062,54.19569396972656,0.001305099343881011,828.6892700195312,25.594390869140625,0.01934177801012993,807.9490966796875,53.210540771484375,0.0021239330526441336,852.3912963867188,0.5965576171875,0.058085888624191284,841.3953247070312,0.0,0.03630486875772476,748.3538208007812,9.708572387695312,0.31538859009742737,789.514404296875,30.19024658203125,0.17822328209877014,724.069091796875,11.23992919921875,0.38071081042289734,712.3263549804688,13.06475830078125,0.2479492723941803,912.2911376953125,143.1990509033203,0.9153704047203064,884.3507080078125,134.9439239501953,0.8850184082984924,789.8271484375,482.82659912109375,0.9749640226364136,733.4256591796875,465.8554992675781,0.9577616453170776,917.46533203125,818.44580078125,0.9595624208450317,943.8469848632812,745.6015014648438,0.9453256130218506
90,3000,773.5789184570312,63.99744415283203,0.005866842344403267,778.0940551757812,47.033843994140625,0.00452818488702178,771.0291137695312,60.70115661621094,0.001644577831029892,825.7022705078125,32.53948974609375,0.01267985813319683,806.4885864257812,57.1893310546875,0.0019940719939768314,852.794921875,1.8664398193359375,0.03342004120349884,862.7982788085938,0.0,0.06703697144985199,791.8480834960938,21.281204223632812,0.24120038747787476,868.6409912109375,56.86244201660156,0.4400676488876343,739.1485595703125,29.300491333007812,0.3921680450439453,747.2008666992188,35.0438232421875,0.5533318519592285,910.11474609375,148.44712829589844,0.9345617890357971,882.0084838867188,134.3495635986328,0.9503384232521057,826.4996948242188,507.9375,0.9836211204528809,706.4204711914062,444.1099548339844,0.9838485717773438,966.0947265625,827.9009399414062,0.9701752662658691,857.6354370117188,732.9957275390625,0.9752560257911682
91,3033,761.9891967773438,63.290428161621094,0.004203467164188623,768.154541015625,48.67250061035156,0.003612886182963848,761.8881225585938,62.339332580566406,0.001478072488680482,809.1563110351562,33.29388427734375,0.01283941138535738,789.7119750976562,57.72154998779297,0.002655177377164364,834.7880859375,0.0,0.04561813920736313,832.9579467773438,0.0,0.045586273074150085,749.8294067382812,16.088104248046875,0.27003493905067444,808.0677490234375,38.46675109863281,0.2649393081665039,744.8074951171875,10.689102172851562,0.3174133896827698,746.7284545898438,28.434585571289062,0.2956874370574951,911.9667358398438,154.2061767578125,0.9511112570762634,870.2286987304688,144.43113708496094,0.9487302899360657,859.5394287109375,495.5793762207031,0.987398624420166,705.4010009765625,434.2742004394531,0.9832488298416138,1005.5169067382812,826.2643432617188,0.9761962890625,782.9754638671875,746.5274047851562,0.9760541915893555
92,3066,747.4478759765625,47.59291076660156,0.02273445762693882,752.1727294921875,31.9742431640625,0.02082505263388157,741.4805297851562,43.881866455078125,0.007571247406303883,798.2149658203125,18.80877685546875,0.04541819170117378,769.01318359375,38.8857421875,0.00754729425534606,837.0458374023438,2.96319580078125,0.17337873578071594,816.36865234375,2.0627288818359375,0.09525052458047867,779.0621337890625,20.320266723632812,0.39656585454940796,793.48974609375,30.20306396484375,0.2115900218486786,749.139404296875,16.685165405273438,0.34494179487228394,739.2857055664062,14.007614135742188,0.18410556018352509,924.524658203125,161.51422119140625,0.9622741937637329,867.608154296875,144.20571899414062,0.9483428001403809,902.4556274414062,504.37054443359375,0.9882205724716187,705.9020385742188,430.88140869140625,0.9809370636940002,1066.1446533203125,823.9888916015625,0.977503776550293,708.8477783203125,763.7241821289062,0.9750351905822754
93,3100,785.8855590820312,59.7279052734375,0.0042934236116707325,790.909423828125,47.11761474609375,0.004407092928886414,779.5680541992188,54.499786376953125,0.001975890714675188,829.017333984375,35.02565002441406,0.01837550289928913,795.9204711914062,45.42063903808594,0.004069824703037739,845.8068237304688,8.621475219726562,0.05374937877058983,825.3169555664062,0.0,0.03273794800043106,772.9268188476562,33.97444152832031,0.15908819437026978,810.0186767578125,35.016265869140625,0.090757355093956,756.993896484375,63.63720703125,0.1071387454867363,758.3971557617188,76.17929077148438,0.058333031833171844,917.4190063476562,140.97903442382812,0.9447817802429199,853.9194946289062,123.28083801269531,0.9311867356300354,941.3540649414062,501.1138916015625,0.9864687919616699,723.823974609375,436.79150390625,0.9800466299057007,1107.4923095703125,811.7197265625,0.9807031154632568,655.0177001953125,770.9436645507812,0.9795002937316895
94,3133,795.4217529296875,86.95445251464844,0.0022024759091436863,798.1756591796875,73.33765411376953,0.0021133539266884327,795.1865844726562,78.5983657836914,0.0010611223988234997,822.5033569335938,54.51631164550781,0.010334456339478493,813.4110717773438,62.124046325683594,0.0029229046776890755,823.0238037109375,14.158721923828125,0.022649921476840973,852.5548095703125,5.4987945556640625,0.02573436126112938,719.02734375,55.04393005371094,0.08718941360712051,908.5983276367188,61.00785827636719,0.10197939723730087,649.9644165039062,125.72955322265625,0.0650520995259285,910.27978515625,121.798828125,0.06309990584850311,908.622314453125,121.25885009765625,0.933312714099884,866.0560913085938,117.7935791015625,0.9379474520683289,968.3276977539062,485.372802734375,0.9878665208816528,736.4869384765625,448.9579772949219,0.9861689805984497,1151.6114501953125,794.12255859375,0.9859405755996704,640.125,774.401611328125,0.9876857995986938
95,3166,803.4708251953125,89.21761322021484,0.0033633261919021606,804.946533203125,76.30355072021484,0.0034503887873142958,801.0928344726562,82.65465545654297,0.0016444517532363534,832.3206176757812,61.219322204589844,0.010205995291471481,816.228515625,70.61553955078125,0.0026896423660218716,836.7109375,27.826675415039062,0.023424293845891953,847.8814697265625,13.170547485351562,0.015054198913276196,732.8646240234375,70.38111877441406,0.1087627038359642,890.4912109375,71.77986145019531,0.06627273559570312,651.9461059570312,120.63272094726562,0.09447720646858215,863.4776611328125,127.78166198730469,0.05816996097564697,913.903076171875,115.04914855957031,0.9238659143447876,856.947509765625,104.25888061523438,0.9078062176704407,979.3250122070312,469.0527038574219,0.9882083535194397,736.4215087890625,437.938232421875,0.9831358790397644,1170.1549072265625,778.2801513671875,0.9883148670196533,637.6979370117188,767.313232421875,0.9870176911354065
96,3200,807.2177124023438,84.31919860839844,0.004117417149245739,809.349609375,70.56381225585938,0.004410167690366507,802.7360229492188,75.96526336669922,0.0023184337187558413,836.46337890625,59.56622314453125,0.01012512855231762,812.337890625,67.03099822998047,0.003071435261517763,843.779296875,35.15885925292969,0.01726720482110977,836.5921020507812,15.40155029296875,0.012712757103145123,774.3803100585938,80.09971618652344,0.06593254953622818,889.165283203125,70.91368103027344,0.05214407667517662,759.1547241210938,127.86891174316406,0.06183470040559769,895.175537109375,125.24739074707031,0.04528282955288887,907.177978515625,102.95860290527344,0.8918876051902771,842.2329711914062,93.94486999511719,0.8779932856559753,969.3457641601562,463.26708984375,0.9853052496910095,739.9964599609375,437.30377197265625,0.9808814525604248,1184.972900390625,759.6921997070312,0.9879812598228455,661.1571655273438,775.798828125,0.9870980381965637
97,3233,803.7283325195312,85.18936157226562,0.0036789493169635534,804.728759765625,69.99918365478516,0.0041021318174898624,799.5945434570312,76.45225524902344,0.0020149105694144964,832.3063354492188,58.776947021484375,0.009844504296779633,816.3356323242188,67.79969787597656,0.0026297757867723703,833.5491943359375,31.937393188476562,0.01581849530339241,852.0302124023438,8.813735961914062,0.010365284979343414,784.1241455078125,75.50605773925781,0.06594886630773544,910.86474609375,66.6181640625,0.04736772179603577,795.5509643554688,125.07888793945312,0.06622946262359619,931.8221435546875,117.16603088378906,0.04452943056821823,890.0858154296875,91.79136657714844,0.8764370083808899,845.6180419921875,83.72016906738281,0.85353684425354,943.3892822265625,469.28338623046875,0.9825076460838318,742.9337768554688,445.43572998046875,0.9767594933509827,1194.58642578125,738.9208374023438,0.9860336184501648,701.9431762695312,782.9384765625,0.9843405485153198
98,3266,805.6444702148438,91.24417877197266,0.004157489165663719,807.9420776367188,76.01753997802734,0.005067221820354462,799.6119384765625,81.51207733154297,0.0023724446073174477,836.200927734375,64.59992980957031,0.0099559985101223,814.4674682617188,71.37751007080078,0.0025038502644747496,835.916015625,38.49156188964844,0.012560583651065826,847.08837890625,10.84423828125,0.007478417828679085,786.4603881835938,84.34593200683594,0.052924297749996185,871.5621337890625,72.11595153808594,0.03371244668960571,783.1452026367188,129.4537353515625,0.057948920875787735,864.7526245117188,113.09490966796875,0.03719385340809822,877.2680053710938,86.42024230957031,0.8396355509757996,837.6890869140625,77.37767028808594,0.8052213788032532,906.3688354492188,478.3779602050781,0.979468822479248,754.0523071289062,453.2375793457031,0.9730644822120667,1185.903076171875,713.9632568359375,0.9860660433769226,743.91650390625,803.5383911132812,0.9841238856315613
99,3300,777.6674194335938,84.01217651367188,0.0021647708490490913,781.4185791015625,65.57462310791016,0.003223334439098835,776.9544067382812,74.89427947998047,0.001326482044532895,811.2507934570312,54.00469207763672,0.011308916844427586,803.4293212890625,67.43868255615234,0.0021162298507988453,809.6940307617188,21.12055206298828,0.007099929731339216,841.1078491210938,0.0,0.0075037418864667416,761.8580932617188,62.111228942871094,0.02558416686952114,851.3265380859375,52.56987762451172,0.033147431910037994,758.5494384765625,127.6168441772461,0.025401310995221138,826.6366577148438,119.1437759399414,0.02843736857175827,854.9771728515625,80.857177734375,0.7845858931541443,837.9483032226562,81.32084655761719,0.7947297692298889,864.8408203125,483.17462158203125,0.9665477275848389,768.6612548828125,463.43548583984375,0.965792715549469,1163.9930419921875,704.62060546875,0.9751706123352051,783.7359008789062,808.40478515625,0.9762518405914307
100,3333,762.788818359375,92.32264709472656,0.0020401980727910995,763.8646850585938,77.5052490234375,0.0027729796711355448,764.1282348632812,88.35282897949219,0.0011133786756545305,790.2565307617188,61.0751953125,0.01204222347587347,805.5223388671875,76.63613891601562,0.002236131113022566,779.9278564453125,14.55377197265625,0.010041426867246628,874.7443237304688,0.0,0.011019275523722172,718.4861450195312,41.860382080078125,0.04239746555685997,878.7195434570312,40.730323791503906,0.05396941676735878,656.7412719726562,130.82789611816406,0.04081994295120239,811.7499389648438,91.41515350341797,0.04844338819384575,851.4122924804688,105.74679565429688,0.8423181176185608,881.5193481445312,105.22004699707031,0.8521690368652344,811.76806640625,486.43634033203125,0.9713719487190247,780.1331176757812,477.61395263671875,0.9717492461204529,1121.13427734375,680.190185546875,0.978122353553772,809.6947631835938,812.7581176757812,0.9786272644996643
101,3366,761.42236328125,84.27085876464844,0.0016636605141684413,760.9216918945312,71.85729217529297,0.0018661682261154056,762.53076171875,84.0252456665039,0.0009825656889006495,784.3546752929688,54.84013366699219,0.01173832081258297,807.7476196289062,72.95695495605469,0.0032080227974802256,775.3218383789062,8.263458251953125,0.013042758218944073,886.4269409179688,0.0,0.02335655316710472,755.2877807617188,30.839126586914062,0.04022843390703201,934.7304077148438,30.1051025390625,0.10886268317699432,803.5281982421875,114.72532653808594,0.03540846332907677,950.6484375,84.03742218017578,0.07378000020980835,855.6908569335938,128.52806091308594,0.8901245594024658,901.1843872070312,129.0338897705078,0.9173064827919006,784.7451782226562,487.07733154296875,0.9758883118629456,782.9718017578125,488.0687561035156,0.9812468886375427,1063.813720703125,692.7904052734375,0.9805700182914734,831.421142578125,813.8908081054688,0.9833800196647644
102,3400,757.9989013671875,94.05594635009766,0.0018998915329575539,755.6107788085938,79.80086517333984,0.0023695018608123064,760.03125,93.4383544921875,0.0009312641341239214,779.3760375976562,59.498291015625,0.017276471480727196,813.02783203125,80.03128051757812,0.0032662320882081985,772.7191772460938,14.597969055175781,0.028290415182709694,889.708251953125,0.0,0.026489533483982086,747.2142333984375,33.1446533203125,0.0916176363825798,817.715576171875,52.59846496582031,0.09000477194786072,746.4212646484375,96.84066009521484,0.0648624449968338,724.8778076171875,124.90695190429688,0.06701778620481491,863.4475708007812,134.9271697998047,0.9158926010131836,929.503662109375,129.1630096435547,0.9122810959815979,757.4082641601562,483.6484680175781,0.9789712429046631,775.8622436523438,474.6127624511719,0.9763303399085999,1009.6774291992188,718.2694702148438,0.9798913598060608,864.3558349609375,797.0590209960938,0.9777039289474487
103,3433,761.64794921875,74.764892578125,0.005204398185014725,757.603271484375,57.853912353515625,0.003888258710503578,761.2003784179688,74.2027816772461,0.0016586659476161003,792.980224609375,40.484527587890625,0.012610549107193947,827.3421020507812,67.38139343261719,0.0030693640001118183,794.8321533203125,7.29034423828125,0.03757910057902336,930.2503051757812,0.0,0.057876717299222946,785.1806030273438,27.337326049804688,0.23438790440559387,908.3377075195312,55.238250732421875,0.34136632084846497,747.0901489257812,42.81752014160156,0.3663782477378845,764.9401245117188,51.66059875488281,0.4694191813468933,865.8646240234375,130.63380432128906,0.8683589696884155,948.78076171875,122.70437622070312,0.8843650817871094,726.7594604492188,471.5113220214844,0.9581941962242126,794.5838623046875,478.2334289550781,0.9576354622840881,937.8666381835938,776.4718017578125,0.9365926384925842,923.7919921875,789.1265258789062,0.9348534345626831
104,3466,762.9706420898438,63.25364685058594,0.006954143289476633,761.2720336914062,47.49632263183594,0.005150787066668272,760.9017944335938,64.63490295410156,0.002143405145034194,801.9338989257812,33.0494384765625,0.01212231069803238,822.8117065429688,62.290008544921875,0.0030380142852663994,808.0430297851562,0.3527984619140625,0.04203619807958603,910.7388305664062,0.0,0.05171792581677437,762.1752319335938,17.88079833984375,0.26841747760772705,867.8991088867188,56.96287536621094,0.3106291890144348,728.4862060546875,27.408782958984375,0.41548189520835876,746.71533203125,44.16581726074219,0.466314435005188,873.9003295898438,140.644775390625,0.9339730739593506,943.7338256835938,137.5528106689453,0.9343370795249939,686.408203125,459.0498962402344,0.9860244393348694,818.1319580078125,493.94781494140625,0.9841639399528503,889.9229736328125,773.1808471679688,0.9834955334663391,962.2725219726562,813.36865234375,0.9807135462760925
105,3500,757.323486328125,70.92947387695312,0.004213666543364525,758.4454345703125,54.79962158203125,0.003384630661457777,759.3352661132812,74.6260986328125,0.0013771841768175364,802.339111328125,38.3865966796875,0.009832622483372688,823.5750732421875,71.9988784790039,0.0023250021040439606,813.8026123046875,0.0,0.030218109488487244,912.8915405273438,0.0,0.03590436652302742,768.3955688476562,15.4833984375,0.22930565476417542,862.97314453125,46.27068328857422,0.27545028924942017,735.58203125,20.4627685546875,0.3760128617286682,742.581787109375,35.823944091796875,0.4432820677757263,868.6650390625,142.0245361328125,0.9408813118934631,943.491455078125,139.20350646972656,0.9408249855041504,675.637939453125,448.25665283203125,0.9889284372329712,840.26904296875,485.6315002441406,0.9876906871795654,800.4874877929688,780.1962890625,0.9869251251220703,993.0536499023438,815.9644775390625,0.984449565410614
106,3533,760.2750854492188,69.63665771484375,0.0034351577050983906,757.584228515625,52.2462158203125,0.0034064289648085833,762.3495483398438,69.2940444946289,0.0010370677337050438,797.833740234375,36.38873291015625,0.016682004556059837,835.9614868164062,64.1268310546875,0.0027393714990466833,797.1240234375,0.0,0.06688769906759262,904.0265502929688,0.0,0.023049242794513702,727.5432739257812,3.1783905029296875,0.3163466155529022,826.814453125,21.55499267578125,0.09486452490091324,777.9328002929688,18.078140258789062,0.3603898584842682,769.5699462890625,21.720977783203125,0.14658814668655396,868.77783203125,133.45944213867188,0.9470621943473816,955.96142578125,134.11972045898438,0.903319239616394,688.4154052734375,445.2743225097656,0.9907131791114807,881.9386596679688,491.7475280761719,0.9804611802101135,723.8541870117188,807.2637329101562,0.9889863729476929,1051.8065185546875,800.9880981445312,0.9801204800605774
107,3566,784.6756591796875,92.21289825439453,0.0016823280602693558,781.99755859375,71.26508331298828,0.00206171115860343,787.6395263671875,88.16365814208984,0.0007841001497581601,808.9735717773438,52.19160461425781,0.021547675132751465,853.7569580078125,79.13410949707031,0.003776376834139228,803.063232421875,0.0,0.04520700126886368,917.3859252929688,0.0,0.021442731842398643,752.1907958984375,14.272247314453125,0.1177036315202713,855.7337036132812,27.22869873046875,0.057771820574998856,796.8919067382812,44.93321228027344,0.08919274061918259,783.8303833007812,51.09956359863281,0.05677738040685654,871.5626220703125,127.46674346923828,0.9295605421066284,969.5676879882812,131.379638671875,0.8960875272750854,687.2993774414062,450.552978515625,0.9864242672920227,907.2332153320312,482.99920654296875,0.9773051738739014,655.9409790039062,802.0806884765625,0.9843921661376953,1088.288818359375,788.8037109375,0.9766279458999634
108,3600,805.324951171875,95.67617797851562,0.0023129740729928017,800.5343627929688,72.98970794677734,0.0023513829801231623,803.34326171875,84.00201416015625,0.001064386568032205,819.724365234375,51.52862548828125,0.015885550528764725,856.9219360351562,69.23796844482422,0.0037204832769930363,819.9966430664062,2.0610809326171875,0.03107495792210102,905.5452270507812,7.6893310546875,0.019982432946562767,788.107177734375,59.94410705566406,0.0871858149766922,877.9276123046875,69.35476684570312,0.06191044673323631,780.2265014648438,157.8621368408203,0.09247961640357971,779.80908203125,160.65737915039062,0.08029931783676147,866.9273071289062,108.64585876464844,0.9086080193519592,948.4358520507812,115.348388671875,0.881624698638916,711.0564575195312,447.949951171875,0.987165629863739,946.9453125,488.285888671875,0.9804239273071289,612.9706420898438,806.0383911132812,0.9876710176467896,1124.6268310546875,776.2071533203125,0.9825996160507202
109,3633,816.9351196289062,96.75052642822266,0.0025124300736933947,812.8759155273438,75.27989959716797,0.002467805752530694,814.62890625,83.84008026123047,0.0011230316013097763,828.914794921875,56.841064453125,0.01377028040587902,860.2487182617188,70.21101379394531,0.0032970616593956947,829.6375122070312,11.133453369140625,0.026323629543185234,897.1112060546875,14.311477661132812,0.01738477684557438,796.8380126953125,70.47798156738281,0.08691594749689102,857.8299560546875,70.36079406738281,0.06206955388188362,775.6605834960938,151.15887451171875,0.10923625528812408,760.8688354492188,149.5012664794922,0.09530775994062424,871.4542846679688,98.62060546875,0.9019511938095093,944.5664672851562,104.19891357421875,0.8739792704582214,722.4276123046875,441.8477783203125,0.9879164695739746,967.6670532226562,475.7021789550781,0.9814961552619934,603.2052001953125,795.759521484375,0.9883694648742676,1157.9342041015625,758.686767578125,0.983721137046814
110,3666,800.8401489257812,99.51677703857422,0.001256810617633164,807.5226440429688,79.82007598876953,0.0016696888487786055,803.203125,91.83259582519531,0.0006717690266668797,830.1740112304688,62.51517105102539,0.014454269781708717,832.0416870117188,81.60450744628906,0.0026867229025810957,844.8816528320312,0.0,0.013850114308297634,858.14208984375,7.589332580566406,0.01171749085187912,824.8509521484375,51.873870849609375,0.04359900578856468,869.9007568359375,46.9573974609375,0.04111860319972038,801.3334350585938,147.58522033691406,0.05078428238630295,823.2296142578125,128.85984802246094,0.048793211579322815,872.5296020507812,82.31428527832031,0.8557466268539429,915.213134765625,89.0232925415039,0.8408781290054321,719.568603515625,445.70721435546875,0.979464054107666,966.8131713867188,463.68585205078125,0.9743355512619019,600.1467895507812,788.4234008789062,0.9757437705993652,1181.749755859375,757.7831420898438,0.9706100225448608
111,3700,806.9156494140625,98.50579833984375,0.0019283152651041746,803.6539916992188,78.88538360595703,0.002116977237164974,806.8324584960938,87.37705993652344,0.0009183493093587458,820.143310546875,61.95124053955078,0.015794549137353897,853.3721923828125,74.32786560058594,0.003374414751306176,816.5911254882812,18.112152099609375,0.0265356358140707,896.0057983398438,12.606857299804688,0.016394101083278656,796.9629516601562,64.47120666503906,0.07159534841775894,913.7040405273438,43.83137512207031,0.052157044410705566,815.9718627929688,127.49349975585938,0.07497939467430115,865.81494140625,80.18733215332031,0.06362605839967728,860.2460327148438,95.92515563964844,0.9106947779655457,933.3704833984375,99.0626220703125,0.8843389749526978,742.7164916992188,449.0521545410156,0.9890700578689575,962.6456909179688,476.0364990234375,0.9833314418792725,650.5534057617188,802.956298828125,0.9898576736450195,1171.1722412109375,737.5938720703125,0.9862224459648132
112,3733,801.6318969726562,101.66317749023438,0.0026573389768600464,799.5886840820312,83.3470687866211,0.0032111515756696463,801.2305908203125,92.39783477783203,0.0012078557629138231,819.4993286132812,64.05818939208984,0.017330894246697426,842.6343383789062,78.15838623046875,0.0029222643934190273,814.1152954101562,15.450576782226562,0.024106355383992195,880.088623046875,9.674468994140625,0.013029292225837708,792.973388671875,52.32325744628906,0.07608385384082794,889.110595703125,41.14018249511719,0.043443918228149414,801.7655639648438,105.03300476074219,0.08925820887088776,828.8267211914062,83.50405883789062,0.06214265525341034,855.8133544921875,94.21952819824219,0.896199107170105,915.5253295898438,95.35514831542969,0.856310248374939,746.80322265625,450.608642578125,0.9884154796600342,937.2841796875,468.938232421875,0.980024516582489,705.40380859375,813.7119140625,0.9895688891410828,1170.4248046875,700.3042602539062,0.9852181077003479
113,3766,782.6254272460938,86.80252075195312,0.0013666624436154962,786.2926635742188,66.85535430908203,0.0018929842626675963,789.9417724609375,79.89825439453125,0.0006819238769821823,811.59619140625,49.8299560546875,0.014298006892204285,836.0601806640625,69.13568115234375,0.0022914274595677853,800.0850219726562,4.782737731933594,0.01193979848176241,891.3175659179688,0.0,0.010467223823070526,781.5614013671875,48.88298034667969,0.04245356097817421,903.8020629882812,33.44032287597656,0.04156346619129181,787.0096435546875,132.91928100585938,0.05219767987728119,856.3386840820312,84.36451721191406,0.05049166828393936,840.3570556640625,97.54911804199219,0.8609649538993835,914.1324462890625,92.28506469726562,0.8453205823898315,745.6172485351562,465.5795593261719,0.9835259914398193,902.9954833984375,463.7084655761719,0.9778357148170471,722.4468383789062,813.296630859375,0.9857996702194214,1161.387451171875,698.1875,0.9823768138885498
114,3800,786.4655151367188,93.33789825439453,0.0022548113483935595,787.8838500976562,74.1690673828125,0.0029132862109690905,785.2901000976562,87.33668518066406,0.0010274930391460657,815.663818359375,51.4368896484375,0.015285483561456203,820.9323120117188,74.26579284667969,0.0023395067546516657,811.9050903320312,4.1609344482421875,0.021808059886097908,860.8740234375,0.0,0.010880839079618454,782.0491333007812,61.12998962402344,0.07841328531503677,869.0652465820312,48.52020263671875,0.040304455906152725,759.203125,141.48545837402344,0.08644081652164459,804.7421264648438,118.2908935546875,0.058235302567481995,848.7110595703125,110.20353698730469,0.8998066186904907,888.0421752929688,111.36122131347656,0.8548444509506226,740.571533203125,462.6684265136719,0.9879399538040161,868.19775390625,486.1861267089844,0.9772166013717651,763.8204345703125,825.3362426757812,0.9899952411651611,1128.95068359375,672.7777709960938,0.9847382307052612
115,3833,766.0805053710938,84.01263427734375,0.00361958472058177,769.7296752929688,64.96016693115234,0.004513212479650974,762.9488525390625,79.99562072753906,0.0015656360192224383,804.0369873046875,41.695587158203125,0.017210405319929123,786.9154052734375,69.15046691894531,0.0027725286781787872,816.9490356445312,0.0,0.022160956636071205,818.813232421875,0.0,0.018883781507611275,795.9022216796875,55.36921691894531,0.08055207133293152,796.8514404296875,56.238189697265625,0.06664193421602249,757.828125,157.89820861816406,0.09828227013349533,726.9280395507812,149.37698364257812,0.08941638469696045,872.6395263671875,107.47178649902344,0.9039236903190613,881.021728515625,108.22746276855469,0.8854913711547852,738.421142578125,469.025390625,0.9873884320259094,830.012939453125,493.28411865234375,0.9797195792198181,786.2719116210938,837.7139282226562,0.9889020919799805,1086.1749267578125,672.9739379882812,0.9844797253608704
116,3866,751.9229736328125,88.67882537841797,0.0027580182068049908,750.4779663085938,70.44207000732422,0.0034311767667531967,753.2387084960938,85.7911376953125,0.0012611012207344174,778.9154663085938,46.021820068359375,0.01717059127986431,793.5525512695312,72.6800537109375,0.0029781556222587824,790.6326293945312,2.194610595703125,0.0224925447255373,837.8671875,0.0,0.021687623113393784,768.3561401367188,53.10040283203125,0.07620929926633835,807.6868896484375,57.81898498535156,0.07403789460659027,730.2000732421875,154.0301971435547,0.08080478757619858,712.8890991210938,150.478271484375,0.08452833443880081,861.393310546875,113.73957824707031,0.9041803479194641,893.2816772460938,110.25274658203125,0.8937474489212036,748.9481201171875,482.5660705566406,0.9858646392822266,816.110107421875,493.4070129394531,0.9795354008674622,832.0574951171875,835.3591918945312,0.9874936938285828,1043.30859375,694.72802734375,0.9838880896568298
117,3900,745.5125122070312,81.95901489257812,0.0017160548595711589,746.9155883789062,65.50241088867188,0.0024803965352475643,748.7460327148438,83.51268768310547,0.0009210192365571856,778.4650268554688,46.16663360595703,0.021988358348608017,789.8793334960938,76.85380554199219,0.0037839508149772882,784.1235961914062,3.6611480712890625,0.02949412912130356,837.8782348632812,0.0,0.022023264318704605,739.8939819335938,20.531845092773438,0.07306181639432907,784.9083251953125,43.112571716308594,0.05259053781628609,744.0960083007812,80.92396545410156,0.04784746468067169,700.068359375,118.6969985961914,0.039227843284606934,866.6707763671875,126.48065185546875,0.9210190176963806,898.4103393554688,123.53640747070312,0.9039485454559326,757.7523803710938,482.0830078125,0.9851900935173035,808.0969848632812,482.9306335449219,0.9776341915130615,880.025634765625,819.2807006835938,0.9856113195419312,1007.9366455078125,714.7891845703125,0.9810537695884705
118,3933,766.224609375,54.234466552734375,0.004739024210721254,770.7099609375,37.091583251953125,0.0049398173578083515,762.3328857421875,51.91680908203125,0.001382468268275261,818.9657592773438,23.93536376953125,0.019333383068442345,794.3735961914062,50.70758056640625,0.002317887730896473,838.3388671875,0.0,0.06347168982028961,818.472900390625,0.0,0.034226641058921814,735.757568359375,7.6286773681640625,0.3246563673019409,762.3853149414062,27.537826538085938,0.15683907270431519,727.0209350585938,12.144882202148438,0.3706713318824768,700.306884765625,10.853622436523438,0.21324223279953003,897.5775756835938,142.2487335205078,0.9306263327598572,865.8369140625,136.01719665527344,0.8976786136627197,777.9492797851562,484.41607666015625,0.9800967574119568,730.3883056640625,470.3293762207031,0.9636474847793579,916.9627685546875,810.7377319335938,0.9689455032348633,947.14013671875,733.9774169921875,0.9558488726615906
119,3966,761.3338012695312,64.32257080078125,0.0032419466879218817,767.54150390625,48.194114685058594,0.0032158391550183296,760.9864501953125,64.57305908203125,0.0011535106459632516,810.7496948242188,32.35968017578125,0.014041678979992867,786.824951171875,62.042518615722656,0.002355369972065091,830.325439453125,0.0,0.044267650693655014,816.0677490234375,0.0,0.03226852044463158,734.3096313476562,13.50567626953125,0.2616685628890991,774.376708984375,30.6309814453125,0.18369144201278687,741.6398315429688,10.8804931640625,0.3010410964488983,723.80810546875,21.043304443359375,0.22409410774707794,896.381103515625,145.68653869628906,0.9311855435371399,855.0374145507812,137.63328552246094,0.9141262769699097,816.4954833984375,496.26910400390625,0.9796368479728699,702.0904541015625,450.2862243652344,0.9682794809341431,961.7348022460938,820.4974365234375,0.9630529284477234,865.1592407226562,728.645751953125,0.9557889699935913
120,4000,752.8441772460938,54.525146484375,0.005662149284034967,759.555419921875,39.805938720703125,0.005068421829491854,748.0576782226562,51.75347900390625,0.001919122296385467,799.9692993164062,29.33056640625,0.015499813482165337,765.8470458984375,50.321044921875,0.003068051300942898,816.1298217773438,2.5854034423828125,0.07113732397556305,788.3624267578125,0.0,0.036850590258836746,737.8698120117188,7.438018798828125,0.35107704997062683,751.59130859375,17.933807373046875,0.17286716401576996,775.4658203125,16.935195922851562,0.3847128748893738,760.6915893554688,16.848129272460938,0.1994362622499466,897.1124267578125,151.53163146972656,0.9510735869407654,841.2477416992188,141.17999267578125,0.9294591546058655,856.1173706054688,505.60174560546875,0.9870046973228455,690.8464965820312,427.522705078125,0.9764854907989502,1009.6378784179688,821.29931640625,0.9763243198394775,795.1069946289062,726.9136962890625,0.9722464084625244
121,4033,758.7264404296875,61.028709411621094,0.004222693853080273,766.2825317382812,46.6622314453125,0.004159584641456604,754.113037109375,56.32017517089844,0.0014504104619845748,810.37646484375,34.552276611328125,0.013795753009617329,771.9911499023438,50.849578857421875,0.002226285170763731,833.687255859375,2.2240447998046875,0.04778697341680527,790.8153686523438,0.0,0.02870786190032959,760.2723999023438,6.0940704345703125,0.2535020709037781,758.9735717773438,13.182220458984375,0.1427464336156845,774.543701171875,14.067581176757812,0.2601301074028015,753.947265625,10.008682250976562,0.14245986938476562,900.6124877929688,142.40185546875,0.9446411728858948,831.2974243164062,133.67568969726562,0.9279983043670654,891.6786499023438,497.8209228515625,0.9863450527191162,699.1152954101562,430.2117919921875,0.9781485795974731,1063.2796630859375,814.182861328125,0.9772262573242188,737.0860595703125,759.9168701171875,0.9755251407623291
122,4066,788.1956176757812,80.42525482177734,0.0036602900363504887,790.5703125,66.4632568359375,0.004085944499820471,782.5906372070312,74.01969909667969,0.0018560736207291484,821.6427612304688,49.736114501953125,0.01704166643321514,796.2021484375,61.385536193847656,0.003811865346506238,834.9049682617188,16.501739501953125,0.0391617976129055,820.4701538085938,4.8718414306640625,0.02392360009253025,767.26904296875,44.539306640625,0.11659249663352966,819.98876953125,56.092254638671875,0.06828537583351135,755.1740112304688,80.82888793945312,0.07962876558303833,773.0956420898438,105.39610290527344,0.0460701584815979,904.10302734375,131.50204467773438,0.9202451705932617,842.3388671875,116.03251647949219,0.9010477066040039,935.6702270507812,490.0751037597656,0.9824153780937195,707.2376098632812,430.74810791015625,0.9742369651794434,1098.8140869140625,805.7235717773438,0.9788118004798889,676.452392578125,761.9046020507812,0.9768331050872803
123,4100,789.6130981445312,90.99817657470703,0.0030908097978681326,792.6311645507812,75.08917236328125,0.003407226875424385,787.999755859375,80.46173858642578,0.001595490612089634,819.8540649414062,60.36760711669922,0.011803188361227512,804.7705688476562,68.4085693359375,0.002946284366771579,829.4168701171875,34.5186767578125,0.017470669001340866,834.6920166015625,20.4510498046875,0.020110182464122772,759.5347900390625,84.19166564941406,0.05880759656429291,861.2172241210938,79.052490234375,0.0735478401184082,721.1442260742188,142.38107299804688,0.049198754131793976,806.8731079101562,140.52992248535156,0.05167220160365105,891.6626586914062,112.27702331542969,0.8981970548629761,841.2951049804688,106.63824462890625,0.9056490659713745,953.6094360351562,474.34454345703125,0.9842057228088379,724.6941528320312,438.0408630371094,0.9825859069824219,1135.707275390625,783.4893188476562,0.985225260257721,656.1272583007812,780.8349609375,0.9868404865264893
124,4133,805.3385620117188,87.09500885009766,0.0036265908274799585,805.6884765625,73.00737762451172,0.0035826610401272774,801.9880981445312,79.35198211669922,0.0020691039972007275,829.7045288085938,61.29100799560547,0.009327445179224014,814.9541015625,70.63943481445312,0.003259875113144517,832.24951171875,33.566253662109375,0.018102670088410378,845.9447631835938,14.042037963867188,0.015164794400334358,759.7562866210938,83.55949401855469,0.06976860761642456,904.5737915039062,73.77259826660156,0.06600379943847656,735.3200073242188,128.35675048828125,0.06466002017259598,906.5578002929688,125.959716796875,0.05612478032708168,895.5006103515625,103.84062194824219,0.8999255299568176,842.3384399414062,93.57225036621094,0.8924751877784729,964.8179321289062,460.3050842285156,0.9857242703437805,728.3876953125,437.6107177734375,0.9825144410133362,1156.671875,767.3900756835938,0.9880788922309875,650.9315185546875,778.1463012695312,0.9874166250228882
125,4166,794.7437133789062,88.2868423461914,0.0041912756860256195,796.3394165039062,72.79586791992188,0.0047715408727526665,789.1395874023438,80.02274322509766,0.002169884741306305,825.643798828125,61.03962707519531,0.010805188678205013,801.5675048828125,72.11288452148438,0.0026955800130963326,832.8980712890625,35.96580505371094,0.01912786439061165,832.3482666015625,15.640457153320312,0.01035146601498127,740.8819580078125,82.72023010253906,0.08415722101926804,871.7890014648438,76.15887451171875,0.04384791478514671,678.6399536132812,126.85940551757812,0.08108271658420563,842.2060546875,130.11318969726562,0.04559887945652008,896.4135131835938,93.60502624511719,0.8873728513717651,835.9075927734375,84.43817138671875,0.8548020720481873,951.338623046875,459.9152526855469,0.9847758412361145,730.0081787109375,441.103759765625,0.9774847626686096,1168.980224609375,746.6486206054688,0.9877819418907166,672.2532958984375,778.0515747070312,0.9851648807525635
126,4200,756.3334350585938,106.660400390625,0.01683981344103813,760.1566772460938,82.94178771972656,0.017912503331899643,744.2794799804688,90.22320556640625,0.008018636144697666,802.6123046875,71.58082580566406,0.019737694412469864,766.7490234375,77.917236328125,0.006002013571560383,823.0986328125,42.92509460449219,0.035451482981443405,808.8680419921875,33.495941162109375,0.018837668001651764,708.8602294921875,99.78598022460938,0.12684902548789978,841.99169921875,93.93507385253906,0.05409642681479454,607.1786499023438,141.84544372558594,0.15190035104751587,815.0659790039062,143.20069885253906,0.07143374532461166,901.7911376953125,84.18049621582031,0.8271140456199646,841.724365234375,84.74542236328125,0.7778043746948242,921.0436401367188,462.2038269042969,0.9760808944702148,734.6448974609375,449.0838317871094,0.9631774425506592,1170.053466796875,718.63525390625,0.9822927117347717,727.2271728515625,785.2396240234375,0.9785767197608948
127,4233,828.1983032226562,84.72974395751953,0.01206209510564804,829.6382446289062,68.65312957763672,0.010882445611059666,816.458740234375,75.75334167480469,0.007322133518755436,848.1066284179688,53.27508544921875,0.01259201392531395,812.9126586914062,63.060768127441406,0.006332914344966412,839.63232421875,22.294647216796875,0.036760903894901276,838.4390258789062,3.0581817626953125,0.011320588178932667,775.4723510742188,79.26617431640625,0.13706940412521362,835.7014770507812,79.28512573242188,0.036140963435173035,738.5302734375,133.83091735839844,0.14135922491550446,804.73193359375,152.1825714111328,0.05053894966840744,864.3031005859375,112.61732482910156,0.8427969813346863,817.5496215820312,99.87295532226562,0.7469046711921692,883.0805053710938,476.1109313964844,0.9719672203063965,737.4672241210938,463.54815673828125,0.9517713189125061,1167.9971923828125,706.97216796875,0.977711021900177,746.4193725585938,797.4334716796875,0.9675918221473694
128,4266,769.7188720703125,83.05302429199219,0.0023864449467509985,776.6834106445312,66.67387390136719,0.003715792205184698,766.1925048828125,75.93871307373047,0.0015409133629873395,812.139404296875,54.41107177734375,0.013301382772624493,784.2757568359375,68.25741577148438,0.0025277980603277683,824.942138671875,20.98326873779297,0.008948317728936672,810.40673828125,0.0,0.008944609202444553,774.94482421875,51.96611022949219,0.026688633486628532,816.943603515625,51.15522766113281,0.03301854804158211,770.7905883789062,118.74101257324219,0.022212259471416473,787.4939575195312,126.49500274658203,0.024776974692940712,860.8964233398438,97.86286926269531,0.8280590772628784,816.33837890625,97.02621459960938,0.8340049982070923,850.151611328125,486.70587158203125,0.9711906909942627,747.6514892578125,464.476318359375,0.9709914922714233,1136.9813232421875,682.6168212890625,0.9804531335830688,784.6913452148438,804.888427734375,0.9811984300613403
129,4300,754.6617431640625,86.97532653808594,0.0023099048994481564,759.718505859375,72.35975646972656,0.0034095398150384426,750.5245971679688,85.10039520263672,0.0014121055137366056,793.6322021484375,54.60017395019531,0.014022119343280792,770.3260498046875,76.5084228515625,0.002699241042137146,804.0258178710938,9.399055480957031,0.013041285797953606,800.6962280273438,0.0,0.011710534803569317,745.5469360351562,20.342056274414062,0.04186021164059639,771.44482421875,34.47637939453125,0.04249729961156845,757.822265625,74.25746154785156,0.031900547444820404,730.9979858398438,96.5441665649414,0.031845055520534515,862.19775390625,111.7694091796875,0.8650832176208496,832.8470458984375,114.60081481933594,0.8609585762023926,805.4619750976562,487.6711120605469,0.9726094007492065,750.4929809570312,477.6876525878906,0.9702597856521606,1102.2188720703125,685.9282836914062,0.9790696501731873,814.5121459960938,807.6194458007812,0.9782689213752747
130,4333,761.4160766601562,89.56576538085938,0.0030645134393125772,764.022216796875,77.3104019165039,0.0034977863542735577,759.2869262695312,91.45353698730469,0.001391793368384242,796.2755126953125,59.43846130371094,0.011117004789412022,791.0568237304688,83.50172424316406,0.002238697372376919,796.018798828125,13.101310729980469,0.02195320837199688,839.96875,0.0,0.016706684604287148,738.7476806640625,15.192626953125,0.13190393149852753,771.374267578125,28.928695678710938,0.10120649635791779,740.5118408203125,32.82948303222656,0.14309145510196686,732.4998779296875,40.994842529296875,0.1179407462477684,858.5345458984375,131.2939453125,0.9222179651260376,868.8296508789062,131.60311889648438,0.9088967442512512,771.1172485351562,483.5173645019531,0.9826840758323669,763.5767822265625,481.8340148925781,0.9784494042396545,1048.51123046875,688.1420288085938,0.9832763671875,840.2399291992188,794.2947387695312,0.9804034233093262
131,4366,755.0105590820312,75.97737121582031,0.004678220022469759,756.0602416992188,62.11651611328125,0.004003562033176422,755.3103637695312,77.05730438232422,0.00153280608355999,790.2720336914062,47.89009094238281,0.00969636719673872,805.8980712890625,71.94035339355469,0.002070565475150943,787.0926513671875,9.200431823730469,0.03315654397010803,891.5277709960938,0.0,0.02758515253663063,740.4605102539062,19.525497436523438,0.29132887721061707,830.4472045898438,47.340248107910156,0.23651860654354095,716.3886108398438,33.77581787109375,0.42163217067718506,728.3111572265625,44.10369873046875,0.37799325585365295,870.5152587890625,139.8695068359375,0.9337475895881653,922.769775390625,135.40701293945312,0.9230895042419434,749.35595703125,479.6417541503906,0.9837434887886047,766.3125,474.8583984375,0.9793862700462341,1004.0132446289062,714.916748046875,0.9791406989097595,875.9690551757812,794.3648071289062,0.9747876524925232
132,4400,743.1056518554688,59.57830810546875,0.0063005480915308,742.53515625,42.72441101074219,0.00488666445016861,743.9126586914062,60.786094665527344,0.0015815873630344868,792.5647583007812,28.778778076171875,0.015968162566423416,815.1563110351562,59.88166809082031,0.002325329463928938,804.3746948242188,0.0,0.05036924034357071,907.0730590820312,2.8162994384765625,0.07128357887268066,757.247802734375,18.371932983398438,0.31968945264816284,847.19970703125,75.41624450683594,0.4079086184501648,692.690185546875,33.146484375,0.4672664403915405,706.4720458984375,43.72700500488281,0.5529769659042358,874.5889892578125,149.2254180908203,0.8887739777565002,937.2804565429688,146.92822265625,0.8979968428611755,723.34228515625,471.2124328613281,0.9580872058868408,790.8142700195312,489.5376281738281,0.9554178714752197,937.6476440429688,765.316650390625,0.9272773265838623,929.3278198242188,787.1394653320312,0.9229041337966919
133,4433,786.8470458984375,68.30570983886719,0.007431234698742628,789.5359497070312,51.67371368408203,0.005942426156252623,791.9127197265625,72.83041381835938,0.0028552059084177017,830.2705688476562,37.46910095214844,0.01353362575173378,849.70166015625,73.42769622802734,0.003404795890673995,840.6809692382812,0.0,0.03611272946000099,915.1047973632812,0.9719467163085938,0.05807218700647354,761.7525024414062,32.258583068847656,0.23374751210212708,839.5285034179688,72.69465637207031,0.38232582807540894,693.5111083984375,42.06793212890625,0.3883534371852875,697.9029541015625,48.84564971923828,0.5739338397979736,888.4365234375,153.36622619628906,0.9297880530357361,936.291748046875,153.99464416503906,0.9390696883201599,691.520751953125,461.60302734375,0.9812114238739014,805.4573364257812,491.2958068847656,0.9819648861885071,883.1693725585938,774.092529296875,0.9717057943344116,968.866943359375,807.7911987304688,0.9708591103553772
134,4466,765.8718872070312,51.717132568359375,0.007158242631703615,767.852294921875,36.05406188964844,0.005213058553636074,765.484130859375,52.72064208984375,0.0017241248860955238,818.030517578125,22.844970703125,0.015009155496954918,825.7240600585938,52.97309875488281,0.002300129970535636,838.6455688476562,0.0,0.05439387261867523,894.5541381835938,0.0,0.07708138972520828,764.8838500976562,30.154861450195312,0.33284321427345276,826.1594848632812,72.47392272949219,0.4239763915538788,683.9393920898438,31.34234619140625,0.4961765706539154,686.9827880859375,39.47795104980469,0.5963873267173767,883.31103515625,152.4122314453125,0.9568615555763245,932.4358520507812,153.53192138671875,0.958979606628418,686.0057373046875,447.05377197265625,0.9902933835983276,852.8148193359375,504.4540100097656,0.9892148375511169,800.7901611328125,791.833251953125,0.9865275025367737,1028.66748046875,812.17236328125,0.9840449094772339
135,4500,764.0103759765625,50.741729736328125,0.004924365319311619,765.0169067382812,34.53968811035156,0.0038286407943814993,767.7659912109375,50.14013671875,0.0011686639627441764,812.6519775390625,21.081161499023438,0.016862478107213974,838.7548828125,48.202239990234375,0.0023706904612481594,829.1151123046875,0.0,0.06888524442911148,902.8433227539062,0.0,0.06431654095649719,730.3771362304688,18.154815673828125,0.36873605847358704,804.4428100585938,59.50621032714844,0.31141752004623413,647.1925048828125,11.669998168945312,0.47272515296936035,652.3951416015625,20.827056884765625,0.44644397497177124,885.390380859375,151.90150451660156,0.9588901400566101,952.4954833984375,153.9316864013672,0.9516316056251526,692.1492309570312,443.4531555175781,0.9909762740135193,887.904052734375,499.2568359375,0.9872504472732544,730.6170043945312,805.9658203125,0.9863082766532898,1073.129638671875,799.6030883789062,0.9811059832572937
136,4533,779.4138793945312,58.29670715332031,0.003390994854271412,782.644775390625,41.687896728515625,0.002769292565062642,785.1533203125,61.24397277832031,0.001309522078372538,820.1099853515625,28.112869262695312,0.01644223742187023,846.7348022460938,60.50089645385742,0.003928163554519415,835.5774536132812,0.0,0.053178105503320694,901.55419921875,0.0,0.06557486951351166,729.1201171875,20.151123046875,0.2232952117919922,773.2681274414062,43.74517822265625,0.28278404474258423,647.6607055664062,0.0,0.2595383822917938,633.6619873046875,0.6615371704101562,0.3657356798648834,895.7406005859375,135.5035400390625,0.9444299340248108,964.1849365234375,144.1816864013672,0.944520115852356,679.644287109375,440.8039245605469,0.9847870469093323,907.6838989257812,497.85076904296875,0.9818581342697144,677.96728515625,793.9014282226562,0.9710891842842102,1107.7518310546875,785.1098022460938,0.9645194411277771
137,4566,763.5831909179688,75.1885986328125,0.0010789190419018269,767.3765258789062,62.38279724121094,0.0011706649092957377,772.6345825195312,75.80335998535156,0.00035918503999710083,798.0736694335938,49.440879821777344,0.014272605068981647,833.0352783203125,68.60772705078125,0.0018585488433018327,811.0717163085938,0.0,0.042118996381759644,886.4805908203125,0.0,0.02497248537838459,737.2659912109375,20.970542907714844,0.22241388261318207,768.1564331054688,26.787368774414062,0.11682524532079697,672.4409790039062,1.1552581787109375,0.21785862743854523,655.5518798828125,8.326080322265625,0.1454736739397049,883.7162475585938,124.69871520996094,0.9465057849884033,969.9918823242188,128.154052734375,0.9266647100448608,706.1262817382812,449.0657043457031,0.9880436062812805,964.38818359375,483.9536437988281,0.9809797406196594,617.5706176757812,788.3289184570312,0.9773344397544861,1160.15380859375,775.512451171875,0.966808557510376
138,4600,739.8654174804688,76.59909057617188,0.0010240472620353103,744.2249145507812,59.22686004638672,0.0012925920309498906,752.3646240234375,72.19026947021484,0.00042291884892620146,778.083251953125,48.307159423828125,0.02084730751812458,829.9982299804688,63.20610809326172,0.002977570751681924,775.1416625976562,0.0,0.03582825884222984,912.2010498046875,0.0,0.019448397681117058,736.20849609375,16.219894409179688,0.10580334067344666,899.892578125,35.935523986816406,0.05756203830242157,808.8571166992188,53.03453063964844,0.09122343361377716,845.7158203125,72.77062225341797,0.05567223206162453,865.3818969726562,105.1754150390625,0.9222153425216675,986.5184936523438,107.70682525634766,0.8965871334075928,721.0903930664062,453.407958984375,0.9861528873443604,996.0457763671875,462.7502746582031,0.9796969294548035,604.7492065429688,774.5386962890625,0.9787785410881042,1188.437744140625,755.294189453125,0.9719552993774414
139,4633,777.676025390625,80.06334686279297,0.0018316006753593683,773.5924072265625,60.177223205566406,0.0018244287930428982,780.14892578125,68.75530242919922,0.0007514230674132705,791.1123657226562,47.80119323730469,0.015930473804473877,842.85302734375,58.2989501953125,0.003327022772282362,789.43310546875,3.8827972412109375,0.0408109650015831,892.9893188476562,5.4889984130859375,0.018803803250193596,731.45947265625,39.79692077636719,0.1278463900089264,863.0076293945312,50.90565490722656,0.059313077479600906,758.4963989257812,87.35499572753906,0.12890435755252838,794.0850830078125,96.64411926269531,0.08094950020313263,875.690185546875,102.24137878417969,0.9386218190193176,969.580322265625,110.03434753417969,0.9065326452255249,746.08837890625,440.16339111328125,0.9918992519378662,1003.1277465820312,479.0186767578125,0.9857773184776306,609.86474609375,781.1195068359375,0.9913784265518188,1199.114013671875,755.2918090820312,0.9867008328437805
140,4666,754.1156616210938,91.15310668945312,0.0010805977508425713,759.2634887695312,71.95182800292969,0.0014931883197277784,765.2457275390625,85.9207992553711,0.00041776231955736876,786.7844848632812,58.0107421875,0.014714960940182209,825.5892944335938,77.021240234375,0.0016836171271279454,783.8500366210938,0.0,0.01927453652024269,885.0247802734375,0.0,0.009774885140359402,691.008056640625,24.072463989257812,0.10436581075191498,811.7278442382812,39.19679260253906,0.0436868853867054,586.9945678710938,107.79114532470703,0.11958728730678558,670.6148071289062,105.85388946533203,0.07027549296617508,869.45068359375,86.33912658691406,0.9042015671730042,965.7493896484375,92.57640838623047,0.8650276064872742,747.8190307617188,441.16754150390625,0.9869892001152039,992.909912109375,473.5003967285156,0.9789278507232666,638.9332885742188,773.7057495117188,0.9839390516281128,1212.099365234375,754.9509887695312,0.9757739901542664
141,4700,747.7611083984375,84.37055969238281,0.001097785192541778,752.5197143554688,67.04080200195312,0.00163562863599509,758.278564453125,81.22106170654297,0.00047543065738864243,780.7115478515625,54.45861053466797,0.018697066232562065,818.6173095703125,73.39556121826172,0.0021103040780872107,774.9078979492188,0.0,0.01846037246286869,883.6146240234375,0.0,0.01137154083698988,707.9059448242188,22.716567993164062,0.07197323441505432,841.603271484375,35.64591979980469,0.03966933488845825,652.0726318359375,95.85466003417969,0.0741032138466835,752.9232788085938,92.20479583740234,0.04903360828757286,859.4692993164062,89.37350463867188,0.8877058625221252,956.3035278320312,89.091064453125,0.8585430979728699,749.3717651367188,445.9808349609375,0.9844706058502197,981.950927734375,447.0072326660156,0.9771949648857117,702.9488525390625,789.0599365234375,0.9810606241226196,1216.803955078125,719.2178955078125,0.9756198525428772
142,4733,748.7595825195312,84.04232025146484,0.0014577647671103477,752.6173095703125,65.92642211914062,0.001984274247661233,758.834716796875,80.92131042480469,0.0006687437416985631,780.9804077148438,50.211524963378906,0.017873983830213547,819.544921875,70.36576843261719,0.002567690797150135,768.0320434570312,0.0,0.019428420811891556,888.9124145507812,0.0,0.013946703635156155,738.17919921875,15.567398071289062,0.075592540204525,871.1632690429688,26.051376342773438,0.05306626483798027,789.6361083984375,53.864410400390625,0.08652680367231369,807.2236328125,71.8538589477539,0.06458169966936111,851.1759033203125,93.85979461669922,0.8975496888160706,951.02294921875,90.90216064453125,0.8769901394844055,754.8598022460938,461.63031005859375,0.9852334856987,959.9267578125,450.2260437011719,0.9793727993965149,736.7699584960938,798.2173461914062,0.980939507484436,1210.6517333984375,703.354248046875,0.9767794013023376
143,4766,743.17724609375,78.33865356445312,0.0015051456866785884,748.7317504882812,61.61888122558594,0.0018729254370555282,750.9656982421875,75.35437774658203,0.0006418533157557249,781.9865112304688,45.07147979736328,0.014987966045737267,804.5440673828125,64.13960266113281,0.002293182071298361,770.0634155273438,0.0,0.020886564627289772,873.9840087890625,0.0,0.013748971745371819,725.3657836914062,17.130157470703125,0.09206219017505646,898.5101318359375,15.888290405273438,0.059664737433195114,772.3866577148438,44.26112365722656,0.10661757737398148,861.0577392578125,61.26246643066406,0.07516667246818542,845.3033447265625,109.94183349609375,0.918956995010376,922.8125610351562,106.00863647460938,0.8955704569816589,757.1419067382812,462.8938293457031,0.988913357257843,922.7816162109375,468.5805358886719,0.9824826717376709,754.1277465820312,808.0296020507812,0.9881198406219482,1181.6605224609375,673.8836059570312,0.9839420914649963
144,4800,735.2918090820312,59.01191711425781,0.0021548683289438486,739.1455078125,45.84361267089844,0.0017271493561565876,741.173828125,61.587066650390625,0.0007843511993996799,775.67431640625,29.5491943359375,0.009369591251015663,782.5618286132812,58.18070983886719,0.002105959691107273,790.26806640625,0.0,0.0258918646723032,833.8779296875,0.0,0.053878072649240494,725.7943115234375,19.98138427734375,0.17151345312595367,767.743896484375,42.747802734375,0.34057146310806274,646.0543823242188,13.813934326171875,0.22498063743114471,642.5814208984375,16.88323974609375,0.4173458516597748,869.2503662109375,151.3154296875,0.9674780964851379,899.2994384765625,150.3148651123047,0.97360759973526,754.9674682617188,477.5851135253906,0.993765115737915,832.0617065429688,490.3742370605469,0.9930023550987244,826.0458984375,824.2667236328125,0.9914611577987671,1109.9073486328125,651.233642578125,0.9907639622688293
145,4833,745.4689331054688,62.278472900390625,0.0031364604365080595,749.0150756835938,48.48408508300781,0.0023473070468753576,750.079345703125,64.08258819580078,0.0009605682571418583,790.4412231445312,29.258148193359375,0.007993925362825394,790.5245971679688,58.24928283691406,0.0015521373134106398,813.5775146484375,0.0,0.02286863699555397,842.9864501953125,0.0,0.04926051199436188,755.2661743164062,20.441390991210938,0.2251720428466797,802.9539184570312,51.81566619873047,0.4267158806324005,666.552978515625,21.271865844726562,0.3846445381641388,671.0350341796875,32.91325378417969,0.5998506546020508,879.1627807617188,149.01284790039062,0.962467610836029,892.8576049804688,145.65650939941406,0.9701093435287476,764.97802734375,483.6510314941406,0.9927608966827393,815.6306762695312,486.0715026855469,0.9921031594276428,863.5723266601562,827.59716796875,0.9887285232543945,1066.517333984375,665.9760131835938,0.988438069820404
146,4866,753.2074584960938,59.13221740722656,0.003520083148032427,755.754150390625,45.92889404296875,0.002630585106089711,757.785400390625,60.54258728027344,0.0010222060373052955,793.6762084960938,28.617828369140625,0.009477149695158005,802.9422607421875,54.593788146972656,0.0018095854902639985,811.6414184570312,0.0,0.035853996872901917,863.5547485351562,0.0,0.052745718508958817,761.2183227539062,23.568191528320312,0.31980112195014954,817.6895751953125,51.49122619628906,0.4118216633796692,676.8392944335938,21.108673095703125,0.4722914397716522,681.9194946289062,31.764816284179688,0.5725370049476624,881.0938720703125,153.1060791015625,0.9655433893203735,907.3630981445312,147.3845672607422,0.9676406979560852,778.03857421875,491.0472106933594,0.9919486045837402,817.5665283203125,483.08258056640625,0.9901868104934692,908.7683715820312,812.4131469726562,0.9858091473579407,1025.6260986328125,697.6397094726562,0.9845170378684998
147,4900,767.201904296875,67.61267852783203,0.0031140134669840336,773.6327514648438,53.009193420410156,0.003057940164580941,773.1068115234375,69.12527465820312,0.0011139886919409037,814.5047607421875,39.14460754394531,0.014068380929529667,811.886962890625,64.84614562988281,0.0020466791465878487,839.2276611328125,0.0,0.03664218634366989,849.7620849609375,0.0,0.039689451456069946,756.00732421875,18.83397674560547,0.2512618601322174,822.185546875,43.9530029296875,0.2863459289073944,687.9680786132812,23.26490020751953,0.3338482677936554,694.7966918945312,28.18498992919922,0.4057818353176117,907.3718872070312,144.26593017578125,0.9001989364624023,885.4207763671875,138.40997314453125,0.8971056342124939,795.6260375976562,481.0994567871094,0.959172248840332,716.9391479492188,461.3624267578125,0.9493258595466614,940.814208984375,813.236083984375,0.914242684841156,939.4002685546875,723.8968505859375,0.9061756730079651
148,4933,756.2070922851562,64.6248779296875,0.003369855461642146,765.1784057617188,50.0364990234375,0.00299055315554142,754.0096435546875,64.31716918945312,0.0011684924829751253,812.6710205078125,36.47314453125,0.011062630452215672,773.4912109375,62.47467041015625,0.002032317453995347,851.9597778320312,1.4770889282226562,0.035339005291461945,809.6345825195312,0.0,0.04185186326503754,792.2423095703125,21.391525268554688,0.24870999157428741,817.9717407226562,42.279579162597656,0.2924949824810028,714.7634887695312,10.322113037109375,0.318938285112381,712.826904296875,26.799041748046875,0.3583083152770996,899.319580078125,149.55633544921875,0.9524335265159607,838.2274169921875,140.00762939453125,0.9534597992897034,842.9529418945312,491.58123779296875,0.9870197772979736,705.9990844726562,442.1318054199219,0.9841353297233582,980.8167114257812,806.9027709960938,0.9773892164230347,866.5457153320312,722.9448852539062,0.9774373769760132
149,4966,753.0474853515625,62.468055725097656,0.00294493162073195,761.6193237304688,48.593170166015625,0.0032691718079149723,750.653564453125,61.116050720214844,0.0012792989145964384,802.4014892578125,36.92010498046875,0.01733015477657318,768.2054443359375,59.07257080078125,0.0032113788183778524,834.7263793945312,3.8264236450195312,0.048308394849300385,793.1130981445312,0.0,0.0342901311814785,757.0204467773438,13.972915649414062,0.1851283758878708,776.039794921875,20.987228393554688,0.13181576132774353,750.7761840820312,1.8858489990234375,0.1443445384502411,730.9006958007812,13.272308349609375,0.10322164744138718,896.3585815429688,148.107421875,0.9491204023361206,829.9187622070312,140.39625549316406,0.939178466796875,879.8611450195312,489.8399353027344,0.9858816862106323,702.73828125,433.1886291503906,0.9799500703811646,1024.00244140625,798.093017578125,0.9783111214637756,789.7928466796875,750.8567504882812,0.9768446087837219
150,5000,783.033203125,79.04658508300781,0.0022511424031108618,790.9281616210938,65.72321319580078,0.002876953687518835,778.3040771484375,76.83604431152344,0.0012015834217891097,828.2045288085938,49.9354248046875,0.016492126509547234,784.8221435546875,68.79267883300781,0.0031282564159482718,852.279052734375,9.8126220703125,0.03529515862464905,795.4244384765625,0.0,0.02078426629304886,774.0857543945312,22.957443237304688,0.11130066215991974,775.54248046875,24.0523681640625,0.06735053658485413,769.973876953125,31.36138916015625,0.0693577229976654,751.8359985351562,35.81639099121094,0.044805608689785004,914.0782470703125,134.67005920410156,0.9190678596496582,830.1685791015625,125.56331634521484,0.8982243537902832,920.2383422851562,474.35888671875,0.9775242805480957,707.6817016601562,435.9869689941406,0.9676181674003601,1071.1239013671875,798.3101806640625,0.9701374769210815,720.6902465820312,770.551025390625,0.9657251238822937
151,5033,803.7515258789062,88.43000793457031,0.003864396596327424,804.5878295898438,74.79901885986328,0.004065197892487049,798.5408935546875,81.23538208007812,0.002080549718812108,831.6217041015625,59.16114807128906,0.013974837958812714,811.9937133789062,68.67967987060547,0.003877554554492235,845.1132202148438,26.571533203125,0.028808606788516045,836.6272583007812,11.533950805664062,0.022211851552128792,753.0365600585938,70.77127075195312,0.09170512855052948,844.489990234375,73.94833374023438,0.07144510746002197,702.44384765625,121.05963134765625,0.06968934088945389,774.7230834960938,145.06356811523438,0.05278211459517479,907.6651611328125,119.38719177246094,0.9077902436256409,846.05078125,105.0802001953125,0.897236704826355,949.6080932617188,471.7061462402344,0.9825436472892761,724.8344116210938,433.4585266113281,0.9775410294532776,1111.19482421875,782.4423217773438,0.9823552966117859,655.7694091796875,779.4169921875,0.9813568592071533
152,5066,800.2201538085938,89.57501220703125,0.0035712895914912224,803.1043090820312,73.57747650146484,0.0036707508843392134,798.8411865234375,77.56608581542969,0.0020024478435516357,827.6067504882812,61.898597717285156,0.009286156855523586,812.2974853515625,66.90465545654297,0.003038108116015792,833.6424560546875,38.64793395996094,0.01176157034933567,838.745361328125,24.857254028320312,0.017317727208137512,764.2152099609375,93.79490661621094,0.04110123962163925,886.6426391601562,78.93942260742188,0.07294424623250961,740.6796264648438,139.6684112548828,0.04199465364217758,873.7318725585938,129.59326171875,0.056651029735803604,898.45263671875,99.68019104003906,0.8733914494514465,844.8754272460938,96.43620300292969,0.8943449854850769,966.3367309570312,458.1100158691406,0.9843462705612183,736.0464477539062,432.5472106933594,0.984584391117096,1145.94580078125,772.0880126953125,0.9876225590705872,640.6538696289062,775.7069702148438,0.9896693825721741
153,5100,812.5428466796875,86.56253814697266,0.0044531202875077724,813.6508178710938,72.36611938476562,0.004441492259502411,807.84521484375,78.23748779296875,0.002557542873546481,838.9781494140625,60.69245910644531,0.009150376543402672,816.3184204101562,69.54244995117188,0.0032167318277060986,842.4248657226562,36.24925231933594,0.015388991683721542,839.6870727539062,19.9222412109375,0.013894458301365376,760.5807495117188,89.23782348632812,0.061043787747621536,878.8451538085938,82.68301391601562,0.0606834776699543,722.5235595703125,129.8649444580078,0.06283201277256012,869.7207641601562,138.91754150390625,0.05698598176240921,903.9380493164062,99.1552734375,0.8799627423286438,841.7998046875,90.08981323242188,0.8748989105224609,970.1558227539062,449.62353515625,0.9845860600471497,738.1140747070312,429.035888671875,0.9814074635505676,1164.3935546875,763.0877075195312,0.98786860704422,643.2280883789062,773.2125244140625,0.9874616265296936
154,5133,802.9578247070312,91.20785522460938,0.005501595325767994,808.1409301757812,74.50863647460938,0.006307785399258137,794.7079467773438,80.56624603271484,0.0026644431054592133,843.4446411132812,62.679473876953125,0.00897756777703762,800.2572021484375,71.3767318725586,0.0020457229111343622,853.9435424804688,41.46876525878906,0.014224003069102764,820.0076904296875,19.015274047851562,0.0076352739706635475,756.7575073242188,97.38697814941406,0.08532961457967758,804.003173828125,86.08900451660156,0.03977994993329048,664.5093994140625,132.796142578125,0.10757303237915039,710.677734375,148.40602111816406,0.05647934600710869,905.5274658203125,86.09005737304688,0.8632780909538269,829.0352783203125,75.81683349609375,0.8217952251434326,955.1478881835938,453.4007263183594,0.9843648672103882,734.1934814453125,432.3567810058594,0.9756866097450256,1182.9903564453125,740.5164184570312,0.9880023002624512,675.1553344726562,776.1029663085938,0.9850825071334839
155,5166,799.1372680664062,93.84368133544922,0.004891336429864168,804.8516235351562,76.0675277709961,0.005926957819610834,788.4988403320312,83.2298812866211,0.00262968591414392,840.2234497070312,62.59746551513672,0.010713054798543453,791.442626953125,73.75469970703125,0.002608474576845765,850.9843139648438,38.01933288574219,0.017563456669449806,812.0260620117188,15.385665893554688,0.00848262757062912,777.3583374023438,90.48033142089844,0.07744049280881882,813.4003295898438,89.10356140136719,0.03511857986450195,726.3392944335938,141.75682067871094,0.07821189612150192,773.6076049804688,164.1116180419922,0.04089801758527756,895.3766479492188,86.91595458984375,0.8771808743476868,821.4492797851562,81.50042724609375,0.8332924246788025,931.962890625,468.15582275390625,0.983349084854126,740.5889892578125,457.79608154296875,0.9749652743339539,1187.927734375,719.8444213867188,0.9878337383270264,718.89697265625,807.4589233398438,0.9844161868095398
156,5200,804.593505859375,94.24557495117188,0.004668801557272673,809.5397338867188,78.01066589355469,0.00574179831892252,794.9066772460938,83.79034423828125,0.002632416319102049,841.1881713867188,65.57379913330078,0.009899082593619823,800.9317626953125,73.48759460449219,0.002472832566127181,845.5448608398438,40.53959655761719,0.013213473372161388,826.3652954101562,14.528778076171875,0.00693259434774518,789.92138671875,90.96894836425781,0.05889416113495827,822.0015258789062,88.67083740234375,0.030325353145599365,752.0392456054688,142.18528747558594,0.06495563685894012,776.3653564453125,162.11778259277344,0.03724765032529831,876.2003173828125,90.13504028320312,0.8369137048721313,821.59228515625,82.2718505859375,0.7907317876815796,898.1920776367188,486.03533935546875,0.9781649708747864,751.8147583007812,466.9917297363281,0.9696767926216125,1185.412353515625,711.17822265625,0.9850279092788696,747.1679077148438,818.688720703125,0.9819099307060242
157,5233,772.66845703125,92.6455307006836,0.004176149610430002,778.8511962890625,74.52113342285156,0.005348192062228918,765.7946166992188,81.55563354492188,0.0022347322665154934,817.1409912109375,58.65380859375,0.010794012807309628,784.2045288085938,67.89280700683594,0.0023285544011741877,830.9791259765625,22.081558227539062,0.011022414080798626,811.8101806640625,2.2558135986328125,0.009569377638399601,780.6823120117188,53.32713317871094,0.05012509599328041,801.7487182617188,55.05070495605469,0.04466256499290466,729.8594970703125,126.13444519042969,0.05891275405883789,737.8500366210938,116.70533752441406,0.04961885139346123,863.6224365234375,84.65350341796875,0.8305726051330566,818.6845703125,83.34663391113281,0.8210001587867737,852.97119140625,488.6722717285156,0.9742865562438965,756.0737915039062,470.4427185058594,0.9699527025222778,1158.996826171875,706.0545654296875,0.9807822704315186,791.3643188476562,814.201904296875,0.9799861311912537
158,5266,770.0095825195312,95.52349090576172,0.002581619890406728,775.228515625,79.45294189453125,0.003543981583788991,765.9641723632812,91.56731414794922,0.0016200660029426217,807.711181640625,58.878387451171875,0.012832287698984146,783.6749877929688,79.29913330078125,0.002837089356034994,819.3905639648438,15.430023193359375,0.010534880682826042,816.40966796875,0.0,0.014230991713702679,776.8460083007812,53.70780944824219,0.03381472826004028,785.32177734375,59.032470703125,0.05588552728295326,729.1380615234375,153.9608154296875,0.02926051989197731,697.271728515625,153.20614624023438,0.044525451958179474,864.9547119140625,114.20223999023438,0.8489777445793152,840.3425903320312,116.30754089355469,0.8682498335838318,808.3699951171875,490.3845520019531,0.9699487090110779,766.0421142578125,487.67266845703125,0.9722755551338196,1103.57861328125,700.7457885742188,0.9773619771003723,822.2737426757812,822.827880859375,0.9785568118095398
159,5300,774.5548706054688,101.49998474121094,0.0017337009776383638,775.0680541992188,88.1400146484375,0.00229832180775702,774.2596435546875,100.5945053100586,0.0010978751815855503,799.32275390625,67.86376190185547,0.015429961495101452,811.9566650390625,86.94245910644531,0.0036579761654138565,797.5031127929688,21.961875915527344,0.014791903086006641,876.5879516601562,0.05490875244140625,0.022516680881381035,784.8604125976562,43.453834533691406,0.03578968346118927,867.6798706054688,47.83802032470703,0.0726332813501358,769.7481689453125,125.34619903564453,0.02401461824774742,795.5021362304688,103.81333923339844,0.042721644043922424,860.39599609375,137.11575317382812,0.8830501437187195,895.030029296875,134.939208984375,0.9049134850502014,773.2418212890625,489.2687072753906,0.9738522171974182,778.9768676757812,487.89312744140625,0.9777699112892151,1047.23779296875,700.1624145507812,0.9804034233093262,841.0405883789062,811.4423217773438,0.9821012616157532
160,5333,778.9039306640625,99.11162567138672,0.0020672783721238375,773.291748046875,83.05327606201172,0.0025211998727172613,776.2798461914062,98.45775604248047,0.0010922825895249844,794.9353637695312,60.78959655761719,0.02307812310755253,824.8203735351562,86.88249206542969,0.0053541031666100025,794.6146240234375,19.077438354492188,0.0451665073633194,891.236572265625,3.189239501953125,0.040692366659641266,763.5372314453125,34.45037841796875,0.09066310524940491,848.5752563476562,70.3004150390625,0.0840039849281311,756.2291870117188,134.12937927246094,0.04838372394442558,757.8461303710938,143.6458282470703,0.04655475914478302,870.2818603515625,132.75457763671875,0.9176076054573059,923.6400146484375,129.4471435546875,0.9116963148117065,753.254150390625,485.50323486328125,0.9760987162590027,770.2650756835938,487.8381042480469,0.9721328020095825,990.9992065429688,726.712158203125,0.9784495234489441,881.1097412109375,801.79052734375,0.9751365184783936
161,5366,750.770263671875,87.92230224609375,0.0018555199494585395,748.3027954101562,71.12210083007812,0.0024549609515815973,754.7821655273438,90.90474700927734,0.0007702058064751327,782.4349365234375,51.12469482421875,0.027111617848277092,823.087890625,83.08641815185547,0.003975506406277418,782.4950561523438,6.267997741699219,0.06492266803979874,908.0629272460938,0.0,0.030650610104203224,751.8985595703125,6.4447174072265625,0.18238553404808044,848.75634765625,39.52711486816406,0.07550691813230515,780.8003540039062,41.44908142089844,0.1170598641037941,763.6571655273438,77.97672271728516,0.056393202394247055,868.9581909179688,139.2494659423828,0.8950979113578796,950.6065063476562,136.53260803222656,0.8499575257301331,717.1825561523438,474.8922119140625,0.9603387713432312,802.5537109375,489.7757263183594,0.9372400641441345,928.7212524414062,769.365234375,0.9445725679397583,917.6036376953125,801.0147094726562,0.9216267466545105
162,5400,774.5817260742188,82.28009033203125,0.0030351588502526283,772.825927734375,65.86285400390625,0.00362751935608685,771.1569213867188,84.65192413330078,0.001172554329968989,812.20263671875,48.59271240234375,0.019810156896710396,828.1131591796875,80.93014526367188,0.0034952890127897263,816.1961059570312,9.680099487304688,0.05763687193393707,893.8905639648438,0.027374267578125,0.022913537919521332,772.0698852539062,10.203826904296875,0.19923880696296692,833.878662109375,29.866241455078125,0.0664508119225502,790.421875,41.74845886230469,0.1691870093345642,784.9058227539062,48.59033203125,0.06992549449205399,879.2564086914062,137.9124755859375,0.9368501901626587,940.0784912109375,137.67787170410156,0.8963834047317505,684.6074829101562,458.39385986328125,0.9870370626449585,831.6775512695312,505.88507080078125,0.9767032265663147,854.8474731445312,783.3920288085938,0.9880728125572205,985.739501953125,831.583984375,0.9801763296127319
163,5433,770.2862548828125,69.71035766601562,0.002710314467549324,770.47998046875,52.48878479003906,0.0031128397677093744,768.484130859375,70.99829864501953,0.0009791500633582473,815.6878051757812,37.984771728515625,0.018764033913612366,829.7048950195312,69.4386978149414,0.0031604233663529158,826.2099609375,0.0,0.05700458586215973,896.2794799804688,0.0,0.022335581481456757,787.2634887695312,14.633560180664062,0.19948996603488922,852.7410278320312,27.1322021484375,0.06763163954019547,811.1658935546875,46.05509948730469,0.18227025866508484,802.164794921875,44.17144775390625,0.07636602967977524,879.5922241210938,128.6209716796875,0.9392654895782471,942.33984375,130.56427001953125,0.8988177180290222,680.133544921875,442.5174865722656,0.9887568354606628,864.4315795898438,504.8514404296875,0.9789867997169495,771.6964111328125,804.8382568359375,0.9890985488891602,1023.7031860351562,825.7531127929688,0.9811505675315857
164,5466,752.6026611328125,71.74626159667969,0.003262052545323968,754.9698486328125,51.69074249267578,0.0037063860800117254,760.4343872070312,68.74081420898438,0.0014015575870871544,794.397216796875,34.50714111328125,0.024005936458706856,831.8624267578125,60.60771560668945,0.005589230451732874,814.5009155273438,0.0,0.03803462162613869,909.6113891601562,0.0,0.03520271182060242,796.0933837890625,6.1948699951171875,0.10684449970722198,879.73193359375,24.100112915039062,0.0909685492515564,832.4328002929688,50.29261779785156,0.11695868521928787,818.0348510742188,46.257408142089844,0.09335865825414658,882.8897705078125,127.7292251586914,0.8656260371208191,968.4035034179688,128.36636352539062,0.856024444103241,680.6341552734375,454.5655822753906,0.971859335899353,891.7373657226562,488.29266357421875,0.9657951593399048,698.5126342773438,812.2998657226562,0.9578845500946045,1073.7894287109375,805.8021850585938,0.9473832845687866
165,5500,805.0374755859375,98.52713012695312,0.002351032104343176,799.646484375,74.36505889892578,0.00263606826774776,802.4712524414062,87.94509887695312,0.0010892432183027267,823.5026245117188,52.827850341796875,0.021756069734692574,861.984619140625,75.5072021484375,0.0044937739148736,825.5401611328125,7.8418121337890625,0.0408594086766243,922.4661865234375,12.48944091796875,0.024099376052618027,805.9625854492188,60.653411865234375,0.08690585941076279,912.2515869140625,72.74835205078125,0.05699348822236061,812.8472900390625,164.54498291015625,0.07431741803884506,827.5790405273438,168.57586669921875,0.06000018119812012,881.0696411132812,117.21112060546875,0.915397584438324,967.9779663085938,124.43357849121094,0.8870181441307068,709.457275390625,453.0574035644531,0.9866811037063599,933.6121215820312,500.2110290527344,0.9793679714202881,634.4232788085938,817.1185913085938,0.9875045418739319,1111.5399169921875,795.246337890625,0.9817371368408203
166,5533,818.2595825195312,96.30638122558594,0.0018996798899024725,813.6641235351562,73.79644775390625,0.0019263769499957561,816.876220703125,83.9706802368164,0.0008281730115413666,832.61962890625,54.1182861328125,0.013980225659906864,870.3722534179688,70.39331817626953,0.003163856454193592,835.040771484375,7.125091552734375,0.029858889058232307,919.3267822265625,8.577255249023438,0.017578473314642906,797.1209716796875,65.01425170898438,0.09522342681884766,903.2278442382812,63.96427917480469,0.06104195490479469,777.5953369140625,152.19383239746094,0.10367169976234436,815.9415893554688,143.8759002685547,0.08403543382883072,886.1448364257812,105.68060302734375,0.9234734177589417,966.736083984375,112.58097839355469,0.89630526304245,727.2662353515625,449.1925964355469,0.9903227686882019,967.005615234375,493.8820495605469,0.9845681190490723,592.7017822265625,811.0358276367188,0.9907217025756836,1150.3209228515625,783.949462890625,0.9861758351325989
167,5566,800.1403198242188,98.14535522460938,0.0006846614996902645,801.9390258789062,81.61367797851562,0.0008279551984742284,813.6699829101562,92.6489486694336,0.00030321875237859786,820.1484375,64.1308822631836,0.015720678493380547,879.0547485351562,78.0136489868164,0.0026078938972204924,816.2667846679688,0.0,0.022937742993235588,947.41064453125,0.0,0.018438689410686493,742.7285766601562,42.60969543457031,0.08062345534563065,971.9996337890625,34.650604248046875,0.06781736761331558,665.863037109375,135.2292938232422,0.07627130299806595,910.5787353515625,108.39903259277344,0.068727046251297,875.6054077148438,105.72569274902344,0.9203416705131531,985.89697265625,106.2198715209961,0.9108400344848633,731.0244140625,453.15875244140625,0.9869951605796814,987.7415771484375,464.4412536621094,0.9837237596511841,585.2388305664062,785.5969848632812,0.9819602966308594,1187.6572265625,770.9666748046875,0.978038489818573
168,5600,811.19921875,93.81237030029297,0.0018594203284010291,806.8335571289062,72.00565338134766,0.0017619132995605469,813.3860473632812,79.83382415771484,0.0007574202609248459,822.3078002929688,57.449615478515625,0.009712074883282185,870.0626220703125,67.572509765625,0.0022055001463741064,823.6809692382812,11.582107543945312,0.018317243084311485,920.2405395507812,6.2235260009765625,0.012796228751540184,773.1304931640625,57.922393798828125,0.0904802531003952,900.4030151367188,45.915069580078125,0.06908436864614487,736.5904541015625,108.41445922851562,0.1389981210231781,805.95361328125,81.85153198242188,0.12978802621364594,883.2319946289062,88.07350158691406,0.9105568528175354,971.7366943359375,90.75906372070312,0.8879225254058838,750.5310668945312,448.0626525878906,0.9912093877792358,1001.64501953125,478.99908447265625,0.9869300127029419,610.5941162109375,803.1615600585938,0.9915973544120789,1205.759765625,762.5197143554688,0.9883506298065186
169,5633,811.3006591796875,85.82450866699219,0.0017432209569960833,810.4391479492188,66.96617889404297,0.002069843467324972,812.2294921875,74.75328826904297,0.0007840500329621136,830.5576782226562,53.94671630859375,0.014305206947028637,859.0439453125,65.0115737915039,0.0025092808064073324,835.0862426757812,17.58929443359375,0.019922032952308655,895.9389038085938,16.22296142578125,0.01093342900276184,814.0175170898438,72.13787841796875,0.060607146471738815,891.1806030273438,64.58518981933594,0.035260722041130066,830.6636352539062,127.78468322753906,0.07073092460632324,835.524169921875,111.68865966796875,0.04928627237677574,880.969482421875,88.98861694335938,0.8937479853630066,949.0105590820312,92.78874206542969,0.8557477593421936,751.0750732421875,442.3627014160156,0.989648163318634,1002.8303833007812,470.85791015625,0.9829848408699036,668.1849975585938,816.205078125,0.9909399747848511,1217.154052734375,743.2736206054688,0.9871614575386047
170,5666,789.2450561523438,88.14651489257812,0.0014508580788969994,790.7509155273438,67.67079162597656,0.0020035021007061005,796.879638671875,80.39218139648438,0.0006236993940547109,812.4005737304688,50.007659912109375,0.014588046818971634,848.1465454101562,68.64939880371094,0.001965070841833949,810.1380615234375,6.1310577392578125,0.0131485341116786,906.9717407226562,0.0,0.009037498384714127,770.3303833007812,64.61343383789062,0.056531596928834915,875.4049072265625,56.18421936035156,0.03469736874103546,721.67431640625,152.49472045898438,0.07536239176988602,763.0367431640625,142.40940856933594,0.052206773310899734,864.6835327148438,87.15046691894531,0.8651272058486938,953.95849609375,82.17649841308594,0.8339831829071045,754.6945190429688,458.02471923828125,0.9864330887794495,978.661376953125,461.07476806640625,0.9793804287910461,717.8545532226562,823.1041259765625,0.9871123433113098,1214.766845703125,719.9094848632812,0.9827671051025391
171,5700,790.4751586914062,87.00132751464844,0.002183785429224372,793.5119018554688,64.15008544921875,0.002681370824575424,797.101318359375,78.64329528808594,0.0008822763338685036,818.2058715820312,44.84271240234375,0.011576883494853973,843.8070068359375,66.7972183227539,0.001733550801873207,807.7264404296875,0.0,0.010868873447179794,904.0537719726562,0.0,0.009184468537569046,765.3251953125,61.74236297607422,0.06880402565002441,855.4608764648438,54.49017333984375,0.052243731915950775,703.56298828125,151.3088836669922,0.12673905491828918,719.7728881835938,143.25189208984375,0.10643003135919571,860.8673095703125,89.17726135253906,0.8573364615440369,945.3015747070312,82.33369445800781,0.835034191608429,761.31884765625,472.1803894042969,0.9859547019004822,949.4198608398438,465.62054443359375,0.9795560836791992,735.11865234375,831.830078125,0.9859699606895447,1200.813720703125,708.5769653320312,0.9819050431251526
172,5733,784.4196166992188,79.95684814453125,0.0013956570765003562,787.0682373046875,60.50798034667969,0.0018615846056491137,794.4104614257812,75.08079528808594,0.0006416147807613015,812.5601806640625,41.01924133300781,0.014953953213989735,846.287109375,62.99446105957031,0.002272528363391757,805.0723266601562,0.0,0.01374279148876667,905.6912841796875,0.0,0.013180945999920368,775.6201171875,51.05937194824219,0.05375555530190468,914.103515625,37.27363586425781,0.051895882934331894,758.6343383789062,139.81448364257812,0.06541487574577332,823.7415771484375,113.19348907470703,0.06369312107563019,861.6834106445312,110.31710815429688,0.8732779026031494,937.5721435546875,105.34963989257812,0.8615826964378357,767.2319946289062,469.5545654296875,0.9838432669639587,914.9664916992188,475.32513427734375,0.977512776851654,782.1905517578125,847.1971435546875,0.9842616319656372,1181.388427734375,694.06884765625,0.9801812767982483
173,5766,769.1698608398438,93.05742645263672,0.004042527172714472,767.8082885742188,72.15609741210938,0.004876976832747459,773.175537109375,87.60026550292969,0.0014096145750954747,799.3453369140625,50.5799560546875,0.016456101089715958,823.3321533203125,77.19925689697266,0.0020020760130137205,806.8137817382812,9.507156372070312,0.016633836552500725,883.363037109375,0.21441650390625,0.01804482936859131,760.7146606445312,60.410247802734375,0.08952997624874115,850.92626953125,71.22628784179688,0.08729036152362823,668.982666015625,146.11276245117188,0.1505982130765915,704.7850952148438,148.19100952148438,0.15849731862545013,885.6167602539062,106.81741333007812,0.8776425123214722,940.8016357421875,103.58436584472656,0.8683560490608215,762.6773071289062,471.859130859375,0.9867821931838989,878.3848266601562,490.3763427734375,0.9804472923278809,814.7283935546875,854.8306274414062,0.9878277778625488,1136.720458984375,683.7186279296875,0.9839813113212585
174,5800,777.8458251953125,80.63932800292969,0.0027013521175831556,775.852294921875,61.142578125,0.0035305421333760023,783.1648559570312,75.7888412475586,0.0012690331786870956,801.3961181640625,40.9654541015625,0.02258002758026123,830.9802856445312,65.76095581054688,0.00383845716714859,806.186279296875,6.836151123046875,0.025201590731739998,882.5275268554688,0.0,0.025055985897779465,796.6026000976562,70.38139343261719,0.062208425253629684,884.29248046875,71.21278381347656,0.06197589635848999,780.8648681640625,162.509765625,0.05714209005236626,799.8279418945312,147.85899353027344,0.057710740715265274,879.2408447265625,115.47610473632812,0.9005870223045349,929.801513671875,112.55552673339844,0.891463577747345,772.2474975585938,482.5891418457031,0.9864965081214905,853.71044921875,497.48394775390625,0.980678915977478,851.9998168945312,850.25341796875,0.988465428352356,1096.76220703125,698.6775512695312,0.9850924611091614
175,5833,769.4879150390625,81.7386474609375,0.0015481875743716955,769.365478515625,63.743408203125,0.0021443048026412725,774.5777587890625,80.06261444091797,0.0008071165648289025,793.9083251953125,41.26666259765625,0.01919841766357422,816.04248046875,68.45121002197266,0.0032904574181884527,800.5719604492188,0.57568359375,0.021618256345391273,863.3779907226562,0.0,0.022681398317217827,791.4933471679688,46.54335021972656,0.057726237922906876,835.4939575195312,55.835174560546875,0.06387288123369217,789.326904296875,148.5131378173828,0.044829193502664566,748.5953979492188,150.2197265625,0.050824400037527084,881.656494140625,122.8062744140625,0.9008644223213196,920.719482421875,118.40089416503906,0.8968750834465027,789.9298095703125,492.8727722167969,0.9816257953643799,835.5139770507812,486.61962890625,0.97633296251297,892.934326171875,839.9749145507812,0.981130063533783,1057.5980224609375,723.475341796875,0.9776395559310913
176,5866,759.910400390625,78.06692504882812,0.0013256472302600741,764.2801513671875,60.366668701171875,0.0020504361018538475,759.3385620117188,77.07964324951172,0.0006712442263960838,801.7100830078125,43.19224548339844,0.02409249171614647,790.632568359375,71.52605438232422,0.003212438430637121,818.9692993164062,4.261848449707031,0.030309505760669708,825.2516479492188,0.0,0.023775344714522362,772.2811889648438,23.846282958984375,0.06873327493667603,790.436279296875,50.54255676269531,0.052428849041461945,789.8060913085938,89.83982849121094,0.038859881460666656,723.1178588867188,135.9347686767578,0.031713902950286865,905.4369506835938,129.92799377441406,0.9064368605613708,896.7982177734375,124.9218521118164,0.8917296528816223,807.1270751953125,497.9823303222656,0.9774328470230103,786.2705078125,473.951416015625,0.9676694273948669,941.1727294921875,836.9249267578125,0.9730023145675659,1001.3728637695312,733.847900390625,0.9674455523490906
177,5900,749.1000366210938,67.560791015625,0.002021576976403594,754.52685546875,51.6727294921875,0.0025571598671376705,747.6364135742188,67.97726440429688,0.0007867758395150304,794.5941162109375,38.716346740722656,0.017228739336133003,774.7661743164062,66.99236297607422,0.0021863761357963085,815.4313354492188,2.769287109375,0.038775667548179626,803.27197265625,0.0,0.021388571709394455,742.2587280273438,4.4545440673828125,0.17452354729175568,765.498779296875,11.450592041015625,0.09000668674707413,791.7177124023438,17.426925659179688,0.15499742329120636,772.7135620117188,23.97564697265625,0.08469979465007782,907.6065673828125,141.40509033203125,0.9245520830154419,870.4733276367188,135.02999877929688,0.897832989692688,833.9813232421875,509.1485900878906,0.9801116585731506,739.234130859375,454.8025817871094,0.9665515422821045,988.776123046875,839.0795288085938,0.9663935303688049,902.8070678710938,740.2018432617188,0.9593431949615479
178,5933,747.1328735351562,64.36289978027344,0.0026406606193631887,751.7615966796875,48.06687927246094,0.0031074481084942818,746.6932983398438,62.73133850097656,0.0010658771498128772,790.2990112304688,33.90728759765625,0.016323473304510117,776.130615234375,59.755645751953125,0.0024833560455590487,816.2109375,0.0,0.035123929381370544,817.0492553710938,0.0,0.02468891441822052,758.4283447265625,11.752716064453125,0.15451383590698242,824.4906005859375,23.270599365234375,0.10594043135643005,791.5572509765625,16.919815063476562,0.13957107067108154,795.3170166015625,60.7928466796875,0.09467838704586029,912.8571166992188,144.02069091796875,0.9364292621612549,873.0516357421875,137.7875518798828,0.9239298701286316,876.7535400390625,503.1951599121094,0.986198902130127,724.771728515625,442.3909606933594,0.9791818857192993,1044.290771484375,842.0475463867188,0.9788520336151123,847.336669921875,747.0443725585938,0.9770933389663696
179,5966,762.9470825195312,67.38377380371094,0.00220077158883214,768.4774169921875,53.52323913574219,0.002592865377664566,761.98779296875,65.35464477539062,0.0010170935420319438,802.5331420898438,39.843017578125,0.016126666218042374,782.0711059570312,60.893463134765625,0.0028988486155867577,828.4736938476562,2.2783126831054688,0.033249545842409134,809.9593505859375,0.0,0.029468391090631485,766.736083984375,10.92022705078125,0.11567693203687668,811.47021484375,14.064926147460938,0.10524766892194748,789.0123291015625,13.64410400390625,0.07915492355823517,781.2365112304688,16.45404052734375,0.06602592766284943,917.72705078125,146.50973510742188,0.9340593814849854,859.732421875,143.46981811523438,0.930625319480896,914.9371948242188,498.942626953125,0.9835110902786255,719.601806640625,443.8683776855469,0.97852623462677,1094.7037353515625,830.7757568359375,0.9745231866836548,775.9314575195312,771.2269287109375,0.9754239320755005
180,6000,803.1665649414062,85.05352020263672,0.0023915774654597044,805.9423828125,70.06002044677734,0.00276006106287241,798.4978637695312,77.921630859375,0.0011791862780228257,837.544189453125,52.26512145996094,0.014437705278396606,813.6793212890625,64.5644760131836,0.0028964336961507797,853.8898315429688,21.190338134765625,0.030985277146100998,842.79345703125,5.4203338623046875,0.020327206701040268,785.256591796875,59.39112854003906,0.09971783310174942,877.6298828125,65.20335388183594,0.06641361117362976,764.4490356445312,124.65390014648438,0.06724552810192108,864.4662475585938,147.62026977539062,0.04238784685730934,926.0674438476562,134.95953369140625,0.9301537871360779,863.5717163085938,119.28501892089844,0.9177097082138062,960.4843139648438,502.64019775390625,0.9857074618339539,724.8303833007812,436.1598815917969,0.9801599979400635,1136.354248046875,822.0630493164062,0.9830689430236816,699.7346801757812,780.4667358398438,0.9825721979141235
181,6033,808.9735107421875,89.65878295898438,0.002389396307989955,810.3233642578125,75.70541381835938,0.0024423280265182257,807.057861328125,81.88330078125,0.0012728367000818253,838.2779541015625,60.680145263671875,0.009691509418189526,825.4725952148438,69.47868347167969,0.0027544389013201,846.1470947265625,31.0953369140625,0.019695037975907326,861.1773071289062,12.285736083984375,0.01745159737765789,770.3040161132812,79.76243591308594,0.07405247539281845,926.2617797851562,73.41531372070312,0.07436510920524597,746.9437866210938,136.16038513183594,0.059134483337402344,939.7064819335938,140.3598175048828,0.05203183740377426,921.03076171875,121.96875,0.9209332466125488,867.5247802734375,110.32429504394531,0.9183265566825867,986.0343627929688,481.2659912109375,0.9870054721832275,739.6005249023438,444.48699951171875,0.9844275116920471,1173.0040283203125,797.8467407226562,0.9872482419013977,658.6494140625,788.9688720703125,0.987423837184906
182,6066,818.9243774414062,87.7928466796875,0.0033633853308856487,820.4735107421875,73.51581573486328,0.003448731265962124,815.7727661132812,78.97277069091797,0.0018986975774168968,846.4134521484375,62.235328674316406,0.00846187025308609,827.1226196289062,70.07787322998047,0.0027624901849776506,850.9940795898438,40.0286865234375,0.014202563092112541,854.4417114257812,20.77752685546875,0.012826320715248585,772.3572387695312,92.62211608886719,0.05812709778547287,904.4774780273438,79.75776672363281,0.058208514004945755,735.2708740234375,138.51095581054688,0.05593501403927803,898.609130859375,134.8748016357422,0.04999217763543129,917.338623046875,103.05784606933594,0.8963246941566467,857.0578002929688,94.04571533203125,0.892676055431366,991.8140258789062,463.89605712890625,0.9870942234992981,749.5322875976562,439.5218811035156,0.9843741059303284,1195.977783203125,780.90771484375,0.9895048141479492,652.2623901367188,785.7883911132812,0.9893555045127869
183,6100,818.003173828125,82.2810287475586,0.0037251615431159735,819.918701171875,66.90955352783203,0.004134645219892263,814.7899169921875,72.15167999267578,0.0019510522251948714,847.07373046875,57.19866943359375,0.008207103237509727,826.7623901367188,64.50398254394531,0.0021557912696152925,848.7463989257812,37.61279296875,0.012290692888200283,850.73681640625,16.331680297851562,0.008548403158783913,753.7255249023438,90.84754943847656,0.06239313259720802,882.828369140625,79.75790405273438,0.04253775253891945,691.42529296875,129.74661254882812,0.06765483319759369,849.6282348632812,133.47116088867188,0.04582938179373741,911.7529907226562,93.00791931152344,0.8809884190559387,849.8720092773438,85.28434753417969,0.8611499667167664,985.5362548828125,458.7713928222656,0.9870955944061279,748.9387817382812,439.4377746582031,0.9821041226387024,1217.622314453125,762.1040649414062,0.9903416633605957,667.5880737304688,779.5739135742188,0.9891190528869629
184,6133,803.2496948242188,93.13835906982422,0.0038536498323082924,804.9299926757812,75.27763366699219,0.004805454518646002,798.7327880859375,81.53958892822266,0.001978973625227809,833.859375,64.58576202392578,0.009672869928181171,813.560302734375,73.58072662353516,0.0020353631116449833,837.0933837890625,44.09303283691406,0.012774958275258541,843.041259765625,16.94677734375,0.00692273024469614,750.311279296875,94.78152465820312,0.06337480247020721,880.846435546875,80.53427124023438,0.03317775949835777,693.0912475585938,134.49710083007812,0.06777600198984146,853.263427734375,137.5484619140625,0.03835343196988106,900.4202880859375,87.34890747070312,0.8645241260528564,843.8450927734375,80.13597106933594,0.8272529244422913,963.293701171875,468.6837158203125,0.9846560955047607,744.8563232421875,451.00689697265625,0.9775311350822449,1222.3433837890625,743.9826049804688,0.989092230796814,706.9168090820312,799.4273681640625,0.986750066280365
185,6166,777.3307495117188,85.54163360595703,0.002545095281675458,780.0481567382812,62.159454345703125,0.003546280786395073,775.9605102539062,72.47190856933594,0.001563466154038906,809.8903198242188,55.4619140625,0.00966591015458107,801.0813598632812,71.44551086425781,0.002148554427549243,815.0445556640625,33.78044128417969,0.006368342321366072,840.7055053710938,11.889976501464844,0.0071853091940283775,771.0851440429688,84.04364776611328,0.024357641115784645,885.4400024414062,59.09973907470703,0.035428211092948914,769.1720581054688,139.82168579101562,0.027788804844021797,891.6406860351562,115.64119720458984,0.033258918672800064,875.5115356445312,70.30787658691406,0.7729607820510864,843.332763671875,74.80508422851562,0.7893083095550537,918.0693969726562,468.76959228515625,0.9698445200920105,755.484375,459.0515441894531,0.9693631529808044,1208.0997314453125,724.339111328125,0.9782347083091736,752.25390625,817.8630981445312,0.9792149066925049
186,6200,762.5299072265625,87.23648071289062,0.0024361542891710997,767.9129638671875,66.00672912597656,0.003864971222355962,761.4375,77.06904602050781,0.0014131495263427496,803.12255859375,54.251220703125,0.012678587809205055,785.8482055664062,71.69686889648438,0.002083531813696027,809.0394287109375,23.080902099609375,0.009050160646438599,819.3333129882812,3.7592239379882812,0.006632781587541103,739.1915893554688,63.660003662109375,0.035854730755090714,828.2274169921875,60.458953857421875,0.027029136195778847,672.7471923828125,134.43521118164062,0.03342871367931366,776.8392944335938,146.10003662109375,0.02594185434281826,858.098388671875,78.13069152832031,0.8089064359664917,824.0147094726562,82.23495483398438,0.7882382273674011,881.4803466796875,479.6748352050781,0.9709671139717102,762.1665649414062,471.5472106933594,0.9640533328056335,1180.77783203125,715.6407470703125,0.9778383374214172,784.5267333984375,811.9532470703125,0.9755527973175049
187,6233,765.4683837890625,90.69429016113281,0.0018234198214486241,767.4973754882812,74.13427734375,0.0027707931585609913,767.1588134765625,85.4131851196289,0.0009902201127260923,797.9514770507812,57.16044616699219,0.0129653075709939,805.6800537109375,74.10834503173828,0.0019833575934171677,797.8096313476562,12.994056701660156,0.009833160787820816,859.893310546875,0.0,0.008681134320795536,732.7939453125,46.43598175048828,0.039962247014045715,875.6134643554688,40.128456115722656,0.03848284110426903,674.4267578125,137.189208984375,0.03574132174253464,802.4064331054688,119.24935913085938,0.03330978751182556,854.220703125,103.91203308105469,0.8304378390312195,857.8145751953125,103.13424682617188,0.8270216584205627,833.250732421875,494.6822509765625,0.9691190123558044,766.8396606445312,478.5660095214844,0.9658843278884888,1141.6591796875,708.5015869140625,0.9751216769218445,810.1765747070312,815.6371459960938,0.974489152431488
188,6266,777.3667602539062,89.70426177978516,0.001819466589950025,775.6455688476562,76.721923828125,0.0018244688399136066,778.875732421875,88.9273681640625,0.0011549091432243586,796.1776123046875,57.44361877441406,0.009667923673987389,824.1652221679688,75.72317504882812,0.0035562156699597836,783.6878051757812,11.333770751953125,0.010755355469882488,904.048828125,0.0,0.02755233645439148,791.209228515625,34.161712646484375,0.033738672733306885,946.0860595703125,28.025161743164062,0.14235995709896088,866.3574829101562,107.80840301513672,0.033183615654706955,961.5348510742188,83.3261947631836,0.09790583699941635,847.8695068359375,127.07615661621094,0.8797136545181274,901.2092895507812,127.05752563476562,0.9218990206718445,790.0409545898438,493.9558410644531,0.9725766777992249,783.170166015625,495.221923828125,0.9817637801170349,1084.1475830078125,699.7376708984375,0.9772524237632751,833.3792724609375,826.1048583984375,0.9822490215301514
189,6300,765.8926391601562,92.13729858398438,0.0025827717036008835,763.8621826171875,77.82966613769531,0.003147631883621216,764.791259765625,93.6661605834961,0.00118255743291229,787.0404052734375,57.73237609863281,0.015214289538562298,806.4258422851562,84.2391357421875,0.002924995729699731,780.66748046875,10.146331787109375,0.03357367217540741,870.390380859375,0.0,0.019005505368113518,746.4765014648438,13.52655029296875,0.1476377248764038,789.369140625,27.279052734375,0.0796898826956749,778.603515625,48.041015625,0.12468709796667099,763.1680297851562,54.74693298339844,0.07661492377519608,865.385986328125,129.52731323242188,0.9225539565086365,912.4566650390625,128.30259704589844,0.8962791562080383,759.3294677734375,491.7294616699219,0.9805503487586975,774.3263549804688,489.914794921875,0.972610592842102,1016.4205322265625,718.1825561523438,0.9797939658164978,872.0762329101562,815.5640258789062,0.9734311103820801
190,6333,763.227783203125,78.49942016601562,0.00501672038808465,759.8233032226562,62.41674041748047,0.004545237869024277,761.5028686523438,79.83698272705078,0.0016438623424619436,794.7022705078125,44.88116455078125,0.014973364770412445,817.6544189453125,74.41653442382812,0.003184414003044367,791.7203979492188,8.367324829101562,0.06425202637910843,890.6427612304688,0.0,0.03255874663591385,748.6827392578125,11.300491333007812,0.35035380721092224,812.7350463867188,33.7236328125,0.15916697680950165,751.4849853515625,24.62091064453125,0.4124669134616852,756.4818725585938,33.197845458984375,0.23154473304748535,869.1690673828125,131.08946228027344,0.9178352952003479,931.7703247070312,127.21897888183594,0.8767493367195129,722.197265625,473.8912353515625,0.9759708642959595,791.4776611328125,488.6764831542969,0.9582716226577759,947.330078125,764.9612426757812,0.9664449691772461,943.5413818359375,775.6776123046875,0.9497079849243164
191,6366,773.243408203125,72.1677474975586,0.004862864501774311,768.8124389648438,56.154693603515625,0.00432991050183773,772.479736328125,74.86244201660156,0.0015139859169721603,806.5179443359375,39.66412353515625,0.014307505451142788,840.62841796875,70.85005187988281,0.0029462422244250774,799.2781372070312,4.558135986328125,0.05918844789266586,920.8333740234375,0.0,0.031762104481458664,737.5922241210938,5.749969482421875,0.33540773391723633,831.607421875,36.50679016113281,0.15991127490997314,745.44580078125,15.948806762695312,0.40977251529693604,749.0178833007812,28.824234008789062,0.23979312181472778,868.590087890625,138.84278869628906,0.9346256256103516,952.4417724609375,134.32113647460938,0.9042736887931824,685.0233764648438,468.5451965332031,0.9845678806304932,816.7813110351562,492.81500244140625,0.9746935963630676,918.0258178710938,767.835205078125,0.9808613657951355,960.950927734375,813.4237060546875,0.9717698693275452
192,6400,770.4580078125,75.27301025390625,0.002816058462485671,766.6460571289062,59.191497802734375,0.0031382155138999224,769.2703857421875,77.63186645507812,0.0010127867572009563,805.0368041992188,41.423309326171875,0.017080137506127357,837.2347412109375,72.26607513427734,0.0030035702511668205,805.3736572265625,0.2588653564453125,0.05363621562719345,909.5982666015625,0.0,0.022768627852201462,759.3279418945312,8.899978637695312,0.21804015338420868,836.8643798828125,27.011123657226562,0.07823671400547028,776.4955444335938,27.863113403320312,0.20630425214767456,769.9442749023438,36.20851135253906,0.09205050766468048,867.4573974609375,132.46856689453125,0.9400689005851746,950.2921752929688,131.4573211669922,0.9037903547286987,668.9429321289062,448.203369140625,0.9883971810340881,851.1463623046875,499.88983154296875,0.9796155691146851,837.288818359375,777.1776733398438,0.9890409111976624,1002.1441040039062,826.2826538085938,0.9820725321769714
193,6433,773.89404296875,77.4887924194336,0.0017606246983632445,770.4444580078125,59.737152099609375,0.002181096002459526,775.4755249023438,77.0995101928711,0.0006976191070862114,807.2144775390625,40.58367919921875,0.021810155361890793,846.9510498046875,70.07533264160156,0.0034647483844310045,812.6541137695312,0.0,0.04780702665448189,920.2692260742188,0.0,0.024378683418035507,774.299072265625,23.5360107421875,0.1235252246260643,899.291259765625,52.9072265625,0.057097628712654114,802.8667602539062,85.68264770507812,0.09308473020792007,828.2349853515625,98.42005920410156,0.049846261739730835,869.4387817382812,128.1266326904297,0.9306706190109253,957.7899169921875,131.5323486328125,0.899756669998169,675.575927734375,438.08148193359375,0.9876987934112549,888.0950927734375,500.36663818359375,0.9798453450202942,752.47265625,803.0228271484375,0.9890041947364807,1049.04833984375,812.3599243164062,0.9827742576599121
194,6466,753.3335571289062,77.84122467041016,0.0024491758085787296,754.99072265625,57.145591735839844,0.0028229630552232265,762.3277587890625,72.87837982177734,0.001133959973230958,786.6015625,35.69336700439453,0.02654789760708809,833.57958984375,58.754241943359375,0.006501463241875172,802.8841552734375,0.0,0.039674703031778336,915.19921875,0.0,0.0380200631916523,786.70703125,22.781295776367188,0.0893489420413971,900.9263305664062,41.153846740722656,0.07842189818620682,793.0936889648438,108.93880462646484,0.08254977315664291,816.8485717773438,103.6549301147461,0.06824485957622528,873.9340209960938,119.96143341064453,0.8706652522087097,975.88037109375,121.5768814086914,0.8648857474327087,675.1259765625,446.2398681640625,0.9729762077331543,928.03125,481.3204650878906,0.9679277539253235,675.5392456054688,802.552001953125,0.9602003693580627,1098.8162841796875,794.4174194335938,0.9515907168388367
195,6500,813.1390380859375,91.43035125732422,0.001934214262291789,806.2115478515625,69.44689178466797,0.0019643502309918404,813.4093017578125,81.70738220214844,0.0009317229851149023,822.9517822265625,48.38658142089844,0.017228296026587486,875.1072387695312,68.02722930908203,0.00442845793440938,818.0386962890625,2.68450927734375,0.03617013618350029,937.13232421875,4.5223388671875,0.023254472762346268,806.3317260742188,63.39344787597656,0.08352205902338028,945.6626586914062,61.87898254394531,0.06250234693288803,826.3613891601562,154.43243408203125,0.07680816948413849,886.530029296875,142.2847137451172,0.06697080284357071,865.50830078125,103.98033142089844,0.9224333763122559,968.7105712890625,110.4283447265625,0.8997474312782288,707.356689453125,441.1944885253906,0.9889984726905823,959.5596923828125,489.09503173828125,0.9836355447769165,629.30712890625,810.0689086914062,0.9897818565368652,1129.359619140625,783.5560913085938,0.9855888485908508
196,6533,820.7406005859375,91.30636596679688,0.0017410814762115479,814.1774291992188,71.93030548095703,0.001492451410740614,822.983642578125,81.47286987304688,0.0008534647058695555,825.3409423828125,54.676025390625,0.01228871289640665,881.6464233398438,68.51380920410156,0.00411991449072957,815.1432495117188,4.5606536865234375,0.027155661955475807,942.2550659179688,4.509613037109375,0.026296304538846016,812.9392700195312,46.60899353027344,0.0750577375292778,976.7296752929688,31.964767456054688,0.09772725403308868,866.4287109375,103.17805480957031,0.08509174734354019,934.0277709960938,58.504302978515625,0.11083453893661499,862.3861083984375,96.92303466796875,0.9234290719032288,969.6047973632812,102.6265869140625,0.9178005456924438,721.8087158203125,439.1092529296875,0.9896978735923767,982.1019287109375,477.2825622558594,0.987275242805481,609.5398559570312,802.0979614257812,0.9896601438522339,1161.968994140625,765.0381469726562,0.9874311685562134
197,6566,801.3408203125,86.30255126953125,0.0009514018311165273,802.4758911132812,66.86000061035156,0.0011686482466757298,807.819091796875,75.99105834960938,0.0004267243202775717,817.8637084960938,50.71009826660156,0.011460659094154835,856.4848022460938,63.47044372558594,0.0019920431077480316,816.4498901367188,6.322975158691406,0.013761049136519432,914.9489135742188,1.22589111328125,0.009313034825026989,796.2319946289062,62.115943908691406,0.05525584891438484,917.2857055664062,51.9217529296875,0.03811101242899895,785.5667724609375,143.8152618408203,0.0686681941151619,847.5451049804688,117.98046112060547,0.0504705049097538,862.3892822265625,91.33168029785156,0.8868520259857178,958.4496459960938,89.60147094726562,0.8615009784698486,733.833251953125,454.1305847167969,0.9881725907325745,988.1136474609375,461.04217529296875,0.9832326769828796,615.7630004882812,799.8616943359375,0.9884992241859436,1184.8590087890625,757.8740844726562,0.9849233627319336
198,6600,801.041748046875,90.67366790771484,0.0018970634555444121,798.1759643554688,70.19441986083984,0.0021698465570807457,800.6658935546875,78.26985168457031,0.0008687091176398098,814.1713256835938,54.9144287109375,0.01622387208044529,850.3385009765625,65.75349426269531,0.0031232284381985664,809.8150634765625,16.710708618164062,0.02590249851346016,899.4183349609375,11.252105712890625,0.013173623941838741,781.8486328125,73.30526733398438,0.07509155571460724,891.2379150390625,63.90110778808594,0.03896524757146835,772.7103881835938,142.1810760498047,0.08205663412809372,816.6535034179688,132.0315399169922,0.053131990134716034,862.48095703125,87.14501953125,0.8910461664199829,947.6942749023438,86.45347595214844,0.8486995100975037,736.8219604492188,446.56146240234375,0.9873973727226257,981.5479125976562,460.4442443847656,0.9790231585502625,664.839111328125,805.9094848632812,0.9879763722419739,1184.9769287109375,737.9910278320312,0.9831796884536743
199,6633,779.701416015625,90.33386993408203,0.0011668918887153268,780.710693359375,69.94569396972656,0.001625702017918229,787.6007690429688,83.00917053222656,0.0005623721517622471,802.1843872070312,53.2796630859375,0.014025316573679447,840.289306640625,72.64517211914062,0.0021502410527318716,794.4545288085938,9.236114501953125,0.011917868629097939,902.3062744140625,0.0,0.009235668927431107,780.9525146484375,56.86200714111328,0.04197085648775101,905.6434936523438,45.576026916503906,0.03434239700436592,799.361572265625,132.27410888671875,0.0511152558028698,848.7807006835938,103.75616455078125,0.04231623187661171,846.5011596679688,86.06062316894531,0.8621416687965393,938.6143798828125,81.64068603515625,0.8400774002075195,744.1863403320312,457.1890869140625,0.9857661724090576,946.9450073242188,455.4462890625,0.9799529314041138,705.0686645507812,818.67626953125,0.9873095154762268,1186.9984130859375,707.93798828125,0.9840054512023926
200,6666,781.1325073242188,88.99200439453125,0.0015152263222262263,782.201171875,66.10409545898438,0.0020711272954940796,788.3115844726562,79.53854370117188,0.0007141079404391348,802.1812133789062,47.16778564453125,0.012067108415067196,836.751953125,67.63810729980469,0.0018805658910423517,790.6259765625,5.193328857421875,0.008952192030847073,899.8576049804688,0.0,0.008062238804996014,759.0029296875,59.131072998046875,0.04191318899393082,879.115234375,45.739768981933594,0.037793755531311035,712.839111328125,150.22576904296875,0.06388911604881287,768.1693725585938,132.43338012695312,0.06154216080904007,847.0386352539062,88.34280395507812,0.8258310556411743,934.175048828125,80.81117248535156,0.8077067136764526,753.6565551757812,464.2447204589844,0.9826289415359497,916.6828002929688,457.171142578125,0.9760416150093079,733.9799194335938,829.401123046875,0.985500156879425,1173.98583984375,702.4105224609375,0.981715977191925
201,6700,768.3946533203125,84.9466552734375,0.0011881046229973435,771.809326171875,66.04714965820312,0.0014348658733069897,778.52294921875,81.39264678955078,0.0005918735987506807,800.8446044921875,46.38386535644531,0.012745006941258907,832.0318603515625,69.14080810546875,0.002411461668089032,791.0559692382812,0.0,0.011566580273211002,900.8098754882812,0.0,0.0180668942630291,774.6712646484375,37.852386474609375,0.04183943569660187,933.144287109375,24.225082397460938,0.08390230685472488,774.06298828125,128.2009735107422,0.05224539712071419,889.5822143554688,72.1944808959961,0.08952643722295761,852.4654541015625,110.24066162109375,0.8786687254905701,929.6716918945312,104.20692443847656,0.8940812349319458,749.6138916015625,469.3907775878906,0.9830918908119202,876.251220703125,466.262451171875,0.9814541935920715,763.4972534179688,831.7434692382812,0.9837825894355774,1141.3538818359375,679.8306274414062,0.9827894568443298
202,6733,764.4904174804688,88.61563110351562,0.002373597351834178,763.7492065429688,70.06990814208984,0.0028779879212379456,768.4581298828125,82.8771743774414,0.0010593074839562178,791.64208984375,49.14399719238281,0.019417831674218178,817.2647094726562,69.88009643554688,0.00319844763725996,796.2109375,9.824203491210938,0.020774804055690765,879.1397094726562,0.0,0.02570842020213604,788.3203125,58.25688171386719,0.05796651542186737,934.4086303710938,49.348846435546875,0.08579200506210327,783.3113403320312,145.9888458251953,0.06543083488941193,918.5370483398438,108.40122985839844,0.08601047843694687,864.1838989257812,114.82173156738281,0.8988807797431946,917.0474853515625,109.02822875976562,0.9018230438232422,749.3048095703125,481.446533203125,0.9862988591194153,843.6920166015625,485.1698913574219,0.9826475977897644,799.0079956054688,848.1998901367188,0.9875823259353638,1098.108642578125,680.390869140625,0.9857484698295593
203,6766,768.4989624023438,87.61312866210938,0.002495981054380536,768.5337524414062,69.0673828125,0.0035727813374251127,769.809326171875,83.13656616210938,0.0012004394084215164,800.6173706054688,47.09674072265625,0.023405279964208603,809.1819458007812,71.4876480102539,0.003507936140522361,816.176513671875,11.10260009765625,0.025379789993166924,850.3126831054688,0.0,0.0207668524235487,806.9701538085938,67.42044067382812,0.05904481187462807,860.7817993164062,73.14605712890625,0.04899423569440842,789.5850830078125,170.62216186523438,0.05069643259048462,806.9561157226562,164.3688507080078,0.043444834649562836,874.2815551757812,113.98031616210938,0.8979237079620361,896.1482543945312,109.26058959960938,0.8811017870903015,754.5894775390625,482.9310607910156,0.9853679537773132,821.3238525390625,488.410400390625,0.9779560565948486,844.216552734375,845.195068359375,0.9876503348350525,1055.4659423828125,700.2191162109375,0.9839600920677185
204,6800,765.6927490234375,83.83877563476562,0.0016714207595214248,764.34326171875,65.99100494384766,0.0022595375776290894,771.9656982421875,82.23985290527344,0.0008985414751805365,787.744873046875,42.473968505859375,0.019899042323231697,818.2257080078125,69.27122497558594,0.003617884824052453,791.86767578125,9.006248474121094,0.020876631140708923,872.9470825195312,0.0,0.026683993637561798,783.838623046875,61.91551208496094,0.051943037658929825,844.40478515625,66.90923309326172,0.07504952698945999,764.4276123046875,165.91969299316406,0.04074292257428169,745.8418579101562,159.25328063964844,0.058185774832963943,865.9471435546875,137.78274536132812,0.8969987034797668,916.1761474609375,130.7405548095703,0.9028517007827759,769.1290283203125,493.9074401855469,0.980728805065155,816.9596557617188,482.4927062988281,0.9772493839263916,886.0859985351562,830.558349609375,0.9812139272689819,1013.08740234375,707.6174926757812,0.9794192314147949
205,6833,770.6209716796875,88.77948760986328,0.001979716820642352,773.0079956054688,68.88981628417969,0.0029750424437224865,764.1533203125,83.3012466430664,0.0008658465230837464,813.3746337890625,47.409576416015625,0.02654878795146942,790.4207763671875,73.63668823242188,0.0031089328695088625,845.2238159179688,17.123886108398438,0.04148678109049797,817.7633056640625,0.839447021484375,0.02619466930627823,813.5535278320312,57.76318359375,0.098624587059021,808.8206176757812,75.43501281738281,0.058564554899930954,785.332275390625,162.96212768554688,0.06503622233867645,747.1023559570312,165.58975219726562,0.042270477861166,898.4114379882812,129.46852111816406,0.8960567116737366,868.1129150390625,121.76376342773438,0.867656409740448,785.7802734375,492.4382629394531,0.9715473651885986,741.3555297851562,475.07391357421875,0.9555574655532837,929.0912475585938,824.2906494140625,0.968007504940033,964.3588256835938,738.4443969726562,0.9584755897521973
206,6866,760.1522827148438,84.10414123535156,0.0012402866268530488,763.0060424804688,66.4464111328125,0.001879209652543068,760.9690551757812,83.05307006835938,0.0006159290205687284,800.81982421875,45.24943542480469,0.02243429608643055,794.2745971679688,74.38664245605469,0.00281406007707119,824.8280639648438,7.098014831542969,0.028865277767181396,829.2332763671875,0.0,0.02583943121135235,770.6002807617188,30.201416015625,0.07116545736789703,811.2949829101562,53.87230682373047,0.06793898344039917,777.18115234375,107.19319152832031,0.04125968739390373,745.9791259765625,148.3732452392578,0.03905510902404785,894.6829833984375,143.805419921875,0.9062477350234985,869.3402709960938,134.89219665527344,0.9006760120391846,820.7860107421875,505.2663879394531,0.9745396375656128,713.8837280273438,454.47711181640625,0.9663851857185364,974.383544921875,831.9979248046875,0.9674359560012817,870.1564331054688,732.488525390625,0.9654082655906677
207,6900,757.81396484375,88.70203399658203,0.0013165401760488749,762.9132690429688,72.48399353027344,0.00193347770255059,757.9646606445312,85.96257019042969,0.000721742573659867,800.4642333984375,52.052215576171875,0.02104119211435318,783.5986328125,74.93724060058594,0.0030939425341784954,833.2465209960938,13.739479064941406,0.02374456450343132,814.5177612304688,0.0,0.02846931479871273,776.2835083007812,50.678443908691406,0.05079588666558266,824.2991333007812,57.65801239013672,0.07339426130056381,753.5352172851562,143.2490997314453,0.027653081342577934,764.2518310546875,159.3050994873047,0.035611193627119064,899.8580932617188,145.083251953125,0.91409832239151,850.8892822265625,134.6370849609375,0.923399806022644,862.8616333007812,501.678955078125,0.9797465801239014,709.5719604492188,439.54046630859375,0.9776262640953064,1015.90380859375,835.9030151367188,0.9756017327308655,794.0673217773438,753.6976318359375,0.9784126877784729
208,6933,760.4093627929688,98.0621566772461,0.0021304332185536623,766.2555541992188,81.66336822509766,0.0031726781744509935,761.802978515625,94.12635040283203,0.00137248111423105,803.002685546875,62.93421936035156,0.024136165156960487,786.9168701171875,82.59269714355469,0.004687783308327198,838.6746826171875,13.286407470703125,0.02507326565682888,815.0025024414062,4.813018798828125,0.029088817536830902,797.9203491210938,56.66077423095703,0.04663051292300224,852.8935546875,50.14844512939453,0.06604355573654175,796.1547241210938,157.1249542236328,0.0255258958786726,852.8351440429688,154.8468017578125,0.029645901173353195,911.5006713867188,130.19784545898438,0.8851625919342041,853.4307861328125,125.99606323242188,0.8976186513900757,897.9473876953125,492.1819152832031,0.9701913595199585,714.2608642578125,443.406005859375,0.9686136841773987,1072.37646484375,821.6513671875,0.9577757716178894,735.3218994140625,786.8573608398438,0.9634718298912048
209,6966,782.1211547851562,84.32787322998047,0.002394285285845399,785.7118530273438,68.37767028808594,0.002861516084522009,779.8095703125,74.2833480834961,0.0011133149964734912,817.18310546875,51.28669738769531,0.013653360307216644,799.7219848632812,60.12318420410156,0.0024272443260997534,835.5062866210938,26.006790161132812,0.01922842115163803,833.3187255859375,11.425140380859375,0.020082416012883186,761.5150756835938,75.88124084472656,0.06374362856149673,861.414794921875,75.30848693847656,0.0696447417140007,717.8005981445312,153.16209411621094,0.04917431250214577,807.7664794921875,157.69345092773438,0.045829273760318756,907.6835327148438,125.99588012695312,0.9040511846542358,854.3056640625,117.85523986816406,0.9084396362304688,936.2750244140625,497.2177734375,0.9838735461235046,728.5520629882812,449.5130310058594,0.9810143113136292,1121.7564697265625,819.4721069335938,0.9823662638664246,672.5460205078125,786.6398315429688,0.9842218160629272
210,7000,810.608154296875,89.93797302246094,0.0026145754382014275,810.93603515625,77.05380249023438,0.002648451831191778,808.79296875,82.25878143310547,0.0015331183094531298,835.6981811523438,63.482505798339844,0.009502542205154896,826.0008544921875,70.22607421875,0.003094719024375081,838.0383911132812,35.93852233886719,0.015987873077392578,861.0042114257812,14.267349243164062,0.01709364727139473,770.4395141601562,89.43873596191406,0.053216323256492615,912.1692504882812,75.55599975585938,0.06826049089431763,765.8069458007812,136.09231567382812,0.04348614811897278,914.1270141601562,134.5648956298828,0.04609791934490204,906.9602661132812,113.79144287109375,0.9003279805183411,861.2924194335938,100.36917114257812,0.9050940275192261,968.9818725585938,479.96337890625,0.9850531220436096,742.516845703125,445.6203918457031,0.98347407579422,1160.325439453125,799.0702514648438,0.9862340688705444,636.2788696289062,789.5328369140625,0.9870144128799438
211,7033,804.9796142578125,88.12191009521484,0.0032562592532485723,806.65283203125,74.43363189697266,0.0033542211167514324,802.7382202148438,79.35417938232422,0.001770014758221805,834.334228515625,62.378814697265625,0.008579631336033344,818.5357055664062,68.46107482910156,0.0025527256075292826,837.635009765625,39.90568542480469,0.014124100096523762,851.5880737304688,18.012496948242188,0.012776913121342659,754.4317626953125,94.78038024902344,0.06055016443133354,892.0419311523438,78.838623046875,0.0592188723385334,709.1475219726562,133.6951446533203,0.05858645960688591,860.0879516601562,135.4840850830078,0.05166969820857048,910.0310668945312,108.49969482421875,0.8955327868461609,856.6433715820312,96.76693725585938,0.8922442197799683,978.6104736328125,468.0271911621094,0.9868252873420715,744.3713989257812,441.1817321777344,0.9839807152748108,1186.709228515625,783.8750610351562,0.9888962507247925,637.4546508789062,784.6082763671875,0.9887529611587524
212,7066,796.3673095703125,82.6651382446289,0.00439031608402729,799.2506713867188,67.85327911376953,0.005007351748645306,791.9410400390625,73.29771423339844,0.0021819770336151123,830.55712890625,58.219573974609375,0.009933932684361935,804.4304809570312,65.62527465820312,0.0023191485088318586,839.1445922851562,38.87663269042969,0.015641437843441963,831.028076171875,17.709548950195312,0.009512430056929588,732.4447631835938,86.36393737792969,0.07626497745513916,864.77783203125,77.36759948730469,0.04368918389081955,647.9003295898438,122.10630798339844,0.0791763886809349,833.3551635742188,127.43765258789062,0.04794303700327873,912.3502807617188,98.71586608886719,0.8863562941551208,843.6857299804688,89.75564575195312,0.8610836267471313,971.7448120117188,460.24237060546875,0.9865986108779907,740.1126708984375,438.4479675292969,0.9806835055351257,1204.8338623046875,761.0108642578125,0.9893521666526794,663.3538208007812,783.2631225585938,0.9877157807350159
213,7100,805.3211059570312,87.90225219726562,0.004296225029975176,808.5789794921875,71.15629577636719,0.005141427740454674,799.5639038085938,76.62041473388672,0.002248433418571949,840.1884155273438,61.755775451660156,0.008967938832938671,811.6697387695312,68.96612548828125,0.00210182904265821,843.908447265625,42.564605712890625,0.012263989076018333,841.5221557617188,15.349090576171875,0.006857276428490877,770.7530517578125,97.33827209472656,0.061816923320293427,882.18017578125,83.61396789550781,0.03434287756681442,731.2227172851562,145.01705932617188,0.07127566635608673,879.73095703125,141.3973388671875,0.04094104841351509,897.4239501953125,90.63926696777344,0.8578824400901794,838.0112915039062,82.37434387207031,0.8208964467048645,948.6588134765625,469.5152893066406,0.9839286804199219,740.6278076171875,451.46771240234375,0.9768120646476746,1215.102294921875,744.5288696289062,0.9886489510536194,696.3827514648438,801.1683349609375,0.9863090515136719
214,7133,762.989013671875,87.0391845703125,0.0021923596505075693,767.3402709960938,66.13970947265625,0.0032329547684639692,761.8236694335938,75.45027923583984,0.0013130890438333154,800.2764282226562,58.648406982421875,0.010929349809885025,786.3555908203125,72.2830810546875,0.0020875034388154745,809.3707275390625,31.081809997558594,0.007793220691382885,822.3580322265625,9.462936401367188,0.00741858035326004,755.8328247070312,71.58073425292969,0.028487429022789,869.219482421875,51.08100128173828,0.03334040939807892,750.1329345703125,131.991455078125,0.027373211458325386,869.1575317382812,109.20378112792969,0.028017068281769753,874.9932861328125,78.17843627929688,0.8070874810218811,833.8375854492188,82.23477172851562,0.8107045292854309,913.5044555664062,473.4244384765625,0.9716724753379822,750.4370727539062,461.8963623046875,0.9697327017784119,1199.4805908203125,717.8577270507812,0.9786121845245361,744.4462890625,818.8233032226562,0.9790008664131165
215,7166,764.03857421875,89.8290023803711,0.0039015859365463257,771.0335693359375,68.96754455566406,0.0054517327807843685,758.1657104492188,75.60090637207031,0.001957475207746029,811.4083251953125,56.279022216796875,0.01187655609101057,780.0817260742188,63.81964874267578,0.002049006288871169,822.0870361328125,24.451950073242188,0.011747672222554684,809.6929931640625,2.1393585205078125,0.007446254137903452,760.7547607421875,68.84161376953125,0.05385046824812889,814.9251708984375,67.93272399902344,0.03243304789066315,710.9724731445312,138.6676483154297,0.05980736017227173,761.5414428710938,137.47650146484375,0.03671545162796974,865.3138427734375,76.76202392578125,0.8322856426239014,817.9874877929688,76.15626525878906,0.8011049032211304,878.721923828125,490.1448669433594,0.9768601655960083,749.8135986328125,470.3079528808594,0.968955934047699,1185.8262939453125,717.8302001953125,0.9826279282569885,776.9969482421875,817.9140014648438,0.9803948402404785
216,7200,768.7872314453125,97.710205078125,0.0034674445632845163,773.7705688476562,81.64356994628906,0.0043359422124922276,762.5643310546875,89.15338897705078,0.0018845037557184696,809.3171997070312,61.50627136230469,0.010952993296086788,784.7408447265625,71.49490356445312,0.002487706718966365,819.5880126953125,15.826629638671875,0.013114968314766884,817.584228515625,0.0,0.011324089951813221,780.6779174804688,45.00096130371094,0.05646928399801254,799.3796997070312,57.22700500488281,0.05030028149485588,747.0387573242188,145.5266876220703,0.05841808393597603,739.916748046875,156.2482452392578,0.050090473145246506,856.7799682617188,98.09994506835938,0.865206778049469,827.4637451171875,96.68870544433594,0.8566735982894897,833.7720947265625,501.49139404296875,0.9763177633285522,760.0578002929688,482.9141540527344,0.9729180932044983,1149.8338623046875,699.412353515625,0.981715738773346,809.4439697265625,822.7300415039062,0.9809325933456421
217,7233,778.5415649414062,91.24090576171875,0.0018881810829043388,783.67626953125,77.04643249511719,0.002779239322990179,774.28515625,88.87092590332031,0.001222340390086174,814.0728149414062,56.859535217285156,0.015399140305817127,793.3033447265625,76.40750885009766,0.0031882929615676403,816.3338623046875,13.308151245117188,0.014905670657753944,827.523193359375,0.0,0.01505687739700079,809.4807739257812,45.64503479003906,0.03629699721932411,793.5455932617188,59.61781311035156,0.04288342967629433,826.4539184570312,151.04806518554688,0.022736677899956703,756.11279296875,162.7536163330078,0.025149216875433922,859.857666015625,127.45600891113281,0.8792129158973694,852.0524291992188,131.17091369628906,0.8803197145462036,793.8461303710938,492.95318603515625,0.9727761745452881,775.1058349609375,495.0619812011719,0.971281111240387,1098.638671875,710.0704956054688,0.9787123203277588,833.193603515625,815.2840576171875,0.9780539274215698
218,7266,780.8558959960938,105.087158203125,0.0019354241667315364,781.1483154296875,89.17913818359375,0.0026937860529869795,779.5149536132812,103.46605682373047,0.0012346184812486172,803.3948364257812,64.98884582519531,0.0179949589073658,809.95556640625,88.72526550292969,0.004139031749218702,799.7265625,18.810791015625,0.019393695518374443,860.2190551757812,0.0,0.023146366700530052,783.2472534179688,53.086280822753906,0.043700553476810455,801.3523559570312,64.32877349853516,0.0610821507871151,775.3916015625,163.13502502441406,0.02657214365899563,725.4193725585938,161.6080780029297,0.03661782294511795,863.460205078125,130.7256317138672,0.8814637064933777,893.9114379882812,129.73841857910156,0.8889477849006653,760.494140625,489.8531188964844,0.9703587889671326,770.5238037109375,491.4202880859375,0.9702057242393494,1028.6103515625,712.9739990234375,0.976637601852417,877.4888305664062,796.7660522460938,0.9754230380058289
219,7300,771.3214111328125,111.27433776855469,0.0026444094255566597,766.2722778320312,93.63043212890625,0.003059362294152379,769.2886962890625,109.99287414550781,0.0013073500012978911,792.50341796875,66.7035140991211,0.019925622269511223,822.4321899414062,93.82555389404297,0.004677038639783859,789.0849609375,28.556488037109375,0.03894643113017082,898.517578125,8.603988647460938,0.0355437770485878,763.6820068359375,65.26597595214844,0.10371904820203781,831.1565551757812,84.04527282714844,0.0921577736735344,715.7376708984375,153.3460235595703,0.07327625900506973,707.0094604492188,152.84088134765625,0.07045228034257889,855.3894653320312,127.82981872558594,0.9039379954338074,928.1707763671875,123.54222106933594,0.8957738876342773,728.56591796875,482.7953796386719,0.97430020570755,800.6224975585938,502.594970703125,0.9696622490882874,980.302978515625,724.518798828125,0.9767102599143982,907.8236083984375,802.6477661132812,0.9719807505607605
220,7333,775.94775390625,102.6631851196289,0.002044599037617445,772.7274780273438,83.89659118652344,0.002535515232011676,772.9901733398438,101.41674041748047,0.0010196927469223738,805.4774780273438,60.311004638671875,0.0237115528434515,830.5457763671875,88.88914489746094,0.005138277541846037,801.6707763671875,24.117874145507812,0.04241432249546051,915.7362670898438,8.442535400390625,0.0345180481672287,778.9896850585938,63.83917236328125,0.08882873505353928,882.7549438476562,84.21885681152344,0.06994856894016266,736.7744140625,171.3303680419922,0.05692804604768753,780.6427612304688,180.6984100341797,0.0477432981133461,861.4005126953125,124.88479614257812,0.878740131855011,942.4574584960938,119.36091613769531,0.8642624020576477,694.3209228515625,468.21661376953125,0.9658102989196777,816.9515991210938,493.8137512207031,0.9579902291297913,929.8284912109375,756.7326049804688,0.9681089520454407,941.10595703125,811.2716674804688,0.960700273513794
221,7366,771.6710815429688,93.3273696899414,0.0019989649299532175,769.5628662109375,75.35147094726562,0.002602708525955677,768.6672973632812,92.4543228149414,0.0009520319872535765,807.0986938476562,52.79905700683594,0.022512314841151237,827.812744140625,81.62972259521484,0.0042650820687413216,818.3629760742188,17.338485717773438,0.037883732467889786,905.4431762695312,9.471359252929688,0.026066917926073074,804.9320678710938,66.15129089355469,0.0807315856218338,892.6453857421875,89.46272277832031,0.05446881055831909,773.3045654296875,184.29345703125,0.05743773281574249,805.80615234375,197.05322265625,0.04213739186525345,861.6489868164062,126.12748718261719,0.909655749797821,933.3121948242188,122.91966247558594,0.8904348611831665,673.4255981445312,455.84832763671875,0.9820483326911926,850.5333862304688,497.61175537109375,0.9764901399612427,859.62841796875,779.8328857421875,0.9859668612480164,998.6372680664062,830.7570190429688,0.9814806580543518
222,7400,768.6813354492188,84.59575653076172,0.0016870566178113222,765.6724243164062,66.21100616455078,0.002195035805925727,770.6779174804688,82.5132064819336,0.0007434675935655832,801.295166015625,45.382598876953125,0.02308766171336174,839.6515502929688,72.778564453125,0.0037457230500876904,811.8497924804688,10.006988525390625,0.035215362906455994,915.6992797851562,7.2593994140625,0.02525697834789753,795.9443359375,62.86656188964844,0.07273267209529877,917.0476684570312,83.43759155273438,0.05325751379132271,789.9785766601562,167.4447784423828,0.054149169474840164,832.5723266601562,169.06869506835938,0.042752452194690704,860.9189453125,124.84236145019531,0.909511148929596,947.635986328125,126.92747497558594,0.8905930519104004,676.5153198242188,440.9228210449219,0.9847724437713623,892.6853637695312,504.3514709472656,0.9792948961257935,775.809326171875,809.6246337890625,0.987907350063324,1051.07861328125,819.8092041015625,0.9832485914230347
223,7433,765.2448120117188,80.45345306396484,0.002943821484223008,765.5476684570312,58.97815704345703,0.0031562212388962507,773.9418334960938,73.3011703491211,0.0015260428190231323,787.6649780273438,37.62458038330078,0.026882275938987732,840.4202270507812,58.139442443847656,0.00873358640819788,799.6913452148438,0.0,0.03711771219968796,923.5521240234375,0.0,0.0429338738322258,805.7816772460938,47.80348205566406,0.07479929178953171,950.890869140625,55.93052673339844,0.08543015271425247,809.3917846679688,173.62867736816406,0.07628142088651657,888.6260986328125,153.24281311035156,0.07492674887180328,862.0668334960938,125.84724426269531,0.8393265604972839,968.0630493164062,125.75047302246094,0.8454816937446594,681.2074584960938,456.0997314453125,0.9646539092063904,926.115966796875,483.2900390625,0.9618533849716187,692.3241577148438,813.405029296875,0.947952151298523,1100.0321044921875,796.4019165039062,0.9415583610534668
224,7466,810.4185791015625,95.62639617919922,0.0017499634996056557,805.0142822265625,76.47138977050781,0.001657644403167069,811.9566650390625,87.0036849975586,0.0008932038908824325,817.67578125,56.42683410644531,0.015992704778909683,867.0652465820312,72.23529052734375,0.004634658340364695,806.4766845703125,9.795913696289062,0.03142556548118591,926.7032470703125,6.6522674560546875,0.028703276067972183,798.8155517578125,56.58357238769531,0.06957653909921646,957.8074951171875,32.899200439453125,0.08480723202228546,819.6639404296875,123.47987365722656,0.06411230564117432,920.6112670898438,62.0364990234375,0.08072452992200851,851.272705078125,110.5059814453125,0.9197113513946533,952.7625732421875,114.65885925292969,0.9126896262168884,714.7884521484375,454.9560241699219,0.987646222114563,963.5846557617188,492.17138671875,0.984586238861084,646.0885620117188,822.9833374023438,0.9874118566513062,1133.3895263671875,779.201904296875,0.9848393797874451
225,7500,814.9224243164062,93.15570831298828,0.0019099432975053787,809.4551391601562,72.84789276123047,0.0019145881524309516,814.4408569335938,79.89232635498047,0.0008839356596581638,818.8239135742188,55.79841613769531,0.013592509552836418,863.09619140625,65.40898132324219,0.0032899430952966213,813.3580322265625,14.423309326171875,0.02531466819345951,908.8493041992188,9.938186645507812,0.015803195536136627,782.6219482421875,72.22224426269531,0.07985221594572067,884.3349609375,62.351715087890625,0.05339597165584564,763.3619384765625,146.6004638671875,0.09233564883470535,789.9786987304688,143.06895446777344,0.0757480189204216,864.5592651367188,97.96682739257812,0.8993658423423767,954.6698608398438,99.48193359375,0.869288444519043,731.9393920898438,451.4579772949219,0.9878358244895935,982.5300903320312,474.9237976074219,0.9812471270561218,617.3839111328125,812.8870239257812,0.9879701733589172,1163.6962890625,766.0054321289062,0.9834311604499817
226,7533,789.4251708984375,82.163818359375,0.002046256558969617,789.1690063476562,61.27166748046875,0.0020933959167450666,789.4122314453125,68.4393539428711,0.000720237847417593,805.5850219726562,44.31903076171875,0.008238664828240871,830.9824829101562,54.712921142578125,0.00144417944829911,816.04052734375,0.4454498291015625,0.013723700307309628,874.482666015625,3.079833984375,0.007584850769490004,785.3187255859375,50.861663818359375,0.10069534927606583,825.3032836914062,65.76937866210938,0.047126587480306625,751.5360717773438,138.05511474609375,0.19693195819854736,728.49169921875,154.6589813232422,0.11492379754781723,870.8704833984375,79.93038940429688,0.8698076009750366,941.9174194335938,80.23521423339844,0.8197463750839233,739.51171875,456.2677001953125,0.9882424473762512,979.8717041015625,468.3365478515625,0.9798858761787415,627.9285888671875,816.3182373046875,0.9882431626319885,1178.0941162109375,758.94091796875,0.9827054738998413
227,7566,797.3003540039062,91.71208190917969,0.0025840166490525007,794.067138671875,70.71892547607422,0.0026889301370829344,796.9878540039062,78.60221099853516,0.0010042565409094095,809.2194213867188,54.5478515625,0.010927886702120304,843.5130615234375,65.23855590820312,0.0019029639661312103,803.794921875,10.393890380859375,0.017530905082821846,885.9255981445312,4.7830352783203125,0.009461326524615288,768.939208984375,58.177734375,0.09814885258674622,843.6127319335938,59.06890869140625,0.05105334147810936,742.6527099609375,131.12530517578125,0.1702498197555542,733.9061279296875,139.93455505371094,0.11646731942892075,860.2299194335938,85.87980651855469,0.8876731395721436,938.2432250976562,84.95182800292969,0.8424543738365173,743.3345947265625,459.8892822265625,0.9893414378166199,966.2034301757812,468.7536926269531,0.9812206029891968,665.0557861328125,826.27392578125,0.9893029928207397,1190.302490234375,733.71240234375,0.9845882058143616
228,7600,758.4100952148438,93.29170989990234,0.002715935930609703,761.39697265625,69.91864013671875,0.003483447479084134,765.5419311523438,86.52249145507812,0.0012062357272952795,784.4683227539062,52.619590759277344,0.014635763131082058,814.998046875,77.77144622802734,0.002355636563152075,774.038818359375,0.0,0.01427357830107212,877.6428833007812,0.0,0.010207594372332096,751.8078002929688,35.18504333496094,0.07909134030342102,830.549560546875,48.62681579589844,0.050489407032728195,714.0104370117188,133.1739501953125,0.13739168643951416,725.6428833007812,143.0057830810547,0.101809561252594,850.4716186523438,81.14208984375,0.8570370078086853,944.01416015625,80.88739013671875,0.8248134255409241,735.2361450195312,465.7215270996094,0.9837391376495361,942.2373046875,459.1744079589844,0.9754970073699951,702.9490356445312,827.2445068359375,0.9798596501350403,1199.7689208984375,720.2841796875,0.9735772013664246
229,7633,765.337890625,90.96208190917969,0.0018399679102003574,766.98876953125,68.01246643066406,0.0025181006640195847,770.127685546875,83.68915557861328,0.0009198608458973467,788.2191162109375,50.70849609375,0.01239597238600254,809.0632934570312,76.90747833251953,0.002135020913556218,779.4999389648438,7.9813385009765625,0.009508759714663029,864.9635009765625,0.0,0.007908891886472702,758.1700439453125,62.405067443847656,0.041132889688014984,855.4229736328125,53.511314392089844,0.03469632565975189,742.3751220703125,148.47596740722656,0.062130194157361984,772.51611328125,130.66943359375,0.05732177570462227,843.4153442382812,80.82307434082031,0.8262454271316528,914.3165283203125,80.00363159179688,0.7988446950912476,743.9586181640625,462.17230224609375,0.9830994606018066,905.7711791992188,473.18548583984375,0.9750401973724365,736.9700317382812,843.1044311523438,0.986025869846344,1178.559814453125,703.3834228515625,0.9810971021652222
230,7666,759.6879272460938,90.01766967773438,0.0021381969563663006,762.1505126953125,68.02290344238281,0.002637322060763836,762.8182373046875,86.08861541748047,0.0009577281889505684,789.6337280273438,46.40888214111328,0.009774008765816689,796.29931640625,78.09526062011719,0.0016628401353955269,789.9928588867188,3.5378036499023438,0.009204902686178684,843.9376831054688,0.0,0.00992974080145359,758.580322265625,58.07734680175781,0.057461634278297424,804.7150268554688,53.162384033203125,0.06324676424264908,712.294921875,150.0500946044922,0.10270395129919052,702.9131469726562,141.4580841064453,0.12259814143180847,855.6300659179688,97.84510803222656,0.8484195470809937,900.7723388671875,97.59027099609375,0.8366996049880981,738.36328125,463.8710632324219,0.982914388179779,858.2147827148438,483.07025146484375,0.975602388381958,768.1851196289062,848.5208740234375,0.9846983551979065,1141.564453125,685.9044799804688,0.9795088768005371
231,7700,752.512939453125,86.48483276367188,0.002322119427844882,752.3961181640625,67.02404022216797,0.003211395815014839,754.1398315429688,82.7006607055664,0.0010082292137667537,786.2484741210938,45.888153076171875,0.01844279281795025,795.8307495117188,73.84858703613281,0.002489272505044937,799.2495727539062,7.6761016845703125,0.02046748250722885,844.6404418945312,0.0,0.015846015885472298,787.5130004882812,59.17277526855469,0.06566955149173737,854.1417846679688,63.33110046386719,0.05048837512731552,752.8009643554688,162.9814453125,0.0707719698548317,785.06640625,155.82540893554688,0.06022586300969124,860.5296020507812,104.37551879882812,0.8955309987068176,893.7061157226562,104.00267028808594,0.8721844553947449,732.975830078125,471.3410339355469,0.9867021441459656,832.4493408203125,498.6863098144531,0.978297770023346,798.5903930664062,853.4251708984375,0.9889744520187378,1094.832275390625,688.5075073242188,0.9842151999473572
232,7733,755.0541381835938,86.79908752441406,0.0021709566935896873,754.408935546875,68.16426086425781,0.002954306546598673,756.5394287109375,83.13214874267578,0.0010266309836879373,786.1439819335938,46.63165283203125,0.017032811418175697,796.4049682617188,72.3859634399414,0.002692183945327997,802.0228271484375,10.402496337890625,0.019246909767389297,838.3094482421875,0.0,0.017343509942293167,792.0877075195312,62.381378173828125,0.059103019535541534,826.2151489257812,63.94935607910156,0.054383888840675354,754.8876342773438,155.1360626220703,0.05877403914928436,742.99267578125,153.44549560546875,0.0578882060945034,861.595458984375,106.66461181640625,0.892028272151947,885.94873046875,102.33467102050781,0.8776538968086243,741.6785278320312,482.8827209472656,0.9850685000419617,811.012939453125,497.1873779296875,0.9780064821243286,848.3011474609375,854.8194580078125,0.9875782132148743,1050.861083984375,714.708984375,0.98365318775177
233,7766,764.186279296875,91.64730834960938,0.0014617179986089468,765.4552612304688,73.02186584472656,0.002241605892777443,766.1030883789062,89.98356628417969,0.0008550055790692568,791.5089721679688,48.85743713378906,0.020149579271674156,798.1320190429688,77.70606994628906,0.0034750450868159533,800.4785766601562,8.238761901855469,0.02046462520956993,838.1730346679688,0.0,0.01740127056837082,788.675537109375,52.305747985839844,0.04705684259533882,828.062255859375,57.5892333984375,0.04291025176644325,786.856201171875,152.44171142578125,0.03268079832196236,783.5885620117188,151.70880126953125,0.030913835391402245,864.509033203125,124.39361572265625,0.8884700536727905,885.8889770507812,119.67272186279297,0.8754657506942749,758.7777099609375,495.0785827636719,0.9796707630157471,802.2301635742188,486.0670166015625,0.9721398949623108,888.3590698242188,840.3268432617188,0.9809220433235168,999.3585815429688,730.5084838867188,0.9769912362098694
234,7800,755.1264038085938,96.2292709350586,0.0017619323916733265,758.505126953125,73.98422241210938,0.002624423475936055,747.1021728515625,89.38650512695312,0.0007992290193215013,800.4548950195312,51.525787353515625,0.020995860919356346,770.6317749023438,79.27397918701172,0.0025856823194772005,832.9044799804688,16.40057373046875,0.028376257047057152,795.2217407226562,6.381683349609375,0.01949436403810978,783.3175048828125,49.35713195800781,0.08039406687021255,766.3972778320312,70.95181274414062,0.05295407399535179,728.8181762695312,149.0342559814453,0.06140104681253433,678.9818115234375,154.82437133789062,0.04530620202422142,885.828369140625,114.05108642578125,0.8252586126327515,849.5861206054688,109.345458984375,0.7914994359016418,774.8910522460938,488.5202941894531,0.9482053518295288,739.9251708984375,479.8221435546875,0.9263251423835754,930.64306640625,831.5548706054688,0.9405454397201538,940.1387939453125,789.8018798828125,0.9259213805198669
235,7833,760.0517578125,92.94774627685547,0.0015252408338710666,762.2998046875,73.0818099975586,0.002145281760022044,755.9638671875,87.8488998413086,0.0007295005489140749,798.5003051757812,51.37522888183594,0.018224818632006645,779.6119995117188,78.28836822509766,0.002574438462033868,824.7557983398438,19.766464233398438,0.026444479823112488,811.953369140625,3.4587249755859375,0.02175740711390972,777.6888427734375,62.02803039550781,0.07627259939908981,819.1660766601562,73.39347839355469,0.0637529194355011,730.9912719726562,150.9528350830078,0.05326386168599129,729.889404296875,152.31857299804688,0.04493681713938713,884.2245483398438,125.08955383300781,0.8942147493362427,846.61083984375,115.25381469726562,0.8828945755958557,819.107666015625,504.71319580078125,0.9758411645889282,700.5324096679688,457.5978698730469,0.9661444425582886,983.0634155273438,837.2997436523438,0.9728147387504578,867.1342163085938,740.5841674804688,0.9699448943138123
236,7866,750.1203002929688,88.51519775390625,0.0013824827037751675,753.9774169921875,70.85966491699219,0.0021464875899255276,751.5511474609375,84.17665100097656,0.0007925874670036137,788.4083862304688,53.667388916015625,0.02052185870707035,779.38720703125,76.01982879638672,0.0030042086727917194,816.4396362304688,22.23731231689453,0.018986010923981667,815.6515502929688,3.9123001098632812,0.021745122969150543,773.3890380859375,67.65852355957031,0.04066981002688408,842.7705688476562,66.86741638183594,0.05714581534266472,738.2494506835938,157.631103515625,0.023855311796069145,768.4286499023438,166.59024047851562,0.030595241114497185,881.1489868164062,135.71644592285156,0.8864833116531372,841.5985107421875,126.05298614501953,0.8962234258651733,861.4861450195312,499.6775207519531,0.9760273694992065,700.4830932617188,444.5665588378906,0.9731682538986206,1021.229736328125,838.040771484375,0.974418580532074,793.6563720703125,759.5556030273438,0.9764385223388672
237,7900,747.1775512695312,97.91743469238281,0.002025875961408019,750.5890502929688,78.85020446777344,0.0027799992822110653,744.8963012695312,88.3729476928711,0.0009233978926204145,789.5552368164062,60.49559783935547,0.016881849616765976,774.046142578125,75.89675903320312,0.0022011518012732267,816.416259765625,29.206787109375,0.020260246470570564,812.7312622070312,15.322357177734375,0.018659040331840515,763.7981567382812,69.635009765625,0.062315963208675385,844.1268920898438,80.05229187011719,0.06339278072118759,728.7090454101562,153.00315856933594,0.04804514721035957,792.8909912109375,170.46127319335938,0.043848905712366104,884.800048828125,120.73690795898438,0.8878879547119141,837.5513305664062,111.06980895996094,0.8877400159835815,894.9087524414062,497.801513671875,0.978996753692627,704.8798828125,440.0972900390625,0.9746819734573364,1075.91748046875,826.4213256835938,0.9772350192070007,736.0535888671875,788.120361328125,0.9788557887077332
238,7933,786.20068359375,76.24596405029297,0.004422755911946297,787.5966796875,61.06672668457031,0.005719869397580624,787.2279052734375,72.27584838867188,0.002959220902994275,810.3843383789062,50.924560546875,0.02203047275543213,807.11865234375,67.8749771118164,0.006101129110902548,811.1356201171875,16.327308654785156,0.03062833473086357,844.259765625,1.3491897583007812,0.01980471797287464,747.169921875,56.964820861816406,0.06983824819326401,881.2606811523438,42.810218811035156,0.04909184202551842,720.1900634765625,129.62521362304688,0.04669447988271713,912.9476318359375,106.42096710205078,0.03248582035303116,884.52783203125,113.84500122070312,0.8526670336723328,849.8087768554688,103.08833312988281,0.8294932246208191,927.4237060546875,480.7568664550781,0.9659343957901001,711.186767578125,440.0146179199219,0.9556831121444702,1108.7247314453125,807.1223754882812,0.9549923539161682,670.3013305664062,788.0231323242188,0.9510772824287415
239,7966,775.8025512695312,79.9709701538086,0.002829495584592223,777.8536376953125,63.373374938964844,0.002783374860882759,774.5286254882812,68.65363311767578,0.0014326320961117744,802.6141357421875,51.32423400878906,0.007950369268655777,794.0810546875,58.58427429199219,0.0023114867508411407,805.01513671875,27.285369873046875,0.0110832080245018,839.6804809570312,11.145355224609375,0.014927354641258717,745.4611206054688,84.08816528320312,0.04975547268986702,921.8237915039062,66.57279968261719,0.08166850358247757,727.29345703125,141.92971801757812,0.05829676613211632,941.4195556640625,115.19888305664062,0.07051582634449005,886.6972045898438,96.3841552734375,0.8813113570213318,849.797607421875,92.24034118652344,0.8976970314979553,942.9310913085938,472.07025146484375,0.9854615926742554,727.5980224609375,439.01568603515625,0.9849957823753357,1149.373291015625,792.6079711914062,0.9870454668998718,651.7708740234375,790.6810913085938,0.9889461398124695
240,8000,798.3263549804688,81.59884643554688,0.003912957385182381,799.3533325195312,66.16426849365234,0.004108508583158255,793.8949584960938,71.78052520751953,0.0021136938594281673,825.1541748046875,56.713165283203125,0.007784262299537659,806.8679809570312,63.908294677734375,0.0023203790187835693,822.0121459960938,35.598724365234375,0.011944062076508999,844.6271362304688,11.26776123046875,0.00827811285853386,749.2388305664062,93.67835998535156,0.060583341866731644,900.9351806640625,74.66848754882812,0.044430024921894073,722.0014038085938,139.1725616455078,0.07331928610801697,901.4580688476562,134.42710876464844,0.05100149288773537,889.1246948242188,88.21147155761719,0.8607310056686401,842.074951171875,76.16729736328125,0.8392118215560913,950.647216796875,462.6009521484375,0.9846301674842834,732.511962890625,436.9184875488281,0.9792770743370056,1170.6903076171875,773.1804809570312,0.9881678223609924,647.4142456054688,781.1167602539062,0.9867907166481018
241,8033,796.7677001953125,84.06461334228516,0.00451672961935401,798.622802734375,66.7965316772461,0.005288972519338131,790.1408081054688,72.61798095703125,0.002416761126369238,827.4537963867188,57.827545166015625,0.008063050918281078,800.5924682617188,65.71707916259766,0.002057917881757021,831.4326782226562,39.96551513671875,0.010355442762374878,831.0172729492188,13.4761962890625,0.005642897915095091,762.2691650390625,98.93595886230469,0.05589774250984192,871.8511962890625,80.89828491210938,0.030299320816993713,721.213134765625,146.77175903320312,0.07440183311700821,863.1835327148438,145.7662811279297,0.04203207790851593,882.85546875,80.64875793457031,0.8122743964195251,825.5126953125,69.16021728515625,0.7652118802070618,934.5211181640625,462.0834045410156,0.9800853133201599,728.9302978515625,437.5701599121094,0.9708734750747681,1176.046142578125,754.5150756835938,0.986265242099762,680.295654296875,786.2660522460938,0.9834232330322266
242,8066,783.8990478515625,92.29717254638672,0.0041250125505030155,785.3785400390625,74.30662536621094,0.005181218963116407,776.5885620117188,80.9490737915039,0.0021837695967406034,815.2569580078125,63.40919494628906,0.008824916556477547,791.9489135742188,72.27117919921875,0.0019387805368751287,819.7453002929688,40.94783020019531,0.011054250411689281,829.3773803710938,12.15655517578125,0.005083387717604637,765.5575561523438,95.25828552246094,0.058424562215805054,856.8074340820312,80.78791809082031,0.026142805814743042,737.2835083007812,141.5071563720703,0.07318069785833359,831.9354858398438,149.950927734375,0.03654487803578377,868.9638671875,79.24241638183594,0.8166952133178711,825.0472412109375,68.5748291015625,0.7567545175552368,907.54052734375,473.1529541015625,0.9793698191642761,737.8124389648438,448.26483154296875,0.9691192507743835,1183.256591796875,735.662109375,0.9860687255859375,724.7884521484375,806.0000610351562,0.9826761484146118
243,8100,747.5155639648438,95.24800872802734,0.0038328678347170353,751.8458862304688,72.55181121826172,0.005441271699965,741.7705688476562,80.24462127685547,0.0019108169944956899,789.8099365234375,60.00409698486328,0.010697990655899048,765.6500244140625,70.49908447265625,0.0017275349237024784,802.2612915039062,35.17327880859375,0.008846414275467396,799.96533203125,13.628402709960938,0.0059152450412511826,748.8619384765625,85.74343872070312,0.043965186923742294,817.0316772460938,82.89756774902344,0.029317393898963928,696.6029663085938,152.61785888671875,0.05702463909983635,753.9008178710938,166.3821258544922,0.038700398057699203,849.70166015625,65.02899169921875,0.7957725524902344,807.3931274414062,64.94512939453125,0.7652280926704407,876.340576171875,481.7394104003906,0.9755046963691711,746.7887573242188,466.13580322265625,0.9679538011550903,1178.7784423828125,726.98681640625,0.9828317761421204,762.1327514648438,820.36083984375,0.9808822274208069
244,8133,759.4009399414062,85.61320495605469,0.0028895107097923756,766.0447387695312,66.56510925292969,0.004037090111523867,755.1206665039062,77.27577209472656,0.0016456750454381108,800.4212036132812,52.08879089355469,0.008468830958008766,770.9285888671875,68.7389144897461,0.0015639136545360088,806.0087280273438,15.745147705078125,0.0052256109192967415,802.4258422851562,0.0,0.006079212762415409,757.470947265625,58.128868103027344,0.02913535386323929,778.7034301757812,52.47422790527344,0.04001212120056152,701.3451538085938,142.09286499023438,0.0418083555996418,692.8059692382812,151.02296447753906,0.05353473126888275,840.9057006835938,78.29878234863281,0.7587881684303284,809.2454833984375,79.64772033691406,0.7738288640975952,831.1688232421875,488.1492919921875,0.9633180499076843,764.2189331054688,479.5813293457031,0.9632266759872437,1140.8482666015625,711.356201171875,0.9727233648300171,795.3995971679688,822.6281127929688,0.9735020995140076
245,8166,759.6282348632812,90.08573913574219,0.0025652749463915825,763.7969970703125,73.68974304199219,0.0035277872812002897,755.81982421875,86.044921875,0.0015399467665702105,792.8413696289062,53.832916259765625,0.011904371902346611,777.9523315429688,74.0057373046875,0.0024558950681239367,791.4234008789062,13.608856201171875,0.009481260553002357,825.5220947265625,0.0,0.011356535367667675,762.299560546875,52.07709503173828,0.034913357347249985,775.5313110351562,59.13452911376953,0.04877203702926636,724.8718872070312,155.61927795410156,0.03377184644341469,697.4205322265625,160.50558471679688,0.04514641314744949,848.6052856445312,108.3072509765625,0.8220486044883728,853.2053833007812,110.61199951171875,0.834414541721344,789.9155883789062,488.8667297363281,0.9661915302276611,771.6705322265625,490.9437561035156,0.9663780331611633,1100.39208984375,710.8628540039062,0.9745270609855652,822.1970825195312,822.322509765625,0.9744239449501038
246,8200,769.9119873046875,98.0350341796875,0.002393934642896056,772.4185791015625,81.62654113769531,0.0030922414734959602,765.5947265625,95.61602783203125,0.001592643791809678,795.7152709960938,59.21031188964844,0.013761811889708042,785.1940307617188,82.90969848632812,0.003670145757496357,795.0819091796875,14.319786071777344,0.012503480538725853,830.9296875,0.0,0.019918987527489662,772.8585205078125,52.07405090332031,0.03319898620247841,766.958251953125,63.48845672607422,0.06800245493650436,748.5436401367188,160.86672973632812,0.026263123378157616,680.9425048828125,153.7715301513672,0.050051361322402954,857.9641723632812,115.11904907226562,0.8556110858917236,871.7697143554688,116.35514831542969,0.8802340030670166,765.8177490234375,486.0378112792969,0.969119668006897,772.6807250976562,492.5211486816406,0.9731072783470154,1036.0057373046875,709.9776611328125,0.977270781993866,856.1596069335938,818.9384765625,0.9782068729400635
247,8233,776.6638793945312,109.8248519897461,0.002713658381253481,774.1441040039062,91.69255828857422,0.0030913359951227903,770.172607421875,106.36564636230469,0.0015555188292637467,797.3828125,66.557373046875,0.01754729077219963,808.0318603515625,90.04039764404297,0.0052949232049286366,788.938720703125,27.107208251953125,0.03194848820567131,881.480224609375,2.474578857421875,0.03160346299409866,775.2135009765625,58.71876525878906,0.07760164141654968,807.69091796875,71.77610778808594,0.07917755097150803,746.5841674804688,164.04039001464844,0.05407874658703804,713.2940063476562,159.46023559570312,0.05684070661664009,852.1924438476562,111.05470275878906,0.8904033303260803,913.50146484375,104.07041931152344,0.886333703994751,734.30029296875,486.3884582519531,0.9721030592918396,781.7347412109375,488.5638427734375,0.9690314531326294,995.0167236328125,721.8206176757812,0.9763702750205994,885.531005859375,810.39501953125,0.9732094407081604
248,8266,751.8710327148438,105.83357238769531,0.0012682187370955944,753.0661010742188,86.88704681396484,0.002099851844832301,758.6840209960938,106.24605560302734,0.0007786905625835061,789.9867553710938,65.33287811279297,0.028841137886047363,822.9002075195312,94.28482818603516,0.004742795135825872,795.2633666992188,7.999717712402344,0.026017583906650543,901.1044921875,4.4723052978515625,0.024806959554553032,780.538330078125,41.15382385253906,0.0439145602285862,918.11669921875,58.311195373535156,0.051059093326330185,761.38037109375,158.64907836914062,0.024482015520334244,897.05126953125,146.87164306640625,0.027424421161413193,866.392333984375,130.37669372558594,0.8338513374328613,936.9697265625,132.37083435058594,0.8368163704872131,689.52001953125,462.6456298828125,0.9465543627738953,816.8916015625,489.73968505859375,0.9462575316429138,921.134765625,724.134033203125,0.9479620456695557,930.4161987304688,809.2342529296875,0.9440856575965881
249,8300,764.3004760742188,93.17724609375,0.002148431958630681,761.0947265625,74.14128112792969,0.002852493431419134,761.5165405273438,92.61710357666016,0.0010389774106442928,797.6240844726562,51.54377746582031,0.022086726501584053,821.8211059570312,83.01313018798828,0.0041432008147239685,808.9118041992188,14.662261962890625,0.03332066163420677,899.9990844726562,7.0225067138671875,0.02444777823984623,788.109375,55.4197998046875,0.0733569785952568,867.8944702148438,80.4012451171875,0.052571024745702744,741.714111328125,160.40089416503906,0.053304582834243774,750.569091796875,168.38150024414062,0.042898453772068024,859.472900390625,115.8310546875,0.8961933255195618,932.8359375,114.140625,0.8770377039909363,672.6904907226562,453.2304382324219,0.9802832007408142,842.0560913085938,501.95379638671875,0.9746249914169312,861.4039306640625,781.6365966796875,0.9852806925773621,993.7216186523438,838.7162475585938,0.9803035855293274
250,8333,770.362060546875,87.37403869628906,0.002271955367177725,767.866455078125,67.33866119384766,0.00283848331309855,769.4584350585938,84.90495300292969,0.0009703065152280033,806.1923828125,44.82673645019531,0.01981586590409279,833.1405639648438,74.92797088623047,0.0033051352947950363,820.2793579101562,8.770065307617188,0.029208820313215256,906.5989990234375,7.421722412109375,0.023459816351532936,795.63671875,60.13627624511719,0.07668723165988922,870.1792602539062,84.61793518066406,0.06201416999101639,760.60400390625,164.36956787109375,0.07102518528699875,753.4623413085938,166.07351684570312,0.06282375752925873,865.83203125,117.15330505371094,0.8973673582077026,942.2174072265625,117.5804443359375,0.8813389539718628,674.9315185546875,442.11822509765625,0.9837300181388855,876.2222900390625,498.26416015625,0.9788155555725098,780.9694213867188,801.1898803710938,0.9873097538948059,1030.9654541015625,823.2891235351562,0.9829311966896057
251,8366,747.0211181640625,81.47298431396484,0.0029000635258853436,747.3912963867188,59.06591033935547,0.003401414258405566,755.1286010742188,73.9452896118164,0.0013360331067815423,776.7176513671875,35.8271484375,0.025685081258416176,825.166259765625,57.34693908691406,0.005927746649831533,796.2607421875,0.0,0.03231079876422882,908.5881958007812,0.0,0.03578217327594757,780.9151611328125,47.605865478515625,0.08138541877269745,884.8829956054688,59.917396545410156,0.08232690393924713,726.2093505859375,167.7052001953125,0.08751562982797623,743.834228515625,158.30429077148438,0.08481784909963608,868.0234375,120.45453643798828,0.8521697521209717,965.9468994140625,118.00973510742188,0.8553647398948669,677.8613891601562,454.8069152832031,0.9710479974746704,903.2349853515625,479.378173828125,0.9676159620285034,703.7950439453125,813.9058227539062,0.9593408703804016,1078.7435302734375,802.7345581054688,0.9529085159301758
252,8400,811.08642578125,96.60887145996094,0.0021189728286117315,804.7337646484375,73.68958282470703,0.0021610662806779146,811.552978515625,85.4872055053711,0.0010002308990806341,819.9882202148438,51.46412658691406,0.016099436208605766,871.0076293945312,70.14173126220703,0.003761668223887682,811.6228637695312,9.323455810546875,0.0274733267724514,931.7168579101562,7.0970306396484375,0.02171391434967518,782.874755859375,70.84881591796875,0.07457729429006577,897.4107666015625,66.42388916015625,0.06599834561347961,746.514404296875,154.3081512451172,0.07733812928199768,760.5133056640625,152.51641845703125,0.08020618557929993,855.1397094726562,111.09196472167969,0.903734564781189,958.97998046875,112.71478271484375,0.886259913444519,711.2286987304688,456.871337890625,0.9869263172149658,948.5707397460938,491.84765625,0.9817185401916504,648.3469848632812,823.2044677734375,0.9877620935440063,1120.0784912109375,782.9140014648438,0.983817458152771
253,8433,822.1259765625,95.61096954345703,0.0018007101025432348,816.3968505859375,74.40074157714844,0.0018153050914406776,822.11376953125,83.17890930175781,0.0008614750113338232,827.3399047851562,55.349578857421875,0.01369498297572136,873.753173828125,68.53227996826172,0.003464690875262022,819.3305053710938,9.956039428710938,0.026018671691417694,922.224853515625,7.617828369140625,0.016457343474030495,792.608642578125,68.14302062988281,0.07706594467163086,898.030517578125,57.649017333984375,0.053478606045246124,783.40576171875,148.2857208251953,0.08345648646354675,810.0531005859375,137.48748779296875,0.06997410953044891,862.001220703125,99.17665100097656,0.9089552760124207,957.0590209960938,102.68486022949219,0.881348192691803,729.1188354492188,451.8381042480469,0.9889194369316101,979.847900390625,483.7295837402344,0.9829859137535095,612.3778076171875,812.66455078125,0.9894730448722839,1155.9453125,771.0936279296875,0.9852390289306641
254,8466,796.338134765625,82.23069763183594,0.0009310971945524216,797.548095703125,63.98304748535156,0.0011775430757552385,802.3557739257812,72.35609436035156,0.0003996605228167027,813.25439453125,48.55302429199219,0.0114734573289752,849.3198852539062,60.177337646484375,0.0017566559836268425,814.2744750976562,4.196250915527344,0.013790474273264408,903.4011840820312,0.0,0.00856386311352253,792.2420654296875,62.745574951171875,0.059455372393131256,890.100830078125,56.130043029785156,0.03597472235560417,772.84228515625,154.92124938964844,0.0738619938492775,800.8330078125,143.05801391601562,0.05048690363764763,861.4437255859375,94.53579711914062,0.8802096843719482,951.792724609375,92.99771118164062,0.8478464484214783,740.47314453125,456.96343994140625,0.9865850210189819,988.001220703125,464.9394836425781,0.980211079120636,617.8635864257812,803.06103515625,0.9864810705184937,1188.1671142578125,760.3423461914062,0.9817379117012024
255,8500,798.8162841796875,91.57443237304688,0.002002422232180834,797.0203857421875,70.38690948486328,0.0021315678022801876,798.6817626953125,77.94532012939453,0.0008540659327991307,813.9920654296875,56.212554931640625,0.012074305675923824,845.4749145507812,66.00398254394531,0.002327769063413143,812.74365234375,17.632919311523438,0.01996893621981144,889.4660034179688,10.589035034179688,0.011086982674896717,783.2288818359375,74.79922485351562,0.08066214621067047,866.9421997070312,59.11985778808594,0.046456847339868546,760.0836181640625,130.03138732910156,0.11083627492189407,772.4359130859375,111.82218933105469,0.08067387342453003,861.0055541992188,89.33587646484375,0.9034312963485718,938.5875244140625,89.86344909667969,0.8677999973297119,742.9890747070312,456.6676940917969,0.9906564354896545,987.0762329101562,476.9878234863281,0.9844691157341003,646.6123046875,824.630126953125,0.9909765720367432,1193.046142578125,752.162841796875,0.987228274345398
256,8533,774.6006469726562,94.2150650024414,0.00151568662840873,776.3648071289062,73.22669982910156,0.0021283875685185194,783.5703735351562,87.89156341552734,0.0007676528766751289,795.8361206054688,56.617034912109375,0.017908452078700066,837.43798828125,77.24998474121094,0.002846915042027831,787.6495971679688,0.0,0.015288482420146465,895.2315673828125,0.0,0.012204435653984547,780.3191528320312,50.700416564941406,0.04991826415061951,878.7097778320312,44.732025146484375,0.04022042080760002,776.8790283203125,154.3223114013672,0.059388186782598495,805.632080078125,144.20765686035156,0.04968135803937912,850.086181640625,85.87770080566406,0.8652803897857666,949.4566040039062,84.27552795410156,0.846948504447937,733.880615234375,465.6474609375,0.9830247163772583,966.8457641601562,459.87744140625,0.9773560762405396,690.863037109375,823.99365234375,0.9796915650367737,1206.8184814453125,736.87744140625,0.9755786657333374
257,8566,774.77197265625,90.46719360351562,0.0013235152000561357,776.6023559570312,70.15969848632812,0.0018113935366272926,782.5452270507812,83.5762939453125,0.0006582703208550811,798.9064331054688,52.80537414550781,0.013674656860530376,831.1102294921875,72.7232437133789,0.0022267543245106936,789.8604736328125,8.570068359375,0.010824496857821941,891.2801513671875,0.0,0.009874426759779453,775.4097900390625,56.455055236816406,0.03906736150383949,906.31005859375,35.29280090332031,0.0397401861846447,778.4511108398438,140.41091918945312,0.050511494278907776,854.8460083007812,94.19098663330078,0.05055792257189751,841.5516357421875,90.81683349609375,0.8583816885948181,924.865234375,85.8013916015625,0.8456150889396667,745.2167358398438,467.3521728515625,0.9849287867546082,928.6796264648438,466.6916198730469,0.9800281524658203,724.8609008789062,827.474853515625,0.9868863224983215,1188.6331787109375,705.4224243164062,0.9839884638786316
258,8600,764.9146118164062,85.55001068115234,0.0013426585355773568,765.9647827148438,66.58882141113281,0.0017995978705585003,774.1895751953125,81.60912322998047,0.000645780295599252,789.7174072265625,46.74810791015625,0.016201769933104515,826.5033569335938,70.07132720947266,0.002559301443397999,781.432861328125,5.044624328613281,0.015300067141652107,891.5700073242188,0.0,0.015585607849061489,759.012451171875,59.09941864013672,0.051388390362262726,898.32373046875,45.219268798828125,0.05607433244585991,735.4031372070312,150.79888916015625,0.05571935698390007,802.3715209960938,129.4077911376953,0.06276123225688934,844.1299438476562,112.03706359863281,0.8881642818450928,926.7063598632812,105.99325561523438,0.8814727067947388,744.5691528320312,472.7701721191406,0.9852243661880493,891.0489501953125,474.3851623535156,0.9801382422447205,757.3449096679688,842.12841796875,0.9860109090805054,1168.70556640625,687.6605224609375,0.98269122838974
259,8633,759.1951904296875,81.71511840820312,0.0027422935236245394,759.3169555664062,63.14307403564453,0.003815538017079234,762.4771728515625,76.77813720703125,0.0010487600229680538,795.3999633789062,43.589630126953125,0.021082699298858643,811.22607421875,66.87959289550781,0.0022518837358802557,809.4576416015625,9.37152099609375,0.02151932567358017,863.18994140625,0.0,0.018046002835035324,785.3120727539062,60.281524658203125,0.07408445328474045,856.8275756835938,64.25015258789062,0.0594288595020771,737.1414184570312,156.72418212890625,0.08708234131336212,755.7633666992188,145.9654083251953,0.0758439376950264,867.9837036132812,113.88015747070312,0.899898111820221,908.8305053710938,109.11808776855469,0.8819131255149841,734.8082885742188,474.5965576171875,0.9877276420593262,848.140869140625,489.61260986328125,0.9804256558418274,794.0773315429688,851.783935546875,0.9891728162765503,1118.2823486328125,676.455322265625,0.9852274656295776
260,8666,755.854736328125,91.03985595703125,0.0030865869484841824,756.1168823242188,71.43134307861328,0.004181445576250553,757.15869140625,86.87720489501953,0.001351095037534833,791.1309814453125,48.4171142578125,0.019841887056827545,796.7288818359375,75.8207015991211,0.0027594035491347313,804.7762451171875,12.39862060546875,0.02021501399576664,840.8977661132812,0.0,0.019937437027692795,777.4405517578125,64.57273864746094,0.06422994285821915,818.2201538085938,69.61097717285156,0.06315052509307861,725.643310546875,158.68807983398438,0.07109111547470093,715.8217163085938,150.3548126220703,0.07524402439594269,867.9247436523438,110.41136169433594,0.8882112503051758,893.8463745117188,108.00196838378906,0.8765326738357544,742.3764038085938,480.93145751953125,0.9850072264671326,826.8907470703125,502.5152893066406,0.9779059290885925,835.0653686523438,851.5438842773438,0.9872186183929443,1081.6787109375,694.6030883789062,0.9830501675605774
261,8700,774.0597534179688,85.11300659179688,0.0029218781273812056,774.3867797851562,65.92719268798828,0.003954480867832899,771.8574829101562,81.84761810302734,0.001490747556090355,804.7249145507812,44.01567077636719,0.02126866765320301,798.0879516601562,72.9642105102539,0.0038039141800254583,821.96875,8.185043334960938,0.024131661280989647,825.4440307617188,0.0,0.023320404812693596,816.8972778320312,60.518829345703125,0.05677604675292969,814.9661865234375,74.14970397949219,0.05710696801543236,798.4634399414062,164.56100463867188,0.04973974823951721,757.7875366210938,160.56884765625,0.051061660051345825,877.828125,104.85942077636719,0.8910644054412842,880.38671875,104.45292663574219,0.8804817199707031,759.02490234375,483.7718811035156,0.9826489686965942,812.4782104492188,498.94732666015625,0.9756832122802734,883.8369140625,842.4262084960938,0.9848885536193848,1041.9061279296875,719.1746215820312,0.9808987379074097
262,8733,762.9566040039062,92.75404357910156,0.0018279324285686016,765.6767578125,73.42609405517578,0.002501903800293803,763.35400390625,90.61255645751953,0.0009618311887606978,799.6703491210938,50.4810791015625,0.016671840101480484,794.1696166992188,80.04267883300781,0.0027835313230752945,816.7139892578125,14.134208679199219,0.015245864167809486,832.5104370117188,0.0,0.022824224084615707,780.6365356445312,61.67516326904297,0.045696552842855453,799.9055786132812,72.62310791015625,0.0807880237698555,743.0288696289062,163.86813354492188,0.042410414665937424,705.3779907226562,156.63319396972656,0.071800097823143,882.4579467773438,128.6103057861328,0.863053023815155,884.7636108398438,123.6771240234375,0.8795787692070007,775.0228271484375,492.0931091308594,0.9724022746086121,789.6337890625,483.4463195800781,0.9700984358787537,921.070556640625,828.7685546875,0.9721082448959351,992.0220947265625,732.4693603515625,0.9710924029350281
263,8766,773.6416625976562,92.34178161621094,0.0016315847169607878,776.0875854492188,71.7428970336914,0.002256486564874649,769.0530395507812,87.00762176513672,0.0007987759890966117,814.8805541992188,50.684051513671875,0.018355583772063255,798.0554809570312,77.62726593017578,0.002795926295220852,844.5275268554688,19.200164794921875,0.024380451068282127,833.4908447265625,6.307342529296875,0.022697966545820236,793.84814453125,62.98626708984375,0.06452818214893341,821.3108520507812,82.57063293457031,0.06439473479986191,751.4496459960938,167.92327880859375,0.04665571451187134,724.3302001953125,171.38218688964844,0.04581056535243988,891.076171875,123.60255432128906,0.8527054786682129,860.5001831054688,116.20486450195312,0.8469904661178589,810.1784057617188,494.7490539550781,0.9626957178115845,729.1560668945312,471.50189208984375,0.9536446928977966,969.5120239257812,833.8658447265625,0.9592188596725464,841.3421630859375,800.8267822265625,0.9557942748069763
264,8800,759.0697631835938,84.87702941894531,0.0011111609637737274,761.24267578125,66.82086181640625,0.0016946063842624426,762.3327026367188,82.05052185058594,0.0006192128057591617,797.1106567382812,49.553741455078125,0.020673735067248344,799.3204345703125,75.849609375,0.002975193550810218,825.9500122070312,18.570831298828125,0.019934531301259995,843.4471435546875,0.8873519897460938,0.024883393198251724,792.3239135742188,63.37559509277344,0.04114148020744324,888.0574951171875,68.76759338378906,0.06567668914794922,781.1319580078125,154.7859649658203,0.023857004940509796,840.355224609375,161.5184326171875,0.03317125886678696,888.7177734375,136.69671630859375,0.8998044729232788,862.61962890625,127.28411865234375,0.9109663367271423,860.5369873046875,494.7069396972656,0.9785056114196777,710.3508911132812,440.37579345703125,0.976250946521759,1011.6577758789062,838.9286499023438,0.9768431186676025,844.9619750976562,735.8157348632812,0.978777289390564
265,8833,804.3549194335938,85.86014556884766,0.006190021056681871,806.797119140625,63.87107849121094,0.007131705526262522,800.6114501953125,76.2638168334961,0.0037266057915985584,830.8895874023438,44.12342834472656,0.025618210434913635,814.2733154296875,62.802520751953125,0.007338650058954954,842.0464477539062,12.270835876464844,0.0565829873085022,851.560791015625,0.0,0.022852521389722824,797.7089233398438,75.39383697509766,0.12245676666498184,878.4413452148438,71.99876403808594,0.04868435487151146,792.5806274414062,152.3424835205078,0.08265122771263123,859.3965454101562,162.8136444091797,0.03862498700618744,906.3411865234375,139.3252410888672,0.8511393070220947,865.405029296875,120.73567199707031,0.7889490723609924,899.8873901367188,487.74041748046875,0.957801103591919,706.8363037109375,439.1273193359375,0.9327842593193054,1075.062255859375,826.0658569335938,0.9459021091461182,763.4148559570312,775.2154541015625,0.9313486814498901
266,8866,800.689453125,84.90008544921875,0.0037555100861936808,804.6138305664062,68.92359924316406,0.005237417761236429,800.1239013671875,79.97806549072266,0.002464798977598548,833.8695068359375,56.1090087890625,0.021686794236302376,816.3790283203125,73.03768157958984,0.0050713056698441505,848.5673217773438,18.425308227539062,0.027828628197312355,839.392822265625,3.8114776611328125,0.01912449300289154,796.0540161132812,64.42245483398438,0.06329267472028732,859.0715942382812,52.82981872558594,0.0473080612719059,785.2970581054688,144.2068634033203,0.041193049401044846,854.778076171875,141.36305236816406,0.029706362634897232,909.5811767578125,119.9542236328125,0.8594797253608704,852.3358764648438,109.27830505371094,0.840965211391449,933.9820556640625,481.9248046875,0.9671688079833984,710.4557495117188,437.1296081542969,0.95766681432724,1110.3709716796875,815.5822143554688,0.9571613669395447,698.5086059570312,791.8298950195312,0.954304575920105
267,8900,808.1219482421875,89.98949432373047,0.002854528371244669,810.2831420898438,75.30081939697266,0.0029940810054540634,805.0230712890625,81.44437408447266,0.0016306985635310411,839.0836181640625,62.112030029296875,0.01023662369698286,819.0582275390625,70.85888671875,0.0031075780279934406,847.123046875,36.30024719238281,0.017462844029068947,848.3565673828125,16.259033203125,0.016833247616887093,770.9893798828125,86.21356201171875,0.05814407765865326,901.0821533203125,74.00935363769531,0.0659940242767334,748.6373291015625,130.74197387695312,0.04789019748568535,909.7595825195312,121.38116455078125,0.046869032084941864,913.0706787109375,114.83445739746094,0.9013253450393677,852.8060302734375,101.83177185058594,0.9018715023994446,971.877685546875,477.7143859863281,0.9853261709213257,730.0736694335938,438.7795715332031,0.9829660654067993,1156.7047119140625,804.9365844726562,0.9865895509719849,660.8064575195312,787.6236572265625,0.9870007038116455
268,8933,806.810302734375,89.21337890625,0.0036277025938034058,808.8118286132812,73.35003662109375,0.0038692932575941086,802.4888305664062,79.28899383544922,0.0020759610924869776,836.5248413085938,63.032958984375,0.008608024567365646,812.6168212890625,71.67031860351562,0.0027121040038764477,844.058349609375,43.02909851074219,0.012916313484311104,838.636474609375,23.630905151367188,0.011156868189573288,764.8910522460938,97.3798828125,0.05205612629652023,888.3447875976562,84.47373962402344,0.050284113734960556,729.3381958007812,140.14764404296875,0.052687130868434906,875.7283325195312,142.17311096191406,0.04660995304584503,912.8236083984375,102.17820739746094,0.8774555921554565,846.7056884765625,92.72630310058594,0.8714221119880676,983.06494140625,460.66387939453125,0.9856387972831726,736.11865234375,436.19329833984375,0.982426643371582,1180.9884033203125,782.82421875,0.9891357421875,655.5258178710938,787.2247924804688,0.9887601137161255
269,8966,809.7345581054688,82.80521392822266,0.004202042240649462,812.9631958007812,65.66741180419922,0.004854714032262564,804.3781127929688,71.1511459350586,0.0021947170607745647,843.1383056640625,56.9901123046875,0.009246967732906342,812.6068725585938,64.76683044433594,0.00226309010758996,850.3159790039062,41.65544128417969,0.01305058691650629,831.5285034179688,19.1055908203125,0.008766871877014637,757.27880859375,96.23625183105469,0.06101143732666969,854.923095703125,82.01101684570312,0.04039749503135681,688.7615356445312,130.34930419921875,0.06581470370292664,803.793701171875,136.92750549316406,0.04493676871061325,911.9361572265625,90.79458618164062,0.8688789010047913,838.7466430664062,82.70901489257812,0.8457015752792358,981.5116577148438,458.8847351074219,0.9852891564369202,739.6126708984375,440.8741455078125,0.9795881509780884,1199.6556396484375,766.805419921875,0.9890475869178772,675.935791015625,789.1525268554688,0.9874541759490967
270,9000,801.9518432617188,89.3543472290039,0.004367790650576353,805.7291259765625,71.03059387207031,0.00547070661559701,795.6681518554688,77.20559692382812,0.002309633418917656,838.096435546875,61.323692321777344,0.010556453838944435,805.5250854492188,70.09867858886719,0.002260129898786545,846.959716796875,43.09748840332031,0.013319255784153938,827.8154907226562,16.276382446289062,0.007653373759239912,781.3143310546875,96.15229797363281,0.05725660175085068,878.7330322265625,79.52041625976562,0.03485606983304024,751.507568359375,141.31146240234375,0.061772555112838745,890.9420166015625,132.2355194091797,0.03860357031226158,899.0560913085938,88.43055725097656,0.8537783622741699,829.7296752929688,82.19430541992188,0.8194960951805115,957.8419799804688,471.5824890136719,0.9822951555252075,743.8671264648438,454.1341857910156,0.9753540754318237,1210.57666015625,745.324951171875,0.9872800707817078,720.888916015625,802.708984375,0.9850384593009949
271,9033,784.667724609375,85.79310607910156,0.00315982848405838,790.1569213867188,62.30774688720703,0.004530633334070444,780.876708984375,72.1864242553711,0.0019731149077415466,822.7496337890625,54.029685974121094,0.010870138183236122,795.8963623046875,69.78362274169922,0.002385844709351659,831.3523559570312,31.952247619628906,0.007340091746300459,817.4800415039062,14.103401184082031,0.007398299407213926,782.55908203125,82.59274291992188,0.02673737145960331,834.97998046875,69.03540802001953,0.031850237399339676,763.7254028320312,147.4716033935547,0.029290394857525826,813.8363037109375,149.8779754638672,0.030934832990169525,875.3499755859375,74.50474548339844,0.7825031876564026,823.5996704101562,79.88031005859375,0.7869651913642883,911.8941650390625,469.27618408203125,0.9701446294784546,759.3630981445312,460.8199768066406,0.9677505493164062,1196.1221923828125,719.8720703125,0.97853022813797,760.7347412109375,814.0602416992188,0.978609025478363
272,9066,776.3531494140625,76.13211822509766,0.0034098688047379255,782.0950927734375,56.80561065673828,0.0047410172410309315,776.9140014648438,67.52751159667969,0.0025134317111223936,810.3322143554688,46.92645263671875,0.014651857316493988,796.7891235351562,63.453529357910156,0.004133172798901796,809.933349609375,8.68597412109375,0.010005466639995575,822.2883911132812,0.0,0.012390481308102608,774.745849609375,43.86003112792969,0.026576930657029152,851.5648193359375,32.726097106933594,0.04263964667916298,786.7352294921875,121.28828430175781,0.02479550987482071,878.858642578125,100.63398742675781,0.03231774643063545,863.5397338867188,84.85235595703125,0.787379264831543,833.8209838867188,93.4064712524414,0.8080719709396362,876.7691040039062,477.43194580078125,0.959814190864563,772.7645874023438,468.31768798828125,0.960904061794281,1165.5096435546875,726.1967163085938,0.9620616436004639,800.2849731445312,810.1897583007812,0.9649322628974915
273,9100,779.107177734375,87.36048889160156,0.0020665288902819157,781.4386596679688,70.9229507446289,0.002877765102311969,779.13818359375,82.64533996582031,0.0013198823435232043,808.6718139648438,54.79545593261719,0.011690431274473667,808.9721069335938,73.37887573242188,0.0026223387103527784,803.8992919921875,10.09844970703125,0.008599864318966866,852.2883911132812,0.0,0.010241310112178326,780.4986572265625,44.59485626220703,0.027349499985575676,869.7392578125,47.967132568359375,0.04232190176844597,813.1141357421875,131.67796325683594,0.02500464953482151,876.3759765625,118.84808349609375,0.031999554485082626,857.7266235351562,99.85221862792969,0.8180599212646484,860.083740234375,104.427978515625,0.8329730033874512,824.928955078125,487.138916015625,0.9682356715202332,778.9453735351562,482.8492126464844,0.9692380428314209,1132.390869140625,709.0557861328125,0.9766507744789124,824.369384765625,820.4685668945312,0.9775625467300415
274,9133,783.6694946289062,95.2196273803711,0.0021924241445958614,786.0330200195312,79.44804382324219,0.0029885645490139723,779.8778686523438,93.5555419921875,0.0014556575333699584,811.9403686523438,57.87602233886719,0.016333285719156265,803.219482421875,82.00458526611328,0.004155801609158516,811.1554565429688,13.435203552246094,0.01754218526184559,848.0245971679688,0.0,0.02011871710419655,800.0302734375,48.38932800292969,0.03992535173892975,803.7459106445312,64.57349395751953,0.05469554290175438,804.277099609375,154.66200256347656,0.025018813088536263,753.403564453125,159.0310821533203,0.03274516761302948,866.3880615234375,118.28041076660156,0.8810828328132629,878.8195190429688,123.09713745117188,0.8870171308517456,789.074951171875,484.3573913574219,0.9720520377159119,788.7305297851562,498.5867614746094,0.9722718596458435,1073.8592529296875,695.8937377929688,0.9786677956581116,857.590087890625,819.3966064453125,0.9775786399841309
275,9166,776.4177856445312,104.58753204345703,0.0019700825214385986,772.2807006835938,87.8770523071289,0.0024938436690717936,777.5125122070312,102.11897277832031,0.0011322329519316554,789.6172485351562,63.663047790527344,0.018091905862092972,825.9422607421875,86.03047943115234,0.00418683560565114,783.785400390625,21.6280517578125,0.021195225417613983,901.7166137695312,0.0,0.030545851215720177,765.7255859375,63.717132568359375,0.05165435001254082,823.5344848632812,76.81121063232422,0.08877263963222504,734.8636474609375,165.95851135253906,0.03429462015628815,709.0409545898438,157.1944122314453,0.05805376172065735,868.4456176757812,133.2648162841797,0.8885467052459717,939.79052734375,128.16128540039062,0.9047147035598755,763.953857421875,485.12640380859375,0.9736079573631287,791.2781982421875,482.6324157714844,0.9758431315422058,1004.1032104492188,714.0234375,0.9782548546791077,879.6192626953125,802.0420532226562,0.9783174991607666
276,9200,756.9916381835938,102.26779174804688,0.0016412569675594568,754.9945068359375,84.08757019042969,0.0021652940195053816,758.7085571289062,102.37467956542969,0.0008485920261591673,785.4122314453125,59.459381103515625,0.02280314452946186,816.980224609375,88.59400177001953,0.0042522866278886795,789.5090942382812,17.088088989257812,0.030261527746915817,903.342041015625,2.4693832397460938,0.03419237583875656,774.8013305664062,56.451141357421875,0.06890497356653214,847.3024291992188,77.42818450927734,0.08560369908809662,727.0823974609375,164.107421875,0.04425746574997902,735.128173828125,166.0365753173828,0.05699280649423599,869.7870483398438,127.61979675292969,0.8563451170921326,949.5472412109375,124.2187728881836,0.8631146550178528,726.660400390625,466.61346435546875,0.9539135694503784,824.2615966796875,486.947509765625,0.9523376226425171,947.1677856445312,735.1355590820312,0.9520715475082397,923.0889282226562,790.506591796875,0.9475927948951721
277,9233,775.092041015625,90.52207946777344,0.0020967386662960052,771.31298828125,72.42759704589844,0.00260575907304883,771.9768676757812,90.125244140625,0.0010834581917151809,802.4822998046875,52.55438232421875,0.023277152329683304,830.0191040039062,82.2099838256836,0.005522370338439941,809.48583984375,18.477813720703125,0.04057944566011429,912.7520751953125,8.968002319335938,0.03254284709692001,798.7963256835938,49.38313293457031,0.07499385625123978,900.0135498046875,76.73345947265625,0.06155824288725853,789.6463623046875,156.45936584472656,0.047956597059965134,824.3568115234375,161.84619140625,0.04125940427184105,874.8418579101562,121.32389831542969,0.9077437520027161,952.2583618164062,119.58334350585938,0.8953680992126465,698.9701538085938,454.4995422363281,0.9807181358337402,845.9853515625,494.08349609375,0.976402759552002,891.374267578125,769.9473876953125,0.9851326942443848,990.3671875,829.0469970703125,0.9810357093811035
278,9266,767.3126220703125,92.89036560058594,0.0010885524097830057,766.7200317382812,74.40886688232422,0.001564822974614799,771.00732421875,93.50921630859375,0.0005774185410700738,803.6160278320312,52.266265869140625,0.022449569776654243,837.4413452148438,83.33944702148438,0.004035514313727617,814.6162719726562,10.032646179199219,0.02847747877240181,924.1845703125,3.7255783081054688,0.024611517786979675,806.508544921875,51.40180206298828,0.05155780166387558,925.3771362304688,71.6213607788086,0.05142325535416603,813.8470458984375,162.79335021972656,0.0312793105840683,845.640625,161.77015686035156,0.031912777572870255,873.1096801757812,127.96199798583984,0.9062952399253845,959.3728637695312,126.32141876220703,0.9000246524810791,691.9622802734375,446.3662109375,0.9815712571144104,869.7958984375,483.88946533203125,0.9790388941764832,810.1069946289062,779.3655395507812,0.9852560758590698,1021.6279907226562,819.7662963867188,0.9820719361305237
279,9300,802.0162963867188,97.14301300048828,0.002200216520577669,796.2254028320312,74.98894500732422,0.0026595969684422016,799.9281005859375,90.03815460205078,0.0010901151690632105,823.64453125,52.318359375,0.025543905794620514,865.3788452148438,77.22750091552734,0.0052747116424143314,824.5675048828125,8.609893798828125,0.04788285121321678,934.9468383789062,9.520431518554688,0.026891343295574188,809.503662109375,58.63014221191406,0.08507433533668518,934.2493286132812,73.95460510253906,0.05207623168826103,823.973876953125,160.6977996826172,0.059659942984580994,858.0474853515625,163.5828094482422,0.04406997561454773,879.0038452148438,119.08634948730469,0.9123023152351379,970.1503295898438,123.13801574707031,0.8818337917327881,709.8151245117188,441.27593994140625,0.9839020371437073,912.90673828125,489.5823059082031,0.9757438898086548,724.1159057617188,803.413330078125,0.9861376881599426,1072.936767578125,803.3615112304688,0.9801060557365417
280,9333,814.053955078125,87.45508575439453,0.0018350500613451004,808.6334838867188,66.90186309814453,0.002001645741984248,813.4808959960938,78.71388244628906,0.0008597898413427174,830.2293090820312,46.6409912109375,0.02137136645615101,875.8053588867188,64.93098449707031,0.0046396940015256405,827.8160400390625,4.447906494140625,0.04462818056344986,939.440185546875,2.9756011962890625,0.02742845192551613,810.627685546875,55.0902099609375,0.08907996118068695,952.8797607421875,57.31489562988281,0.06312324851751328,829.7594604492188,146.43576049804688,0.0687413141131401,891.4585571289062,133.70498657226562,0.056900620460510254,878.6367797851562,114.62388610839844,0.9307553768157959,973.4489135742188,118.74856567382812,0.9096484780311584,724.05615234375,450.3107604980469,0.9885834455490112,951.8455810546875,492.7405700683594,0.9832050204277039,662.2702026367188,809.8257446289062,0.9890211224555969,1117.4443359375,793.75048828125,0.9847338795661926
281,9366,818.0255126953125,89.28838348388672,0.001723299385048449,812.0934448242188,69.3716812133789,0.0016825267812237144,818.5654907226562,78.52890014648438,0.0007412031409330666,826.7528686523438,50.719207763671875,0.01371306087821722,876.6010131835938,63.9766845703125,0.003264462575316429,826.02685546875,6.048980712890625,0.03410198166966438,932.830810546875,3.67620849609375,0.01851082034409046,802.0421142578125,57.3966064453125,0.11194329708814621,927.5953369140625,53.39277648925781,0.06449344009160995,797.74951171875,136.08961486816406,0.11949336528778076,847.5802612304688,128.1822509765625,0.08587046712636948,881.5386352539062,102.51498413085938,0.9296714067459106,977.611083984375,106.27587890625,0.9013606905937195,738.9244384765625,445.229736328125,0.9906014204025269,985.0784912109375,481.6734313964844,0.9848054051399231,621.4432983398438,807.3176879882812,0.9904409646987915,1155.8902587890625,783.5535278320312,0.9859214425086975
282,9400,816.348876953125,93.46664428710938,0.0012277265777811408,813.0126342773438,73.01232147216797,0.00145373260602355,819.2418823242188,83.2664794921875,0.0005483689019456506,826.5770874023438,58.58990478515625,0.0119706429541111,870.531982421875,74.02798461914062,0.002060612663626671,821.8299560546875,11.648208618164062,0.018587185069918633,929.2255249023438,4.911964416503906,0.009780600666999817,802.686767578125,58.10966491699219,0.07673924416303635,905.0680541992188,49.84339141845703,0.044452741742134094,810.91943359375,131.63206481933594,0.09319038689136505,826.425537109375,117.99000549316406,0.06830691546201706,879.6066284179688,89.98246765136719,0.9132631421089172,979.5642700195312,91.56747436523438,0.8799876570701599,750.7371215820312,449.49822998046875,0.9902888536453247,994.9077758789062,466.81365966796875,0.9848077297210693,611.0856323242188,793.1719360351562,0.990281343460083,1186.0081787109375,771.1168212890625,0.9861111640930176
283,9433,811.1651611328125,84.53480529785156,0.0016605318523943424,808.3621826171875,63.801063537597656,0.0018627012614160776,811.8873291015625,71.97891998291016,0.000741281546652317,825.1668090820312,50.10099792480469,0.014283894561231136,863.9896240234375,61.05802917480469,0.0027848694007843733,825.7146606445312,13.382217407226562,0.02482045814394951,913.218017578125,9.86041259765625,0.012219845317304134,807.6502075195312,67.32499694824219,0.07683607190847397,911.7123413085938,60.82328796386719,0.039637476205825806,823.0447998046875,128.67086791992188,0.08475887030363083,847.3546142578125,112.62730407714844,0.05398380756378174,877.491455078125,87.3775634765625,0.9114704728126526,962.1015625,89.93087768554688,0.8734835982322693,755.8707275390625,451.2323913574219,0.9906593561172485,1002.9834594726562,476.4330139160156,0.9844146966934204,653.749267578125,811.4287719726562,0.9913187623023987,1191.44140625,765.8883056640625,0.9874146580696106
284,9466,784.0913696289062,88.90446472167969,0.0013150626327842474,786.0233154296875,68.5491943359375,0.0018492441158741713,793.3832397460938,83.66532897949219,0.0006955478456802666,807.4310302734375,51.81932830810547,0.020211268216371536,851.0934448242188,73.31399536132812,0.003462302964180708,805.0449829101562,0.0,0.017541009932756424,916.5015258789062,0.0,0.016126053407788277,797.9004516601562,44.084129333496094,0.04511118307709694,910.8630981445312,39.28942108154297,0.04441933333873749,816.6267700195312,137.06460571289062,0.04474448785185814,853.0653686523438,112.79248809814453,0.042697709053754807,872.2327880859375,88.62435150146484,0.8617750406265259,972.0689086914062,86.87713623046875,0.8541589379310608,751.2068481445312,454.9912109375,0.97974693775177,974.8970947265625,451.154296875,0.9754928350448608,717.5226440429688,806.6253662109375,0.9759230613708496,1207.705810546875,734.1004028320312,0.9726373553276062
285,9500,784.4253540039062,78.90577697753906,0.0018339664675295353,787.8726806640625,56.46455383300781,0.0025467639788985252,789.7567749023438,70.89207458496094,0.0008570586796849966,813.143798828125,39.97515106201172,0.01614721305668354,835.0380249023438,62.13734436035156,0.002456764690577984,808.760009765625,0.9624481201171875,0.013418637216091156,893.8396606445312,0.0,0.01057003065943718,774.8763427734375,66.23567962646484,0.0492284819483757,867.09765625,55.41345977783203,0.03663291037082672,737.8592529296875,156.8822479248047,0.06300336867570877,754.1561889648438,141.4891815185547,0.0510062612593174,865.0823364257812,88.59306335449219,0.8484476804733276,940.1607666015625,83.217041015625,0.8238478302955627,763.2960205078125,463.73126220703125,0.9833522439002991,938.4497680664062,462.53753662109375,0.9759615063667297,742.86572265625,823.130859375,0.9848804473876953,1187.739990234375,706.2434692382812,0.9804099202156067
286,9533,791.834716796875,93.77556610107422,0.0018717428902164102,790.75927734375,74.19962310791016,0.0022942512296140194,795.2222900390625,87.30228424072266,0.0009352565393783152,812.173828125,52.43229675292969,0.015930399298667908,843.928955078125,72.80818176269531,0.0029633387457579374,799.2782592773438,6.83477783203125,0.019380513578653336,899.4598388671875,0.0,0.015586866065859795,771.5008544921875,65.20889282226562,0.0565342977643013,897.6674194335938,50.07765197753906,0.05140846595168114,759.3939208984375,143.32493591308594,0.05780932307243347,813.3301391601562,126.31709289550781,0.060378413647413254,863.50048828125,105.08601379394531,0.8904081583023071,937.1392822265625,101.87393188476562,0.8723559379577637,770.4243774414062,467.09381103515625,0.98634272813797,904.7880859375,476.21026611328125,0.9799628257751465,793.3008422851562,828.49072265625,0.9887690544128418,1157.78271484375,690.0919189453125,0.9855807423591614
287,9566,794.1312255859375,89.51781463623047,0.0019686503801494837,792.3923950195312,71.57176208496094,0.0026577168609946966,795.1793212890625,83.83589172363281,0.0009522706968709826,814.0712280273438,50.31866455078125,0.017817018553614616,835.677490234375,71.50211334228516,0.0027397023513913155,810.4075927734375,9.967941284179688,0.022577695548534393,882.2900390625,0.0,0.014012021943926811,794.1627197265625,68.59487915039062,0.06346509605646133,899.54541015625,64.63970947265625,0.04255903512239456,789.0137329101562,157.20877075195312,0.05844114348292351,843.2883911132812,145.55873107910156,0.048021189868450165,872.3016357421875,117.28060913085938,0.9092710018157959,921.5702514648438,116.4459228515625,0.879944920539856,769.0093383789062,471.9765930175781,0.9887235164642334,870.6062622070312,489.24713134765625,0.9809622168540955,822.3206176757812,838.875244140625,0.9913244247436523,1134.3504638671875,688.3058471679688,0.9876207709312439
288,9600,781.1290893554688,84.49944305419922,0.0038134464994072914,781.165283203125,65.31072235107422,0.004977068863809109,783.0668334960938,80.8974380493164,0.0017077592201530933,814.4481811523438,43.0382080078125,0.023935802280902863,821.6103515625,71.06272888183594,0.0037222616374492645,828.4248046875,5.899017333984375,0.02630363218486309,860.8803100585938,0.0,0.027722498401999474,811.9669799804688,64.10879516601562,0.06920140981674194,844.1407470703125,77.31156921386719,0.07303725928068161,780.6522827148438,165.7796630859375,0.07005206495523453,752.8126831054688,158.31871032714844,0.07496818900108337,887.3818359375,116.5975341796875,0.8987871408462524,910.2015991210938,115.55227661132812,0.8914629220962524,771.5046997070312,479.44464111328125,0.985198438167572,841.3496704101562,498.30120849609375,0.9791891574859619,855.1388549804688,841.2799072265625,0.9868937730789185,1082.72265625,696.7600708007812,0.9832522869110107
289,9633,784.89697265625,82.68408966064453,0.0035044688265770674,784.26220703125,65.61698913574219,0.0044011701829731464,785.5072631835938,79.93601989746094,0.0016591886524111032,812.1800537109375,44.15492248535156,0.023708591237664223,819.0282592773438,69.54780578613281,0.004479882773011923,828.1285400390625,8.099807739257812,0.036995526403188705,850.4459838867188,0.0,0.02982414700090885,817.9634399414062,58.9588623046875,0.0941462591290474,836.68896484375,70.24566650390625,0.07121484726667404,804.9716186523438,154.05029296875,0.08055687695741653,776.3366088867188,145.88804626464844,0.063595712184906,885.8428344726562,124.08714294433594,0.9167073369026184,900.0151977539062,122.04176330566406,0.9000806212425232,780.843017578125,488.8533630371094,0.9849008321762085,835.2661743164062,499.2370910644531,0.9771561622619629,902.1731567382812,826.9207763671875,0.9851276278495789,1050.042236328125,714.71044921875,0.980422854423523
290,9666,776.369384765625,81.91541290283203,0.0014312656130641699,779.7335815429688,62.90947723388672,0.0022865585051476955,777.3026733398438,81.09970092773438,0.0007067802944220603,820.31640625,43.27574157714844,0.026385610923171043,808.8065795898438,75.814453125,0.003072777297347784,846.1384887695312,11.969123840332031,0.027962226420640945,836.0584716796875,0.0,0.026994291692972183,811.9259643554688,52.684844970703125,0.0608615018427372,817.7256469726562,68.26036834716797,0.06114073097705841,782.4998168945312,158.55113220214844,0.03655917942523956,731.2194213867188,153.30657958984375,0.037146519869565964,901.9315795898438,141.85223388671875,0.9022631049156189,881.2756958007812,134.92446899414062,0.8963661789894104,808.3847045898438,500.4271545410156,0.9750495553016663,756.7906494140625,472.1105651855469,0.966928243637085,942.1641235351562,829.8184204101562,0.9718294143676758,1009.7711791992188,708.897216796875,0.9676459431648254
291,9700,782.3970336914062,96.61958312988281,0.0009358618408441544,785.681396484375,77.87267303466797,0.0015050777001306415,782.923828125,94.89706420898438,0.0005007772124372423,824.9606323242188,54.88488006591797,0.024379532784223557,813.6221923828125,84.99087524414062,0.0029927005525678396,856.799560546875,17.25457763671875,0.02626274898648262,841.941162109375,1.8313522338867188,0.027798160910606384,811.17041015625,57.00029754638672,0.05197315290570259,851.1482543945312,67.45660400390625,0.06300865858793259,790.11767578125,156.5338897705078,0.02613041363656521,789.0715942382812,158.40780639648438,0.029389003291726112,901.21435546875,145.5644989013672,0.8856536746025085,866.5675048828125,136.76885986328125,0.8888822793960571,833.132080078125,505.53948974609375,0.9639946222305298,733.5152587890625,462.5771484375,0.9573501944541931,984.1790771484375,830.9578857421875,0.9536381959915161,904.6473999023438,742.8643798828125,0.9534221887588501
292,9733,782.5377197265625,85.93263244628906,0.002015091944485903,785.3547973632812,66.97224426269531,0.0027154255658388138,779.6114501953125,79.69635772705078,0.0009208341361954808,824.5799560546875,48.38690185546875,0.023899143561720848,807.2745361328125,71.17098999023438,0.0032113941852003336,854.254638671875,19.036514282226562,0.033589426428079605,838.997314453125,5.2955474853515625,0.03446920961141586,818.8733520507812,59.734588623046875,0.07628891617059708,883.7765502929688,72.13833618164062,0.08583880215883255,803.9170532226562,150.6735076904297,0.0494130477309227,854.5585327148438,160.23284912109375,0.047413215041160583,905.0770263671875,142.2235107421875,0.9253171682357788,859.658935546875,131.1592254638672,0.9267600178718567,874.0361938476562,507.17974853515625,0.9830927848815918,717.573486328125,438.9245910644531,0.9788081645965576,1043.1126708984375,834.5299072265625,0.9794402718544006,861.0613403320312,722.6527709960938,0.9808592200279236
293,9766,785.9601440429688,88.26480102539062,0.001476395525969565,791.8687744140625,71.82687377929688,0.0019926661625504494,785.9268188476562,83.43923950195312,0.00084275146946311,829.972412109375,53.37091827392578,0.018350712954998016,808.8392944335938,72.80213928222656,0.0033630146645009518,862.4503784179688,15.837547302246094,0.021252667531371117,836.86181640625,0.0,0.029551327228546143,831.75146484375,52.885345458984375,0.0455758199095726,898.8529052734375,49.18927001953125,0.08365041017532349,838.5140991210938,132.7797088623047,0.026944516226649284,902.88720703125,131.8660125732422,0.038306351751089096,908.9881591796875,141.05238342285156,0.9030472040176392,848.7372436523438,134.49270629882812,0.9191115498542786,914.1480102539062,493.40972900390625,0.9753477573394775,719.0476684570312,442.98956298828125,0.9752791523933411,1082.989990234375,820.4638061523438,0.969860851764679,781.21435546875,764.9583129882812,0.9749329686164856
294,9800,814.6876831054688,91.21018981933594,0.002709468826651573,817.1940307617188,77.73511505126953,0.002517126966267824,811.721923828125,85.10966491699219,0.0014676821883767843,847.4020385742188,61.66941833496094,0.0103839710354805,827.5655517578125,72.5247802734375,0.0032678034622222185,857.249267578125,26.608200073242188,0.022502893581986427,860.7555541992188,6.7916107177734375,0.02837461233139038,827.333740234375,57.371612548828125,0.07584287226200104,940.6973876953125,43.66484069824219,0.12924204766750336,877.1372680664062,90.21505737304688,0.06564994901418686,990.9756469726562,55.41105651855469,0.08371977508068085,911.6931762695312,125.29486083984375,0.9216098189353943,859.2647094726562,112.15425109863281,0.9307247400283813,950.5655517578125,494.8070983886719,0.9836358428001404,733.7947387695312,447.4536437988281,0.9834311604499817,1131.2060546875,806.1608276367188,0.9809138178825378,700.5626220703125,784.4029541015625,0.9833471179008484
295,9833,812.8511962890625,90.73908233642578,0.0024350350722670555,813.5816040039062,76.95167541503906,0.0024986311327666044,811.7135009765625,83.89981842041016,0.00126013217959553,840.421875,61.28308868408203,0.010021897964179516,832.1131591796875,71.4323501586914,0.002767616882920265,843.4833984375,28.598236083984375,0.02214430458843708,869.7665405273438,8.960128784179688,0.016980182379484177,752.2608642578125,74.75166320800781,0.08929944038391113,921.4923706054688,61.42424011230469,0.07206856459379196,695.7260131835938,126.09970092773438,0.07010313123464584,910.6963500976562,108.58689880371094,0.05336884409189224,911.7683715820312,114.56648254394531,0.9248238205909729,866.7471313476562,103.85183715820312,0.9161079525947571,978.580810546875,475.8871765136719,0.9875032305717468,747.9332885742188,449.60723876953125,0.9837903380393982,1169.921630859375,793.0592651367188,0.9874923229217529,661.805419921875,789.5608520507812,0.9867336750030518
296,9866,817.3272094726562,82.46246337890625,0.003562019905075431,818.8885498046875,68.65084075927734,0.003830134170129895,814.9716796875,74.35052490234375,0.0017738136230036616,845.9855346679688,57.43309020996094,0.009296528995037079,829.439453125,65.49675750732422,0.0023546807933598757,850.4617919921875,32.915771484375,0.017010429874062538,855.7994995117188,13.361434936523438,0.011489818803966045,751.20849609375,78.88055419921875,0.08340606093406677,887.4486694335938,69.17440795898438,0.05399245768785477,677.7075805664062,126.66220092773438,0.08107422292232513,834.8095703125,121.79960632324219,0.05305599793791771,916.0576171875,103.20268249511719,0.9042537212371826,856.5097045898438,94.42149353027344,0.8861696124076843,986.5333251953125,465.1710205078125,0.9874695539474487,748.72802734375,443.7671813964844,0.9823564291000366,1198.4443359375,773.3860473632812,0.9891931414604187,665.1718139648438,782.3480224609375,0.9878010749816895
297,9900,806.1882934570312,82.10746765136719,0.003900476498529315,807.4921875,66.07592010498047,0.004662462044507265,802.4392700195312,72.09196472167969,0.0020218705758452415,834.7992553710938,56.566864013671875,0.009974727407097816,816.4114379882812,65.18108367919922,0.0022355883847922087,840.79052734375,35.865509033203125,0.013658369891345501,842.1718139648438,14.313446044921875,0.008734362199902534,756.2421264648438,83.35313415527344,0.061791714280843735,882.6290283203125,71.24258422851562,0.039584554731845856,709.4323120117188,130.5988311767578,0.06312842667102814,851.4117431640625,121.81517028808594,0.0410340242087841,910.3883666992188,93.71493530273438,0.8777429461479187,849.6781005859375,87.20608520507812,0.853899359703064,976.7606201171875,461.1228332519531,0.9858698844909668,747.5595703125,441.11114501953125,0.9803275465965271,1213.034912109375,753.3763427734375,0.9896473288536072,692.9181518554688,784.2760620117188,0.9882091283798218
298,9933,801.2955322265625,88.9365234375,0.003823128528892994,804.3109130859375,71.22683715820312,0.005051140673458576,796.33154296875,77.28895568847656,0.002019766252487898,836.3713989257812,61.53380584716797,0.01112539041787386,811.4185791015625,69.92301177978516,0.002119598910212517,846.3483276367188,40.838653564453125,0.012697971425950527,835.9471435546875,14.050872802734375,0.007576735690236092,785.310302734375,87.92720031738281,0.05174596980214119,881.9295654296875,73.45614624023438,0.03308268263936043,768.828369140625,133.71194458007812,0.05215137451887131,873.61962890625,123.75480651855469,0.03389028459787369,901.0472412109375,92.81977844238281,0.8535086512565613,837.9886474609375,87.12716674804688,0.8224669098854065,956.8921508789062,472.30078125,0.9818867444992065,746.8154296875,453.95782470703125,0.9753478765487671,1218.5289306640625,738.9113159179688,0.9874745607376099,737.5484619140625,802.184326171875,0.9854984283447266
299,9966,775.4016723632812,83.38916015625,0.0022012919653207064,776.3749389648438,62.46180725097656,0.0030893043149262667,775.2254028320312,73.70343017578125,0.00133154122158885,803.3887939453125,51.479095458984375,0.011466775089502335,803.00341796875,69.83308410644531,0.0023841632064431906,809.8504638671875,21.876686096191406,0.008467921987175941,841.2887573242188,3.058868408203125,0.009412855841219425,757.5258178710938,65.05302429199219,0.02913573943078518,883.1140747070312,48.32897186279297,0.040453922003507614,748.8770751953125,135.9669952392578,0.027227573096752167,872.8116455078125,111.59662628173828,0.03223366662859917,874.927734375,77.70277404785156,0.8138876557350159,847.5580444335938,83.51275634765625,0.8266870975494385,910.4022827148438,472.17822265625,0.9708849191665649,762.9119873046875,462.3540344238281,0.9702062606811523,1202.3011474609375,717.0732421875,0.9770876169204712,773.8511352539062,809.7700805664062,0.978126585483551
300,10000,809.1295776367188,90.34584045410156,0.003397638676688075,811.4425048828125,75.02021026611328,0.004539676941931248,803.833740234375,82.54012298583984,0.0019711495842784643,839.158447265625,58.33058166503906,0.011301177553832531,820.5470581054688,69.9030532836914,0.002408069558441639,833.527099609375,26.03375244140625,0.012106194160878658,848.1754760742188,6.1869964599609375,0.00686113815754652,782.1719970703125,69.35366821289062,0.04606197774410248,838.5360717773438,82.66978454589844,0.026163676753640175,757.7501831054688,143.0075225830078,0.04473565146327019,788.1017456054688,166.75421142578125,0.02790612168610096,864.5338134765625,93.27438354492188,0.817893922328949,837.2752075195312,88.6483154296875,0.7739534378051758,874.65966796875,495.2582702636719,0.9737895727157593,770.6459350585938,474.6164245605469,0.9644528031349182,1187.1485595703125,722.8229370117188,0.982157826423645,806.0048217773438,814.4981689453125,0.9791993498802185
301,10033,778.8814697265625,99.6577377319336,0.0033309634309262037,779.6275634765625,82.15111541748047,0.004344652406871319,776.1566162109375,92.7894515991211,0.001802503946237266,812.8367309570312,61.74993896484375,0.01458526961505413,814.2046508789062,78.02954864501953,0.0030774406623095274,816.9678955078125,16.400161743164062,0.01514023169875145,861.2883911132812,2.468353271484375,0.015093858353793621,781.2938232421875,48.63139343261719,0.048453960567712784,843.383056640625,76.76486206054688,0.05119847133755684,767.3536376953125,162.4306182861328,0.04319532588124275,772.7710571289062,179.87269592285156,0.042722657322883606,869.6056518554688,107.74722290039062,0.8515303730964661,872.61767578125,109.74650573730469,0.8506503701210022,824.537841796875,490.97113037109375,0.9728363156318665,774.8482055664062,486.8951110839844,0.9701175093650818,1134.84423828125,708.6991577148438,0.9800370931625366,842.77294921875,818.54248046875,0.9790233373641968
302,10066,777.08642578125,103.62052917480469,0.00253599532879889,779.679931640625,87.61003875732422,0.0031798584386706352,774.37158203125,101.88725280761719,0.0015194178558886051,806.9132080078125,62.511749267578125,0.01344156451523304,798.7293701171875,87.32368469238281,0.003258500946685672,809.9114379882812,14.546218872070312,0.014252767898142338,841.675048828125,1.4051742553710938,0.021124983206391335,773.7649536132812,52.99829864501953,0.046959348022937775,782.6986694335938,71.37934112548828,0.08304905146360397,728.3507080078125,159.39158630371094,0.03945659473538399,688.9127807617188,151.7769012451172,0.06680251657962799,866.0553588867188,131.80833435058594,0.8741072416305542,873.2444458007812,135.91265869140625,0.8917037844657898,792.1405029296875,491.32232666015625,0.9704053401947021,786.4442749023438,502.5339660644531,0.972791314125061,1064.642333984375,703.8253784179688,0.9757786393165588,873.2608032226562,811.1119995117188,0.9759724140167236
303,10100,782.067626953125,86.32635498046875,0.0013699567643925548,777.4708251953125,72.0168685913086,0.0020201699808239937,785.8636474609375,87.55618286132812,0.0007444118964485824,798.717041015625,52.701141357421875,0.026724694296717644,844.6558227539062,78.12744140625,0.004666296299546957,793.6973876953125,9.877143859863281,0.04064446687698364,915.2472534179688,0.0,0.02953324280679226,765.94384765625,19.084716796875,0.07631151378154755,874.5313110351562,46.47798156738281,0.05764246731996536,806.0205688476562,82.74252319335938,0.03355767950415611,815.32568359375,97.85993957519531,0.026685720309615135,872.4680786132812,147.40298461914062,0.9170783162117004,939.4614868164062,144.3623809814453,0.9047929048538208,766.2752685546875,491.9015197753906,0.9753795266151428,784.0640258789062,484.29541015625,0.9701147079467773,1001.5321655273438,724.7164916992188,0.9768591523170471,900.327392578125,801.0265502929688,0.9726903438568115
304,10133,783.7794799804688,91.4834976196289,0.0018898972775787115,778.453857421875,75.1120834350586,0.002306914422661066,783.7915649414062,93.21288299560547,0.0008477878291159868,810.3057861328125,54.172027587890625,0.02611636370420456,850.3456420898438,84.09239959716797,0.004961023107171059,802.7199096679688,12.411758422851562,0.06036887690424919,931.7332763671875,1.9493408203125,0.03951852023601532,774.4383544921875,10.966506958007812,0.1346226930618286,888.3596801757812,45.70408630371094,0.08116400241851807,788.7032470703125,69.95562744140625,0.07792886346578598,822.5006103515625,84.34835815429688,0.049412768334150314,868.809326171875,132.8881072998047,0.8936455845832825,955.0611572265625,130.64584350585938,0.867849588394165,726.8856811523438,473.0221252441406,0.9618104696273804,823.8336181640625,495.39984130859375,0.94818115234375,956.4034423828125,745.9905395507812,0.9562729597091675,938.8590698242188,802.7835083007812,0.9434861540794373
305,10166,781.8983154296875,78.09546661376953,0.0032770156394690275,779.742919921875,62.324501037597656,0.0037489270325750113,780.7034912109375,81.01254272460938,0.001198116922751069,820.1942138671875,46.24273681640625,0.01883181557059288,842.2001953125,77.97441101074219,0.00323960417881608,825.2222900390625,9.560394287109375,0.05369321629405022,911.30224609375,0.0,0.0250544473528862,788.4669799804688,11.732986450195312,0.2029743790626526,852.7208862304688,27.263763427734375,0.08210767060518265,802.1893310546875,42.657623291015625,0.18975281715393066,799.6829223632812,39.177703857421875,0.09045103192329407,881.6614379882812,136.1773681640625,0.94267737865448,948.318115234375,134.4605255126953,0.912083625793457,699.0732421875,464.0203857421875,0.9888021945953369,848.1661987304688,506.824951171875,0.9812577962875366,883.8073120117188,786.874755859375,0.9894077777862549,1012.0455932617188,833.4185180664062,0.9833697080612183
306,10200,771.7412719726562,79.87907409667969,0.0017197332344949245,771.5051879882812,64.699951171875,0.0020481240935623646,776.5823364257812,84.11194610595703,0.000665852043312043,812.3665161132812,46.723480224609375,0.016270391643047333,844.9622192382812,78.63093566894531,0.002650447888299823,821.76708984375,0.22185516357421875,0.03975136950612068,916.7208251953125,0.0,0.022540045902132988,778.80859375,7.2689208984375,0.15856392681598663,855.4409790039062,20.175933837890625,0.0865345224738121,811.963623046875,39.233001708984375,0.14625190198421478,799.9049072265625,42.66522216796875,0.09073103964328766,875.1004638671875,140.6664276123047,0.9377350211143494,953.86962890625,137.9593963623047,0.9149925708770752,686.5411376953125,453.1044616699219,0.9868360757827759,872.1823120117188,489.7950744628906,0.9806036353111267,800.7451171875,782.5805053710938,0.9859382510185242,1041.122802734375,812.76416015625,0.9797822833061218
307,10233,791.8255004882812,95.22118377685547,0.0023415465839207172,789.9642333984375,74.78487396240234,0.0028736302629113197,787.1466674804688,89.78031921386719,0.0010765176266431808,824.6146240234375,53.052520751953125,0.024443598464131355,841.2977294921875,78.46998596191406,0.004289474803954363,831.2986450195312,2.493804931640625,0.049084484577178955,894.47265625,7.8162689208984375,0.02387322299182415,798.4537353515625,33.4178466796875,0.10297328978776932,879.6646728515625,48.229522705078125,0.051959410309791565,813.3263549804688,102.90518188476562,0.07609408348798752,811.5009155273438,105.57179260253906,0.04854969307780266,880.6951904296875,119.92474365234375,0.9189032316207886,942.5457153320312,127.27647399902344,0.8824525475502014,705.169921875,444.6033630371094,0.9844365119934082,914.98779296875,499.229736328125,0.9744218587875366,713.8740234375,808.7952270507812,0.9850149750709534,1094.6754150390625,801.1102294921875,0.9774439930915833
308,10266,811.1966552734375,100.2385482788086,0.0019156053895130754,806.0008544921875,79.95085144042969,0.002082458231598139,809.7647094726562,91.0682144165039,0.0009441398433409631,822.8580322265625,56.63740539550781,0.018848638981580734,861.7901000976562,75.02705383300781,0.0043699294328689575,821.003173828125,9.826400756835938,0.036934517323970795,915.0743408203125,10.907867431640625,0.02277621440589428,811.7018432617188,64.23893737792969,0.0797797366976738,922.4192504882812,67.08119201660156,0.05680418014526367,833.4672241210938,160.0474090576172,0.06661001592874527,866.8898315429688,153.78396606445312,0.05592447146773338,870.8591918945312,115.09638977050781,0.9254325032234192,956.3672485351562,121.05189514160156,0.9023062586784363,726.3235473632812,456.5713806152344,0.9887925982475281,954.5416259765625,496.3472900390625,0.9831507802009583,653.4186401367188,814.33154296875,0.9894586801528931,1129.612548828125,780.3988037109375,0.9853078722953796
309,10300,821.9566040039062,96.90850067138672,0.0019295986276119947,817.9578247070312,76.44657897949219,0.0020502235274761915,820.3832397460938,85.16867065429688,0.0009301528916694224,833.8950805664062,58.054229736328125,0.015164774842560291,866.7321166992188,72.05671691894531,0.0036092300433665514,836.6774291992188,12.244400024414062,0.02690889500081539,908.172607421875,15.06170654296875,0.016846105456352234,817.9323120117188,65.32630920410156,0.07028664648532867,909.103271484375,63.12400817871094,0.05029408261179924,822.4567260742188,144.70916748046875,0.07241745293140411,847.7704467773438,132.75865173339844,0.06128764897584915,880.7033081054688,98.91526794433594,0.9112328290939331,953.9445190429688,105.22746276855469,0.8850443363189697,736.7394409179688,449.9489440917969,0.9893026947975159,979.28173828125,484.2115173339844,0.983751118183136,610.8946533203125,807.611572265625,0.9901304841041565,1166.6092529296875,766.5911865234375,0.9862560629844666
310,10333,800.8201904296875,85.71858215332031,0.0009893516544252634,804.3508911132812,68.0068588256836,0.0012448800262063742,803.8045043945312,77.01880645751953,0.0004579504020512104,823.0258178710938,51.26426696777344,0.011962123215198517,839.9002685546875,65.08129119873047,0.002051720628514886,830.3218383789062,2.9894485473632812,0.014658047817647457,881.9533081054688,3.137969970703125,0.010063259862363338,817.6058959960938,53.88427734375,0.053137779235839844,882.1468505859375,56.235877990722656,0.03804486244916916,825.6134033203125,139.24365234375,0.059517014771699905,821.6387329101562,132.23370361328125,0.045558638870716095,871.8519287109375,97.90475463867188,0.8982464075088501,937.9039306640625,99.2794189453125,0.8756996393203735,741.7867431640625,459.0999755859375,0.9883133172988892,981.3046875,469.5689697265625,0.9836896061897278,617.9038696289062,796.3280639648438,0.9885132908821106,1187.2855224609375,757.8023071289062,0.9850683808326721
311,10366,805.7428588867188,96.60671997070312,0.0021752133034169674,804.207275390625,76.87861633300781,0.002632893156260252,804.6860961914062,85.5256576538086,0.0009627268882468343,824.5479125976562,59.627655029296875,0.01736186072230339,848.1903686523438,73.09732818603516,0.002892998280003667,826.4749755859375,17.719207763671875,0.026938725262880325,885.1382446289062,17.8392333984375,0.012288950383663177,803.0433349609375,69.21784973144531,0.07926759868860245,887.3092041015625,67.83229064941406,0.03676772490143776,802.1845703125,144.8275909423828,0.08717165887355804,828.085693359375,135.20068359375,0.0517834909260273,868.3689575195312,92.93545532226562,0.9030222296714783,931.264892578125,97.04493713378906,0.8566755652427673,746.4286499023438,447.191650390625,0.9891646504402161,974.3384399414062,473.6222839355469,0.9806530475616455,666.1127319335938,809.957763671875,0.9900071620941162,1190.199462890625,735.1038208007812,0.9850907325744629
312,10400,773.2510986328125,95.2364501953125,0.0017819841159507632,777.2957153320312,73.63714599609375,0.0023825103417038918,775.8192138671875,86.79698181152344,0.0007467402028851211,803.8486328125,55.06617736816406,0.011249433271586895,813.7852172851562,75.75226593017578,0.0015144986100494862,804.927490234375,7.7141876220703125,0.009898410178720951,864.5228271484375,0.0,0.0073682283982634544,766.7374877929688,62.3287353515625,0.058488454669713974,821.6109008789062,57.25840759277344,0.0406661257147789,711.157470703125,150.69723510742188,0.09930077195167542,705.5106811523438,145.52320861816406,0.07966295629739761,858.0963745117188,87.3087158203125,0.8488070964813232,921.1257934570312,83.49778747558594,0.8185614347457886,746.823486328125,464.0316467285156,0.9845975637435913,939.721435546875,467.2401428222656,0.9772950410842896,709.6488647460938,813.1417236328125,0.9858335852622986,1194.3050537109375,718.8392944335938,0.9810913801193237
313,10433,804.0018310546875,97.8698501586914,0.0024913987144827843,805.8101806640625,77.98736572265625,0.003115864470601082,801.6626586914062,89.16691589355469,0.001224666484631598,830.2359008789062,58.21435546875,0.01518518291413784,831.4471435546875,77.26219940185547,0.002717006718739867,824.6305541992188,12.5994873046875,0.017091596499085426,866.205322265625,5.0494537353515625,0.010930236428976059,800.490234375,69.11105346679688,0.05258152261376381,897.563232421875,44.38398742675781,0.03881378099322319,789.9177856445312,143.68753051757812,0.06438219547271729,863.7638549804688,88.4615478515625,0.05516102537512779,855.3515625,90.85725402832031,0.8673733472824097,894.2565307617188,93.37152099609375,0.8312736749649048,748.3572387695312,456.425537109375,0.9857995510101318,914.4558715820312,482.18499755859375,0.9769375324249268,743.5179443359375,831.39697265625,0.9884021878242493,1166.7796630859375,693.7509765625,0.9840074181556702
314,10466,777.1123046875,93.9993896484375,0.002049693837761879,777.7119750976562,75.28578186035156,0.002571692457422614,777.4281005859375,89.2262191772461,0.0009274265030398965,807.2303466796875,51.02508544921875,0.01678258553147316,819.421875,74.60584259033203,0.0024620546028017998,804.221923828125,0.0,0.021772505715489388,866.2794799804688,0.0,0.016280774027109146,775.3984375,51.57289123535156,0.06817177683115005,883.3389282226562,37.82611083984375,0.06013840436935425,755.3638916015625,138.63414001464844,0.07085657864809036,818.3346557617188,108.09635925292969,0.07382579892873764,851.2171020507812,111.08587646484375,0.9061477780342102,897.824951171875,111.183837890625,0.8869166970252991,736.4172973632812,466.4725341796875,0.9869292974472046,864.7450561523438,486.81756591796875,0.9799527525901794,772.6729125976562,825.5993041992188,0.9885368347167969,1137.7899169921875,678.3893432617188,0.984849214553833
315,10500,764.609130859375,84.36634826660156,0.002931829309090972,767.4078979492188,65.49005126953125,0.003983574919402599,762.775146484375,80.35844421386719,0.0013069652486592531,801.8115234375,43.935516357421875,0.01852940209209919,790.4031372070312,70.79324340820312,0.0027085801120847464,815.4607543945312,1.7683868408203125,0.021464236080646515,825.2489013671875,0.0,0.01631314866244793,799.1726684570312,53.16636657714844,0.06957275420427322,823.5692138671875,56.82952880859375,0.05113945156335831,766.7752685546875,157.1818084716797,0.07639467716217041,763.8512573242188,151.00950622558594,0.06220365688204765,870.0265502929688,103.29460144042969,0.9020978808403015,880.9244384765625,103.25001525878906,0.8782861828804016,740.1427001953125,473.586181640625,0.9875825047492981,828.570556640625,496.4477233886719,0.9792516827583313,797.7284545898438,846.20654296875,0.9895581603050232,1090.9755859375,677.3426513671875,0.9850286245346069
316,10533,772.2515258789062,95.18678283691406,0.003579690121114254,774.5167236328125,76.22213745117188,0.003987410105764866,768.519287109375,91.67999267578125,0.0017567420145496726,806.402587890625,50.202117919921875,0.012449587695300579,786.7095336914062,78.99341583251953,0.0029063273686915636,825.6190795898438,5.912109375,0.015488647855818272,811.0772705078125,0.0,0.022113041952252388,811.2945556640625,62.21429443359375,0.06189775839447975,783.8280029296875,65.36659240722656,0.0971544086933136,756.1026611328125,165.0439453125,0.08559156954288483,712.0617065429688,155.97738647460938,0.13009652495384216,878.2922973632812,105.08967590332031,0.8849608898162842,870.7762451171875,104.47274780273438,0.8904796838760376,749.4188842773438,478.4643859863281,0.9836025238037109,806.7504272460938,499.8785095214844,0.9793936014175415,845.6155395507812,839.3056640625,0.9857974648475647,1046.1585693359375,696.7094116210938,0.9830021262168884
317,10566,771.8389892578125,91.43417358398438,0.0018435547826811671,775.1854248046875,74.65457153320312,0.002563685644418001,772.7688598632812,90.81033325195312,0.0010269470512866974,807.182373046875,50.42884826660156,0.018737001344561577,798.3521118164062,78.53398132324219,0.0034126569516956806,823.8563232421875,11.676109313964844,0.020321441814303398,827.121337890625,0.0,0.02474086545407772,816.3822021484375,57.306427001953125,0.05190851911902428,805.5628051757812,62.94202423095703,0.07175541669130325,787.0790405273438,160.1904296875,0.04092705249786377,735.4170532226562,158.23301696777344,0.05592956021428108,875.4522094726562,138.35499572753906,0.9012845754623413,875.8170776367188,134.50149536132812,0.904216468334198,761.0735473632812,492.5100402832031,0.9799923300743103,798.6553344726562,491.2605285644531,0.9757252931594849,893.2644653320312,828.79931640625,0.9804362654685974,1004.733642578125,711.463134765625,0.9780550599098206
318,10600,765.1574096679688,94.74913787841797,0.001591357751749456,768.61376953125,73.18235778808594,0.002496575703844428,757.8326416015625,88.6827392578125,0.0006765858852304518,814.8653564453125,50.373504638671875,0.02491314336657524,784.0615234375,78.90989685058594,0.002467690734192729,851.13671875,18.969406127929688,0.03448278084397316,809.8784790039062,4.3708648681640625,0.023266714066267014,807.7926635742188,56.069915771484375,0.08900819718837738,787.8997802734375,72.65583801269531,0.05748257040977478,755.2283935546875,151.767333984375,0.05992620438337326,697.3068237304688,155.88697814941406,0.042211879044771194,895.73974609375,126.95169067382812,0.8509171009063721,853.768310546875,117.98300170898438,0.8200075030326843,780.8035278320312,493.6818542480469,0.9512273669242859,712.4548950195312,471.50408935546875,0.9287511110305786,929.2460327148438,824.5490112304688,0.941619873046875,932.6913452148438,757.7166137695312,0.9275129437446594
319,10633,774.0150756835938,98.08582305908203,0.0015398396644741297,778.082763671875,78.6532974243164,0.002168745268136263,768.073974609375,93.1318359375,0.0007786563946865499,816.6861572265625,56.05242919921875,0.021825164556503296,785.3905029296875,82.83405303955078,0.0033442338462918997,844.0942993164062,22.622955322265625,0.03596610575914383,809.5944213867188,6.5911102294921875,0.02876688912510872,800.352783203125,62.364898681640625,0.08135665208101273,829.7005004882812,80.58979797363281,0.06758379191160202,772.6843872070312,160.8003387451172,0.04698875918984413,775.67724609375,176.11761474609375,0.03836953639984131,891.4655151367188,133.12948608398438,0.9180203080177307,839.7891235351562,122.39657592773438,0.9079643487930298,824.2774658203125,507.47882080078125,0.9784109592437744,689.2857055664062,455.0871276855469,0.9699671864509583,978.3878173828125,826.0797729492188,0.9750686287879944,864.1676025390625,733.7486572265625,0.9726525545120239
320,10666,764.1231079101562,94.2352066040039,0.0011653788387775421,769.4247436523438,78.30695343017578,0.0018524014158174396,765.0291748046875,90.47323608398438,0.000736882328055799,805.2901611328125,59.27934265136719,0.023342490196228027,789.3543090820312,79.56930541992188,0.0037251703906804323,833.758544921875,23.178199768066406,0.022127635776996613,816.1209106445312,4.702972412109375,0.026210781186819077,785.7152709960938,61.51268005371094,0.03580616042017937,849.7763671875,64.36461639404297,0.05462784320116043,775.5364990234375,152.6048126220703,0.01642921008169651,821.0379638671875,166.07070922851562,0.021573619917035103,884.453857421875,148.4066619873047,0.9016128778457642,834.6535034179688,137.271484375,0.912128210067749,862.9700927734375,502.571044921875,0.9767687320709229,696.4397583007812,441.425537109375,0.9749044179916382,1014.8128051757812,832.44140625,0.9754350781440735,788.7404174804688,754.0691528320312,0.9782308340072632
321,10700,781.7048950195312,91.79818725585938,0.0039292494766414165,787.9689331054688,75.86995697021484,0.005558031145483255,781.3447265625,87.14591979980469,0.002733701840043068,822.6029663085938,61.458709716796875,0.027113674208521843,799.3412475585938,77.63221740722656,0.006785219069570303,840.8844604492188,20.260780334472656,0.03835192695260048,825.4070434570312,4.62945556640625,0.024573488160967827,803.2955932617188,54.972679138183594,0.0701049193739891,870.907470703125,39.899505615234375,0.051427651196718216,813.081298828125,120.3555908203125,0.04038228839635849,912.7239990234375,95.83644104003906,0.02850894257426262,898.4443969726562,127.71986389160156,0.8716105222702026,841.0724487304688,115.14372253417969,0.8507814407348633,896.7752075195312,486.74249267578125,0.9645681381225586,697.5071411132812,440.4265441894531,0.9541618227958679,1066.5428466796875,814.75048828125,0.9515749216079712,714.8602905273438,782.031982421875,0.9479047060012817
322,10733,779.2860717773438,87.05504608154297,0.0027349006850272417,782.2269897460938,70.25564575195312,0.0032299195881932974,777.4228515625,76.75135803222656,0.0013100772630423307,812.4570922851562,53.7147216796875,0.013869072310626507,798.3634643554688,63.832237243652344,0.0026817850302904844,823.8051147460938,26.180648803710938,0.020191216841340065,833.1260375976562,12.2373046875,0.020124848932027817,748.9632568359375,72.63560485839844,0.06765712052583694,859.7179565429688,74.53482055664062,0.06992786377668381,699.0864868164062,145.1498565673828,0.05366276949644089,795.2605590820312,147.0545196533203,0.04875730723142624,890.0402221679688,117.87812805175781,0.8984501361846924,843.7890625,110.556884765625,0.8998890519142151,927.970458984375,482.3991394042969,0.9826619625091553,713.0480346679688,441.9571838378906,0.979377269744873,1110.9583740234375,800.2919311523438,0.9824329614639282,667.539794921875,786.1593017578125,0.9834850430488586
323,10766,782.3208618164062,84.34069061279297,0.0028014490380883217,784.919189453125,67.87548065185547,0.0030130452942103148,781.3106689453125,72.68046569824219,0.0014330113772302866,811.236328125,55.690338134765625,0.009595965035259724,800.021728515625,62.15043640136719,0.002412576926872134,815.4105834960938,32.4796142578125,0.01190878078341484,836.6197509765625,15.977645874023438,0.015316578559577465,741.8511352539062,87.38214111328125,0.04631353169679642,902.2212524414062,75.60566711425781,0.07042746245861053,707.6922607421875,145.16075134277344,0.04751303791999817,906.605712890625,129.7071533203125,0.05571720749139786,888.8807373046875,100.19938659667969,0.8701050281524658,843.7992553710938,95.63905334472656,0.885817289352417,943.18505859375,472.67852783203125,0.9826257228851318,723.9635009765625,440.4742126464844,0.9818267822265625,1148.943603515625,785.2708740234375,0.9847044944763184,651.6873779296875,788.7567138671875,0.986727774143219
324,10800,789.9845581054688,82.0923843383789,0.003929844591766596,790.1510009765625,66.53109741210938,0.0042232489213347435,785.3983154296875,73.2751693725586,0.00205832626670599,816.7256469726562,55.61659240722656,0.008845657110214233,801.6943359375,65.18964385986328,0.00242834584787488,818.8009643554688,32.67063903808594,0.014835656620562077,842.8387451171875,9.830657958984375,0.009204267524182796,746.718994140625,87.472412109375,0.07199234515428543,898.7997436523438,74.10310363769531,0.04619995877146721,711.9005126953125,139.4674530029297,0.07985791563987732,898.3702392578125,136.7266387939453,0.05093167722225189,889.3914794921875,95.279296875,0.8789137005805969,844.5234985351562,83.78118896484375,0.8534575700759888,942.8851928710938,465.6492919921875,0.9854194521903992,728.9083251953125,441.1964111328125,0.9797459244728088,1163.28857421875,766.7948608398438,0.9885905385017395,656.7662353515625,786.892822265625,0.986844539642334
325,10833,788.9701538085938,84.3021011352539,0.004359394311904907,790.8541259765625,67.7036361694336,0.00530459126457572,781.9017944335938,74.53072357177734,0.0021854329388588667,822.272705078125,55.83306884765625,0.009753498248755932,795.401611328125,65.49762725830078,0.0020819806959480047,829.4763793945312,32.484832763671875,0.014016333036124706,829.4485473632812,6.513519287109375,0.00667600380256772,752.7722778320312,85.70439147949219,0.07255915552377701,869.016357421875,73.63385009765625,0.03312830254435539,704.059326171875,138.23387145996094,0.08457227051258087,861.6622924804688,139.4399871826172,0.042336370795965195,885.1983032226562,86.63735961914062,0.8490462899208069,828.919189453125,75.0948486328125,0.7994072437286377,919.9517211914062,470.74127197265625,0.9815630912780762,724.0469970703125,444.1202087402344,0.9718540906906128,1171.6611328125,744.7001953125,0.9862293004989624,693.8858642578125,786.28662109375,0.9829052686691284
326,10866,761.142578125,89.14263153076172,0.0026403453666716814,765.9288330078125,65.95578002929688,0.0040281121619045734,758.21826171875,76.51441955566406,0.00152898533269763,800.431884765625,56.71490478515625,0.010212605819106102,778.5337524414062,73.11735534667969,0.001755652716383338,810.5674438476562,33.31903839111328,0.006179015152156353,810.1047973632812,10.399337768554688,0.0057381573133170605,747.7908935546875,82.91473388671875,0.02730049192905426,817.340576171875,68.050048828125,0.028871988877654076,696.986572265625,144.883544921875,0.032589759677648544,753.6312866210938,156.18150329589844,0.03263517841696739,860.5347290039062,63.836700439453125,0.759503185749054,817.798095703125,64.24040222167969,0.758918821811676,883.4848022460938,468.3262023925781,0.9683735966682434,743.7223510742188,452.7923583984375,0.9648184180259705,1165.392333984375,719.6817626953125,0.9774875044822693,744.42041015625,810.248291015625,0.9771183729171753
327,10900,760.0816650390625,97.86030578613281,0.004567013122141361,766.7372436523438,76.92780303955078,0.0058433194644749165,751.7891235351562,84.19855499267578,0.0023072799667716026,804.5501098632812,61.454383850097656,0.007284641265869141,765.6068115234375,71.25560760498047,0.0014578521950170398,814.1026611328125,29.13189697265625,0.00583025673404336,793.72509765625,7.917388916015625,0.005070052109658718,749.187744140625,72.56488037109375,0.04216645285487175,777.9466552734375,72.73448181152344,0.036729030311107635,667.6978149414062,145.2725372314453,0.07554458826780319,689.6902465820312,151.2326202392578,0.06549729406833649,849.3528442382812,67.0367431640625,0.7616002559661865,801.0774536132812,65.78292846679688,0.7474845051765442,848.4898681640625,481.3905944824219,0.9730381965637207,745.1414794921875,466.5052185058594,0.9674245715141296,1157.7213134765625,717.9573974609375,0.9822115302085876,770.9130249023438,814.0245361328125,0.9809800982475281
328,10933,761.4052124023438,86.95376586914062,0.002298662904649973,764.5501098632812,69.61871337890625,0.003244567895308137,758.7875366210938,82.4099349975586,0.0013967154081910849,793.6107788085938,50.547821044921875,0.011946708895266056,784.1396484375,71.64431762695312,0.0023677204735577106,792.4053955078125,10.848472595214844,0.008642633445560932,831.7973022460938,0.0,0.010568358935415745,744.015869140625,55.21703338623047,0.030764514580368996,798.396240234375,58.39251708984375,0.04510597512125969,711.7489624023438,160.89285278320312,0.02908754162490368,709.3950805664062,171.4246826171875,0.040092285722494125,843.8333740234375,95.81227111816406,0.8048129677772522,843.9794311523438,96.966064453125,0.8213986754417419,802.0927734375,484.8660583496094,0.963021993637085,759.437744140625,481.3103332519531,0.9638952612876892,1113.885498046875,705.489013671875,0.9722548723220825,803.5226440429688,817.077392578125,0.9727756381034851
329,10966,761.829345703125,98.31047058105469,0.0025191791355609894,764.5021362304688,83.01223754882812,0.003310017753392458,758.4287109375,95.62223052978516,0.001507245353423059,791.3719482421875,61.256011962890625,0.012483501806855202,785.9249877929688,81.45780944824219,0.0027799198869615793,787.4328002929688,16.83563232421875,0.011283168569207191,842.9108276367188,0.0,0.01515694335103035,766.2430419921875,54.41352081298828,0.039159275591373444,773.5693969726562,60.05298614501953,0.06327089667320251,725.7140502929688,159.4457244873047,0.03575516119599342,686.8628540039062,155.78074645996094,0.055176351219415665,850.12158203125,120.1680908203125,0.853286623954773,875.01220703125,119.60014343261719,0.869783878326416,766.9839477539062,484.58184814453125,0.9710744023323059,769.6744995117188,488.5426025390625,0.9729624390602112,1059.401123046875,697.9795532226562,0.9792502522468567,825.035400390625,816.50341796875,0.9794512391090393
330,11000,776.239013671875,105.09004211425781,0.0026364591903984547,772.0047607421875,88.66912078857422,0.002959426026791334,771.051513671875,102.48239135742188,0.0015410423511639237,790.6472778320312,64.97300720214844,0.015933973714709282,808.0396728515625,87.6899185180664,0.004927461966872215,783.2940673828125,25.162307739257812,0.027153318747878075,874.2369384765625,0.908660888671875,0.031860724091529846,763.122802734375,54.38397216796875,0.06786143779754639,803.2628784179688,75.35133361816406,0.08739475905895233,736.66650390625,158.11203002929688,0.047482382506132126,704.7869873046875,160.1011505126953,0.06207194924354553,853.2205810546875,112.90187072753906,0.8954863548278809,906.8731079101562,108.15092468261719,0.8995090126991272,744.3927612304688,487.4608154296875,0.9746128916740417,765.28271484375,491.4697265625,0.974217414855957,1007.4724731445312,706.4514770507812,0.9802734851837158,862.2156982421875,816.9131469726562,0.9786056876182556
331,11033,758.7193603515625,78.51603698730469,0.002457411028444767,753.9111938476562,60.57060241699219,0.0025907380040735006,755.4479370117188,78.71198272705078,0.0009793582139536738,783.9842529296875,38.737518310546875,0.01834332011640072,812.136474609375,68.99727630615234,0.003570778528228402,772.066650390625,0.0,0.0506160706281662,886.9728393554688,0.0,0.03375353291630745,741.54638671875,0.9849700927734375,0.18236839771270752,803.3234252929688,46.157867431640625,0.10746453702449799,764.5968627929688,66.29795837402344,0.1590517908334732,725.96826171875,140.26254272460938,0.10538449138402939,855.6202392578125,121.18565368652344,0.8641930818557739,932.8202514648438,117.75064086914062,0.8283249735832214,707.052490234375,469.9266357421875,0.9490147233009338,785.6121826171875,482.0885009765625,0.9265284538269043,934.5025634765625,767.9437866210938,0.9321302175521851,915.6288452148438,788.1040649414062,0.9108569622039795
332,11066,765.1366577148438,76.25958251953125,0.0035819443874061108,761.9732666015625,59.76287841796875,0.003879475872963667,761.3067626953125,78.87405395507812,0.001467704540118575,796.3744506835938,44.50767517089844,0.01633789762854576,816.7661743164062,76.43868255615234,0.003662507515400648,794.71533203125,5.5418701171875,0.04558398202061653,889.2425537109375,0.0,0.022835012525320053,765.85107421875,2.6622161865234375,0.18119049072265625,826.7852783203125,18.027740478515625,0.07922889292240143,780.6573486328125,33.411712646484375,0.18170252442359924,777.3139038085938,31.820068359375,0.09296823292970657,861.7507934570312,121.92466735839844,0.9211747646331787,932.5213623046875,118.54170227050781,0.8853335380554199,674.8749389648438,466.8504943847656,0.9841220378875732,816.7789306640625,494.27471923828125,0.9746675491333008,891.3973388671875,779.4935913085938,0.9848387241363525,967.57470703125,828.3131713867188,0.9777219295501709
333,11100,764.6743774414062,88.23181915283203,0.0022209773305803537,763.27587890625,69.33467102050781,0.00292909424751997,760.907958984375,86.98326873779297,0.0010485812090337276,802.0238037109375,48.851531982421875,0.022173255681991577,817.7146606445312,78.7342529296875,0.004116298630833626,813.716552734375,10.145736694335938,0.03740501031279564,888.52587890625,6.1172332763671875,0.02206873707473278,792.5856323242188,43.70892333984375,0.0834326222538948,876.526611328125,70.17306518554688,0.047883644700050354,782.3772583007812,145.4216766357422,0.06324698776006699,812.6751708984375,160.0543670654297,0.04084329679608345,859.7846069335938,118.166015625,0.9139424562454224,923.3163452148438,117.38818359375,0.8870860934257507,672.5625,449.5679016113281,0.9853251576423645,848.435302734375,494.8578186035156,0.9788516759872437,806.724609375,794.7984008789062,0.9888545274734497,1000.6155395507812,825.5701904296875,0.9843005537986755
334,11133,766.1627197265625,91.70638275146484,0.0015436654211953282,763.4873657226562,71.53557586669922,0.001994500868022442,766.4465942382812,87.15966796875,0.0006883357418701053,797.607666015625,49.351409912109375,0.020660454407334328,832.5306396484375,75.66670989990234,0.003503119107335806,809.1053466796875,9.700607299804688,0.03295420482754707,906.4713134765625,9.0911865234375,0.020802954211831093,797.4408569335938,54.35687255859375,0.07409822940826416,905.8825073242188,77.59414672851562,0.04772463068366051,805.9915161132812,163.67747497558594,0.05845280736684799,833.1162109375,168.13307189941406,0.0416787751019001,860.315185546875,121.364501953125,0.899768054485321,943.7124633789062,123.49214172363281,0.8725327253341675,689.858154296875,444.4084167480469,0.9833100438117981,889.7230224609375,495.8480529785156,0.9760968089103699,726.058837890625,811.647216796875,0.9862297773361206,1055.26708984375,815.0035400390625,0.9804078936576843
335,11166,792.7476196289062,99.42388916015625,0.002277912339195609,786.7844848632812,76.18366241455078,0.002559098182246089,791.3757934570312,88.83920288085938,0.001196059980429709,805.9052124023438,54.10400390625,0.02320624329149723,851.73291015625,73.97335052490234,0.005560371559113264,800.7770385742188,11.7843017578125,0.04021851718425751,914.2366943359375,11.070465087890625,0.026285219937562943,793.2075805664062,71.04606628417969,0.06976664811372757,903.1287841796875,75.21267700195312,0.05275562033057213,812.9296875,169.81484985351562,0.05308649316430092,827.0222778320312,172.80039978027344,0.04734548181295395,853.5261840820312,119.43045043945312,0.9039884805679321,952.9857788085938,123.20516967773438,0.8790981769561768,696.8165283203125,454.1092529296875,0.9840092658996582,928.3148803710938,494.6358337402344,0.9772157669067383,671.470458984375,816.8631591796875,0.9856333136558533,1096.168212890625,799.83349609375,0.9805561900138855
336,11200,804.3505249023438,98.36782836914062,0.002004360081627965,799.1460571289062,76.6578140258789,0.0020872848108410835,803.6854858398438,86.7883529663086,0.0010113047901540995,812.7601928710938,55.801666259765625,0.018017584457993507,856.597412109375,71.4887924194336,0.0046185096725821495,807.2694091796875,12.421279907226562,0.03444685414433479,909.5802612304688,12.189468383789062,0.022108959034085274,784.9163818359375,73.271484375,0.07532621920108795,894.9862670898438,70.57118225097656,0.05482112243771553,790.6250610351562,157.47134399414062,0.0664493516087532,818.7667846679688,153.86585998535156,0.05814766511321068,860.5310668945312,107.75953674316406,0.9137303829193115,954.7811889648438,112.91390991210938,0.889153242111206,719.4300537109375,451.91253662109375,0.9878882765769958,966.0303955078125,489.9643249511719,0.9819532036781311,626.0021362304688,813.3934936523438,0.9884290099143982,1133.269775390625,780.7714233398438,0.9840214848518372
337,11233,806.9672241210938,92.15625,0.0019900959450751543,802.1016235351562,71.9330062866211,0.002024044282734394,806.5803833007812,79.48402404785156,0.0009653574088588357,812.9140014648438,54.317779541015625,0.014912513084709644,856.0999755859375,64.51105499267578,0.003772360272705555,807.9207153320312,13.2857666015625,0.027204113081097603,902.0372314453125,8.599868774414062,0.017492257058620453,774.3968505859375,73.65957641601562,0.07342995703220367,876.214111328125,63.23753356933594,0.05175130441784859,766.3524780273438,145.1546630859375,0.0776362419128418,788.9152221679688,139.5154266357422,0.06611926108598709,863.134521484375,94.68214416503906,0.9089382886886597,952.881591796875,96.47406005859375,0.8834531903266907,731.0960083007812,445.7602844238281,0.9894666075706482,983.0438842773438,470.66229248046875,0.9841316342353821,624.4193115234375,808.8627319335938,0.9901220202445984,1162.022705078125,765.9869384765625,0.9866325259208679
338,11266,806.47119140625,92.97322082519531,0.0018555807182565331,801.5630493164062,72.63056945800781,0.0019746648613363504,807.6641235351562,79.88594055175781,0.0008882144466042519,811.2091064453125,56.60655212402344,0.014624427072703838,859.5325927734375,65.50019073486328,0.003393588587641716,804.0714721679688,16.729934692382812,0.0255642868578434,907.7584228515625,9.061203002929688,0.014331800863146782,783.1780395507812,68.8011474609375,0.074788898229599,890.581298828125,58.099639892578125,0.044181738048791885,786.1378784179688,136.59571838378906,0.0821089968085289,814.8285522460938,129.9719696044922,0.059288281947374344,857.04443359375,92.32672119140625,0.9038543701171875,953.0228271484375,91.47450256347656,0.8701044917106628,737.7699584960938,449.77056884765625,0.9892127513885498,986.3106689453125,464.724609375,0.9829042553901672,652.1845092773438,809.2787475585938,0.989959180355072,1176.9259033203125,756.5126953125,0.9862056374549866
339,11300,776.4937133789062,88.62103271484375,0.0013405847130343318,777.8038330078125,69.91130065917969,0.001832613255828619,786.0914306640625,84.08682250976562,0.0006488958606496453,796.59375,54.15083312988281,0.016897231340408325,841.787109375,74.02166748046875,0.002611700911074877,788.9111938476562,0.0,0.016488607972860336,901.7605590820312,0.0,0.012804397381842136,778.686767578125,42.57183837890625,0.05817782133817673,878.5977783203125,36.829994201660156,0.04531125724315643,779.1710815429688,132.99668884277344,0.06779860705137253,799.6972045898438,115.1158218383789,0.05539170652627945,850.503662109375,88.56005859375,0.8763323426246643,954.1539916992188,87.48392486572266,0.8576536178588867,733.2092895507812,452.54901123046875,0.9834645986557007,972.7721557617188,452.3969421386719,0.9778749346733093,690.4025268554688,809.5552978515625,0.9798667430877686,1195.9964599609375,736.676513671875,0.97555011510849
340,11333,764.28857421875,84.07557678222656,0.001805993844754994,766.9417724609375,64.14381408691406,0.0022789433132857084,769.1607666015625,77.3587646484375,0.0007628646562807262,790.5618896484375,45.90962219238281,0.011517704464495182,813.3704223632812,65.80741882324219,0.0016937805339694023,785.6600341796875,0.7584915161132812,0.010782104916870594,871.553466796875,0.0,0.009127461351454258,747.8635864257812,59.25135040283203,0.06055872514843941,832.52587890625,51.67522430419922,0.049586210399866104,701.343017578125,152.01649475097656,0.10024302452802658,714.6664428710938,147.42550659179688,0.09122353792190552,844.7534790039062,89.68391418457031,0.8686604499816895,922.8316040039062,83.953125,0.8500099778175354,743.6929931640625,466.2226257324219,0.9866630434989929,940.6307983398438,465.1737976074219,0.9813453555107117,728.7972412109375,822.20166015625,0.9873968958854675,1191.850341796875,715.4722900390625,0.9840563535690308
341,11366,756.7285766601562,88.37015533447266,0.0028271633200347424,758.3604736328125,67.45193481445312,0.0031729466281831264,760.3773193359375,80.83939361572266,0.0012723227264359593,782.7262573242188,47.32832336425781,0.017292330041527748,805.658447265625,67.13594055175781,0.003379005705937743,780.7040405273438,0.0,0.020130809396505356,858.5452880859375,0.0,0.02204621024429798,749.5482788085938,53.492889404296875,0.06563639640808105,862.8248291015625,43.31227111816406,0.07603329420089722,732.121826171875,136.49560546875,0.08421861380338669,786.9697265625,118.08265686035156,0.0977192223072052,848.4144897460938,92.93769836425781,0.8628959655761719,913.1300048828125,92.48606872558594,0.8583987951278687,743.546630859375,452.4766845703125,0.9807531237602234,905.6927490234375,476.53399658203125,0.9752225875854492,760.4100341796875,819.947265625,0.9821404814720154,1157.3807373046875,703.692626953125,0.9782108664512634
342,11400,754.7325439453125,84.5482177734375,0.0042779650539159775,753.4183959960938,65.95735931396484,0.004490784369409084,757.0865478515625,81.07136535644531,0.0016928970580920577,782.8689575195312,42.56231689453125,0.013594171963632107,798.5978393554688,69.46124267578125,0.0024892620276659727,795.7564697265625,4.3861541748046875,0.01832537353038788,848.8414916992188,0.0,0.024949079379439354,782.822265625,62.684417724609375,0.09081096947193146,818.77001953125,69.40708923339844,0.12651237845420837,732.2054443359375,159.15371704101562,0.14648357033729553,719.0996704101562,157.4651641845703,0.2013377547264099,870.4398803710938,115.65554809570312,0.9044923186302185,909.7535400390625,114.24678039550781,0.9062467813491821,749.5585327148438,476.2621765136719,0.9877775311470032,845.059814453125,500.0372619628906,0.983992874622345,836.6676635742188,843.1673583984375,0.9888105392456055,1096.553955078125,690.3746948242188,0.9861764311790466
343,11433,758.7734985351562,89.68856048583984,0.0015981573378667235,759.8819580078125,70.89193725585938,0.0022922286298125982,762.5322265625,87.27214050292969,0.0008924288558773696,783.233642578125,46.83380126953125,0.016657616943120956,796.0475463867188,74.78096008300781,0.0029469274450093508,784.8016357421875,8.186256408691406,0.015189839527010918,840.7571411132812,0.0,0.016743289306759834,772.4247436523438,65.28266143798828,0.04405592381954193,820.05859375,62.186851501464844,0.05316977947950363,751.7301025390625,161.76234436035156,0.03875057399272919,733.8539428710938,154.12893676757812,0.04894231632351875,859.45458984375,125.24789428710938,0.87003093957901,894.56396484375,122.17277526855469,0.8669647574424744,765.9136962890625,488.4538879394531,0.9780793190002441,819.7033081054688,491.62939453125,0.971977949142456,877.9347534179688,833.8632202148438,0.9807641506195068,1060.7147216796875,707.1134033203125,0.976798415184021
344,11466,768.9921264648438,85.14900970458984,0.0016792715759947896,770.1539306640625,68.40998840332031,0.0024804200511425734,771.1591796875,84.14822387695312,0.0009721006499603391,794.61328125,46.66172790527344,0.023560570552945137,802.4232788085938,73.37178039550781,0.004133622627705336,802.1055908203125,9.732147216796875,0.024838319048285484,841.4301147460938,0.0,0.024370258674025536,812.5741577148438,49.827552795410156,0.04926740750670433,852.5755004882812,61.04411315917969,0.054549690335989,833.4837036132812,141.07943725585938,0.031578175723552704,823.0825805664062,138.1201629638672,0.03396981209516525,870.6151123046875,134.11024475097656,0.8940165042877197,891.471923828125,132.4903564453125,0.8891586661338806,775.6373901367188,495.89447021484375,0.9770917296409607,813.663818359375,490.6960144042969,0.9712499380111694,928.5606079101562,821.6072998046875,0.9772127270698547,1012.58349609375,729.878173828125,0.9740497469902039
345,11500,750.2577514648438,91.37251281738281,0.0015535110142081976,751.8941650390625,71.62957763671875,0.0021111206151545048,744.2611083984375,87.03208923339844,0.000633907038718462,792.626220703125,48.54071044921875,0.019556090235710144,773.9454345703125,76.82025146484375,0.00222063809633255,827.2183227539062,12.324920654296875,0.030286068096756935,809.8746337890625,1.55621337890625,0.02604854851961136,789.4923706054688,51.114166259765625,0.09742956608533859,807.43310546875,73.63288879394531,0.08657141774892807,746.8206787109375,152.4884033203125,0.07706097513437271,709.7386474609375,159.28138732910156,0.07113631069660187,887.0870361328125,123.63276672363281,0.8531933426856995,856.70947265625,117.97988891601562,0.84063720703125,805.405517578125,498.37493896484375,0.9495105743408203,739.5811767578125,476.98260498046875,0.9351582527160645,970.563232421875,828.80712890625,0.9314290285110474,942.7864990234375,781.2156372070312,0.922842800617218
346,11533,754.0992431640625,84.42713928222656,0.0010040680645033717,756.6290283203125,67.90695190429688,0.001539534772746265,756.6683959960938,81.54945373535156,0.0005694091669283807,788.126220703125,49.684226989746094,0.01983165368437767,787.7547607421875,73.1158218383789,0.002837295876815915,812.2381591796875,15.953567504882812,0.019235409796237946,823.475341796875,0.0,0.023496143519878387,772.9378662109375,61.617462158203125,0.04123916104435921,859.069580078125,64.20263671875,0.06307992339134216,754.3720703125,153.4323272705078,0.023030884563922882,800.5404663085938,161.74017333984375,0.032007984817028046,878.1403198242188,142.1391143798828,0.8980415463447571,850.5374145507812,133.69606018066406,0.9083343148231506,852.3218994140625,500.299072265625,0.9764782190322876,718.9736328125,447.48699951171875,0.9738204479217529,1012.06640625,830.6337890625,0.9743618965148926,867.0592041015625,729.7115478515625,0.9762851595878601
347,11566,748.8081665039062,87.55009460449219,0.0012182964710518718,753.5458374023438,70.22740173339844,0.0018326027784496546,749.3441162109375,82.639892578125,0.0006911715609021485,789.90771484375,52.712425231933594,0.018056713044643402,775.8545532226562,73.54435729980469,0.002679063705727458,818.5424194335938,16.795921325683594,0.017146427184343338,810.4277954101562,1.1560592651367188,0.02123960852622986,775.718994140625,61.93528747558594,0.038621872663497925,851.1161499023438,60.69538879394531,0.061864662915468216,758.02001953125,152.64620971679688,0.022641731426119804,803.0673217773438,160.2947998046875,0.03166493773460388,885.2374877929688,129.86778259277344,0.8859755396842957,838.1619873046875,123.96510314941406,0.9002973437309265,891.968994140625,490.1490783691406,0.9744383096694946,714.5625610351562,441.2721252441406,0.9731479287147522,1063.4306640625,822.1107788085938,0.9719989895820618,790.9803466796875,763.7166137695312,0.975576639175415
348,11600,789.3748168945312,89.22113800048828,0.0032805372029542923,792.2899169921875,72.79740142822266,0.0038587141316384077,782.8108520507812,81.0226821899414,0.0018951079109683633,822.3728637695312,54.821685791015625,0.015205361880362034,793.0902709960938,67.94636535644531,0.0038185566663742065,837.611572265625,25.039306640625,0.025983313098549843,818.6127319335938,8.90789794921875,0.018465565517544746,788.78271484375,72.82493591308594,0.06856122612953186,843.990234375,73.3641357421875,0.05365285277366638,780.2750854492188,133.622314453125,0.04864673689007759,829.9989624023438,144.36781311035156,0.03676172345876694,896.82080078125,120.90829467773438,0.8898054361343384,836.1592407226562,108.34465026855469,0.8748612403869629,931.9286499023438,488.2083740234375,0.9791662096977234,724.1942749023438,442.1948547363281,0.972794771194458,1107.7061767578125,808.0828857421875,0.979408323764801,710.9042358398438,784.5972900390625,0.978340208530426
349,11633,787.7523803710938,79.67731475830078,0.003103969618678093,787.2244262695312,65.4059829711914,0.0030951679218560457,785.0919799804688,72.22052764892578,0.0017662184545770288,811.05859375,52.70677185058594,0.01019217912107706,804.1840209960938,62.55015563964844,0.003312265034765005,814.2006225585938,24.918777465820312,0.018796728923916817,846.330322265625,6.5422210693359375,0.01713789440691471,752.9440307617188,75.46426391601562,0.06470369547605515,906.6923828125,67.41879272460938,0.0696897879242897,743.9866333007812,126.53205871582031,0.05573362112045288,919.1279907226562,118.00556945800781,0.05289078503847122,893.6832275390625,108.83688354492188,0.9006204009056091,854.7786254882812,97.47088623046875,0.8984124064445496,955.5421752929688,473.8089294433594,0.9849731922149658,734.2828979492188,439.4399719238281,0.9824076294898987,1151.60546875,794.8812255859375,0.9862530827522278,666.7478637695312,789.3814086914062,0.9863901138305664
350,11666,792.14501953125,79.3432388305664,0.003521953709423542,791.7492065429688,63.40953826904297,0.003546203253790736,789.1719360351562,69.87185668945312,0.0019332164665684104,816.1659545898438,54.43519592285156,0.007590473163872957,807.5033569335938,63.32329559326172,0.002445642603561282,816.5435180664062,33.107574462890625,0.011877943761646748,852.402099609375,11.518661499023438,0.010039204731583595,755.1797485351562,88.15470886230469,0.056339941918849945,925.1605224609375,71.20106506347656,0.054924145340919495,738.1250610351562,132.4994659423828,0.06648796051740646,935.0538940429688,122.06803894042969,0.058064088225364685,897.5582885742188,90.04568481445312,0.8665398359298706,858.0823974609375,80.49522399902344,0.8583455681800842,963.32177734375,455.8421630859375,0.9847846031188965,737.9818115234375,435.5238952636719,0.9813560247421265,1174.114990234375,781.4465942382812,0.9883853197097778,660.4318237304688,791.4515991210938,0.9877325296401978
351,11700,791.276611328125,80.39041900634766,0.004102615173906088,792.6238403320312,63.832923889160156,0.00449332594871521,786.0441284179688,69.61873626708984,0.002120434073731303,819.9631958007812,55.03431701660156,0.00861352402716875,799.9581298828125,62.56549072265625,0.0023006813134998083,820.8004760742188,34.82377624511719,0.013937335461378098,838.0298461914062,10.289657592773438,0.00784969236701727,739.4229125976562,90.33984375,0.07176470756530762,901.449462890625,75.65286254882812,0.041062403470277786,697.8294677734375,133.44662475585938,0.08446453511714935,912.02490234375,132.15426635742188,0.049979232251644135,892.9393310546875,83.29747009277344,0.866768479347229,841.9325561523438,74.00770568847656,0.832917332649231,957.3123779296875,459.5038146972656,0.984893262386322,740.5274047851562,438.5406188964844,0.9782716631889343,1186.9591064453125,759.1100463867188,0.9884666204452515,680.5383911132812,791.2987060546875,0.9863551259040833
352,11733,760.677734375,76.53118133544922,0.0038565665017813444,762.8221435546875,55.049468994140625,0.005054762586951256,761.3612060546875,67.01103973388672,0.0026456909254193306,785.9892578125,49.79248809814453,0.013712229207158089,783.7564086914062,68.88411712646484,0.004026493523269892,785.3853149414062,17.249908447265625,0.010782567784190178,823.9962768554688,6.327323913574219,0.011731932871043682,732.5511474609375,59.59197235107422,0.0327417217195034,869.2890014648438,33.686553955078125,0.044237423688173294,724.5184326171875,137.93202209472656,0.03326808288693428,893.383544921875,103.29329681396484,0.03793278709053993,874.2590942382812,68.04171752929688,0.7714961767196655,846.5814208984375,75.39825439453125,0.7861897349357605,929.47119140625,460.998779296875,0.960472047328949,745.9100341796875,444.16546630859375,0.9594284296035767,1185.5211181640625,742.2037353515625,0.9602838158607483,732.6318969726562,809.2798461914062,0.9629303216934204
353,11766,763.2565307617188,89.76615142822266,0.0026562546845525503,766.5289916992188,66.85340881347656,0.0039060679264366627,760.3383178710938,76.9947509765625,0.0016280116979032755,794.4413452148438,58.286865234375,0.00999025534838438,779.0354614257812,74.17268371582031,0.002004587324336171,796.3846435546875,33.412445068359375,0.006227890495210886,812.2469482421875,10.864265441894531,0.00580976577475667,739.025390625,82.66062927246094,0.025893205776810646,837.838134765625,61.02081298828125,0.028636831790208817,712.2837524414062,142.4482421875,0.03020472079515457,803.3206787109375,132.77981567382812,0.030912049114704132,855.3576049804688,65.03544616699219,0.7566816210746765,821.1835327148438,68.83543395996094,0.7567735910415649,894.1836547851562,472.4737243652344,0.9677019715309143,755.7755126953125,461.7091369628906,0.9647702574729919,1184.07666015625,717.6533203125,0.9772101044654846,760.6878051757812,819.6633911132812,0.9769487977027893
354,11800,757.288330078125,95.39618682861328,0.00305411359295249,760.4415893554688,75.6152114868164,0.0041386764496564865,752.4774780273438,83.05872344970703,0.0017189220525324345,791.5814208984375,60.79772186279297,0.010860934853553772,776.5005493164062,70.47315216064453,0.002235567197203636,793.5408325195312,23.266616821289062,0.009466405026614666,809.9842529296875,3.6918182373046875,0.007558746263384819,747.3068237304688,60.57893371582031,0.037817422300577164,828.6655883789062,62.22038269042969,0.03248288482427597,731.7676391601562,138.2779541015625,0.040993496775627136,805.1572875976562,134.4254150390625,0.03294622525572777,846.03076171875,73.43252563476562,0.8081393241882324,819.9356689453125,74.71989440917969,0.7934480309486389,858.3468627929688,489.17120361328125,0.973568856716156,759.9812622070312,470.5631103515625,0.9683959484100342,1171.6585693359375,724.7102661132812,0.9810459613800049,793.3331909179688,819.6676025390625,0.9802120923995972
355,11833,767.6321411132812,87.46623229980469,0.002501948969438672,771.5394287109375,70.11833953857422,0.0036370751913636923,765.1705322265625,81.81715393066406,0.0015379537362605333,798.2316284179688,52.142189025878906,0.012473535723984241,786.2814331054688,71.16297912597656,0.002438184106722474,795.1880493164062,12.330322265625,0.008679788559675217,825.6399536132812,0.0,0.009400561451911926,753.816650390625,56.90643310546875,0.030565710738301277,784.1577758789062,59.314659118652344,0.037215203046798706,717.3445434570312,151.49365234375,0.028778808191418648,700.1121215820312,156.30584716796875,0.03354065120220184,848.0612182617188,96.42173767089844,0.790976345539093,844.9513549804688,98.88153076171875,0.7983752489089966,808.6181640625,490.3177490234375,0.9619327783584595,771.1026000976562,485.6229248046875,0.9601832032203674,1122.2962646484375,715.2175903320312,0.97103351354599,818.6693725585938,818.82421875,0.9705675840377808
356,11866,765.6660766601562,93.50335693359375,0.001738570281304419,766.5531005859375,79.38894653320312,0.0023748045787215233,763.622802734375,91.60166931152344,0.0011627532076090574,788.3526000976562,59.242950439453125,0.014960424043238163,792.1648559570312,78.5735092163086,0.003669038647785783,783.8084716796875,14.515846252441406,0.014725936576724052,845.5032958984375,0.0,0.017475981265306473,785.2075805664062,44.93769836425781,0.03414195030927658,843.4937133789062,49.11351013183594,0.0534311905503273,811.39111328125,148.56756591796875,0.022583214566111565,847.9766235351562,138.1988983154297,0.0315624438226223,850.3456420898438,120.93910217285156,0.871009111404419,875.3577270507812,123.1640396118164,0.8814873099327087,776.0692749023438,488.38787841796875,0.9708716869354248,779.5510864257812,493.7390441894531,0.9724811911582947,1066.9952392578125,706.7666625976562,0.9782352447509766,850.3958740234375,823.153564453125,0.9784091711044312
357,11900,756.8618774414062,103.03942108154297,0.0020112041383981705,753.9369506835938,86.64779663085938,0.00245379819534719,757.2434692382812,100.28741455078125,0.001159127103164792,772.4326782226562,63.07109069824219,0.01496143452823162,801.2677001953125,83.85855102539062,0.0035918799694627523,767.7498168945312,21.99176788330078,0.01687191054224968,877.2118530273438,0.0,0.026847034692764282,757.165283203125,61.585350036621094,0.048385970294475555,813.2772216796875,66.85995483398438,0.09705309569835663,723.8628540039062,162.11563110351562,0.03840105980634689,712.7708129882812,156.99514770507812,0.07476077228784561,852.16943359375,127.9691390991211,0.8789540529251099,916.760986328125,122.06156158447266,0.900570809841156,748.168701171875,488.05474853515625,0.9720895886421204,774.80517578125,486.6493835449219,0.9757896661758423,1000.9541625976562,723.5864868164062,0.9773243069648743,874.2918701171875,812.3983764648438,0.9780834317207336
358,11933,753.1594848632812,100.42229461669922,0.0015056817792356014,748.6953735351562,81.3171615600586,0.0018062690505757928,750.296630859375,98.35063934326172,0.0008724069921299815,773.81689453125,59.3983154296875,0.020542845129966736,804.2356567382812,86.07886505126953,0.005441233515739441,766.234375,17.834426879882812,0.0307312048971653,894.002197265625,0.0,0.03295743465423584,768.0176391601562,45.87213134765625,0.05653376132249832,909.9955444335938,54.79353332519531,0.07169938087463379,761.1058349609375,141.8071746826172,0.03545888885855675,892.9185791015625,126.69108581542969,0.042052011936903,846.3953857421875,103.07130432128906,0.8225946426391602,930.4682006835938,99.81916809082031,0.8268623948097229,710.9012451171875,469.0348205566406,0.9439314007759094,810.285888671875,491.58538818359375,0.941390335559845,948.7841186523438,760.8889770507812,0.94623202085495,931.9402465820312,812.64794921875,0.9412369728088379
359,11966,755.820068359375,101.5953369140625,0.002238981891423464,755.7863159179688,84.99284362792969,0.002172029111534357,752.6423950195312,100.85014343261719,0.001252159010618925,788.391357421875,64.73103332519531,0.014188718050718307,800.0892333984375,89.89226531982422,0.004941719118505716,792.3374633789062,21.757278442382812,0.021289339289069176,880.9385986328125,5.5548248291015625,0.04118909686803818,804.7637939453125,48.86279296875,0.04965437948703766,948.9313354492188,44.04405212402344,0.143080472946167,809.8226318359375,125.36421203613281,0.05067030340433121,972.6962280273438,92.03636169433594,0.11273475736379623,852.3109130859375,118.07597351074219,0.8912146687507629,914.2430419921875,115.46159362792969,0.9181132316589355,678.8029174804688,465.0649108886719,0.977401852607727,826.1851196289062,501.1916198730469,0.9819467663764954,877.7594604492188,782.8941650390625,0.9816837310791016,985.6669921875,832.4976806640625,0.982891321182251
360,12000,759.9548950195312,96.36669158935547,0.0017581910360604525,758.5233764648438,77.84937286376953,0.001860160264186561,758.851318359375,94.7449722290039,0.0009552657720632851,790.0601806640625,57.185302734375,0.014947871677577496,815.7848510742188,84.65338897705078,0.004438179079443216,791.87548828125,12.798568725585938,0.021091042086482048,898.3590698242188,3.035430908203125,0.03062956966459751,791.9360961914062,51.04115295410156,0.04612541198730469,951.087890625,46.51812744140625,0.09575074911117554,804.9049682617188,143.2309112548828,0.04413358122110367,947.7702026367188,99.49571228027344,0.07832907885313034,844.4996948242188,109.15919494628906,0.8854138255119324,926.6254272460938,111.62191772460938,0.9002251029014587,671.036376953125,438.87921142578125,0.9796262383460999,867.0421752929688,502.6518859863281,0.9811884760856628,787.2650756835938,783.2274169921875,0.985353410243988,1022.1326293945312,830.1976318359375,0.9839921593666077
361,12033,772.8414916992188,105.22931671142578,0.0031238787341862917,766.9219970703125,79.62032318115234,0.0034848989453166723,769.6175537109375,94.56392669677734,0.0014946935698390007,791.79931640625,57.052642822265625,0.02061227522790432,831.12890625,81.33734893798828,0.004335279110819101,792.4733276367188,12.622283935546875,0.030227890238165855,899.245849609375,13.397689819335938,0.022661535069346428,759.275390625,69.93818664550781,0.07206158339977264,871.2507934570312,75.65602111816406,0.06131910905241966,731.1282958984375,159.5409393310547,0.07382514327764511,746.8829956054688,159.06015014648438,0.07565739005804062,856.7201538085938,109.34202575683594,0.8636215329170227,945.7588500976562,112.82254028320312,0.8391497135162354,684.707763671875,444.1513366699219,0.9782471060752869,896.5545043945312,490.1839599609375,0.9703817963600159,704.3123779296875,815.5303344726562,0.9811353087425232,1072.24853515625,804.9395141601562,0.974956750869751
362,12066,762.7764282226562,92.741455078125,0.0024819662794470787,758.5728149414062,69.75025177001953,0.0021545710042119026,763.9662475585938,81.28466033935547,0.0008417426142841578,778.0225219726562,46.908416748046875,0.0082697169855237,824.4468994140625,64.46369934082031,0.0018102918984368443,780.3426513671875,5.9211273193359375,0.01719902828335762,897.7328491210938,0.0,0.014281731098890305,710.887939453125,65.90505981445312,0.13312208652496338,832.07080078125,70.34124755859375,0.10158509016036987,628.0779418945312,150.5841522216797,0.25384247303009033,680.15185546875,156.0567169189453,0.2341105043888092,854.669921875,102.32102966308594,0.8830041289329529,956.32568359375,100.60404968261719,0.8611696362495422,709.62646484375,456.226806640625,0.9867843985557556,937.2025146484375,490.1243896484375,0.9809974431991577,639.9251098632812,817.7845458984375,0.9862933158874512,1110.9532470703125,789.8624877929688,0.9807801842689514
363,12100,804.97998046875,94.8599853515625,0.0029750182293355465,798.8497924804688,70.46649169921875,0.002619188977405429,802.7913208007812,78.75595092773438,0.001350903301499784,808.2611083984375,54.04156494140625,0.010471051558852196,850.837890625,65.77153015136719,0.0030694485176354647,804.509765625,10.650466918945312,0.01835528388619423,899.587158203125,5.2499542236328125,0.015333631075918674,770.3606567382812,78.48179626464844,0.07771139591932297,849.6879272460938,62.599822998046875,0.07289206981658936,735.4384155273438,153.26673889160156,0.12883977591991425,725.594482421875,149.43283081054688,0.14151394367218018,860.2716674804688,88.72366333007812,0.8794185519218445,949.9623413085938,90.50166320800781,0.8598307967185974,717.708984375,446.12274169921875,0.9875840544700623,960.5701904296875,472.9849853515625,0.9826083183288574,593.893798828125,809.8132934570312,0.9884655475616455,1143.571044921875,770.21923828125,0.9847884178161621
364,12133,802.2360229492188,93.98098754882812,0.0027263695374131203,798.1527099609375,70.21630096435547,0.0026199102867394686,798.1159057617188,77.34049987792969,0.001230164896696806,811.6089477539062,56.16252136230469,0.010267439298331738,837.87744140625,66.80406188964844,0.0025735986419022083,816.5738525390625,11.2884521484375,0.015635007992386818,869.6737060546875,14.267349243164062,0.011430957354605198,788.6213989257812,71.72291564941406,0.06540143489837646,830.4647827148438,73.16816711425781,0.05445953086018562,780.40087890625,146.06895446777344,0.1112460121512413,740.4794311523438,153.52574157714844,0.11060809344053268,869.6272583007812,81.67987060546875,0.8680518865585327,932.2300415039062,88.13882446289062,0.8396213054656982,728.5380249023438,445.89459228515625,0.9873894453048706,969.4736938476562,473.8387145996094,0.9815075993537903,589.4700317382812,806.19970703125,0.9885225296020508,1163.513427734375,764.46240234375,0.9845734238624573
365,12166,781.3970947265625,90.05889892578125,0.0013628813903778791,782.7188110351562,68.13032531738281,0.0017993160290643573,788.0946044921875,81.72578430175781,0.0006725678103975952,799.963134765625,53.24876403808594,0.01271415688097477,835.1734008789062,74.07929992675781,0.0021486864425241947,799.3538818359375,0.0,0.010500391013920307,884.5772094726562,0.0,0.009614681825041771,781.7949829101562,54.07923889160156,0.042552389204502106,859.7462768554688,48.368431091308594,0.04259267449378967,762.69580078125,152.54705810546875,0.06205231323838234,770.8286743164062,145.5802459716797,0.06541608273983002,854.6305541992188,73.8537826538086,0.8249854445457458,941.8597412109375,77.23043060302734,0.8120898008346558,721.7131958007812,448.1134033203125,0.9788990616798401,958.3661499023438,460.3330078125,0.9738041758537292,623.8313598632812,805.6001586914062,0.9765040278434753,1180.60888671875,758.0473022460938,0.971413791179657
366,12200,764.271728515625,88.9255142211914,0.0014512173365801573,767.380615234375,67.027587890625,0.0021431453060358763,771.8465576171875,82.55461883544922,0.0008103610598482192,791.1326904296875,53.45134735107422,0.016596367582678795,822.0283813476562,76.0815200805664,0.0027540537994354963,785.8037719726562,0.0,0.010985792614519596,875.3135375976562,0.0,0.01047543529421091,780.2553100585938,48.481109619140625,0.032322175800800323,863.0095825195312,37.75019073486328,0.0343853160738945,788.4419555664062,140.16537475585938,0.03916463628411293,800.9518432617188,117.54931640625,0.04085050895810127,843.111572265625,77.3719482421875,0.8301260471343994,927.5482788085938,75.7562484741211,0.8217800259590149,721.0571899414062,459.1142578125,0.9803306460380554,932.912109375,452.65576171875,0.9754534363746643,692.0765991210938,828.0243530273438,0.9792478084564209,1181.6822509765625,726.3429565429688,0.9762172102928162
367,12233,764.2337036132812,85.3615493774414,0.001620090682990849,763.9722900390625,63.219154357910156,0.0022748790215700865,771.1549072265625,76.7112808227539,0.0008051179465837777,783.5242919921875,47.195526123046875,0.013407058082520962,820.2085571289062,68.47531127929688,0.0020975288935005665,773.7802734375,10.323440551757812,0.009082354605197906,879.4384155273438,0.0,0.008548722602427006,755.945068359375,66.53489685058594,0.034760020673274994,860.2921142578125,56.65361022949219,0.03577441722154617,742.2630615234375,161.29019165039062,0.049942661076784134,764.365234375,147.1814727783203,0.054051391780376434,829.6074829101562,87.22325134277344,0.8288427591323853,914.85888671875,81.34588623046875,0.8147618770599365,742.400390625,470.0488586425781,0.9833202958106995,903.9277954101562,463.5513610839844,0.9778268933296204,719.0460815429688,831.8778076171875,0.9866454005241394,1171.329345703125,706.1213989257812,0.9834982752799988
368,12266,753.3519287109375,85.23930358886719,0.001313405460678041,754.14892578125,64.14720153808594,0.0017854644684121013,761.840576171875,80.60627746582031,0.0007003429345786572,776.1970825195312,44.88166809082031,0.01411355473101139,811.2518920898438,71.43983459472656,0.002552691614255309,765.9085693359375,2.5492630004882812,0.011243044398725033,875.3607788085938,0.0,0.013024565763771534,747.4971313476562,56.74122619628906,0.03596028685569763,875.5596313476562,47.663429260253906,0.04870869591832161,740.116943359375,153.6396484375,0.040421754121780396,793.7470092773438,129.9529266357422,0.05553057789802551,838.4326782226562,100.40011596679688,0.8614853620529175,917.9269409179688,96.76277160644531,0.8607223033905029,738.798095703125,468.6376647949219,0.9836171865463257,862.4846801757812,472.35882568359375,0.9790696501731873,750.556640625,845.2390747070312,0.986493706703186,1145.8206787109375,689.5906372070312,0.9835261702537537
369,12300,747.9859008789062,86.80274963378906,0.002280219690874219,746.7286987304688,68.05789947509766,0.0030405789148062468,751.1068725585938,81.71619415283203,0.001010620966553688,774.3967895507812,48.328765869140625,0.018666168674826622,795.968505859375,71.69938659667969,0.0027104844339191914,780.5645141601562,11.569015502929688,0.020830314606428146,849.020751953125,0.0,0.017558498308062553,770.800048828125,65.49238586425781,0.06369174271821976,871.3720703125,65.028076171875,0.05631331354379654,749.9679565429688,156.04220581054688,0.06795583665370941,817.9627075195312,144.50962829589844,0.06437919288873672,851.0748291015625,107.22894287109375,0.9027080535888672,897.4160766601562,104.48789978027344,0.885883092880249,736.2416381835938,476.96136474609375,0.9881319403648376,831.3983154296875,492.93304443359375,0.9816152453422546,786.3360595703125,853.3004150390625,0.9901345372200012,1094.3031005859375,683.776611328125,0.9866004586219788
370,12333,746.6193237304688,93.94402313232422,0.0021178931929171085,746.1367797851562,74.57952117919922,0.002913560252636671,748.4725341796875,90.12405395507812,0.000982698635198176,779.2615966796875,50.86981201171875,0.016212671995162964,788.8445434570312,78.15760803222656,0.002362651750445366,793.0479736328125,10.371917724609375,0.016280584037303925,833.7215576171875,0.0,0.016483984887599945,777.2576293945312,65.10324096679688,0.05411732941865921,816.7267456054688,67.18698120117188,0.05717238038778305,729.4218139648438,160.45706176757812,0.057481549680233,712.3612670898438,151.76856994628906,0.0647418424487114,857.3594970703125,107.80448913574219,0.8845524191856384,883.8118286132812,104.1280517578125,0.8748195767402649,737.2437744140625,484.5418395996094,0.984686017036438,803.5781860351562,499.77276611328125,0.9777176380157471,829.3677978515625,856.1195068359375,0.987357497215271,1054.997802734375,689.0934448242188,0.9835839867591858
371,12366,740.9818725585938,89.18655395507812,0.0017786046955734491,743.1236572265625,71.48302459716797,0.0024534794501960278,742.600830078125,88.55598449707031,0.0009642590885050595,772.0157470703125,48.453575134277344,0.01563827507197857,773.1978759765625,77.58650207519531,0.002767158905044198,784.7025146484375,7.196022033691406,0.015850722789764404,813.0079345703125,0.0,0.018215538933873177,765.7828369140625,47.55436706542969,0.05062653124332428,771.76318359375,53.7271728515625,0.06512399762868881,737.9349365234375,151.15234375,0.047701310366392136,701.5571899414062,152.76535034179688,0.06325999647378922,857.896728515625,126.45405578613281,0.8895432353019714,874.2506103515625,120.96903991699219,0.8899572491645813,749.2937622070312,497.30511474609375,0.9810313582420349,789.9974365234375,484.18707275390625,0.976212203502655,875.2614135742188,840.9671630859375,0.9818931818008423,1016.7493896484375,709.7525024414062,0.979516327381134
372,12400,749.033203125,72.7793197631836,0.002514725551009178,751.1113891601562,54.807403564453125,0.003302896162495017,743.7196655273438,71.036865234375,0.0010528904385864735,791.5422973632812,36.9444580078125,0.019139058887958527,770.5254516601562,66.69477081298828,0.0027986066415905952,814.545654296875,1.0036468505859375,0.03988724946975708,793.175537109375,0.0,0.02124280110001564,750.1163330078125,13.912353515625,0.1412552446126938,747.4239501953125,40.58363342285156,0.06332135945558548,747.4281005859375,70.75767517089844,0.11812234669923782,690.3292236328125,106.78125,0.06308642029762268,885.913330078125,125.12429809570312,0.9198795557022095,858.9939575195312,120.68614196777344,0.8847001194953918,754.4148559570312,492.89556884765625,0.9821187257766724,733.5579833984375,480.6678771972656,0.9670845866203308,922.6187133789062,828.347412109375,0.9798380136489868,977.9619140625,720.8136596679688,0.9709229469299316
373,12433,749.950439453125,72.11979675292969,0.0017364844679832458,752.244873046875,54.299102783203125,0.0022705376613885164,745.4446411132812,70.2249526977539,0.000698962714523077,793.0017700195312,34.95758056640625,0.016528423875570297,773.4738159179688,63.58534240722656,0.0020665416959673166,818.3536987304688,0.0,0.033931128680706024,801.32080078125,0.0,0.019786333665251732,751.7185668945312,12.830108642578125,0.13718277215957642,774.0187377929688,37.41719055175781,0.07155447453260422,737.3491821289062,78.14021301269531,0.1118246540427208,703.560546875,109.3934326171875,0.06288965791463852,880.6636962890625,131.4685821533203,0.9027190804481506,841.7730102539062,122.5462646484375,0.87267005443573,794.2461547851562,504.56158447265625,0.9740418195724487,694.10595703125,455.7431335449219,0.9570955038070679,977.3207397460938,836.55029296875,0.9648229479789734,863.561279296875,747.6262817382812,0.9572598934173584
374,12466,752.8042602539062,81.61322021484375,0.00196550483815372,756.1710205078125,63.739768981933594,0.0026255608536303043,749.6583251953125,75.9569320678711,0.000877737533301115,793.0200805664062,44.09971618652344,0.019869117066264153,772.8900146484375,65.51152038574219,0.0025952330324798822,816.8441162109375,12.972930908203125,0.030829329043626785,801.8441162109375,0.0,0.026464521884918213,763.8514404296875,48.797332763671875,0.09027506411075592,805.5848388671875,62.341644287109375,0.0790550708770752,723.8906860351562,142.77603149414062,0.06408803164958954,727.9854736328125,155.98873901367188,0.05360417440533638,877.723388671875,136.1788330078125,0.9229917526245117,831.3916625976562,122.87150573730469,0.9175015091896057,848.0032348632812,512.5985107421875,0.9832168817520142,684.4547729492188,435.4417724609375,0.9769507050514221,1012.1171264648438,843.0466918945312,0.9793104529380798,812.3091430664062,730.3270263671875,0.9795516729354858
375,12500,753.7838745117188,96.65153503417969,0.0013025400694459677,758.7134399414062,79.37056732177734,0.0020791334100067616,754.8693237304688,91.95904541015625,0.0007447652751579881,799.189697265625,60.753135681152344,0.01969878189265728,782.7076416015625,81.88961791992188,0.0026687560603022575,832.6766967773438,25.215682983398438,0.01718795858323574,815.7694702148438,7.516639709472656,0.01978646218776703,787.1262817382812,71.04936218261719,0.036487217992544174,852.4161987304688,66.27953338623047,0.05301225930452347,769.19970703125,158.24063110351562,0.02046923339366913,817.44580078125,164.7760772705078,0.02494557574391365,884.60986328125,134.1354217529297,0.8843063712120056,829.8504638671875,123.94692993164062,0.8961922526359558,884.517578125,495.8901672363281,0.975307285785675,691.6669921875,437.38726806640625,0.9730815291404724,1066.2913818359375,828.0823974609375,0.97314453125,746.561767578125,763.9047241210938,0.9764062762260437
376,12533,792.7922973632812,84.82238006591797,0.005101727321743965,797.6687622070312,69.40723419189453,0.006772107444703579,790.54541015625,79.99542236328125,0.003559916513040662,827.3738403320312,57.476829528808594,0.024189086630940437,801.2633056640625,73.54600524902344,0.006829454097896814,839.59423828125,21.668655395507812,0.03431318700313568,819.175048828125,7.343055725097656,0.022472340613603592,800.8392333984375,60.93365478515625,0.0678391084074974,842.8585205078125,49.359100341796875,0.04877372086048126,808.9420776367188,134.17442321777344,0.042555421590805054,870.0822143554688,129.3115997314453,0.02906879596412182,891.5073852539062,127.71508026123047,0.8623950481414795,828.4371337890625,116.00969696044922,0.8411808013916016,919.3280639648438,494.516357421875,0.9654198288917542,699.199951171875,445.24237060546875,0.9550093412399292,1102.108154296875,818.5098266601562,0.951887309551239,674.9666748046875,790.987060546875,0.9489099979400635
377,12566,781.6593017578125,80.43006134033203,0.0025039715692400932,784.664794921875,64.83343505859375,0.002677887910977006,781.2828369140625,69.93303680419922,0.0012205347884446383,812.361572265625,51.14337158203125,0.00908802542835474,800.7421875,57.98222351074219,0.0021690260618925095,818.6386108398438,25.416549682617188,0.013187652453780174,835.6187133789062,8.374923706054688,0.015071467496454716,741.2578125,79.44245910644531,0.05752016231417656,879.244140625,67.92512512207031,0.07099599391222,692.7109375,148.6134796142578,0.05526908487081528,856.4269409179688,136.61288452148438,0.05550972372293472,890.3763427734375,112.57557678222656,0.890381395816803,842.84716796875,106.18354797363281,0.8982477188110352,945.416748046875,486.7716064453125,0.9842748045921326,718.287109375,449.7507019042969,0.9821676015853882,1151.923828125,804.080078125,0.9846127033233643,635.3228149414062,790.1597900390625,0.9861409664154053
378,12600,797.1661987304688,83.65148162841797,0.0035813606809824705,796.9627685546875,70.32071685791016,0.003430430544540286,795.2175903320312,75.73626708984375,0.0019617921207100153,820.6279907226562,59.90313720703125,0.007408639416098595,812.7306518554688,66.76165008544922,0.0024967158678919077,816.3558349609375,35.49957275390625,0.012417544610798359,854.6581420898438,12.943130493164062,0.011366020888090134,748.863525390625,88.40968322753906,0.060450274497270584,921.5945434570312,71.77926635742188,0.06402704119682312,726.5327758789062,139.1927032470703,0.06946110725402832,950.5313110351562,124.39009094238281,0.06264311075210571,887.7854614257812,104.40838623046875,0.8872116208076477,848.7769775390625,92.00212097167969,0.8841902017593384,956.2615966796875,473.2041320800781,0.9865285158157349,733.5305786132812,443.62408447265625,0.9840115308761597,1178.615478515625,779.3818969726562,0.9888555407524109,627.0849609375,784.8395385742188,0.9887767434120178
379,12633,788.5607299804688,78.8199462890625,0.004098134580999613,790.6821899414062,64.09783172607422,0.004595832899212837,784.3445434570312,69.88309478759766,0.001982238609343767,821.5509033203125,53.481536865234375,0.009153597988188267,800.1388549804688,60.92523193359375,0.0021015661768615246,824.5982666015625,32.4891357421875,0.015539533458650112,834.0692138671875,7.976715087890625,0.007822795771062374,732.2011108398438,84.6419677734375,0.08461538702249527,888.9371948242188,73.52238464355469,0.04066549614071846,666.3828125,136.80519104003906,0.09489408880472183,907.6426391601562,138.69644165039062,0.04835350811481476,888.3919067382812,99.59637451171875,0.8821372985839844,831.6868286132812,88.01994323730469,0.8448294401168823,945.3041381835938,473.7057800292969,0.9857701063156128,729.1217651367188,446.8515930175781,0.9782188534736633,1189.1326904296875,760.53173828125,0.9883365035057068,657.307861328125,782.3087768554688,0.9858993291854858
380,12666,781.4031982421875,82.77518463134766,0.003949414938688278,783.328369140625,67.68768310546875,0.004704934544861317,775.9216918945312,73.09080505371094,0.0018927615601569414,813.4956665039062,55.15599060058594,0.009173668920993805,792.9425048828125,61.38725280761719,0.001871908432804048,817.2235107421875,30.523544311523438,0.014982455410063267,829.0140380859375,2.81231689453125,0.006368828006088734,743.8134155273438,78.44654846191406,0.0865846797823906,857.1651000976562,65.45452880859375,0.03358602151274681,690.8104248046875,139.73313903808594,0.09829457104206085,837.8782348632812,131.3287353515625,0.043341126292943954,874.8232421875,100.45994567871094,0.8719995021820068,827.4384765625,88.54536437988281,0.8202555775642395,917.5669555664062,482.4482421875,0.983850359916687,731.1245727539062,451.54010009765625,0.9743319153785706,1191.2401123046875,741.3775634765625,0.9873671531677246,698.5706176757812,797.8489990234375,0.9841135144233704
381,12700,817.1923828125,79.3879165649414,0.011746974661946297,816.6315307617188,63.51470947265625,0.010246681980788708,807.7528076171875,69.99311828613281,0.007095114793628454,828.9254150390625,49.582672119140625,0.01175852119922638,807.0218505859375,57.04302978515625,0.005987005773931742,815.9014892578125,17.296371459960938,0.03304644674062729,838.2724609375,0.0,0.01026610191911459,763.9500732421875,71.65956115722656,0.13141001760959625,852.5518798828125,62.539764404296875,0.035544298589229584,750.0492553710938,130.6475372314453,0.14414164423942566,852.289306640625,126.15742492675781,0.051060691475868225,848.7509765625,116.463134765625,0.8246350884437561,814.7876586914062,101.39186096191406,0.7236477732658386,876.5994873046875,484.6547546386719,0.9690700769424438,731.5042114257812,462.31585693359375,0.9470799565315247,1172.353271484375,729.6615600585938,0.9737966656684875,729.66650390625,800.2274780273438,0.9632048606872559
382,12733,767.2587280273438,83.69357299804688,0.0017571450443938375,770.8450927734375,67.4289779663086,0.002464839955791831,766.666748046875,77.34686279296875,0.0010745953768491745,799.4015502929688,54.93438720703125,0.009610985405743122,793.0567626953125,69.27442932128906,0.0018804541323333979,794.1806030273438,15.340805053710938,0.0062148310244083405,837.9342651367188,0.0,0.007635609246790409,744.5540771484375,49.51563262939453,0.024652250111103058,880.8370971679688,31.912124633789062,0.04174226149916649,744.2048950195312,129.1910858154297,0.02638009376823902,898.7042236328125,81.9701156616211,0.03549836948513985,839.8097534179688,88.14875793457031,0.7935587763786316,828.5584716796875,87.29022216796875,0.8165761828422546,829.8314819335938,491.9204406738281,0.9661694765090942,748.74462890625,468.8558349609375,0.9685605764389038,1144.065673828125,706.1444702148438,0.9746524095535278,774.5874633789062,816.8994140625,0.9773577451705933
383,12766,763.6680908203125,95.90272521972656,0.0018314883345738053,766.248779296875,81.032958984375,0.00272209569811821,760.7294311523438,93.45039367675781,0.0011282955529168248,794.266845703125,59.46903991699219,0.014562617056071758,787.1144409179688,79.90869140625,0.002695466158911586,793.9107666015625,13.940803527832031,0.01297019049525261,833.2868041992188,0.0,0.012934430502355099,771.3008422851562,48.03172302246094,0.03657905384898186,791.4073486328125,61.075172424316406,0.04272091016173363,773.1965942382812,155.52389526367188,0.025533189997076988,736.121337890625,171.8084259033203,0.028631800785660744,847.3156127929688,116.25810241699219,0.8586998581886292,854.2348022460938,117.30345153808594,0.8603923916816711,780.6533203125,491.32965087890625,0.9689184427261353,754.9938354492188,486.71722412109375,0.9677810668945312,1090.1646728515625,696.9017944335938,0.9763794541358948,801.4298095703125,817.5357055664062,0.9758118987083435
384,12800,755.2036743164062,97.1989974975586,0.0023758611641824245,758.0859985351562,82.74481201171875,0.0029374128207564354,751.3363037109375,96.69309997558594,0.00143136247061193,785.3397216796875,60.5635986328125,0.013437322340905666,777.2457885742188,83.76425170898438,0.003254162846133113,785.30712890625,12.943382263183594,0.014386966824531555,830.7390747070312,0.0,0.022457240149378777,748.503173828125,42.99165344238281,0.04470417648553848,754.7601318359375,56.452239990234375,0.08638709038496017,708.3674926757812,151.3623504638672,0.03626701608300209,664.6505126953125,152.61663818359375,0.0666646882891655,854.0618286132812,128.73281860351562,0.8832234144210815,872.4972534179688,128.45484924316406,0.90326327085495,753.111083984375,487.6740417480469,0.9733014702796936,759.7247924804688,490.7615661621094,0.9764487743377686,1039.5919189453125,700.7730102539062,0.9790430068969727,828.4287109375,811.4143676757812,0.9801254868507385
385,12833,753.0181274414062,86.12745666503906,0.0024538554716855288,751.2609252929688,71.89370727539062,0.0031773929949849844,752.4276123046875,88.47713470458984,0.001118087093345821,777.0731201171875,53.46063995361328,0.0196892861276865,798.6826782226562,81.17937469482422,0.003434353042393923,769.8883666992188,8.624908447265625,0.046642620116472244,866.6859741210938,0.0,0.021324586123228073,728.9542236328125,5.8534698486328125,0.16624422371387482,781.1056518554688,23.642120361328125,0.06832780689001083,763.8191528320312,24.995269775390625,0.11875045299530029,749.1243896484375,40.2696533203125,0.057810552418231964,857.0277099609375,134.37644958496094,0.9272946715354919,911.6810913085938,130.58470153808594,0.8932662606239319,719.0568237304688,484.2814025878906,0.9800330996513367,754.477294921875,478.5204162597656,0.9691004157066345,980.4931640625,715.6928100585938,0.9789980053901672,857.7796020507812,799.91259765625,0.9710356593132019
386,12866,721.658203125,75.57591247558594,0.0020444586407393217,722.7584838867188,59.42701721191406,0.002862571971490979,729.6043701171875,75.83624267578125,0.0009322361438535154,764.3673706054688,43.63421630859375,0.029898308217525482,805.4229125976562,66.92562103271484,0.005026875529438257,770.5447998046875,0.0,0.04516751691699028,889.1693115234375,0.0,0.03357522189617157,735.7840576171875,0.0,0.10430752485990524,830.4964599609375,30.99657440185547,0.06936458498239517,766.5337524414062,48.68742370605469,0.06408277153968811,771.9051513671875,83.21843719482422,0.042222507297992706,863.2369995117188,137.28515625,0.8632806539535522,942.6351928710938,139.29766845703125,0.8461839556694031,686.4830932617188,463.0328063964844,0.9534482955932617,809.227294921875,486.93621826171875,0.9417979121208191,892.5966796875,720.91357421875,0.9354968667030334,894.6921997070312,787.470703125,0.9210004210472107
387,12900,760.0098876953125,80.2020492553711,0.0024805685970932245,755.151611328125,62.509552001953125,0.0030581362079828978,758.1064453125,81.6891860961914,0.0010427753441035748,790.8236083984375,44.42156982421875,0.02264329232275486,827.5953369140625,76.34632873535156,0.0041227019391953945,792.55615234375,4.737030029296875,0.05396486818790436,910.1224365234375,0.0,0.026200277730822563,758.509521484375,13.244705200195312,0.14727504551410675,856.8557739257812,41.585906982421875,0.062618188560009,764.4041137695312,62.41694641113281,0.10922787338495255,775.0457153320312,76.58647155761719,0.05500880256295204,856.8688354492188,132.67515563964844,0.9236219525337219,944.9566040039062,129.10830688476562,0.8892865777015686,660.7276611328125,459.0889892578125,0.9836371541023254,819.8657836914062,492.9099426269531,0.97409588098526,839.4071655273438,775.410888671875,0.9854670763015747,964.040283203125,821.609130859375,0.9784638285636902
388,12933,755.232666015625,93.71772766113281,0.0014261147007346153,756.6992797851562,76.677978515625,0.0020049898885190487,756.3885498046875,96.49058532714844,0.0006742930272594094,797.1123657226562,56.045654296875,0.020437031984329224,814.5703735351562,89.2357177734375,0.0033372698817402124,808.2819213867188,4.702400207519531,0.036350782960653305,883.9134521484375,0.0,0.019846025854349136,767.0070190429688,11.634201049804688,0.09704913198947906,837.7450561523438,24.655563354492188,0.05127778649330139,780.6953125,51.52995300292969,0.06629640609025955,780.7702026367188,61.18537902832031,0.04104432836174965,871.322998046875,132.2376251220703,0.9126121997833252,937.2217407226562,130.89852905273438,0.8827313184738159,661.0843505859375,445.85870361328125,0.9812567830085754,840.5576171875,483.1910705566406,0.972545325756073,766.1281127929688,781.4237060546875,0.9824763536453247,1003.7521362304688,812.4657592773438,0.9749152064323425
389,12966,780.78515625,87.58069610595703,0.0034307839814573526,775.369140625,65.42454528808594,0.00343706994317472,779.6859741210938,80.42079162597656,0.0015434331726282835,800.0211181640625,46.905853271484375,0.02134610526263714,845.1099853515625,70.08869934082031,0.00506674824282527,794.301513671875,0.0,0.05126402899622917,910.8545532226562,0.0,0.03168513998389244,761.997802734375,15.91259765625,0.13193711638450623,873.6643676757812,26.218460083007812,0.08763298392295837,792.1256103515625,59.50428771972656,0.12222488969564438,783.0450439453125,44.7930908203125,0.09832645952701569,863.4132080078125,125.99198913574219,0.9195080995559692,958.39453125,130.458251953125,0.8928720355033875,682.9301147460938,452.2568664550781,0.9846434593200684,887.2855834960938,493.630126953125,0.976702094078064,683.6236572265625,805.4536743164062,0.9842643141746521,1060.2840576171875,801.93896484375,0.9777121543884277
390,13000,769.52880859375,90.34886169433594,0.0010716133983805776,766.2652587890625,69.74585723876953,0.0011979149421676993,773.1494750976562,79.0323715209961,0.0004517778579611331,786.695068359375,48.55174255371094,0.016703074797987938,841.8316040039062,60.709144592285156,0.0033084750175476074,788.8699951171875,6.437530517578125,0.03498569875955582,916.403564453125,0.0,0.020025528967380524,737.1239013671875,50.78068542480469,0.09638649225234985,920.9719848632812,55.113006591796875,0.05361226946115494,711.979736328125,144.4980926513672,0.078730009496212,842.7607421875,134.4572296142578,0.05134938284754753,859.2155151367188,124.56912231445312,0.9232376217842102,963.22705078125,122.02011108398438,0.8978812098503113,713.4884643554688,467.9566955566406,0.9884572625160217,931.6472778320312,490.05194091796875,0.9822527170181274,616.59814453125,816.5557250976562,0.9883225560188293,1103.3067626953125,794.3065795898438,0.983359158039093
391,13033,800.4321899414062,93.87858581542969,0.0025408475194126368,795.9688110351562,70.94210815429688,0.0022779437713325024,798.4743041992188,79.42215728759766,0.0010877687018364668,810.033203125,51.92546081542969,0.012939703650772572,849.4317626953125,63.468727111816406,0.0033773486502468586,805.755615234375,3.1564178466796875,0.028226234018802643,897.3589477539062,3.8726348876953125,0.019906453788280487,727.8530883789062,55.83526611328125,0.10846472531557083,852.4261474609375,66.15980529785156,0.08024311810731888,662.7299194335938,134.8663787841797,0.13979612290859222,729.8727416992188,153.66783142089844,0.13242104649543762,870.5709228515625,108.66874694824219,0.9111248254776001,952.9671630859375,111.46778869628906,0.889133095741272,721.7190551757812,456.18988037109375,0.9885143637657166,955.7193603515625,481.3498840332031,0.9830126166343689,594.3047485351562,802.22265625,0.9880416393280029,1130.2767333984375,776.234619140625,0.9837852716445923
392,13066,810.5941772460938,99.61168670654297,0.0010875044390559196,809.4408569335938,79.95989227294922,0.0012463238090276718,811.3638305664062,88.99603271484375,0.0005045176367275417,823.1744995117188,63.91154479980469,0.012678336352109909,853.9376831054688,76.92274475097656,0.0023731410037726164,812.0740966796875,4.568778991699219,0.01955069787800312,905.1154174804688,0.0,0.012084885500371456,729.6817626953125,40.097259521484375,0.0754050761461258,933.2297973632812,26.65045166015625,0.0549953430891037,654.2864990234375,95.79496765136719,0.08017267286777496,880.4723510742188,80.64344787597656,0.0759255439043045,868.0393676757812,95.45448303222656,0.9122908115386963,945.2415771484375,96.4581298828125,0.8899893760681152,734.1890258789062,458.1697998046875,0.9882352352142334,964.8413696289062,473.30596923828125,0.9834068417549133,592.9273681640625,791.5416870117188,0.9871795773506165,1158.9473876953125,763.8258056640625,0.983228862285614
393,13100,793.9777221679688,100.84774017333984,0.0021528268698602915,792.3643798828125,79.552001953125,0.002366381697356701,792.2576904296875,88.49510192871094,0.0009594789007678628,812.319091796875,60.598228454589844,0.0164434015750885,840.4570922851562,72.81314849853516,0.0032978581730276346,807.9700927734375,16.005020141601562,0.029497090727090836,888.5128784179688,9.17083740234375,0.015477032400667667,738.979248046875,64.43536376953125,0.09466102719306946,863.7698974609375,54.634552001953125,0.04923688620328903,665.1648559570312,127.97007751464844,0.10215123742818832,758.3275146484375,120.47685241699219,0.0713522806763649,861.322265625,92.27339172363281,0.9021152257919312,937.3548583984375,91.22108459472656,0.8650720715522766,736.1685180664062,449.4509582519531,0.9873587489128113,967.1533813476562,468.9104309082031,0.9795441031455994,659.9456176757812,792.1323852539062,0.9876240491867065,1164.126220703125,751.0068969726562,0.9825798869132996
394,13133,771.8021850585938,97.44447326660156,0.0013238127576187253,775.2140502929688,77.44441223144531,0.0018791059264913201,780.1453857421875,92.31542205810547,0.0006928704679012299,799.6473999023438,61.0828971862793,0.016964470967650414,832.0968017578125,81.9543228149414,0.0027168465312570333,794.0326538085938,0.0,0.01391926035284996,889.4689331054688,0.0,0.012693165801465511,786.2319946289062,42.625396728515625,0.044980816543102264,898.0405883789062,30.880393981933594,0.04581424966454506,786.7125244140625,138.6125946044922,0.052688367664813995,854.42578125,100.61112213134766,0.052261434495449066,849.922119140625,87.92498016357422,0.8639682531356812,935.518798828125,85.77092742919922,0.8548868298530579,730.11328125,458.27984619140625,0.9812963604927063,937.8778076171875,454.05230712890625,0.9769669771194458,700.6014404296875,806.3497924804688,0.9788624048233032,1182.9615478515625,726.8850708007812,0.9757133722305298
395,13166,774.6617431640625,87.45314025878906,0.0016983745153993368,780.8351440429688,66.61605834960938,0.0022711686324328184,778.5277099609375,80.65003967285156,0.000849948322866112,812.0965576171875,50.69453430175781,0.01418466866016388,818.3405151367188,71.85894012451172,0.002418405842036009,803.226806640625,3.3292465209960938,0.011454538442194462,874.9304809570312,0.0,0.01108078844845295,776.4912109375,50.03620147705078,0.041418615728616714,888.0888061523438,34.73240661621094,0.04569428414106369,759.3108520507812,134.4812774658203,0.055715106427669525,848.0121459960938,85.19245147705078,0.05957430973649025,846.1851806640625,86.20504760742188,0.8505289554595947,909.6444091796875,81.91950988769531,0.8413220643997192,741.0751953125,459.3901062011719,0.9825146794319153,913.2171630859375,461.4976501464844,0.9778661131858826,727.5536499023438,810.6719970703125,0.9846930503845215,1168.3692626953125,710.0502319335938,0.9817173480987549
396,13200,757.3711547851562,72.54135131835938,0.001730902586132288,761.4383544921875,53.15501403808594,0.002253785030916333,764.8901977539062,68.86532592773438,0.0008161350851878524,793.0866088867188,36.380836486816406,0.015875326469540596,815.3859252929688,59.977020263671875,0.002608401468023658,788.8516845703125,0.0,0.01607554778456688,879.4046630859375,0.0,0.014424310997128487,767.4192504882812,46.32820129394531,0.05749644339084625,908.289794921875,37.83302307128906,0.05790438503026962,754.8929443359375,136.63238525390625,0.07031022012233734,863.3562622070312,109.53655242919922,0.07296717166900635,839.989990234375,103.0301513671875,0.8682724833488464,908.01513671875,100.41398620605469,0.8535791635513306,743.0797119140625,454.3138732910156,0.9810077548027039,881.3405151367188,472.822998046875,0.9744161367416382,749.9664916992188,813.7864379882812,0.9826329946517944,1142.2288818359375,701.2780151367188,0.9776096940040588
397,13233,754.8762817382812,89.44942474365234,0.0034578058402985334,755.6214599609375,68.26219940185547,0.004186136182397604,754.834716796875,83.07719421386719,0.0013975058682262897,786.6689453125,44.128143310546875,0.014496281743049622,794.326416015625,69.24698638916016,0.0021765127312391996,792.3681030273438,0.45025634765625,0.01565021462738514,845.740966796875,0.0,0.016054285690188408,748.5313720703125,54.205718994140625,0.0759057030081749,809.2093505859375,54.04774475097656,0.07527028024196625,676.4602661132812,141.38612365722656,0.11503346264362335,687.9882202148438,134.54429626464844,0.12428184598684311,861.5029907226562,102.92747497558594,0.8804864287376404,900.745849609375,98.11065673828125,0.8697828650474548,746.0722045898438,474.8682861328125,0.9863410592079163,839.11328125,484.96026611328125,0.9800976514816284,795.3145751953125,840.7350463867188,0.9883334636688232,1097.39453125,683.8945922851562,0.9848436713218689
398,13266,760.9476318359375,92.79947662353516,0.0031222114339470863,762.5209350585938,73.7259292602539,0.003935511689633131,759.1221313476562,88.31366729736328,0.0015382496640086174,793.531005859375,49.75653076171875,0.015840081498026848,785.323974609375,75.71678924560547,0.0029970973264425993,809.636962890625,7.058349609375,0.017226574942469597,815.8196411132812,0.0,0.019589360803365707,792.1639404296875,60.112701416015625,0.05681566148996353,785.1156005859375,61.010833740234375,0.06798849254846573,746.9425048828125,154.7467803955078,0.06580882519483566,701.6401977539062,147.10446166992188,0.08067797869443893,869.1237182617188,103.58903503417969,0.883007824420929,875.5662841796875,100.69509887695312,0.8789011836051941,752.6043090820312,479.8487854003906,0.9841445684432983,813.6526489257812,491.1903076171875,0.9782842993736267,837.4742431640625,839.9591674804688,0.9867163896560669,1056.194580078125,686.9365234375,0.9835585951805115
399,13300,753.38037109375,83.37858581542969,0.0013409140519797802,753.0188598632812,68.44601440429688,0.0019369360525161028,758.7097778320312,83.08108520507812,0.0007275170064531267,775.4176635742188,45.90055847167969,0.021256357431411743,798.824951171875,69.9378662109375,0.0034889185335487127,782.0325317382812,6.040557861328125,0.02520604245364666,843.2722778320312,0.0,0.02378109097480774,766.3744506835938,44.891029357910156,0.059314366430044174,834.6535034179688,51.79216003417969,0.06024807319045067,757.822265625,142.95863342285156,0.03864239528775215,766.0513916015625,146.12246704101562,0.04129735380411148,861.5894165039062,140.6457061767578,0.9214429259300232,896.8145141601562,135.042724609375,0.9155916571617126,762.6007080078125,493.2110900878906,0.9845897555351257,810.2662963867188,482.6216125488281,0.9795036315917969,882.4427490234375,821.283203125,0.9851444959640503,1019.0228271484375,700.598876953125,0.9825292825698853
400,13333,752.5252075195312,72.77151489257812,0.0018997316947206855,757.7744750976562,57.12702941894531,0.0026691595558077097,750.4032592773438,73.98090362548828,0.0008193955291062593,797.8861083984375,39.767120361328125,0.020591044798493385,773.9617919921875,70.61034393310547,0.0027733040042221546,819.1124267578125,1.401123046875,0.04754500091075897,799.6498413085938,0.0,0.020657772198319435,763.553466796875,6.9298553466796875,0.17140726745128632,763.7754516601562,20.556472778320312,0.06352714449167252,778.46484375,27.302627563476562,0.12473253160715103,739.6884155273438,44.9512939453125,0.05521306395530701,890.67626953125,143.2668914794922,0.9331149458885193,860.8179931640625,137.6788787841797,0.8950479626655579,772.5899047851562,489.8624572753906,0.9817031025886536,721.4451293945312,462.5094909667969,0.9642835259437561,924.0524291992188,814.0406494140625,0.975941002368927,963.4187622070312,698.1370849609375,0.9644576907157898
401,13366,753.2572631835938,77.88908386230469,0.0014157491968944669,758.451171875,61.611305236816406,0.002149303210899234,753.5694580078125,78.44913482666016,0.0006890827207826078,801.2120971679688,44.471351623535156,0.024226922541856766,783.2333374023438,74.3624496459961,0.0030734771862626076,829.6052856445312,8.08721923828125,0.0382038839161396,813.990478515625,0.0,0.025368738919496536,766.448974609375,16.1011962890625,0.09799470007419586,800.3435668945312,26.389572143554688,0.06380120664834976,768.9620971679688,35.84967041015625,0.05460686609148979,749.5491943359375,41.607879638671875,0.03666413575410843,891.3920288085938,147.79505920410156,0.9083399772644043,853.1548461914062,138.8128204345703,0.8885375261306763,807.989013671875,501.2814636230469,0.971993625164032,700.3577270507812,452.2026672363281,0.9580572247505188,970.3818969726562,819.07421875,0.9620825052261353,882.4476928710938,724.4956665039062,0.9558902382850647
402,13400,756.6558837890625,89.04212951660156,0.0012003135634586215,763.5047607421875,73.76529693603516,0.0018783503910526633,755.904541015625,85.857421875,0.0006964539061300457,802.535888671875,54.940338134765625,0.025906864553689957,776.037109375,75.55563354492188,0.0036474282387644053,837.397216796875,19.932266235351562,0.02848968282341957,799.3082885742188,3.975311279296875,0.03288007900118828,787.5835571289062,56.045631408691406,0.04786559194326401,819.9481201171875,60.101051330566406,0.06710413843393326,756.3909912109375,148.13014221191406,0.021125441417098045,742.6078491210938,152.60166931152344,0.026757966727018356,891.8936157226562,154.72885131835938,0.9154863953590393,831.738525390625,143.42515563964844,0.9233608841896057,856.2345581054688,502.1416931152344,0.9763113856315613,693.4591674804688,438.83746337890625,0.9734159708023071,1005.6954345703125,822.2677612304688,0.9719035029411316,815.064697265625,728.9241943359375,0.9746713042259216
403,13433,753.2673950195312,95.26084899902344,0.0011235751444473863,758.4659423828125,80.1346664428711,0.0017065880820155144,754.3261108398438,90.78373718261719,0.0006301230168901384,795.9182739257812,61.45440673828125,0.020207474008202553,780.7637939453125,78.77877044677734,0.0028345463797450066,826.7158813476562,22.236373901367188,0.021007375791668892,813.8998413085938,5.492156982421875,0.02485594153404236,772.6452026367188,61.91173553466797,0.04357777535915375,859.196044921875,60.964439392089844,0.06555107235908508,752.8076782226562,146.11492919921875,0.02187489904463291,827.1759033203125,145.51634216308594,0.02779395878314972,889.389404296875,142.2846221923828,0.9014603495597839,835.5020141601562,132.68826293945312,0.9134150147438049,892.6547241210938,494.6539611816406,0.9749568700790405,697.5067749023438,434.9513244628906,0.973607063293457,1064.27099609375,806.0313720703125,0.9708662629127502,748.855712890625,752.4481201171875,0.9751040935516357
404,13466,792.2814331054688,87.3310317993164,0.0034881727769970894,794.798095703125,73.47029113769531,0.003910532221198082,786.4493408203125,80.42298889160156,0.001744201174005866,826.686767578125,55.279266357421875,0.016591964289546013,799.5741577148438,66.02508544921875,0.0035438197664916515,844.4998779296875,24.76519775390625,0.034460894763469696,824.2680053710938,9.22027587890625,0.024722440168261528,770.0081787109375,70.75447082519531,0.10385041683912277,822.8933715820312,76.15946960449219,0.07321693003177643,718.0455932617188,137.92657470703125,0.07265069335699081,754.801025390625,161.69361877441406,0.04997573420405388,908.5982666015625,136.13475036621094,0.9088782072067261,843.7989501953125,118.88955688476562,0.8959599733352661,928.0750122070312,492.236572265625,0.9789007902145386,705.407958984375,435.0264892578125,0.9715566039085388,1105.8187255859375,801.6934204101562,0.9750354290008545,673.2013549804688,770.5303344726562,0.9738078713417053
405,13500,782.7861328125,84.1201400756836,0.002752946224063635,785.5775756835938,69.49665069580078,0.002843440743163228,782.0665893554688,74.11766052246094,0.0013641330879181623,811.3399658203125,55.934234619140625,0.010515106841921806,800.2877807617188,61.928855895996094,0.0027401975821703672,818.3985595703125,27.432403564453125,0.017394350841641426,834.7960205078125,11.681625366210938,0.02028687857091427,734.19921875,77.48085021972656,0.06567355990409851,889.2277221679688,67.31108093261719,0.08381060510873795,687.0487060546875,135.6976776123047,0.05706234276294708,875.6248779296875,120.53741455078125,0.0593043714761734,896.6312866210938,110.89828491210938,0.90846186876297,848.0194702148438,105.47286987304688,0.9162487387657166,950.1819458007812,475.5687561035156,0.9859662652015686,723.2207641601562,439.4066162109375,0.9845655560493469,1148.6981201171875,785.4087524414062,0.9861264824867249,645.49365234375,784.15966796875,0.9877713918685913
406,13533,798.0905151367188,85.7885513305664,0.003876966889947653,798.9387817382812,72.1695556640625,0.004042878281325102,794.7718505859375,78.05577850341797,0.002128426916897297,825.4076538085938,61.78605651855469,0.00937582552433014,808.2076416015625,70.16400146484375,0.0028210654854774475,831.0703125,37.79219055175781,0.015607447363436222,837.1007080078125,18.89410400390625,0.01230158656835556,750.8086547851562,83.25627136230469,0.06443526595830917,895.3447875976562,76.56143188476562,0.0557669959962368,719.7191162109375,128.37355041503906,0.06406407058238983,905.4490356445312,127.30105590820312,0.050909046083688736,899.9537353515625,106.93125915527344,0.8864995837211609,840.26025390625,96.20539855957031,0.8762563467025757,962.58349609375,465.3077087402344,0.985116720199585,727.2548217773438,437.1702575683594,0.9813134670257568,1172.2869873046875,769.9263305664062,0.9878019690513611,640.8013916015625,781.1231689453125,0.987183690071106
407,13566,791.4988403320312,86.13993072509766,0.004457725211977959,793.5505981445312,70.76593780517578,0.005145622417330742,785.635986328125,77.47805786132812,0.002181126968935132,825.1576538085938,58.61650085449219,0.010395380668342113,799.1971435546875,68.6132583618164,0.0023223680909723043,834.484375,35.85923767089844,0.017986277118325233,830.9597778320312,14.67901611328125,0.009161204099655151,747.5768432617188,86.6561279296875,0.08815116435289383,863.9634399414062,80.48762512207031,0.041664112359285355,684.9168090820312,138.27699279785156,0.09087461978197098,832.5978393554688,148.81288146972656,0.04648743197321892,899.0790405273438,100.15104675292969,0.8904767632484436,837.0652465820312,89.84637451171875,0.8554611802101135,951.0488891601562,465.8594970703125,0.986045777797699,728.981689453125,440.47772216796875,0.9787013530731201,1187.18798828125,751.8351440429688,0.9887210726737976,666.133544921875,784.1646118164062,0.9862859845161438
408,13600,789.9951782226562,90.98739624023438,0.0043213507160544395,793.2365112304688,74.72666931152344,0.00514757027849555,782.5146484375,80.8106689453125,0.002249391982331872,824.1947021484375,62.08605194091797,0.00963694229722023,792.961669921875,70.3330078125,0.002274611731991172,829.3247680664062,36.27580261230469,0.015351278707385063,823.3740234375,9.379440307617188,0.0072573511861264706,753.3943481445312,86.76310729980469,0.07713339477777481,853.095703125,75.8653564453125,0.0351584367454052,711.9039916992188,142.12001037597656,0.08394282311201096,844.2103881835938,138.66403198242188,0.04290871322154999,885.5023193359375,93.18708801269531,0.869519829750061,827.3976440429688,84.65451049804688,0.8240621089935303,925.290771484375,477.83526611328125,0.982982337474823,735.6095581054688,457.457275390625,0.9746152758598328,1190.520263671875,728.7566528320312,0.987352728843689,710.584228515625,806.3432006835938,0.9842060804367065
409,13633,767.1381225585938,91.23179626464844,0.0026511712931096554,771.2446899414062,70.09986877441406,0.0038905201945453882,764.5838012695312,79.94100952148438,0.0016238890821114182,800.9207153320312,59.914833068847656,0.010666283778846264,782.5372924804688,75.17115783691406,0.002100028796121478,804.8070068359375,31.252464294433594,0.006998712662607431,812.0610961914062,8.167739868164062,0.006833681836724281,741.0819702148438,76.82949829101562,0.027889661490917206,827.922607421875,58.84515380859375,0.03213782608509064,709.02685546875,138.5389862060547,0.02985324151813984,781.2808837890625,130.94944763183594,0.031710460782051086,856.542724609375,72.81587219238281,0.7859768271446228,817.1982421875,75.6639404296875,0.7889264822006226,888.2805786132812,476.82330322265625,0.9696437120437622,752.0906982421875,466.35107421875,0.9674167633056641,1176.1158447265625,711.6089477539062,0.9779672622680664,751.6741333007812,817.130859375,0.9779234528541565
410,13666,762.5723876953125,82.73975372314453,0.0025802510790526867,768.8011474609375,64.15054321289062,0.004014752339571714,758.5601806640625,74.54887390136719,0.0014747628010809422,803.0886840820312,51.31775665283203,0.010250173509120941,774.1437377929688,67.73815155029297,0.0016354728722944856,813.8333129882812,16.966644287109375,0.006324512418359518,797.455810546875,0.0,0.005518352147191763,745.7892456054688,56.1595458984375,0.03021227940917015,781.0332641601562,49.837554931640625,0.028646934777498245,696.6365966796875,143.44912719726562,0.03522224351763725,708.857666015625,151.85409545898438,0.03281151503324509,854.7442016601562,83.15313720703125,0.7814067602157593,808.8138427734375,83.65461730957031,0.7746105790138245,844.6580200195312,488.9100036621094,0.9678524136543274,750.1188354492188,469.443603515625,0.9636627435684204,1153.137451171875,710.2679443359375,0.9767194986343384,785.1890258789062,815.9420166015625,0.9760941863059998
411,13700,767.26513671875,92.56901550292969,0.0022682391572743654,770.9981689453125,77.11441040039062,0.003173230215907097,764.2748413085938,88.77410888671875,0.0013463411014527082,800.5400390625,56.545326232910156,0.012040441855788231,789.2705078125,75.2969970703125,0.0023620394058525562,800.2110595703125,11.421455383300781,0.01007081475108862,834.3240966796875,0.0,0.0116618936881423,767.14990234375,46.541908264160156,0.03670572489500046,785.48095703125,52.517921447753906,0.049492403864860535,732.769287109375,154.62876892089844,0.03257991373538971,696.3078002929688,157.8642120361328,0.04183090105652809,850.22900390625,111.93544006347656,0.8447769284248352,851.716796875,112.90805053710938,0.8547789454460144,795.9970092773438,489.94805908203125,0.9692201614379883,762.8578491210938,486.80474853515625,0.9696148037910461,1109.0081787109375,695.623046875,0.9770815968513489,812.2161865234375,822.9022216796875,0.9771422743797302
412,13733,762.6346435546875,99.06438446044922,0.002438222523778677,764.8494873046875,83.1060791015625,0.00308250798843801,759.9285278320312,96.67918395996094,0.001394943450577557,794.3910522460938,60.664306640625,0.011903136968612671,793.598876953125,82.40608978271484,0.0026391111314296722,790.3189697265625,15.842376708984375,0.011047445237636566,856.99951171875,0.0,0.017072806134819984,759.57763671875,50.47325134277344,0.041317395865917206,781.0825805664062,61.84529113769531,0.07794114947319031,694.5003051757812,158.4861297607422,0.0394756905734539,671.2479858398438,152.67092895507812,0.07076118886470795,851.82421875,121.45916748046875,0.8580877780914307,884.4940795898438,120.34842681884766,0.8813959956169128,763.0311889648438,484.39306640625,0.9711171388626099,772.2147216796875,489.8337097167969,0.9747247695922852,1056.899169921875,693.6033935546875,0.9789086580276489,837.8735961914062,820.8578491210938,0.9797397255897522
413,13766,773.2674560546875,107.64717864990234,0.002226955723017454,768.103271484375,91.66083526611328,0.0025792892556637526,768.312744140625,105.73347473144531,0.0013117814669385552,785.8848876953125,67.65282440185547,0.017968010157346725,809.5958862304688,90.55526733398438,0.005452839657664299,779.7935180664062,22.435409545898438,0.03258102387189865,882.9500122070312,0.0,0.03384959325194359,760.1689453125,39.28999328613281,0.07276273518800735,844.0224609375,63.5804443359375,0.08200789242982864,744.708984375,144.88975524902344,0.044881146401166916,758.4038696289062,147.59893798828125,0.05152590200304985,857.2884521484375,116.63296508789062,0.8989644646644592,916.7396850585938,111.576416015625,0.8986859917640686,736.0111083984375,483.92303466796875,0.9727770686149597,764.321044921875,486.5052185058594,0.9711148738861084,996.40576171875,698.7899780273438,0.9784190654754639,874.6792602539062,800.5513916015625,0.9760480523109436
414,13800,758.6943359375,80.34601593017578,0.001938064699061215,753.9334716796875,63.602210998535156,0.0023447570856660604,755.8976440429688,82.64048767089844,0.0008207419305108488,787.8491821289062,44.44573974609375,0.021671289578080177,819.7562255859375,76.14674377441406,0.003878453280776739,777.5174560546875,0.0,0.05499847233295441,905.2469482421875,0.0,0.027585115283727646,749.9895629882812,0.0,0.15874339640140533,866.6805419921875,36.580810546875,0.06941487640142441,777.6757202148438,41.02052307128906,0.10883617401123047,811.04736328125,82.93949890136719,0.05392078310251236,854.8701782226562,117.26994323730469,0.8816943764686584,939.8241577148438,116.46437072753906,0.8344261050224304,695.1747436523438,464.4141540527344,0.9592843651771545,802.7040405273438,493.06622314453125,0.9378998279571533,944.4122314453125,743.0563354492188,0.9538922905921936,928.3253173828125,806.6841430664062,0.9347499012947083
415,13833,748.97412109375,98.32804870605469,0.00159920915029943,746.2512817382812,79.99797821044922,0.0022910544648766518,752.1996459960938,100.1378173828125,0.0008420844096690416,779.1474609375,56.46025085449219,0.024673016741871834,820.2969970703125,89.5630874633789,0.004501712042838335,783.3541259765625,9.964118957519531,0.03285610303282738,913.8828735351562,3.3882293701171875,0.02589568868279457,758.2922973632812,35.06959533691406,0.06828140467405319,878.3692016601562,65.39918518066406,0.055441778153181076,719.1713256835938,146.9978485107422,0.041901301592588425,762.6591796875,158.08401489257812,0.038176488131284714,855.9351806640625,132.0219268798828,0.892253041267395,951.5143432617188,129.56704711914062,0.8802747130393982,668.4454956054688,456.9569091796875,0.9742507934570312,828.36279296875,488.19891357421875,0.9699086546897888,880.7254028320312,747.658447265625,0.9789981245994568,968.7068481445312,821.3580932617188,0.9740246534347534
416,13866,769.1170043945312,96.24174499511719,0.002078438177704811,768.822021484375,77.15581512451172,0.002660464495420456,764.47021484375,94.82256317138672,0.0009796296944841743,809.570068359375,54.57124328613281,0.021251624450087547,818.6823120117188,85.29570007324219,0.004066242836415768,825.52294921875,16.48406982421875,0.03527063503861427,890.2818603515625,14.988876342773438,0.024945031851530075,806.4420776367188,64.55406188964844,0.07670115679502487,879.3922119140625,87.01638793945312,0.05462963134050369,773.9583129882812,175.0963897705078,0.05891545116901398,794.2359008789062,185.6326904296875,0.04624953866004944,868.5465698242188,118.16496276855469,0.9047431349754333,929.6946411132812,119.46743774414062,0.8849330544471741,666.510009765625,434.92266845703125,0.9825978875160217,864.617431640625,495.4182434082031,0.9770355224609375,802.3174438476562,780.8794555664062,0.9869272112846375,1013.077392578125,827.76513671875,0.9821183681488037
417,13900,792.5830078125,103.75794982910156,0.0012941855238750577,788.4609375,81.51823425292969,0.0018626870587468147,795.2576904296875,98.40769958496094,0.0007140542147681117,814.0872802734375,60.143829345703125,0.025743216276168823,860.8006591796875,87.58726501464844,0.0042500621639192104,811.4637451171875,11.39410400390625,0.03255894035100937,930.9152221679688,8.9073486328125,0.021753642708063126,800.8049926757812,60.94306182861328,0.05302806571125984,921.9078369140625,69.84210205078125,0.043937284499406815,821.2518310546875,174.18113708496094,0.03227417171001434,847.2592163085938,174.4882049560547,0.03184876590967178,863.2284545898438,123.56428527832031,0.8965417146682739,962.1581420898438,127.02765655517578,0.8746820092201233,681.6150512695312,439.1844177246094,0.979260265827179,889.61572265625,483.3576965332031,0.9726166129112244,714.1194458007812,795.2811279296875,0.9822939038276672,1064.725341796875,802.7949829101562,0.9764761924743652
418,13933,802.7955322265625,95.23693084716797,0.002047539222985506,796.8843383789062,73.1722640991211,0.002159204799681902,802.3134155273438,84.39910125732422,0.0010476765455678105,813.201416015625,52.62139892578125,0.02052944153547287,861.5344848632812,69.62905883789062,0.005196807440370321,805.9744262695312,10.339599609375,0.037958208471536636,922.6382446289062,8.023635864257812,0.027408527210354805,788.6326904296875,66.99238586425781,0.07220960408449173,918.63720703125,63.76776123046875,0.06198986992239952,797.7916259765625,154.43362426757812,0.05818706005811691,835.1796264648438,145.79415893554688,0.05782132223248482,856.6589965820312,114.30010986328125,0.911766767501831,956.8572387695312,117.69264221191406,0.8932176232337952,707.982421875,450.2926940917969,0.985944926738739,942.1907958984375,489.5488586425781,0.9805951118469238,649.0982666015625,814.692626953125,0.9868534803390503,1107.7900390625,792.0454711914062,0.982628583908081
419,13966,801.9895629882812,97.2000503540039,0.0011772827710956335,802.9490356445312,77.80836486816406,0.0015290312003344297,811.0538330078125,90.8526840209961,0.0006150942062959075,819.1732788085938,58.292083740234375,0.018521839752793312,865.8629760742188,77.5744400024414,0.003604263998568058,815.8951416015625,0.0,0.021860649809241295,925.4140014648438,0.0,0.016843050718307495,808.029052734375,47.433128356933594,0.057147279381752014,923.3953857421875,44.28785705566406,0.04782567918300629,822.923828125,150.8322296142578,0.05371210724115372,864.2841796875,128.0972442626953,0.04577607288956642,862.5397338867188,100.24465942382812,0.878762423992157,965.6786499023438,103.05647277832031,0.8619006872177124,715.8334350585938,459.9143371582031,0.9804033041000366,965.5269165039062,468.47332763671875,0.9749650359153748,603.5433959960938,799.0501098632812,0.9747153520584106,1145.93798828125,775.8406372070312,0.9690778255462646
420,14000,819.6151123046875,93.98739624023438,0.0020585544407367706,816.7276611328125,71.62188720703125,0.002225523581728339,815.8643798828125,78.37568664550781,0.0009808989707380533,832.8424072265625,57.69671630859375,0.013058142736554146,857.7705688476562,67.10382843017578,0.0030140650924295187,831.5704345703125,15.824111938476562,0.021065380424261093,894.252685546875,15.2508544921875,0.011441943235695362,809.3911743164062,70.99516296386719,0.06561309844255447,873.5499267578125,68.72346496582031,0.03877895325422287,812.975341796875,143.89022827148438,0.08100559562444687,810.0298461914062,143.46487426757812,0.05881210044026375,872.3684692382812,83.04904174804688,0.8917326927185059,941.5228271484375,86.27302551269531,0.8526511788368225,741.0625,450.36474609375,0.9890154004096985,980.6151733398438,470.40179443359375,0.9824762344360352,611.4457397460938,803.9525756835938,0.9902436137199402,1162.5966796875,768.5319213867188,0.9862856268882751
421,14033,799.9024658203125,96.38953399658203,0.002045736648142338,799.19921875,74.09822845458984,0.0024026038590818644,797.0077514648438,82.78619384765625,0.0009402832947671413,821.6337890625,60.34199523925781,0.014371280558407307,839.0848999023438,73.20552062988281,0.002702031983062625,827.316162109375,21.137191772460938,0.020924903452396393,876.120361328125,18.388092041015625,0.010641627013683319,799.24169921875,74.33688354492188,0.06622974574565887,871.8299560546875,61.57228088378906,0.036247655749320984,793.3989868164062,127.79731750488281,0.08055707067251205,802.6375732421875,104.30204772949219,0.05546371266245842,871.1026611328125,80.33294677734375,0.8730723261833191,927.3777465820312,84.07814025878906,0.8252335786819458,749.3321533203125,443.83367919921875,0.9861541390419006,971.1923828125,471.9762268066406,0.9771639704704285,652.6873168945312,808.399658203125,0.9873746037483215,1168.6849365234375,756.1416015625,0.9818753600120544
422,14066,770.4562377929688,82.55781555175781,0.0018816412193700671,771.1177978515625,61.69816589355469,0.002306516282260418,775.8345336914062,74.39163208007812,0.0007459052721969783,794.9602661132812,45.7056884765625,0.01011459156870842,825.3688354492188,65.21575927734375,0.001450039679184556,797.6622314453125,6.31988525390625,0.009274552576243877,886.1887817382812,0.0,0.008653471246361732,770.4699096679688,64.49674987792969,0.06025657430291176,841.8953247070312,60.38996887207031,0.056108664721250534,719.6162109375,153.46728515625,0.116204172372818,717.5973510742188,151.28054809570312,0.11753715574741364,858.28076171875,87.97718811035156,0.8524259924888611,938.21044921875,82.22341918945312,0.8376834392547607,752.8775024414062,456.1793518066406,0.9858953356742859,936.2901000976562,457.4784851074219,0.9809374213218689,712.349365234375,818.9078979492188,0.9871163964271545,1182.8079833984375,718.67724609375,0.9837530851364136
423,14100,781.046875,79.52412414550781,0.0020396497566252947,782.6962280273438,57.576942443847656,0.0025173320900648832,786.277099609375,71.74930572509766,0.0009287678403779864,804.8024291992188,40.04530334472656,0.011216078884899616,829.8162231445312,62.85871124267578,0.0019346254412084818,794.9124755859375,0.0,0.009255302138626575,888.1981811523438,0.0,0.010243244469165802,770.562744140625,55.934532165527344,0.04769277572631836,850.6957397460938,55.74053192138672,0.0555616095662117,738.1314697265625,158.40330505371094,0.08280816674232483,728.0260009765625,155.98426818847656,0.09907834231853485,850.1937255859375,90.07402038574219,0.8394436240196228,927.2296142578125,84.97247314453125,0.8339706659317017,756.455078125,463.9686584472656,0.9832456111907959,906.4314575195312,461.27691650390625,0.9784772992134094,731.72265625,825.9891967773438,0.9853417873382568,1163.6778564453125,703.9517822265625,0.9821604490280151
424,14133,782.0821533203125,86.71343994140625,0.0018933725077658892,781.2973022460938,68.11138916015625,0.002063149819150567,784.7501220703125,81.20333862304688,0.0009927819482982159,804.9252319335938,45.35298156738281,0.015317454934120178,829.8197631835938,66.25808715820312,0.0034635914489626884,797.4761962890625,0.0,0.0206006933003664,881.01708984375,0.0,0.02349172532558441,778.6799926757812,48.34565734863281,0.05203115567564964,931.167724609375,33.579986572265625,0.08504392951726913,791.3058471679688,123.82058715820312,0.0526813343167305,940.9006958007812,96.8411865234375,0.08606790751218796,851.4078979492188,107.48817443847656,0.8992246985435486,908.370361328125,106.37553405761719,0.9004632234573364,753.7212524414062,464.8565368652344,0.984889566898346,868.6199340820312,476.2458190917969,0.9816786646842957,775.9522705078125,819.4876708984375,0.9868929982185364,1129.7205810546875,684.1951904296875,0.9852257370948792
425,14166,760.4597778320312,81.05806732177734,0.0025315904058516026,758.4884643554688,61.6051025390625,0.003293005982413888,764.6548461914062,75.49900817871094,0.0011093608336523175,784.0816650390625,40.83050537109375,0.02062378078699112,812.7925415039062,64.38473510742188,0.0030929981730878353,790.5192260742188,3.066558837890625,0.023235386237502098,869.3765258789062,0.0,0.02121887169778347,774.5076293945312,56.591400146484375,0.0678260400891304,885.1616821289062,59.29756164550781,0.06344480812549591,745.2753295898438,146.66143798828125,0.07013633847236633,812.80322265625,138.73800659179688,0.06868988275527954,866.2531127929688,108.22476196289062,0.8985744714736938,916.8215942382812,104.9102783203125,0.88556307554245,761.0045166015625,477.46307373046875,0.98680579662323,840.6852416992188,488.48321533203125,0.9802890419960022,804.71484375,849.0217895507812,0.9885144829750061,1083.46484375,683.4048461914062,0.9849215149879456
426,14200,777.7501831054688,88.69800567626953,0.003158208215609193,778.3656005859375,69.897216796875,0.004144393373280764,776.81494140625,85.00952911376953,0.001515744486823678,810.0681762695312,47.090423583984375,0.01990441046655178,805.5787963867188,74.87354278564453,0.0033658924512565136,827.6819458007812,9.313430786132812,0.02221987023949623,834.2227172851562,0.0,0.023006010800600052,813.1869506835938,64.70526123046875,0.06096118316054344,815.3753051757812,75.58163452148438,0.06517785042524338,780.4825439453125,168.8580780029297,0.06157965958118439,735.8673706054688,162.37417602539062,0.06672057509422302,879.22705078125,111.58218383789062,0.8932095766067505,884.3133544921875,109.79594421386719,0.8853985071182251,761.25927734375,479.6726379394531,0.9844767451286316,818.1873779296875,492.3138427734375,0.9781907796859741,850.2368774414062,844.2747802734375,0.9864863157272339,1043.498291015625,701.2490844726562,0.9830900430679321
427,14233,767.084716796875,84.63821411132812,0.0016263516154140234,765.068359375,68.08428955078125,0.002142861718311906,773.9913940429688,83.56555938720703,0.0008417498902417719,786.7778930664062,45.358177185058594,0.02093365602195263,820.7135620117188,70.95767211914062,0.003709610318765044,792.4973754882812,11.799156188964844,0.024972835555672646,872.7935180664062,0.0,0.03276868909597397,782.1079711914062,62.263526916503906,0.061410143971443176,846.3773803710938,70.01422119140625,0.09012074768543243,764.693115234375,163.37841796875,0.045035675168037415,739.565185546875,159.2024688720703,0.06599409133195877,872.8327026367188,146.87779235839844,0.912696361541748,920.2410278320312,140.88217163085938,0.9183883666992188,771.26904296875,492.4790344238281,0.9820442199707031,810.98876953125,485.18609619140625,0.9787706732749939,893.7888793945312,828.7774658203125,0.9815411567687988,1004.2752685546875,706.2535400390625,0.9796981811523438
428,14266,759.6138916015625,86.09468078613281,0.0017959902761504054,762.9305419921875,66.05072021484375,0.0027179305907338858,753.3095703125,80.44367980957031,0.0007357869762927294,808.5060424804688,44.840972900390625,0.024608533829450607,781.4335327148438,70.92750549316406,0.00246017100289464,842.8176879882812,14.454345703125,0.035535912960767746,808.412109375,0.0,0.024854574352502823,792.665771484375,48.442108154296875,0.09630171954631805,787.9772338867188,69.90655517578125,0.06417917460203171,752.0867309570312,153.07447814941406,0.06826586276292801,712.152099609375,161.21351623535156,0.04952382296323776,901.8239135742188,131.15789794921875,0.890074610710144,863.316162109375,122.15716552734375,0.8668226599693298,791.3838500976562,494.6795959472656,0.9697725176811218,725.9703979492188,468.37457275390625,0.954531192779541,932.0652465820312,826.0061645507812,0.9650259613990784,955.9268798828125,732.6314086914062,0.9566580057144165
429,14300,774.44677734375,86.2441177368164,0.0013186773285269737,776.6627197265625,67.9288330078125,0.0019490327686071396,772.6104125976562,81.87821960449219,0.0005684916395694017,817.2021484375,47.81488037109375,0.025949910283088684,805.9405517578125,72.49937438964844,0.002702140947803855,841.3137817382812,15.869613647460938,0.038659919053316116,841.8307495117188,0.0,0.030731521546840668,793.8839721679688,48.13554382324219,0.08821623027324677,876.01611328125,71.28158569335938,0.0728427991271019,782.6448364257812,146.52969360351562,0.050457026809453964,830.28759765625,158.47064208984375,0.038934431970119476,895.5867919921875,139.67738342285156,0.9264352321624756,863.4859008789062,126.20782470703125,0.9182543754577637,835.7860107421875,515.5896606445312,0.9806361794471741,702.2092895507812,447.941650390625,0.9729412794113159,987.3905639648438,836.4788818359375,0.9751782417297363,879.6952514648438,721.8871459960938,0.9741273522377014
430,14333,766.3976440429688,89.0185775756836,0.0012260846560820937,771.003173828125,73.2546615600586,0.0015926765045151114,768.8232421875,85.69221496582031,0.0007207068265415728,806.83447265625,56.59922790527344,0.01834149844944477,800.294189453125,76.50096130371094,0.0035419240593910217,834.4816284179688,22.346237182617188,0.018922965973615646,845.0845336914062,3.5809478759765625,0.03437751159071922,803.9549560546875,59.09523010253906,0.03722934424877167,936.4124145507812,53.423927307128906,0.1031457930803299,818.8870849609375,133.47811889648438,0.023618150502443314,971.1055297851562,108.43240356445312,0.04629410058259964,895.8453369140625,148.66818237304688,0.903054416179657,859.3114013671875,137.74415588378906,0.929102897644043,871.0521850585938,501.4812927246094,0.9776839017868042,706.8367919921875,438.2960205078125,0.9800159335136414,1022.1351928710938,833.0635986328125,0.9739952087402344,796.2410888671875,746.734375,0.9801268577575684
431,14366,815.39501953125,89.92774200439453,0.006571382749825716,819.9672241210938,70.69097900390625,0.007232243195176125,811.38232421875,81.41899108886719,0.0041062599048018456,848.3983154296875,51.27671813964844,0.026367096230387688,822.431640625,65.98878479003906,0.008427485823631287,857.9857177734375,14.47869873046875,0.05975978448987007,855.828369140625,0.0,0.030942847952246666,823.1884155273438,60.75732421875,0.1157064214348793,911.0995483398438,51.55682373046875,0.06615684181451797,853.5806274414062,120.9942855834961,0.0739935114979744,952.5935668945312,103.70661163330078,0.044006407260894775,914.8817749023438,140.8238525390625,0.8696333169937134,864.0117797851562,119.95042419433594,0.8328422904014587,905.6422729492188,491.64581298828125,0.9590783715248108,706.301513671875,434.7988586425781,0.9422300457954407,1087.9801025390625,819.9109497070312,0.9430184960365295,736.9471435546875,762.056396484375,0.9351254105567932
432,14400,808.2687377929688,86.69956970214844,0.002535982057452202,809.1132202148438,72.81440734863281,0.002773111220449209,806.5281372070312,80.1115493774414,0.0013070896966382861,837.9736328125,56.05645751953125,0.014451715163886547,829.922119140625,66.40152740478516,0.0033692819997668266,843.3616333007812,24.281982421875,0.028730297461152077,871.6978149414062,4.0248870849609375,0.02252376638352871,767.0132446289062,67.00923156738281,0.08725657314062119,929.31298828125,60.066009521484375,0.07447073608636856,733.430419921875,126.12789916992188,0.06047017127275467,932.13525390625,113.55624389648438,0.04593270644545555,909.488037109375,127.26786804199219,0.9199200868606567,870.4156494140625,110.35125732421875,0.9130975604057312,941.8900146484375,497.8354797363281,0.9840942025184631,731.9000854492188,445.1423034667969,0.9798953533172607,1126.13427734375,815.7957153320312,0.9819025993347168,673.9138793945312,786.9734497070312,0.9818561673164368
433,14433,808.8680419921875,89.1698226928711,0.0023958315141499043,809.0479125976562,75.57032775878906,0.0024663975927978754,808.0439453125,82.31224822998047,0.0012595418374985456,834.845947265625,59.2774658203125,0.01056914683431387,830.0817260742188,69.10789489746094,0.0029285692144185305,835.6829223632812,26.87493896484375,0.0225200392305851,871.0697021484375,7.379058837890625,0.01832946576178074,740.1656494140625,73.35951232910156,0.08495379239320755,917.5210571289062,68.07170104980469,0.07285641878843307,679.5743408203125,122.66267395019531,0.06306546926498413,902.2035522460938,119.22445678710938,0.05064089223742485,910.4368286132812,118.40565490722656,0.9273834228515625,870.6619873046875,105.8382568359375,0.921341598033905,972.4879760742188,483.30718994140625,0.9879192113876343,740.1727294921875,449.0400695800781,0.9847723245620728,1164.4464111328125,795.9869384765625,0.9878871440887451,656.074462890625,789.6130981445312,0.9874861836433411
434,14466,808.6943359375,77.96752166748047,0.0028788091149181128,808.155029296875,64.73709869384766,0.002957480726763606,807.919921875,70.66754150390625,0.0015774100320413709,831.7901611328125,53.975006103515625,0.00983871053904295,828.155517578125,62.27064514160156,0.0029001266229897738,834.1412353515625,29.667892456054688,0.017894284799695015,864.3272094726562,8.583023071289062,0.016092179343104362,770.144775390625,78.19720458984375,0.06535231322050095,926.6799926757812,64.65238952636719,0.06753530353307724,763.6740112304688,129.3739471435547,0.055371854454278946,933.8859252929688,111.31283569335938,0.04973530024290085,907.6639404296875,109.11671447753906,0.9122540354728699,864.8441772460938,99.47158813476562,0.9091235995292664,975.2946166992188,469.6416320800781,0.987296462059021,743.0678100585938,441.4065246582031,0.9847487807273865,1188.9078369140625,780.6453247070312,0.9888460040092468,668.9537353515625,784.1528930664062,0.9887485504150391
435,14500,799.0556640625,81.24980163574219,0.003367129247635603,799.412841796875,65.31209564208984,0.004029856529086828,796.827392578125,72.14710235595703,0.001698182080872357,826.5244140625,53.99290466308594,0.011816894635558128,816.324462890625,64.23220825195312,0.0024433659855276346,829.3427124023438,32.85246276855469,0.01805885136127472,849.7009887695312,10.444198608398438,0.011310664936900139,745.0382080078125,82.8153076171875,0.07121989876031876,905.2379150390625,71.92520141601562,0.04557115212082863,702.772216796875,138.61495971679688,0.06192268058657646,902.7129516601562,127.53350830078125,0.03979277238249779,905.7178344726562,102.90609741210938,0.9017070531845093,856.0074462890625,95.72602844238281,0.8813782334327698,970.0457763671875,469.8699951171875,0.9870022535324097,741.2728881835938,443.7295837402344,0.9818004369735718,1216.732177734375,763.0375366210938,0.9895026683807373,704.71435546875,783.5480346679688,0.9881559610366821
436,14533,830.6307373046875,67.75275421142578,0.008382854983210564,832.1597900390625,49.66319274902344,0.009765557013452053,828.5026245117188,60.03567123413086,0.005654830485582352,850.573974609375,42.738922119140625,0.02136985957622528,836.8848266601562,58.28828430175781,0.007548516150563955,831.0642700195312,20.001754760742188,0.040474794805049896,864.111572265625,1.9164276123046875,0.013928458094596863,772.5106201171875,54.48802185058594,0.10339069366455078,876.40869140625,46.94673156738281,0.033244986087083817,771.2471923828125,122.31651306152344,0.07864026725292206,900.1226806640625,118.09261322021484,0.03181169182062149,886.7260131835938,109.54225158691406,0.8405786156654358,853.7930297851562,101.65475463867188,0.7603060007095337,950.1400146484375,474.82080078125,0.9635937809944153,751.53466796875,452.4697265625,0.9412295818328857,1209.5916748046875,746.01708984375,0.9567503333091736,747.8682250976562,792.0003662109375,0.9417886734008789
437,14566,828.99560546875,69.87584686279297,0.008231261745095253,832.5880737304688,50.27398681640625,0.009638612158596516,825.955322265625,60.453277587890625,0.005850091110914946,851.4276123046875,40.31781005859375,0.02029990404844284,831.4962158203125,55.36564636230469,0.007524935994297266,831.8977661132812,15.366806030273438,0.03383256122469902,855.9072875976562,0.0,0.013037952594459057,787.5264282226562,52.90924072265625,0.08445905148983002,867.7098999023438,44.55480194091797,0.03240014240145683,799.39013671875,120.75924682617188,0.06837616115808487,884.6825561523438,108.05367279052734,0.03242472931742668,875.8092041015625,112.46129608154297,0.8138372302055359,846.0661010742188,105.48504638671875,0.7374221682548523,908.4830932617188,484.6012878417969,0.9551486372947693,758.0938720703125,463.28924560546875,0.9335734248161316,1195.7991943359375,731.5717163085938,0.9501854777336121,789.2144165039062,795.9188842773438,0.9364438652992249
438,14600,807.5127563476562,85.67877960205078,0.0026532968040555716,807.3797607421875,73.75602722167969,0.002796165645122528,805.8598022460938,81.53597259521484,0.0014237086288630962,833.173828125,57.896209716796875,0.0077871461398899555,835.700927734375,68.66301727294922,0.0019764304161071777,822.1710205078125,14.856719970703125,0.009966178797185421,887.7214965820312,0.0,0.010846611112356186,795.3804931640625,38.118072509765625,0.05016036704182625,939.813232421875,26.821243286132812,0.07373815029859543,829.3753662109375,97.00790405273438,0.061398737132549286,929.7523193359375,45.06907653808594,0.07576526701450348,858.7142944335938,101.74520874023438,0.8490577936172485,858.5552368164062,94.58120727539062,0.856754720211029,870.8095703125,505.572265625,0.9740163683891296,772.8735961914062,477.722900390625,0.9746205806732178,1188.6082763671875,718.866455078125,0.9789838194847107,817.5158081054688,815.949462890625,0.9806643724441528
439,14633,783.7982177734375,83.98883056640625,0.0018583392957225442,781.9746704101562,71.51719665527344,0.0018274488393217325,788.1846313476562,82.64044189453125,0.001082253293134272,804.7892456054688,54.39898681640625,0.008875695988535881,837.095458984375,70.77875518798828,0.002872839104384184,795.9832763671875,8.257461547851562,0.009047945961356163,903.918701171875,0.0,0.02652961201965809,776.6408081054688,34.785919189453125,0.034419409930706024,958.5957641601562,25.021041870117188,0.16327133774757385,843.9141235351562,112.36253356933594,0.03889882564544678,970.2431640625,81.18148040771484,0.12265846133232117,854.33447265625,129.1845703125,0.8744939565658569,889.3592529296875,130.44046020507812,0.9231907725334167,824.4351196289062,500.4500427246094,0.9715062975883484,783.2774658203125,492.28741455078125,0.9815238118171692,1143.0689697265625,706.0350952148438,0.9737748503684998,855.9730834960938,817.1493530273438,0.9807026982307434
440,14666,797.8123779296875,91.15869140625,0.0019907031673938036,796.2186279296875,77.22113800048828,0.002500938717275858,799.7278442382812,90.1021957397461,0.0013155663618817925,814.1962280273438,56.404083251953125,0.020025676116347313,838.3060913085938,77.48977661132812,0.005904641468077898,805.2568969726562,14.36370849609375,0.027664927765727043,894.252197265625,0.0,0.030787598341703415,799.4934692382812,50.007110595703125,0.05287498980760574,902.8308715820312,58.35987854003906,0.07199790328741074,830.0905151367188,150.44454956054688,0.028917111456394196,902.4873657226562,139.36318969726562,0.03535947576165199,858.712646484375,138.40811157226562,0.9048267602920532,899.9522094726562,141.53549194335938,0.9087916016578674,794.8590087890625,494.8410949707031,0.972542405128479,800.0126953125,502.81201171875,0.972596287727356,1074.7838134765625,698.200927734375,0.9761449694633484,889.80322265625,806.4702758789062,0.9750390648841858
441,14700,784.0661010742188,99.15330505371094,0.0016148422146216035,778.3070068359375,84.0234146118164,0.0021840189583599567,788.65869140625,98.05165100097656,0.0010004767682403326,794.6773681640625,62.22564697265625,0.023914793506264687,847.742431640625,83.2877426147461,0.005725355818867683,787.6161499023438,20.71698760986328,0.02804417349398136,926.9163208007812,0.0,0.033996570855379105,786.0126342773438,54.064453125,0.04740981385111809,900.0245361328125,68.57199096679688,0.06991076469421387,799.3005981445312,151.95135498046875,0.0240904800593853,837.1417236328125,154.878662109375,0.03333574905991554,863.2646484375,137.03692626953125,0.8949363231658936,946.6669921875,131.90164184570312,0.9051449298858643,762.2234497070312,492.92120361328125,0.9717274308204651,807.5777587890625,486.07635498046875,0.9733404517173767,1018.4308471679688,709.0152587890625,0.9761252999305725,913.2601928710938,799.3888549804688,0.9760550856590271
442,14733,769.7351684570312,97.81741333007812,0.0011310697300359607,767.1918334960938,82.00502014160156,0.0016547200502827764,774.2520141601562,99.21759796142578,0.0006605183007195592,797.3661499023438,60.06012725830078,0.0299353189766407,842.3815307617188,85.940185546875,0.005752763245254755,795.2367553710938,14.761528015136719,0.03705446794629097,933.908203125,0.0,0.03551413491368294,778.5283813476562,39.8056640625,0.05376754701137543,924.9296875,64.53291320800781,0.05880818888545036,773.4790649414062,146.30966186523438,0.023454982787370682,870.318115234375,157.72613525390625,0.02495485171675682,864.1339111328125,133.8944091796875,0.8837697505950928,957.183349609375,129.56707763671875,0.884893000125885,729.469970703125,476.3828430175781,0.9619784355163574,845.3875122070312,488.14947509765625,0.9604897499084473,964.4813232421875,722.6973266601562,0.9631145000457764,944.4552612304688,794.1024780273438,0.9604690670967102
443,14766,764.7216796875,100.31339263916016,0.001341964234597981,764.1771850585938,82.39139556884766,0.0019068241817876697,767.6632690429688,100.40185546875,0.000752461317460984,799.2706298828125,60.09123229980469,0.02245315909385681,830.8961791992188,88.09883880615234,0.0044141849502921104,809.0213012695312,17.798446655273438,0.024489527568221092,919.5331420898438,6.19793701171875,0.026698200032114983,795.9833374023438,60.908660888671875,0.04569675028324127,906.3358764648438,77.01129913330078,0.05756036564707756,759.0805053710938,173.34255981445312,0.028574194759130478,807.0664672851562,181.78697204589844,0.036156632006168365,870.016357421875,127.307373046875,0.8842616081237793,954.0099487304688,122.7894058227539,0.8899721503257751,704.1762084960938,461.36968994140625,0.9745466113090515,869.0924072265625,488.18768310546875,0.9747835397720337,904.1482543945312,757.292724609375,0.9795771837234497,1020.4744873046875,824.2537231445312,0.9776594042778015
444,14800,776.7108764648438,86.68661499023438,0.001955118728801608,775.19677734375,67.23873138427734,0.002471855143085122,776.4034423828125,84.76982116699219,0.0009040176519192755,813.501708984375,46.237518310546875,0.022326383739709854,839.3514404296875,75.7998275756836,0.004189786966890097,826.7648315429688,12.325836181640625,0.033036284148693085,918.1343994140625,11.549697875976562,0.0253220833837986,819.1447143554688,67.26402282714844,0.06680431216955185,925.027587890625,84.16246032714844,0.052691955119371414,816.8632202148438,170.3609619140625,0.05329567939043045,864.4729614257812,170.44107055664062,0.04255227372050285,873.5000610351562,110.28657531738281,0.896756112575531,953.4413452148438,112.02410888671875,0.8798205852508545,696.6493530273438,435.5094909667969,0.982995331287384,913.3495483398438,494.8421630859375,0.9778554439544678,821.7899780273438,799.9834594726562,0.9864630103111267,1067.7427978515625,813.2990112304688,0.9820475578308105
445,14833,788.8258666992188,102.02984619140625,0.001298014773055911,787.8219604492188,81.4551773071289,0.0019231444457545877,797.2322387695312,100.04991149902344,0.0008109226473607123,813.947021484375,59.847198486328125,0.030795292928814888,865.934326171875,87.63142395019531,0.005709346383810043,812.9454345703125,1.8511734008789062,0.03492634370923042,939.9474487304688,3.0695114135742188,0.02870449796319008,809.9688720703125,53.814353942871094,0.04927411302924156,937.6558837890625,60.12890625,0.05153459683060646,825.8362426757812,163.98121643066406,0.02780771628022194,882.4865112304688,160.8276824951172,0.032529499381780624,875.1444091796875,115.96923065185547,0.8868289589881897,984.8739624023438,120.61875915527344,0.8767349720001221,695.7255859375,437.8656311035156,0.9724847674369812,935.828857421875,481.3710021972656,0.9679239988327026,740.880615234375,781.6912231445312,0.9703769683837891,1112.567138671875,789.22705078125,0.9642817378044128
446,14866,814.1839599609375,91.08659362792969,0.0017341368366032839,808.3727416992188,71.57405090332031,0.0018809912726283073,814.5343017578125,81.47950744628906,0.0009042398887686431,821.8883056640625,52.90342712402344,0.01804294064640999,871.2837524414062,67.9383316040039,0.004547975957393646,815.181884765625,14.953170776367188,0.03097839280962944,932.5552368164062,12.124420166015625,0.020922869443893433,814.6273193359375,73.21110534667969,0.06165880337357521,933.3757934570312,65.6275634765625,0.048837240785360336,848.8903198242188,151.2893829345703,0.052493173629045486,874.234130859375,134.10012817382812,0.04617150500416756,865.1339721679688,101.22486877441406,0.9103963971138,969.3792114257812,103.13868713378906,0.8888859748840332,731.5903930664062,446.25897216796875,0.9883264899253845,980.4948120117188,475.8706359863281,0.9834176898002625,669.38232421875,815.278564453125,0.9895564913749695,1145.0994873046875,777.2102661132812,0.9863341450691223
447,14900,817.1347045898438,92.47055053710938,0.002506204415112734,813.0662841796875,70.81011199951172,0.002363805193454027,816.0303955078125,78.39678955078125,0.0011554472148418427,823.376220703125,53.53692626953125,0.011355780996382236,859.9566650390625,64.57882690429688,0.0030064776074141264,821.9642944335938,15.823745727539062,0.018764665350317955,900.64892578125,14.754959106445312,0.014917136169970036,790.2870483398438,81.12387084960938,0.07071050256490707,833.039306640625,79.03884887695312,0.05970100313425064,759.9384155273438,149.7619171142578,0.10505836457014084,715.7819213867188,155.03086853027344,0.1029081866145134,875.4559936523438,84.24568176269531,0.8791730999946594,959.2390747070312,86.11990356445312,0.8566967844963074,744.705078125,443.9114685058594,0.9876688122749329,994.3231201171875,465.2576599121094,0.9822031259536743,638.6337890625,812.329345703125,0.9882142543792725,1170.0753173828125,761.1458740234375,0.9845982789993286
448,14933,812.6284790039062,92.6026840209961,0.0019821026362478733,811.0459594726562,70.40011596679688,0.002264762530103326,810.96923828125,77.77091217041016,0.0009761331020854414,828.0093994140625,56.17547607421875,0.013729194179177284,854.1378173828125,66.47852325439453,0.0030299515929073095,830.7980346679688,19.56573486328125,0.01906435936689377,892.3114013671875,18.5562744140625,0.010679228231310844,820.9220581054688,78.22018432617188,0.05367065221071243,887.2525634765625,72.58689880371094,0.03314442187547684,844.3958740234375,140.8813934326172,0.0647953450679779,837.4349365234375,132.46788024902344,0.04710960015654564,877.1759033203125,79.74137878417969,0.8774552941322327,946.2261352539062,82.79278564453125,0.8373605012893677,750.2542724609375,445.1485290527344,0.9884375929832458,992.1708984375,464.5681457519531,0.9816068410873413,646.1871337890625,815.161376953125,0.9900931715965271,1182.505859375,754.5609741210938,0.9863523244857788
449,14966,798.2080078125,95.85452270507812,0.0029781442135572433,796.248779296875,74.35116577148438,0.003415450919419527,797.858154296875,83.10337829589844,0.0012649253476411104,815.7872314453125,56.75486755371094,0.015033721923828125,844.7772216796875,69.50507354736328,0.0025839032605290413,812.540771484375,19.94476318359375,0.019958263263106346,891.258056640625,13.5347900390625,0.011323502287268639,767.546875,80.24647521972656,0.07886839658021927,844.8622436523438,72.26513671875,0.04241464287042618,713.6530151367188,142.12216186523438,0.11428947746753693,724.96142578125,138.7613983154297,0.07945284992456436,868.45849609375,84.39669799804688,0.8739873170852661,943.60986328125,82.96847534179688,0.8294605016708374,754.0242309570312,449.5884094238281,0.9879205226898193,972.3026733398438,465.3411560058594,0.9793563485145569,703.0386352539062,818.947265625,0.9890704154968262,1187.33642578125,724.976806640625,0.9844255447387695
450,15000,775.585693359375,85.31455993652344,0.002054646611213684,775.8270874023438,63.146484375,0.002614247379824519,782.9432983398438,77.05352783203125,0.0008676882134750485,797.9248046875,45.567466735839844,0.012187798507511616,835.03662109375,67.03871154785156,0.00183088518679142,794.0689697265625,7.2063446044921875,0.010118196718394756,899.6708374023438,0.0,0.009512676857411861,766.5740356445312,70.79949188232422,0.05421357601881027,858.6808471679688,61.88813781738281,0.04966789484024048,722.5364379882812,158.37831115722656,0.09511048346757889,729.2627563476562,150.517333984375,0.0934533029794693,858.2937622070312,90.38951110839844,0.8394617438316345,946.8737182617188,83.90739440917969,0.8240037560462952,757.2420043945312,465.1117248535156,0.9844979643821716,934.9134521484375,462.0734558105469,0.9785420894622803,732.010498046875,833.4708862304688,0.9858077764511108,1187.7601318359375,704.4719848632812,0.982088029384613
451,15033,776.773681640625,81.38392639160156,0.0011658320436254144,777.5533447265625,60.446685791015625,0.001490796566940844,787.4553833007812,75.04076385498047,0.0006387605681084096,793.0759887695312,42.31512451171875,0.014312442392110825,838.0447998046875,64.75939178466797,0.0029766722582280636,779.4364013671875,2.0511932373046875,0.011938459239900112,902.240478515625,0.0,0.015357999131083488,765.0308227539062,58.91686248779297,0.03467368334531784,924.6344604492188,41.413124084472656,0.05330938473343849,771.1348266601562,148.11337280273438,0.03751549869775772,867.1785278320312,111.40734100341797,0.053780410438776016,851.6880493164062,106.19247436523438,0.8489447236061096,939.7930908203125,102.71475219726562,0.8553270697593689,765.3484497070312,465.6153259277344,0.980496883392334,894.0921630859375,468.7567138671875,0.9764720797538757,758.8628540039062,844.5347900390625,0.9828692078590393,1162.0040283203125,690.0963745117188,0.9800773859024048
452,15066,768.043212890625,81.07083892822266,0.0021772990003228188,767.8265991210938,61.23600769042969,0.002769892103970051,771.1683349609375,75.61434173583984,0.0009606901439838111,796.3330078125,41.9227294921875,0.01760523021221161,816.8889770507812,66.47481536865234,0.0028250603936612606,804.45703125,3.264404296875,0.020437629893422127,872.3914184570312,0.0,0.01833152584731579,790.3134765625,55.1802978515625,0.06326308101415634,900.6485595703125,51.05735778808594,0.0592459999024868,774.7112426757812,148.3809356689453,0.06967954337596893,857.3538208007812,121.65733337402344,0.06603451818227768,873.0272827148438,108.67620849609375,0.892699122428894,920.3587646484375,107.57212829589844,0.8779749274253845,753.3865966796875,468.303955078125,0.9865124225616455,858.39697265625,491.34027099609375,0.9798593521118164,796.1290893554688,856.30078125,0.9885562062263489,1114.7919921875,700.7442626953125,0.9846234917640686
453,15100,769.9427490234375,87.86620330810547,0.002843487076461315,769.496337890625,68.53056335449219,0.003947793040424585,771.0816650390625,84.98085021972656,0.0012476505944505334,803.8169555664062,46.79351806640625,0.02306031994521618,811.2740478515625,76.61000061035156,0.0030992827378213406,818.5518188476562,8.896270751953125,0.02498689852654934,854.7313842773438,0.0,0.022518716752529144,805.2786254882812,61.776031494140625,0.06579526513814926,849.0752563476562,76.73062133789062,0.059834033250808716,779.3767700195312,168.5262908935547,0.06305794417858124,769.8224487304688,164.46493530273438,0.06001925468444824,879.759033203125,112.45724487304688,0.9060786962509155,905.0240478515625,111.37101745605469,0.8929827213287354,752.2865600585938,480.12835693359375,0.9871799349784851,829.457763671875,497.9233093261719,0.9808235168457031,833.2732543945312,858.1210327148438,0.9888457655906677,1073.410888671875,709.1504516601562,0.9852393865585327
454,15133,770.770751953125,85.4802474975586,0.00152119854465127,770.6437377929688,67.58445739746094,0.0022865149658173323,775.7479248046875,84.9576416015625,0.0008748485124669969,796.6373901367188,45.54254150390625,0.023189859464764595,816.6666870117188,75.14254760742188,0.004009733442217112,804.7863159179688,9.508964538574219,0.022529100999236107,862.8349609375,0.0,0.02307646907866001,801.2883911132812,58.636756896972656,0.04429568350315094,856.0087890625,69.73512268066406,0.05035178363323212,807.1271362304688,162.9784698486328,0.029199302196502686,792.2100830078125,164.33184814453125,0.03311871364712715,873.431640625,130.46470642089844,0.8973613977432251,909.42041015625,126.20587921142578,0.893761932849884,764.57470703125,492.8247375488281,0.9816780686378479,818.7415161132812,486.0288391113281,0.9764479994773865,879.2406005859375,841.4512939453125,0.982986330986023,1031.8773193359375,718.7001953125,0.980171799659729
455,15166,756.5842895507812,87.58424377441406,0.0016068926779553294,757.7758178710938,69.21134948730469,0.0024614620488137007,757.7717895507812,88.74149322509766,0.0007748096832074225,795.6302490234375,48.5072021484375,0.024694709107279778,798.8148803710938,82.77371978759766,0.0033059928100556135,814.5115966796875,8.641204833984375,0.03558173403143883,846.3911743164062,0.0,0.02323824353516102,770.689453125,24.001373291015625,0.09095463156700134,820.3840942382812,42.89765167236328,0.056317251175642014,777.0974731445312,74.0145263671875,0.056781746447086334,767.1461791992188,90.00302124023438,0.03864485025405884,893.783935546875,136.13941955566406,0.9158983826637268,901.25830078125,129.7166290283203,0.8940902948379517,773.4124755859375,495.00677490234375,0.9807989597320557,762.589111328125,472.33612060546875,0.9699362516403198,922.0387573242188,834.6622924804688,0.9778282046318054,976.88037109375,726.8368530273438,0.9714600443840027
456,15200,759.3435668945312,68.86839294433594,0.001476283185184002,763.0801391601562,51.40825653076172,0.0023463002871721983,760.855224609375,70.7519302368164,0.0007441587513312697,806.8123779296875,36.43517303466797,0.032265715301036835,802.3441772460938,70.15514373779297,0.004149680957198143,833.4937133789062,5.673912048339844,0.045962098985910416,854.6431274414062,0.0,0.028837943449616432,777.5278930664062,21.211349487304688,0.083528533577919,874.1802978515625,40.12385559082031,0.051866352558135986,789.81298828125,62.91764831542969,0.03924930840730667,829.9304809570312,87.20585632324219,0.02435801737010479,895.506103515625,147.7847900390625,0.9006757140159607,881.00537109375,139.28509521484375,0.878662645816803,800.8551635742188,502.0349426269531,0.970500648021698,714.4038696289062,461.3284606933594,0.9560595750808716,972.7774658203125,840.5153198242188,0.9614580273628235,867.8260498046875,762.6758422851562,0.9546854496002197
457,15233,769.4339599609375,84.34501647949219,0.0010325153125450015,772.4894409179688,68.00880432128906,0.0015679537318646908,772.014404296875,83.42777252197266,0.0005898086237721145,809.6788330078125,50.39556884765625,0.022550199180841446,807.1265258789062,77.18790435791016,0.0033478832338005304,838.6256103515625,17.035057067871094,0.023294754326343536,848.9002685546875,2.4196243286132812,0.02802613005042076,800.325439453125,51.692115783691406,0.041830215603113174,906.4044799804688,62.889427185058594,0.06473199278116226,813.9920654296875,143.90814208984375,0.02123229391872883,891.5453491210938,150.4324493408203,0.026853032410144806,894.7857666015625,152.5369873046875,0.9107037782669067,862.7159423828125,142.15133666992188,0.9203590750694275,851.8468017578125,505.9651794433594,0.9791600108146667,701.4849853515625,442.5513000488281,0.9769158959388733,1014.2864379882812,844.3049926757812,0.9762184619903564,824.1245727539062,745.3317260742188,0.9787893295288086
458,15266,765.3700561523438,93.70662689208984,0.0021943077445030212,769.8482666015625,77.14237976074219,0.00319818127900362,768.5057373046875,90.64796447753906,0.0013773769605904818,805.4222412109375,59.10454559326172,0.02539648301899433,800.3648071289062,80.8280258178711,0.004880236461758614,837.1435546875,13.290847778320312,0.025998812168836594,836.2256469726562,5.6826324462890625,0.03297463804483414,794.7954711914062,56.66523742675781,0.04869101196527481,863.0332641601562,59.099143981933594,0.07405920326709747,784.143310546875,160.5234832763672,0.027728784829378128,827.8314208984375,161.5778045654297,0.0343821756541729,906.0602416992188,137.25050354003906,0.886908233165741,864.2648315429688,130.82997131347656,0.9022607803344727,881.5499267578125,498.3167724609375,0.9708399772644043,708.7512817382812,440.524658203125,0.9695653915405273,1065.9111328125,828.2791137695312,0.9579551219940186,759.18798828125,777.4259643554688,0.9641309976577759
459,15300,799.3923950195312,89.41795349121094,0.004693377297371626,803.1354370117188,73.41181182861328,0.006231040693819523,798.1223754882812,85.04509735107422,0.0030227352399379015,831.5581665039062,58.61437225341797,0.023743752390146255,813.1115112304688,77.07234191894531,0.005812283139675856,842.461181640625,19.651702880859375,0.033104605972766876,837.7305908203125,8.782905578613281,0.023301536217331886,786.38818359375,61.084739685058594,0.07531492412090302,837.5421752929688,55.643760681152344,0.05441979318857193,762.5285034179688,143.3909912109375,0.049298807978630066,809.5530395507812,146.47796630859375,0.03390547260642052,905.9037475585938,129.8793182373047,0.8687612414360046,853.640869140625,117.80797576904297,0.8524096608161926,917.807373046875,493.0010681152344,0.9672675132751465,705.4850463867188,438.92999267578125,0.9574320316314697,1110.61083984375,820.6550903320312,0.9528642296791077,682.0255737304688,790.6594848632812,0.9508069157600403
460,15333,776.5977172851562,85.12699127197266,0.0025479344185441732,778.9971313476562,68.84273529052734,0.002773989923298359,776.5858154296875,74.27433013916016,0.0011391948210075498,807.6874389648438,53.642669677734375,0.010150226764380932,801.3638305664062,60.71472930908203,0.002050712238997221,813.3278198242188,26.83135986328125,0.01503336988389492,846.7269287109375,8.29339599609375,0.016139736399054527,724.799560546875,82.65289306640625,0.06898419559001923,893.7603149414062,69.58163452148438,0.07600806653499603,653.8861694335938,142.28182983398438,0.06592977792024612,844.4630126953125,131.52305603027344,0.061225879937410355,895.90869140625,114.22622680664062,0.9063184261322021,857.271484375,105.47959899902344,0.9115434288978577,948.0256958007812,490.3670654296875,0.9871362447738647,721.6962890625,440.93060302734375,0.9849913716316223,1157.9136962890625,804.322265625,0.9868577718734741,654.4763793945312,782.907958984375,0.9883356094360352
461,15366,798.9461669921875,84.96963500976562,0.003366713412106037,798.726806640625,70.92766571044922,0.0034564982634037733,796.5313720703125,76.48107147216797,0.0018827386666089296,822.6970825195312,59.483642578125,0.008526160381734371,813.03955078125,66.88302612304688,0.0026417607441544533,823.404296875,36.80012512207031,0.013303553685545921,849.8928833007812,14.574554443359375,0.01194513775408268,754.9824829101562,89.25801086425781,0.05553659424185753,908.6876831054688,73.79631042480469,0.05677596479654312,733.2000732421875,138.1263427734375,0.05578388273715973,910.888916015625,129.7803497314453,0.04965873807668686,897.0006103515625,109.39494323730469,0.8879379034042358,850.5480346679688,96.58406066894531,0.8849897384643555,963.794677734375,476.1993713378906,0.9861782789230347,730.2542724609375,439.8933410644531,0.9835240244865417,1181.464599609375,783.711181640625,0.9886748194694519,639.508544921875,784.5580444335938,0.9887159466743469
462,15400,788.708740234375,75.17399597167969,0.003964642062783241,788.9719848632812,60.512306213378906,0.004319150000810623,785.6467895507812,66.05371856689453,0.002007589675486088,816.2625732421875,52.106048583984375,0.008310872130095959,804.3799438476562,59.105438232421875,0.0021142340265214443,820.29931640625,33.95018005371094,0.012786961160600185,844.89111328125,7.3975067138671875,0.008134386502206326,745.08740234375,89.67283630371094,0.06764786690473557,910.7484741210938,68.49618530273438,0.04442429170012474,709.2859497070312,139.9351043701172,0.07952212542295456,913.9537353515625,125.55157470703125,0.05053940787911415,893.896728515625,97.3524169921875,0.8758578300476074,844.8370971679688,85.23980712890625,0.8523873090744019,953.790771484375,469.0125732421875,0.9861683249473572,728.1865844726562,439.0694274902344,0.9807937145233154,1200.4259033203125,763.3486328125,0.9893474578857422,660.0260009765625,779.806640625,0.9880020618438721
463,15433,786.7077026367188,79.40306854248047,0.0036734845489263535,786.4933471679688,64.31620788574219,0.00414027227088809,783.52392578125,70.61080169677734,0.0018510284135118127,814.667724609375,53.29270935058594,0.009879808872938156,806.7601318359375,61.465003967285156,0.0022662447299808264,815.9793090820312,30.465225219726562,0.015701452270150185,851.5206298828125,2.65887451171875,0.009517750702798367,749.5238037109375,78.05982971191406,0.07330837100744247,908.0440673828125,63.30322265625,0.04707574471831322,733.85888671875,132.5207977294922,0.0763431265950203,924.8944702148438,113.52095031738281,0.04763759300112724,882.4799194335938,96.06069946289062,0.8840399980545044,845.2101440429688,84.21473693847656,0.8593320846557617,932.3214721679688,480.5234069824219,0.9844247102737427,728.386474609375,445.7855529785156,0.9788839817047119,1205.9395751953125,744.0595092773438,0.98732590675354,695.645751953125,792.7388916015625,0.9857850670814514
464,15466,754.6837158203125,83.79739379882812,0.00201174127869308,755.817626953125,64.22044372558594,0.002925785491243005,755.4325561523438,74.618408203125,0.0010998190846294165,785.033447265625,54.143829345703125,0.010011853650212288,787.7788696289062,69.80035400390625,0.0016352437669411302,787.7290649414062,24.208831787109375,0.007013136520981789,833.4552612304688,0.1373748779296875,0.006633249577134848,732.6295776367188,62.75555419921875,0.03200356289744377,878.14990234375,40.079681396484375,0.037401724606752396,717.2656860351562,142.468505859375,0.03532790392637253,877.79443359375,102.19784545898438,0.03597842529416084,854.74609375,79.69400024414062,0.8156266808509827,834.7362670898438,81.03089904785156,0.8186022639274597,891.15771484375,479.6537780761719,0.9740270376205444,744.0717163085938,457.96649169921875,0.9721660614013672,1189.0460205078125,715.20947265625,0.9802025556564331,749.0935668945312,811.8922729492188,0.9807726144790649
465,15500,756.060791015625,87.48371887207031,0.001807068707421422,757.6238403320312,69.24007415771484,0.0026365069206804037,756.5255126953125,79.6922378540039,0.001054850174114108,785.0585327148438,55.06562805175781,0.010681980289518833,788.72412109375,70.50215148925781,0.0018553688423708081,780.3475952148438,17.28888702392578,0.007169264368712902,838.3533325195312,0.0,0.00744888698682189,727.9361572265625,55.862342834472656,0.02885066345334053,867.2860107421875,38.36338806152344,0.037794262170791626,715.9417724609375,139.27981567382812,0.028897074982523918,856.77490234375,104.88965606689453,0.03284773230552673,839.763671875,84.41825866699219,0.7972139716148376,835.7686157226562,84.55215454101562,0.8071823120117188,852.725830078125,491.2027587890625,0.9663432240486145,753.0115966796875,469.6414794921875,0.9658485651016235,1167.7708740234375,712.4495849609375,0.9734691977500916,773.3831787109375,818.1719970703125,0.9748224020004272
466,15533,758.00146484375,91.716796875,0.0017611091025173664,759.5694580078125,76.72146606445312,0.002608179347589612,757.5379638671875,87.9448471069336,0.0010040851775556803,786.707763671875,57.71143341064453,0.013414010405540466,791.774658203125,74.65889739990234,0.0022126208059489727,783.3869018554688,12.815597534179688,0.01097056083381176,847.4005737304688,0.0,0.010974421165883541,739.8643188476562,48.6441650390625,0.03798700496554375,817.4756469726562,48.99261474609375,0.0428667850792408,712.2347412109375,147.50433349609375,0.029865680262446404,731.3507080078125,146.32284545898438,0.03236408904194832,847.7151489257812,106.11474609375,0.8450731635093689,863.0253295898438,104.09532165527344,0.848760724067688,798.0926513671875,494.5071716308594,0.9688404202461243,758.5590209960938,478.7330322265625,0.9674971103668213,1120.3839111328125,699.1935424804688,0.9750995635986328,801.0972900390625,815.43310546875,0.975117027759552
467,15566,761.1516723632812,94.33094787597656,0.0019423491321504116,761.9857177734375,80.03059387207031,0.002602774417027831,760.0946044921875,92.70469665527344,0.001108917174860835,789.8991088867188,57.72942352294922,0.01454394031316042,800.2225341796875,77.4027099609375,0.002885681577026844,784.8671264648438,15.633934020996094,0.01497013121843338,867.3373413085938,0.0,0.0189609806984663,767.3175659179688,55.77674102783203,0.04464051127433777,802.3995361328125,66.04863739013672,0.06774500012397766,741.1737060546875,166.76046752929688,0.032620109617710114,709.226318359375,167.25238037109375,0.04765605926513672,850.0596313476562,132.85035705566406,0.8855359554290771,892.323486328125,130.7071533203125,0.8975505828857422,763.2987060546875,491.3280334472656,0.9744201898574829,770.6056518554688,490.93359375,0.9759497046470642,1066.8958740234375,692.5701293945312,0.9805169701576233,826.39599609375,814.6265258789062,0.9807820320129395
468,15600,771.02783203125,108.47140502929688,0.0018930238438770175,767.9346923828125,91.77365112304688,0.0024581977631896734,773.2058715820312,107.02262878417969,0.0010663860011845827,791.2581176757812,66.03907012939453,0.01578926481306553,824.9163818359375,90.08894348144531,0.0034129603300243616,784.653076171875,21.90007781982422,0.017417388036847115,902.9078979492188,0.0,0.024544930085539818,765.2666625976562,58.93384552001953,0.050431132316589355,829.46435546875,65.4664077758789,0.08477627485990524,717.6427001953125,161.82574462890625,0.03735359013080597,706.30810546875,158.44406127929688,0.06237225979566574,851.9540405273438,136.016845703125,0.8794347643852234,920.9097290039062,129.8125457763672,0.8957216739654541,736.6565551757812,492.3934326171875,0.9709700345993042,761.5458984375,491.3975830078125,0.9734207391738892,1014.61181640625,712.41357421875,0.9773281812667847,867.3912963867188,811.96240234375,0.9770747423171997
469,15633,770.5419311523438,96.83374786376953,0.001582655357196927,765.2457275390625,78.43302154541016,0.0020049794111400843,769.89990234375,95.38799285888672,0.0007521802908740938,795.1373901367188,53.036407470703125,0.024202940985560417,832.112060546875,80.718017578125,0.0044978610239923,787.6425170898438,15.42919921875,0.045846328139305115,917.0328979492188,0.0,0.03433699533343315,779.0960083007812,48.262115478515625,0.10081271827220917,885.5418701171875,75.8594970703125,0.07230871915817261,752.5741577148438,162.5438232421875,0.062276169657707214,816.7302856445312,179.7930450439453,0.04677946865558624,850.898681640625,123.51402282714844,0.8425725102424622,937.7659301757812,116.62248229980469,0.8185669779777527,697.4739990234375,471.54046630859375,0.939876914024353,783.3631591796875,480.2751159667969,0.9221225380897522,943.1964111328125,747.686279296875,0.9338616132736206,916.681640625,769.2463989257812,0.9188790917396545
470,15666,747.2660522460938,105.50324249267578,0.0018017146503552794,749.90869140625,85.3136215209961,0.00293133151717484,752.213623046875,105.1069564819336,0.0009967634687200189,790.9405517578125,61.91663360595703,0.028568513691425323,812.5162963867188,92.3199462890625,0.004273946862667799,803.4404907226562,7.5182647705078125,0.028707753866910934,883.7080078125,7.4268035888671875,0.0230095274746418,785.1260375976562,50.20122528076172,0.060454677790403366,867.9313354492188,67.95094299316406,0.05071192607283592,743.8943481445312,182.93211364746094,0.04103904962539673,790.1299438476562,197.17868041992188,0.036107391119003296,865.7371215820312,130.3750457763672,0.8465850353240967,925.9850463867188,129.7553253173828,0.8351842164993286,675.5677490234375,462.74212646484375,0.9562049508094788,817.63134765625,481.9581298828125,0.9496015310287476,899.031005859375,761.3124389648438,0.9530251026153564,955.7393798828125,807.21826171875,0.9463706016540527
471,15700,756.8388061523438,100.7072525024414,0.002017876598984003,755.9730834960938,81.78492736816406,0.002593353623524308,751.1700439453125,99.06012725830078,0.001011093845590949,794.9853515625,58.675506591796875,0.020825782790780067,804.7086791992188,88.05583190917969,0.004361249040812254,809.888671875,19.216781616210938,0.03452814742922783,879.7105102539062,13.686996459960938,0.023913325741887093,800.9594116210938,67.37356567382812,0.07161158323287964,888.7191162109375,89.01658630371094,0.052259139716625214,785.5233764648438,186.7313232421875,0.05395578593015671,835.2532348632812,205.24818420410156,0.042837418615818024,857.4419555664062,116.09761047363281,0.9014245271682739,919.4507446289062,115.84831237792969,0.8812065720558167,658.6590576171875,439.9847106933594,0.9812414050102234,847.4038696289062,493.25421142578125,0.9757828712463379,811.7767333984375,770.2537231445312,0.9863588213920593,1001.4310913085938,822.2634887695312,0.9817368984222412
472,15733,774.8275146484375,108.06775665283203,0.0019664003048092127,774.79345703125,85.1621322631836,0.002971661277115345,781.0507202148438,104.91987609863281,0.0011658696457743645,806.431884765625,64.02717590332031,0.034514203667640686,847.4324951171875,94.23182678222656,0.006106862798333168,807.9923095703125,4.783241271972656,0.045182161033153534,915.2025146484375,8.173233032226562,0.02678784728050232,790.5499877929688,54.02439880371094,0.06995254009962082,926.374755859375,64.6772689819336,0.048583220690488815,795.4459228515625,177.38905334472656,0.04243093356490135,881.0134887695312,179.1551971435547,0.03613889217376709,866.8090209960938,121.4996566772461,0.8887506127357483,954.5786743164062,127.56873321533203,0.8591422438621521,667.10009765625,440.2568054199219,0.9722132682800293,868.83251953125,487.1678466796875,0.9617854356765747,731.5213012695312,798.7859497070312,0.9693631529808044,1056.311279296875,802.3533935546875,0.9585637450218201
473,15766,769.2347412109375,90.7031021118164,0.0019421421457082033,766.34912109375,68.6813735961914,0.002185820834711194,770.2139892578125,81.96244812011719,0.0007945807883515954,793.7788696289062,45.603057861328125,0.014754257164895535,832.37353515625,67.34149932861328,0.0027851478662341833,803.1312255859375,7.3116302490234375,0.024812370538711548,903.182373046875,6.38287353515625,0.01619104854762554,778.4696044921875,63.347625732421875,0.08708468824625015,872.4835205078125,73.73707580566406,0.053762443363666534,745.5357055664062,162.69580078125,0.10113978385925293,748.6390991210938,162.2552947998047,0.07297194749116898,854.9739990234375,106.39370727539062,0.8887427449226379,947.1676635742188,107.88528442382812,0.8574556708335876,695.4169921875,446.3293762207031,0.9855247139930725,926.5513916015625,493.0865478515625,0.9779752492904663,665.6184692382812,816.1142578125,0.9870536923408508,1091.99853515625,792.7261962890625,0.9810195565223694
474,15800,809.4219360351562,95.6737289428711,0.002189663704484701,803.970947265625,72.26570892333984,0.002210193546488881,807.7673950195312,82.22781372070312,0.00111651502083987,816.717041015625,52.634307861328125,0.015938084572553635,858.7095947265625,67.80278778076172,0.004360079765319824,809.557861328125,6.3792572021484375,0.028761068359017372,908.317626953125,8.151443481445312,0.018864929676055908,788.7385864257812,65.35734558105469,0.06960514932870865,899.8020629882812,62.055450439453125,0.05310967564582825,797.8851928710938,147.37815856933594,0.0710187703371048,831.580322265625,142.9207305908203,0.06318587809801102,850.6113891601562,101.40394592285156,0.9032833576202393,941.0314331054688,105.176513671875,0.8779095411300659,710.7290649414062,453.7567138671875,0.987779974937439,954.82861328125,478.7890319824219,0.9820290207862854,605.06982421875,811.413818359375,0.9885507225990295,1123.4427490234375,772.2318115234375,0.9847716689109802
475,15833,790.674560546875,95.34954833984375,0.0009729067096486688,791.4932250976562,76.25669860839844,0.001252422109246254,799.8715209960938,88.31568145751953,0.0005029883468523622,805.72119140625,57.861785888671875,0.016016623005270958,853.4420166015625,74.93994903564453,0.0029536194633692503,801.8505859375,0.0,0.017551153898239136,910.4322509765625,0.0,0.014583132229745388,798.870849609375,49.16285705566406,0.04985956475138664,918.3146362304688,38.313079833984375,0.04781094565987587,829.0609741210938,146.61666870117188,0.050625596195459366,878.572998046875,121.4817123413086,0.047528643161058426,852.7789916992188,93.23394012451172,0.8807342648506165,956.0218505859375,94.42650604248047,0.8693182468414307,712.1817626953125,457.9173889160156,0.9825080037117004,968.406982421875,455.5260314941406,0.9785003066062927,591.0842895507812,795.3074340820312,0.9778347611427307,1161.6104736328125,759.0529174804688,0.9743039608001709
476,15866,807.129638671875,96.59571075439453,0.0024404991418123245,802.5154418945312,74.38444519042969,0.002433668589219451,804.3739013671875,82.09199523925781,0.0011281020706519485,814.1807250976562,57.861053466796875,0.012003690004348755,847.9666137695312,68.58899688720703,0.00296345679089427,808.04541015625,10.699813842773438,0.020252078771591187,891.13427734375,7.012481689453125,0.012387027963995934,781.29150390625,67.2733154296875,0.0759618803858757,870.7532958984375,55.050201416015625,0.050349265336990356,766.6134033203125,134.94058227539062,0.10769762843847275,786.26025390625,128.20779418945312,0.08765130490064621,855.8126831054688,81.49122619628906,0.8880347609519958,936.2080078125,83.28739929199219,0.8538034558296204,729.8619995117188,449.0086669921875,0.9884591698646545,972.296142578125,468.384521484375,0.9820775389671326,622.5526123046875,804.9635620117188,0.9892892837524414,1166.08349609375,754.6365966796875,0.9853238463401794
477,15900,790.8812255859375,97.99642181396484,0.0027546666096895933,788.9307861328125,77.75873565673828,0.003135035512968898,789.306884765625,86.55535125732422,0.0012166127562522888,807.6017456054688,59.952667236328125,0.015229708515107632,831.3035888671875,72.74267578125,0.0026858923956751823,804.4396362304688,15.824752807617188,0.02088995836675167,870.4876708984375,9.949081420898438,0.012049663811922073,771.9193725585938,69.34854125976562,0.07451917976140976,848.0685424804688,59.625823974609375,0.04403248801827431,745.9493408203125,133.40826416015625,0.10077667981386185,751.4791870117188,129.93031311035156,0.07454081624746323,848.3161010742188,85.03633117675781,0.8819893598556519,914.4647827148438,84.56195068359375,0.8422937393188477,730.811767578125,452.0010070800781,0.9876922965049744,953.6775512695312,468.21844482421875,0.9795753359794617,689.9365234375,820.8109130859375,0.9884421229362488,1173.3516845703125,725.9967651367188,0.9840956926345825
478,15933,766.4719848632812,88.08169555664062,0.0014282932970672846,769.6586303710938,67.73057556152344,0.002084378618746996,772.421630859375,80.83625793457031,0.0007060088682919741,796.885498046875,52.1099853515625,0.01457237172871828,818.9434204101562,71.63648986816406,0.002099527046084404,793.3057250976562,8.225349426269531,0.010437961667776108,874.53466796875,0.0,0.009116018190979958,776.2086791992188,52.912147521972656,0.03653087839484215,868.7893676757812,38.95843505859375,0.0348222479224205,767.6591796875,126.55101013183594,0.04586297646164894,794.262451171875,99.29022216796875,0.04475495591759682,841.3006591796875,86.5418701171875,0.8457801342010498,913.0613403320312,80.99629211425781,0.8295578360557556,739.3312377929688,462.8100891113281,0.9836071729660034,915.8512573242188,462.2146301269531,0.9779921174049377,720.09521484375,821.3076782226562,0.9862593412399292,1175.7568359375,707.9003295898438,0.9830052256584167
479,15966,765.6304321289062,84.73851013183594,0.0013451261911541224,766.4573364257812,66.43352508544922,0.0016889360267668962,773.8807983398438,80.36196899414062,0.0006832131766714156,785.5440673828125,46.86781311035156,0.014788040891289711,821.3827514648438,68.53811645507812,0.0028117287438362837,774.8353271484375,3.361907958984375,0.014996353536844254,883.0928344726562,0.0,0.01668654941022396,758.4138793945312,54.57225036621094,0.049068864434957504,905.3977661132812,38.92424011230469,0.06363104283809662,747.2191772460938,152.45889282226562,0.054424721747636795,845.7313842773438,121.92448425292969,0.07032005488872528,838.1320190429688,109.07363891601562,0.8832122683525085,918.558837890625,105.13398742675781,0.8809671401977539,740.5878295898438,465.35211181640625,0.9834561944007874,882.9244995117188,472.7668762207031,0.9792087078094482,741.21435546875,824.3460083007812,0.9848487973213196,1154.176513671875,692.2256469726562,0.9816361665725708
480,16000,755.2174682617188,84.03387451171875,0.003001657547429204,754.2764892578125,64.5494384765625,0.003646260593086481,757.6359252929688,78.30885314941406,0.0011980828130617738,782.7578125,43.0052490234375,0.015357883647084236,801.7804565429688,66.50374603271484,0.002270488068461418,791.432373046875,3.7682647705078125,0.01894581876695156,853.5042114257812,0.0,0.017124133184552193,774.8646240234375,60.80543518066406,0.08280763775110245,837.341552734375,57.89337158203125,0.07270489633083344,732.0059814453125,157.59059143066406,0.11481771618127823,736.4932861328125,145.14894104003906,0.10993621498346329,860.1139526367188,108.06317138671875,0.9007396101951599,905.7615966796875,103.61288452148438,0.8850784301757812,737.3948364257812,475.3786926269531,0.988405704498291,837.3109130859375,486.927978515625,0.9818060398101807,781.9985961914062,847.559326171875,0.9898051023483276,1102.7889404296875,671.412109375,0.986133873462677
481,16033,749.5540161132812,94.9984359741211,0.002512854291126132,749.4622802734375,76.75213623046875,0.0034065970685333014,750.2096557617188,92.7161865234375,0.0011598106939345598,782.5122680664062,52.02996826171875,0.017395230010151863,784.75146484375,81.20750427246094,0.0026234337128698826,796.3632202148438,7.5413360595703125,0.019360143691301346,823.455322265625,0.0,0.01824156567454338,780.0122680664062,57.903900146484375,0.06226782500743866,810.29248046875,62.54864501953125,0.060015901923179626,746.77392578125,160.87010192871094,0.06442359834909439,734.1615600585938,154.9845428466797,0.06744831055402756,865.888427734375,112.89427185058594,0.9034834504127502,884.3441162109375,113.02143859863281,0.8905419111251831,734.5223388671875,478.91766357421875,0.9871412515640259,806.6082153320312,503.8147888183594,0.9801085591316223,820.7646484375,848.1551513671875,0.9894702434539795,1062.9822998046875,670.9231567382812,0.9856352806091309
482,16066,744.5857543945312,87.98281860351562,0.00147612439468503,747.0918579101562,73.07098388671875,0.0021691187284886837,746.74365234375,89.74644470214844,0.0007762315217405558,777.8438110351562,51.03490447998047,0.01906856894493103,779.9302978515625,79.67056274414062,0.002979063196107745,782.3977661132812,2.8691482543945312,0.0248732827603817,815.3009033203125,0.0,0.01784895546734333,738.0648193359375,12.163192749023438,0.07283812016248703,771.8023681640625,30.91387939453125,0.05006300285458565,764.0675659179688,59.62046813964844,0.05194765701889992,731.3316650390625,109.71031951904297,0.04001276195049286,862.5703735351562,138.03506469726562,0.9258970618247986,880.466552734375,133.19334411621094,0.9080788493156433,747.3798828125,498.2095947265625,0.9865261912345886,799.2733154296875,482.2786560058594,0.9788259863853455,871.565185546875,832.4675903320312,0.9862690567970276,1031.608642578125,691.3102416992188,0.9823351502418518
483,16100,763.2539672851562,73.03889465332031,0.004446646198630333,769.8707885742188,56.589019775390625,0.004661707207560539,768.8080444335938,74.2188491821289,0.0017680469900369644,810.1675415039062,40.612701416015625,0.01726498082280159,810.5244140625,68.70867919921875,0.0029531503096222878,821.291259765625,0.0,0.044576115906238556,852.331298828125,0.0,0.03400783613324165,728.0897827148438,18.040008544921875,0.2577323615550995,783.7522583007812,33.14552307128906,0.19170601665973663,678.6306762695312,12.880783081054688,0.32521581649780273,678.2343139648438,12.215629577636719,0.2923862338066101,894.0272827148438,147.8191680908203,0.9346820712089539,896.6644287109375,141.7886962890625,0.918393611907959,748.8970947265625,487.0398864746094,0.9822080731391907,740.4475708007812,469.0050964355469,0.9714776873588562,918.6636352539062,831.3611450195312,0.9678282737731934,976.1734008789062,692.8441162109375,0.9593898057937622
484,16133,751.7473754882812,71.04895782470703,0.002694357419386506,756.405029296875,56.67906188964844,0.0023201406002044678,756.6998291015625,73.28462219238281,0.0009098626323975623,800.91357421875,39.786346435546875,0.008980155922472477,801.1140747070312,67.28917694091797,0.0015109637752175331,834.767578125,0.0,0.01744147017598152,859.9695434570312,0.0,0.04473084211349487,770.9562377929688,18.963523864746094,0.16996939480304718,849.5198364257812,45.171844482421875,0.41487276554107666,699.9723510742188,36.12464904785156,0.3092213571071625,710.3783569335938,42.656044006347656,0.5525591373443604,897.978759765625,147.791259765625,0.8662787675857544,883.7008666992188,137.16725158691406,0.9081097841262817,783.3615112304688,499.06695556640625,0.9529017806053162,698.4484252929688,453.6681823730469,0.9596993327140808,952.9163818359375,836.4494018554688,0.8938632607460022,872.1873779296875,758.1908569335938,0.9131669402122498
485,16166,731.8840942382812,58.41119384765625,0.006106549873948097,740.1793823242188,42.63427734375,0.004750621039420366,728.5479125976562,55.13768005371094,0.0016515235183760524,794.1688842773438,29.401519775390625,0.011445811949670315,756.416259765625,52.11680603027344,0.0016335533000528812,833.3566284179688,0.0,0.03466210141777992,804.9544067382812,0.0,0.05633419752120972,779.4842529296875,23.335464477539062,0.2809641659259796,818.7272338867188,53.64665222167969,0.422791451215744,704.2081298828125,30.174407958984375,0.44268733263015747,706.1062622070312,33.57682800292969,0.551021933555603,894.419189453125,158.13633728027344,0.9499619007110596,838.3895874023438,145.58193969726562,0.9584553241729736,840.0552978515625,513.22412109375,0.9879278540611267,689.1643676757812,440.8128967285156,0.9867976307868958,999.1238403320312,835.8462524414062,0.977108895778656,844.404052734375,724.4443969726562,0.9807202219963074
486,16200,745.9894409179688,61.20124053955078,0.004280951339751482,754.1104736328125,48.347511291503906,0.003443476278334856,745.3829956054688,59.71202087402344,0.001564440201036632,796.534423828125,34.96062469482422,0.010298846289515495,765.3580322265625,55.149627685546875,0.0022669348400086164,833.8196411132812,0.0,0.029635615646839142,798.88623046875,0.0,0.05146929249167442,764.4474487304688,20.830169677734375,0.20172953605651855,799.4251708984375,40.194374084472656,0.352527916431427,709.9662475585938,12.026092529296875,0.26784977316856384,712.7578125,22.225387573242188,0.3923192620277405,895.5487670898438,151.1999053955078,0.9455594420433044,828.4310913085938,142.37892150878906,0.9568755030632019,879.0542602539062,499.3601989746094,0.9855393171310425,693.6509399414062,436.2478942871094,0.9855284094810486,1043.3812255859375,820.38134765625,0.9726732969284058,770.9683837890625,753.1497802734375,0.9776755571365356
487,16233,730.8784790039062,42.56597900390625,0.011542812921106815,736.3899536132812,26.609527587890625,0.011811778880655766,725.2919921875,38.18463134765625,0.004282858222723007,785.9293823242188,19.206436157226562,0.026556719094514847,754.859130859375,37.07666015625,0.004302626475691795,818.202392578125,3.2231597900390625,0.0751311257481575,801.5149536132812,0.0,0.037826213985681534,762.03173828125,24.738693237304688,0.23913240432739258,783.230712890625,24.57550048828125,0.11580190062522888,738.7852172851562,23.410125732421875,0.22191567718982697,728.8507690429688,7.1256866455078125,0.11256058514118195,900.8018798828125,137.6334228515625,0.9346162676811218,841.78369140625,122.73088073730469,0.9107189178466797,917.386962890625,492.8139953613281,0.984859049320221,704.9346313476562,432.1673583984375,0.9759356379508972,1094.8612060546875,815.1597290039062,0.9776538014411926,706.1093139648438,779.1947021484375,0.9746608734130859
488,16266,767.255126953125,63.53947448730469,0.0034843976609408855,770.581787109375,49.45262145996094,0.003662862814962864,765.5425415039062,55.99488830566406,0.0012858870904892683,802.5282592773438,37.844146728515625,0.009578528814017773,787.2854614257812,47.4942626953125,0.0015975252026692033,812.2642822265625,6.3162689208984375,0.022938938811421394,818.5384521484375,0.0,0.013765768148005009,749.8903198242188,21.656982421875,0.15374593436717987,814.5994873046875,23.803985595703125,0.08198703080415726,759.5157470703125,26.360824584960938,0.16893744468688965,760.0294189453125,20.662490844726562,0.08727122098207474,892.673583984375,114.41743469238281,0.929279088973999,844.8992309570312,109.60624694824219,0.9097957611083984,939.8139038085938,487.6460266113281,0.9891484379768372,723.0667724609375,439.6102600097656,0.9831116795539856,1136.400146484375,800.7881469726562,0.9865792393684387,677.073486328125,781.9378051757812,0.9855782389640808
489,16300,780.0428466796875,74.85257720947266,0.0032690304797142744,780.0952758789062,61.746116638183594,0.00343667296692729,777.9028930664062,68.03858184814453,0.0016850315732881427,805.877197265625,50.397125244140625,0.010564490221440792,798.1044311523438,58.73382568359375,0.0027920533902943134,810.9229125976562,23.24725341796875,0.021110592409968376,838.20654296875,4.60400390625,0.013394814915955067,736.3609008789062,65.38993835449219,0.08598053455352783,903.49951171875,61.8984375,0.056882161647081375,715.8621826171875,117.32304382324219,0.07623840868473053,908.7817993164062,116.33349609375,0.048527736216783524,895.1913452148438,108.26911926269531,0.9116712212562561,850.3065185546875,96.43547058105469,0.8943599462509155,953.7650756835938,475.9614562988281,0.9871451258659363,732.6905517578125,438.17645263671875,0.982357382774353,1164.82666015625,777.0265502929688,0.9880658388137817,660.2590942382812,779.3104858398438,0.9870361685752869
490,16333,781.312744140625,72.93537139892578,0.0031154451426118612,781.6937255859375,58.445709228515625,0.0035243139136582613,778.871337890625,64.23259735107422,0.0015483202878385782,809.1472778320312,48.157196044921875,0.010148554109036922,800.8429565429688,55.110626220703125,0.0022751495707780123,810.9988403320312,26.085205078125,0.0167164858430624,844.5633544921875,1.0413665771484375,0.009656576439738274,724.5777587890625,74.71902465820312,0.07699071615934372,918.1209106445312,61.87248229980469,0.0452999621629715,679.5556640625,124.6241455078125,0.07595226168632507,933.2671508789062,119.44084167480469,0.04473032057285309,891.1080932617188,96.30386352539062,0.8823589086532593,849.2181396484375,83.38948059082031,0.8556681871414185,944.8385009765625,472.95135498046875,0.9839852452278137,734.1212768554688,435.19183349609375,0.9773180484771729,1181.14501953125,759.5538940429688,0.9861447811126709,681.1930541992188,769.86181640625,0.9844836592674255
491,16366,745.8133544921875,88.37411499023438,0.002765384502708912,748.3720703125,68.8565444946289,0.004068357869982719,749.2188110351562,81.43501281738281,0.0015829410403966904,777.9608154296875,59.3199462890625,0.015059544704854488,781.9185791015625,78.93228149414062,0.0027894088998436928,781.1823120117188,14.281402587890625,0.012722701765596867,827.9937744140625,2.5954971313476562,0.009631987661123276,670.948974609375,47.19667053222656,0.05088888108730316,880.1233520507812,31.261184692382812,0.040556978434324265,574.2293701171875,135.8231964111328,0.04738030210137367,906.7198486328125,103.46649169921875,0.037153396755456924,877.1525268554688,81.65945434570312,0.8262414336204529,849.0228881835938,86.23635864257812,0.8147639036178589,918.0950317382812,471.1808166503906,0.9696506857872009,740.280029296875,446.5231018066406,0.9635084271430969,1184.0242919921875,738.541259765625,0.967460572719574,743.2745971679688,797.1861572265625,0.9671152830123901
492,16400,753.7124633789062,74.65271759033203,0.0021470023784786463,757.7689819335938,56.99748229980469,0.0029596243984997272,754.1023559570312,67.25637817382812,0.001206277054734528,791.78271484375,48.5570068359375,0.01057572104036808,783.24560546875,63.825714111328125,0.0019326673354953527,797.1895751953125,15.268455505371094,0.008104946464300156,822.65625,0.0,0.008569998666644096,744.7611694335938,38.51911926269531,0.033221639692783356,890.6127319335938,28.643646240234375,0.04611358046531677,775.1453857421875,77.87576293945312,0.03493553027510643,916.8444213867188,62.29298400878906,0.039403632283210754,860.168701171875,81.5174560546875,0.8262203931808472,826.29052734375,84.65409851074219,0.8359545469284058,886.9200439453125,480.5906982421875,0.9723252654075623,743.236572265625,460.7272644042969,0.9717445373535156,1185.2330322265625,711.9517822265625,0.977079451084137,768.1051025390625,805.2440185546875,0.9785511493682861
493,16433,758.1032104492188,70.90084075927734,0.001973720733076334,761.203125,55.514373779296875,0.002561992732807994,759.5032958984375,65.54212188720703,0.0010707939509302378,792.177490234375,44.67228698730469,0.010102481581270695,794.5294799804688,59.055084228515625,0.0019034938886761665,790.519287109375,6.159027099609375,0.008346091955900192,846.567138671875,0.0,0.009227688424289227,733.7011108398438,28.601852416992188,0.03841136023402214,917.13671875,23.707992553710938,0.054665032774209976,757.2552490234375,56.0185546875,0.042825572192668915,927.6157836914062,55.20671081542969,0.04924563691020012,847.642333984375,92.88290405273438,0.8260626792907715,837.5595703125,92.66510009765625,0.8385554552078247,850.9948120117188,494.65667724609375,0.9694824814796448,755.1885375976562,468.346435546875,0.9698379039764404,1161.8572998046875,707.08251953125,0.9730460047721863,794.9932861328125,809.1267700195312,0.9753209948539734
494,16466,752.5794067382812,72.38832092285156,0.002263033064082265,753.9124145507812,60.56941223144531,0.002622409723699093,754.1370849609375,70.85408020019531,0.0009694175678305328,783.9686279296875,47.98558044433594,0.010703013278543949,800.54296875,61.821533203125,0.0018596115987747908,774.5176391601562,7.150657653808594,0.01825820840895176,872.7802734375,0.0,0.011545071378350258,731.5594482421875,26.621566772460938,0.11648944020271301,924.7041015625,19.860122680664062,0.07677540928125381,766.4998779296875,43.00895690917969,0.13414344191551208,938.18115234375,80.40680694580078,0.08501899242401123,848.291748046875,122.65287780761719,0.8993073105812073,875.6817626953125,119.33106994628906,0.8785719275474548,804.3900146484375,500.2317810058594,0.978140115737915,769.4144897460938,479.7192077636719,0.97209632396698,1128.0914306640625,697.541015625,0.9767008423805237,820.1277465820312,812.6796264648438,0.9739408493041992
495,16500,745.7301635742188,88.87403869628906,0.002452751388773322,749.2584838867188,75.03673553466797,0.0030594205018132925,743.2440795898438,88.48086547851562,0.0012456071563065052,783.3165893554688,56.08790588378906,0.012733626179397106,778.1842041015625,77.79217529296875,0.0025030309334397316,783.0410766601562,11.460960388183594,0.018559405580163002,840.4010620117188,0.0,0.016678547486662865,744.238037109375,30.282302856445312,0.08274025470018387,788.6275634765625,37.84703063964844,0.07929076999425888,727.8614501953125,53.8663330078125,0.0731668546795845,724.1980590820312,59.952850341796875,0.07297980040311813,848.5133056640625,127.00328063964844,0.8978761434555054,869.7570190429688,127.4102554321289,0.8917657732963562,777.64306640625,494.6957702636719,0.9757999777793884,777.6838989257812,497.8951110839844,0.972939133644104,1077.611328125,697.8739013671875,0.977380633354187,859.3101196289062,811.0800170898438,0.9750936627388
496,16533,759.19140625,88.1253433227539,0.005217051133513451,758.2573852539062,74.17703247070312,0.0040885452181100845,760.509521484375,89.2672119140625,0.0016402461333200336,791.6541137695312,57.32542419433594,0.007766071707010269,815.1793823242188,81.46961975097656,0.0017518645618110895,799.3076171875,19.797225952148438,0.02447674050927162,908.5602416992188,0.7376861572265625,0.029531991109251976,796.5589599609375,58.598670959472656,0.27485060691833496,875.096923828125,74.4254150390625,0.32427409291267395,742.4207763671875,65.69723510742188,0.47857582569122314,749.1675415039062,78.99165344238281,0.53647381067276,859.61572265625,139.29336547851562,0.931230366230011,916.9111328125,132.76268005371094,0.9329444169998169,754.0855102539062,491.2793273925781,0.9839311242103577,775.6734619140625,486.24774169921875,0.9829724431037903,1022.763671875,719.3966674804688,0.9787223935127258,892.8402709960938,800.9474487304688,0.9771426916122437
497,16566,764.1529541015625,90.22368621826172,0.0062294937670230865,765.4932861328125,74.98686218261719,0.0038818519096821547,758.5023193359375,89.81222534179688,0.002246041549369693,804.6663818359375,54.1842041015625,0.008105817250907421,804.2443237304688,78.86201477050781,0.0031797499395906925,810.919189453125,14.007247924804688,0.02608250267803669,900.4482421875,1.5426177978515625,0.06593877822160721,813.2340698242188,36.89598083496094,0.20398950576782227,892.4302978515625,52.50370788574219,0.4629387855529785,742.7066650390625,63.38117980957031,0.3828396201133728,758.4443969726562,70.36216735839844,0.6277022361755371,865.9041137695312,133.3876190185547,0.8845109343528748,923.82861328125,126.80049133300781,0.9188477993011475,715.5885009765625,474.85308837890625,0.963018000125885,810.2733764648438,494.36328125,0.970831573009491,959.6234130859375,736.0057983398438,0.9482622742652893,938.4457397460938,788.45166015625,0.953553318977356
498,16600,761.2637329101562,79.60013580322266,0.006252753548324108,761.8277587890625,64.96410369873047,0.004352144431322813,758.0941772460938,79.71414184570312,0.002086985856294632,802.3510131835938,47.44871520996094,0.009663770906627178,812.5827026367188,71.79805755615234,0.002897239290177822,813.7861328125,10.241546630859375,0.02964271977543831,898.2262573242188,2.9443817138671875,0.055879123508930206,778.5286254882812,29.896682739257812,0.21150082349777222,870.647705078125,59.725433349609375,0.37287619709968567,715.4373168945312,41.273345947265625,0.36658668518066406,735.2096557617188,55.88255310058594,0.5376217365264893,872.3713989257812,141.05511474609375,0.9315387606620789,932.5578002929688,135.5225372314453,0.9450728893280029,691.0039672851562,467.0429992675781,0.9853678345680237,835.1649780273438,496.3604736328125,0.9868849515914917,907.9695434570312,757.0651245117188,0.9832133054733276,994.5537109375,813.9722900390625,0.9832583665847778
499,16633,760.7088012695312,65.5927505493164,0.005812701769173145,762.208740234375,50.35725402832031,0.004430354572832584,759.6263427734375,66.26598358154297,0.0016795466654002666,808.0790405273438,33.698089599609375,0.011002923361957073,817.1218872070312,60.52063751220703,0.0022573822643607855,819.42138671875,0.0,0.035377420485019684,889.8461303710938,0.0,0.041348036378622055,764.9921875,19.322067260742188,0.2583356499671936,838.4556884765625,49.89697265625,0.27986934781074524,708.7929077148438,22.400802612304688,0.42582207918167114,713.783935546875,32.294036865234375,0.45907893776893616,870.0025634765625,127.097900390625,0.9393132328987122,930.7752685546875,126.47186279296875,0.9370847344398499,682.0067749023438,448.61517333984375,0.9890936613082886,877.8023681640625,501.41693115234375,0.986907958984375,834.6412353515625,797.98974609375,0.9865407347679138,1038.010986328125,813.2030639648438,0.9835637807846069
500,16666,765.3748779296875,89.9106674194336,0.001222786377184093,766.627685546875,71.64514923095703,0.001861050259321928,775.4805908203125,89.57794952392578,0.0006137771997600794,802.0360717773438,55.329917907714844,0.033096544444561005,854.3507080078125,79.46017456054688,0.00449704984202981,796.7342529296875,0.0,0.057757385075092316,932.5287475585938,0.0,0.02489297464489937,730.0922241210938,14.906524658203125,0.11719891428947449,926.27001953125,27.417823791503906,0.04938896745443344,704.7251586914062,20.469451904296875,0.06360068172216415,852.3261108398438,63.54656982421875,0.03622519224882126,867.4275512695312,129.0124053955078,0.9230859279632568,972.9514770507812,128.29844665527344,0.8871428370475769,679.7481689453125,444.93402099609375,0.9792897701263428,904.8838500976562,481.5252685546875,0.9673696756362915,751.8050537109375,784.6567993164062,0.9730894565582275,1086.83935546875,791.361572265625,0.9613279104232788
501,16700,795.0855712890625,94.17743682861328,0.0019763316959142685,790.0426635742188,73.97021484375,0.0020929090678691864,795.1328125,86.35903930664062,0.0010181356919929385,806.7302856445312,51.78694152832031,0.01966605894267559,853.31982421875,70.97726440429688,0.00501757999882102,792.1485595703125,0.538330078125,0.03943639621138573,912.50244140625,4.32696533203125,0.023665649816393852,751.078857421875,36.482940673828125,0.08329750597476959,891.1029052734375,50.82408142089844,0.05429009720683098,785.11962890625,106.16990661621094,0.06622620671987534,824.4994506835938,115.53506469726562,0.05183810368180275,852.1580810546875,110.45773315429688,0.919489860534668,954.6332397460938,115.94837951660156,0.8928331136703491,712.8189697265625,452.2642822265625,0.987432599067688,957.57373046875,490.4791564941406,0.9808926582336426,674.5028686523438,809.7986450195312,0.9878339767456055,1120.7724609375,783.4768676757812,0.9831869602203369
502,16733,814.1345825195312,98.17890930175781,0.0020404632668942213,808.200439453125,76.41899871826172,0.002046088920906186,813.7244262695312,84.32572174072266,0.0009806541493162513,816.0106201171875,57.06536865234375,0.014203932136297226,864.0842895507812,68.2569808959961,0.003710311371833086,806.2960205078125,14.4554443359375,0.0268782339990139,915.4127807617188,11.655120849609375,0.01568809151649475,773.3090209960938,77.92121887207031,0.07983332872390747,884.5617065429688,70.88516235351562,0.04870299622416496,753.9592895507812,155.6261444091797,0.0888337716460228,794.7185668945312,154.02438354492188,0.06750477105379105,861.555908203125,98.612548828125,0.9050598740577698,961.654052734375,100.40780639648438,0.8727121949195862,730.7070922851562,452.7582092285156,0.9892676472663879,985.3705444335938,474.7489929199219,0.983020544052124,615.2598266601562,809.663330078125,0.9899405837059021,1156.798095703125,768.0133666992188,0.9858922362327576
503,16766,790.7724609375,87.68215942382812,0.0009463599417358637,791.8755493164062,67.09524536132812,0.0012258253991603851,797.1128540039062,76.82304382324219,0.00043009681394323707,806.3040161132812,50.14283752441406,0.011268287897109985,844.2744750976562,64.26411437988281,0.0018388297175988555,806.522705078125,5.667549133300781,0.011776882223784924,899.364990234375,0.0,0.007792007178068161,754.22021484375,65.55127716064453,0.049513496458530426,883.9215087890625,53.42784118652344,0.032003939151763916,691.693115234375,142.37640380859375,0.06051342934370041,798.4979248046875,130.4969482421875,0.04568689316511154,862.8228149414062,88.18016052246094,0.877919614315033,953.4353637695312,87.86654663085938,0.8492933511734009,740.6195678710938,454.0285339355469,0.988524854183197,988.9541625976562,470.3609924316406,0.9834396243095398,617.0431518554688,804.8719482421875,0.9898431897163391,1182.7249755859375,767.589111328125,0.9861834049224854
504,16800,806.0374145507812,90.90476989746094,0.0019238290842622519,802.4177856445312,71.05989074707031,0.0021472384687513113,807.3010864257812,77.86001586914062,0.0009196065948344767,814.3804931640625,55.793975830078125,0.015386970713734627,857.0794067382812,63.88286590576172,0.0032917791977524757,807.4656982421875,15.95654296875,0.024021705612540245,901.1400756835938,9.23162841796875,0.01304223109036684,785.1114501953125,66.10597229003906,0.0677395761013031,899.8652954101562,53.3880615234375,0.0393497571349144,804.1483764648438,128.60179138183594,0.07508907467126846,844.7359008789062,105.79696655273438,0.052340779453516006,861.7015380859375,89.46015930175781,0.8966329097747803,949.2987670898438,89.58787536621094,0.8597451448440552,742.6981811523438,450.6536865234375,0.9889843463897705,990.2574462890625,464.3187561035156,0.9822470545768738,655.6680908203125,809.1986083984375,0.9898694157600403,1189.2569580078125,742.4212646484375,0.9861182570457458
505,16833,770.349853515625,96.49305725097656,0.001529091503471136,773.903564453125,75.54400634765625,0.002239751163870096,779.3775024414062,90.41007232666016,0.0007825982174836099,798.1831665039062,58.643646240234375,0.019024083390831947,833.2271728515625,79.41838836669922,0.0028622292447835207,794.4298706054688,0.0,0.014234603382647038,891.0487670898438,0.0,0.012243875302374363,762.8699340820312,48.128631591796875,0.04510978236794472,873.6187744140625,43.27045440673828,0.03886916860938072,715.0648803710938,147.68991088867188,0.052180588245391846,798.3203125,130.16995239257812,0.04661001265048981,861.088134765625,86.81517791748047,0.8573259711265564,950.4102172851562,83.96759033203125,0.8446117043495178,736.5393676757812,460.3763427734375,0.982552170753479,961.86865234375,451.47528076171875,0.9774558544158936,705.1845703125,814.799560546875,0.9803932309150696,1197.7420654296875,723.7667236328125,0.9772174954414368
506,16866,771.559814453125,88.87110900878906,0.001402408117428422,773.8456420898438,68.81327819824219,0.00198694271966815,779.2452392578125,81.7855224609375,0.0006703351391479373,798.3307495117188,51.04559326171875,0.01602642424404621,830.2249145507812,69.90994262695312,0.002326949732378125,791.222900390625,6.1507415771484375,0.013032388873398304,890.5186157226562,0.0,0.010794191621243954,762.2943725585938,57.60923767089844,0.04484720900654793,888.6624755859375,44.05547332763672,0.03892316669225693,746.940185546875,149.3814239501953,0.05319000035524368,811.0292358398438,122.53424835205078,0.04814052954316139,845.8187255859375,94.47734069824219,0.8668947815895081,927.3081665039062,87.64810180664062,0.8496589660644531,751.5166625976562,469.4059753417969,0.9849868416786194,924.9721069335938,461.5968933105469,0.9793946146965027,724.2481079101562,822.4034423828125,0.9864782094955444,1182.4307861328125,704.21630859375,0.9832726716995239
507,16900,759.2673950195312,81.28834533691406,0.0016463856445625424,762.3078002929688,61.85394287109375,0.002022399799898267,768.032470703125,77.325439453125,0.0007650545448996127,787.837646484375,42.499969482421875,0.014639738947153091,816.837890625,66.32217407226562,0.002539093606173992,782.586181640625,0.0,0.015428991988301277,876.187744140625,0.0,0.018170474097132683,752.0691528320312,55.34626007080078,0.06006156653165817,859.2489624023438,47.22120666503906,0.07548400014638901,711.6961669921875,149.9142303466797,0.0721680074930191,736.1193237304688,138.3975830078125,0.09574918448925018,851.9381713867188,112.56546020507812,0.8839412927627563,924.8908081054688,110.01210021972656,0.8829193711280823,749.5462646484375,459.6871337890625,0.9830385446548462,888.6630859375,477.0134582519531,0.9783936142921448,756.2947998046875,822.391845703125,0.9837107062339783,1159.7274169921875,688.6019897460938,0.9797913432121277
508,16933,763.6289672851562,85.8395004272461,0.002763249445706606,764.2886962890625,66.75338745117188,0.0037590384017676115,765.5999145507812,81.4566650390625,0.0011751485290005803,796.822509765625,45.383148193359375,0.019561946392059326,806.4749145507812,71.3543472290039,0.0026159260887652636,808.9076538085938,4.9352874755859375,0.02062603086233139,852.87744140625,0.0,0.017674721777439117,782.5179443359375,54.83445739746094,0.06749437749385834,843.6016845703125,58.535064697265625,0.05567426607012749,735.697509765625,149.01809692382812,0.0748818889260292,753.5111694335938,138.249755859375,0.06729094684123993,870.761962890625,113.06986999511719,0.8987791538238525,904.0127563476562,111.08358764648438,0.8809163570404053,743.1470947265625,474.443115234375,0.987754762172699,842.22607421875,493.8146667480469,0.9804184436798096,793.1663818359375,849.8922729492188,0.9897931814193726,1109.6097412109375,673.9964599609375,0.985849916934967
509,16966,752.1380004882812,86.0764389038086,0.002876122249290347,751.755615234375,68.17327880859375,0.0037160159554332495,753.4156494140625,83.87464141845703,0.0012642412912100554,785.6396484375,45.09471130371094,0.018610980361700058,792.2677612304688,73.26255798339844,0.0028196279890835285,799.5645141601562,1.1945343017578125,0.02224050462245941,832.3770141601562,0.0,0.021939154714345932,768.044921875,39.22306823730469,0.07255984842777252,805.2462158203125,62.07696533203125,0.07085032761096954,736.8820190429688,143.30072021484375,0.07647351175546646,725.994140625,153.61862182617188,0.08004835247993469,874.5673828125,113.6568603515625,0.9095912575721741,896.4326171875,113.28630065917969,0.8993924260139465,746.18505859375,480.4554748535156,0.9874847531318665,821.572998046875,498.1101379394531,0.9811854958534241,838.5470581054688,847.7713623046875,0.9889100193977356,1070.10546875,681.5242919921875,0.9854222536087036
510,17000,727.3222045898438,82.35479736328125,0.0016740676946938038,731.130615234375,65.56922149658203,0.002652678405866027,733.1859130859375,84.43062591552734,0.0009116642759181559,765.522216796875,46.085174560546875,0.025540094822645187,778.160400390625,76.32919311523438,0.003718799911439419,774.44189453125,0.0,0.030112773180007935,819.914794921875,0.0,0.02216438762843609,720.6367797851562,10.818443298339844,0.07574261724948883,757.3198852539062,39.86439514160156,0.050994984805583954,747.0298461914062,69.45103454589844,0.04915321618318558,705.0924072265625,132.0196990966797,0.037785883992910385,878.8547973632812,137.9348602294922,0.9216666221618652,906.467529296875,138.10305786132812,0.9040400981903076,755.25537109375,488.5373840332031,0.9842415452003479,812.2857666015625,484.3843688964844,0.9751251935958862,886.9638061523438,839.5040283203125,0.9807797074317932,1045.1751708984375,694.1421508789062,0.9749962091445923
511,17033,749.3961791992188,54.538238525390625,0.0050839935429394245,750.7255249023438,39.4149169921875,0.005206617992371321,749.7261352539062,53.79039001464844,0.0014730379916727543,794.414794921875,27.230667114257812,0.02159741520881653,798.2682495117188,51.57806396484375,0.0029171768110245466,809.1119995117188,0.0,0.08962663263082504,838.9287109375,0.0,0.03734460100531578,716.2802124023438,10.289520263671875,0.3959108293056488,764.4413452148438,24.796920776367188,0.14198532700538635,720.766357421875,9.766525268554688,0.4074958264827728,706.7447509765625,4.7714996337890625,0.18373961746692657,900.1538696289062,144.42860412597656,0.9588204622268677,906.2401123046875,138.60475158691406,0.9294325113296509,764.2109375,487.219482421875,0.9901540875434875,772.5758056640625,480.9293518066406,0.9786553382873535,932.7848510742188,818.7806396484375,0.9848650693893433,981.4691162109375,727.6878051757812,0.9758585691452026
512,17066,768.3843383789062,71.88761901855469,0.003173359902575612,771.3477783203125,54.47332763671875,0.0033512497320771217,763.953857421875,70.82970428466797,0.0010207570157945156,813.4981079101562,38.58233642578125,0.01543361321091652,794.0621948242188,67.99882507324219,0.0021914199460297823,828.3887939453125,2.459014892578125,0.060969024896621704,817.4837036132812,0.0,0.02325398661196232,730.9595947265625,8.580322265625,0.33136501908302307,764.7820434570312,20.050918579101562,0.11325398087501526,775.135498046875,23.284103393554688,0.35221490263938904,760.6051025390625,19.217971801757812,0.13993996381759644,897.9151611328125,143.6938018798828,0.9208903908729553,861.9677124023438,136.0850372314453,0.8705866932868958,806.302734375,501.7416076660156,0.9754762649536133,711.880859375,455.496826171875,0.9519252181053162,974.5274658203125,823.37255859375,0.9569687247276306,865.3899536132812,779.4970092773438,0.9405279159545898
513,17100,756.1087036132812,77.99555969238281,0.002809676108881831,761.8578491210938,62.455902099609375,0.003085476579144597,754.8024291992188,78.36808776855469,0.001103316666558385,803.5523681640625,45.95045471191406,0.013862728141248226,779.4814453125,74.7396469116211,0.0022131651639938354,828.5923461914062,6.198394775390625,0.03366650268435478,810.39697265625,0.0,0.02592364326119423,751.8013916015625,8.916961669921875,0.18587225675582886,784.8631591796875,16.650970458984375,0.14201660454273224,778.21728515625,13.69830322265625,0.19878478348255157,769.9336547851562,24.651351928710938,0.1480455994606018,901.6527099609375,150.27191162109375,0.9402065277099609,851.8812255859375,140.82339477539062,0.9297654628753662,856.7730102539062,506.1664123535156,0.9860905408859253,703.762939453125,436.0502014160156,0.9792789220809937,1011.0422973632812,838.4306030273438,0.9770256280899048,842.0377807617188,728.4891967773438,0.9755070805549622
514,17133,761.4849853515625,79.99861907958984,0.0016383936163038015,768.1732177734375,65.69945526123047,0.002186486264690757,760.5071411132812,78.17971801757812,0.0007506937254220247,807.9171752929688,49.1824951171875,0.017505841329693794,782.7997436523438,70.6973876953125,0.0024179513566195965,834.416015625,6.0465545654296875,0.031756047159433365,807.5740966796875,0.0,0.024026580154895782,757.4473876953125,10.01641845703125,0.10895364731550217,793.1541137695312,14.24945068359375,0.08282008022069931,779.0739135742188,14.446197509765625,0.06928759813308716,769.8782958984375,22.208953857421875,0.04891575500369072,907.4547729492188,141.31655883789062,0.9287847280502319,846.6817626953125,133.1402587890625,0.9201140403747559,890.4791259765625,500.7774353027344,0.9814451336860657,704.6412963867188,433.0928649902344,0.9744491577148438,1066.1729736328125,821.998046875,0.9713195562362671,770.62744140625,758.619140625,0.9715339541435242
515,17166,794.3583984375,89.81643676757812,0.0027678601909428835,797.4022216796875,74.86198425292969,0.0032458724454045296,789.3107299804688,82.7827377319336,0.0014017351204529405,830.9185180664062,55.44978332519531,0.01675983890891075,805.2041015625,67.3948974609375,0.0033523202873766422,851.2369995117188,23.766860961914062,0.03333456441760063,833.2816772460938,6.98822021484375,0.023612789809703827,787.5661010742188,65.53948974609375,0.09501653164625168,852.9483642578125,69.30010986328125,0.06888502091169357,766.2766723632812,131.68629455566406,0.0636003240942955,821.86669921875,156.755126953125,0.04333270713686943,919.3297119140625,132.99330139160156,0.9149030447006226,857.3307495117188,115.01559448242188,0.9035629630088806,933.1161499023438,497.47064208984375,0.9808366298675537,717.88134765625,428.5284423828125,0.9742814302444458,1113.263671875,815.2545776367188,0.9767546057701111,701.4406127929688,768.668701171875,0.9765514135360718
516,17200,809.6270751953125,88.34294128417969,0.002651288639754057,810.1510620117188,74.93286895751953,0.0028340250719338655,807.919921875,81.2746353149414,0.0014277588343247771,836.87353515625,59.51866149902344,0.012122144922614098,826.9153442382812,68.7242660522461,0.003200950799509883,845.6993408203125,30.7364501953125,0.023310091346502304,859.133056640625,12.257034301757812,0.0197786595672369,772.1294555664062,76.99937438964844,0.07506551593542099,904.1987915039062,74.08016967773438,0.06929580122232437,752.6138305664062,128.94580078125,0.055629659444093704,897.2103881835938,134.9263458251953,0.04532719403505325,916.0042114257812,120.13494873046875,0.9146013259887695,865.925048828125,105.38264465332031,0.9100449681282043,962.7994995117188,481.7138977050781,0.985241711139679,733.46484375,431.45855712890625,0.9816887378692627,1153.187255859375,799.3550415039062,0.9848217368125916,667.9376220703125,773.4201049804688,0.9850451350212097
517,17233,811.6155395507812,85.14065551757812,0.0031074113212525845,812.2529296875,71.78583526611328,0.0032645773608237505,809.8412475585938,77.61847686767578,0.0017085617873817682,837.606689453125,59.858001708984375,0.010001740418374538,825.4237670898438,68.12278747558594,0.0029265200719237328,844.4902954101562,34.84272766113281,0.01787414960563183,855.1554565429688,15.836013793945312,0.01501961424946785,773.2846069335938,80.80192565917969,0.06665673851966858,914.5067749023438,71.26739501953125,0.06166849285364151,756.7402954101562,125.41726684570312,0.05789647251367569,915.1866455078125,118.92109680175781,0.04723566398024559,916.4560546875,108.13673400878906,0.9059423208236694,861.145263671875,97.09039306640625,0.9000884294509888,979.27880859375,469.7816162109375,0.9867252111434937,741.4835815429688,433.2986145019531,0.9834355711936951,1181.87158203125,783.9442749023438,0.9881176352500916,662.3875732421875,773.9522705078125,0.988003134727478
518,17266,807.8093872070312,79.38198852539062,0.003587899263948202,808.7645874023438,64.726318359375,0.0040687210857868195,805.1845703125,70.39318084716797,0.0018614426953718066,834.5797119140625,53.77445983886719,0.011340523138642311,819.1904907226562,61.76536560058594,0.0027144495397806168,841.1065063476562,33.31233215332031,0.018593301996588707,844.8583374023438,12.29132080078125,0.012576383538544178,758.7769775390625,83.18659973144531,0.07237492501735687,906.2017822265625,70.84341430664062,0.05023624375462532,716.3391723632812,130.2659454345703,0.06482900679111481,903.4854125976562,129.5822296142578,0.04347092658281326,912.548583984375,101.2100830078125,0.8955104351043701,851.814208984375,91.86978149414062,0.8784173130989075,979.75439453125,463.5692138671875,0.9855756759643555,742.60400390625,430.2674865722656,0.9802175760269165,1200.06884765625,759.9078369140625,0.9877267479896545,686.9517211914062,757.3690795898438,0.9867298603057861
519,17300,827.9334106445312,64.55646514892578,0.006667187437415123,829.3446044921875,46.7779541015625,0.008020548149943352,825.514404296875,57.62315368652344,0.00439000129699707,849.202880859375,40.450836181640625,0.020049169659614563,832.755615234375,56.89750671386719,0.006331926677376032,837.8622436523438,19.23749542236328,0.03587714955210686,856.0916748046875,3.0794677734375,0.012952383607625961,778.5961303710938,60.2589111328125,0.09398709237575531,877.1299438476562,51.58440399169922,0.03224555402994156,774.7957763671875,120.56330108642578,0.07070132344961166,902.7024536132812,122.57732391357422,0.029734184965491295,898.3341064453125,102.70243835449219,0.8333997130393982,853.6184692382812,95.01956176757812,0.7563092112541199,963.697509765625,458.9777526855469,0.9629772901535034,750.2091064453125,437.00640869140625,0.9400354027748108,1205.8282470703125,746.5821533203125,0.9561610221862793,734.1210327148438,766.2626953125,0.941779613494873
520,17333,829.1305541992188,63.609580993652344,0.008007443509995937,830.2322387695312,43.96300506591797,0.009433619678020477,826.3316040039062,54.63581085205078,0.005516387056559324,846.915771484375,36.316566467285156,0.019695453345775604,834.609375,52.3656005859375,0.006939810700714588,828.0419311523438,15.592185974121094,0.03225518763065338,867.1719360351562,0.0,0.01195121742784977,782.7586669921875,55.535980224609375,0.08501426875591278,888.47705078125,44.444000244140625,0.030912747606635094,794.5556030273438,117.506103515625,0.07205616682767868,917.0567016601562,110.71135711669922,0.03236536309123039,882.63818359375,100.2297592163086,0.8089496493339539,859.8682250976562,92.81245422363281,0.7273849844932556,921.2531127929688,470.0845642089844,0.9582156538963318,764.8892211914062,448.6702880859375,0.9362700581550598,1202.1751708984375,732.9525146484375,0.9544641375541687,779.51025390625,787.7997436523438,0.940981388092041
521,17366,804.9598388671875,88.8504409790039,0.0031526798848062754,807.0042724609375,72.92170715332031,0.004296386148780584,800.3688354492188,80.63946533203125,0.0018164797220379114,835.114990234375,57.326202392578125,0.010948630049824715,817.892822265625,69.0428237915039,0.0022428189404308796,833.4935302734375,23.690505981445312,0.011887858621776104,845.503662109375,2.5016326904296875,0.006310526747256517,787.1565551757812,65.53422546386719,0.04682872071862221,867.1915283203125,68.0943603515625,0.025894923135638237,786.1351928710938,129.77906799316406,0.04601222276687622,845.6735229492188,126.64064025878906,0.027607465162873268,872.1092529296875,84.37770080566406,0.8285857439041138,838.9784545898438,82.45523071289062,0.7815865278244019,894.1118774414062,485.8011474609375,0.9766871929168701,779.1597900390625,474.5691833496094,0.9675237536430359,1190.9776611328125,720.2999267578125,0.9844045042991638,810.1344604492188,808.8466186523438,0.9813051819801331
522,17400,809.9602661132812,88.5443344116211,0.00231181550770998,809.2196655273438,76.62151336669922,0.0030172192491590977,806.9464111328125,84.57744598388672,0.001311437925323844,831.2792358398438,60.976844787597656,0.011186187155544758,834.5654296875,72.31327056884766,0.002288482617586851,815.0892944335938,16.974746704101562,0.013387840241193771,881.0986328125,0.0,0.008203278295695782,781.6055297851562,41.870452880859375,0.05091923475265503,890.323974609375,45.702667236328125,0.03378717973828316,799.3782348632812,115.48031616210938,0.04600901901721954,868.2592163085938,95.19575500488281,0.031584978103637695,861.5278930664062,93.90435791015625,0.8454734086990356,873.4129028320312,90.31224060058594,0.8125759363174438,841.8041381835938,492.66064453125,0.9738691449165344,794.4479370117188,479.88720703125,0.9666880965232849,1165.2781982421875,714.0090942382812,0.9813011884689331,840.460205078125,815.4591674804688,0.978892982006073
523,17433,771.5089111328125,83.60792541503906,0.0018145570065826178,771.1488647460938,68.68510437011719,0.0025069008115679026,772.2401733398438,81.56263732910156,0.0010127046843990684,796.389404296875,49.54664611816406,0.016901517286896706,814.7857055664062,70.19657135009766,0.0031916226726025343,788.8093872070312,3.8386688232421875,0.0190498735755682,875.0864868164062,0.0,0.018452011048793793,756.9773559570312,35.051971435546875,0.052626997232437134,836.12060546875,56.277374267578125,0.055011507123708725,761.5177001953125,135.16488647460938,0.033449046313762665,765.1773681640625,149.48709106445312,0.03440440818667412,868.9905395507812,121.667724609375,0.8914920687675476,906.078369140625,125.23127746582031,0.8897625207901001,814.1836547851562,485.0471496582031,0.9756514430046082,800.136474609375,487.05413818359375,0.9730057120323181,1104.3597412109375,707.6356811523438,0.9789777994155884,865.8279418945312,804.4237060546875,0.9773262143135071
524,17466,758.87353515625,74.23045349121094,0.0035923561081290245,758.2075805664062,60.53324890136719,0.0037848965730518103,758.5297241210938,75.18475341796875,0.0015208059921860695,785.6845092773438,45.29035949707031,0.014192979782819748,804.653564453125,69.09095764160156,0.003157232655212283,786.4580078125,5.788421630859375,0.036799319088459015,873.1220092773438,0.0,0.025050777941942215,747.8754272460938,14.08172607421875,0.1813548356294632,796.0216064453125,25.962936401367188,0.12120024114847183,773.5347290039062,36.30615234375,0.18011225759983063,763.8615112304688,41.054718017578125,0.13225218653678894,877.44873046875,133.2769775390625,0.9274742007255554,920.9462280273438,132.12869262695312,0.9101971387863159,786.9152221679688,488.8286437988281,0.981421947479248,796.8177490234375,485.2922058105469,0.9757081866264343,1037.83154296875,710.9249877929688,0.9788606762886047,901.0712280273438,809.5397338867188,0.9736766815185547
525,17500,765.0535888671875,77.45736694335938,0.0043265135027468204,765.5709838867188,62.917327880859375,0.003642058465629816,767.467529296875,78.80731201171875,0.0013845617650076747,801.3971557617188,45.182830810546875,0.013334817253053188,824.8619995117188,70.61874389648438,0.002808886580169201,808.2870483398438,4.016624450683594,0.04829815775156021,914.2020874023438,0.0,0.04319126531481743,780.825439453125,20.7637939453125,0.3251017928123474,863.4188842773438,45.76142120361328,0.27077898383140564,737.3030395507812,19.373291015625,0.42637503147125244,745.4075317382812,33.328216552734375,0.37993913888931274,880.75634765625,136.85853576660156,0.9147027134895325,945.8215942382812,130.98011779785156,0.9037606716156006,760.6150512695312,480.592529296875,0.9712228178977966,828.352294921875,481.8538513183594,0.9622107148170471,970.8336181640625,756.8527221679688,0.948009729385376,954.1862182617188,756.8394165039062,0.9375647306442261
526,17533,782.5985107421875,72.62995147705078,0.005475131794810295,785.1033325195312,57.09070587158203,0.00442926911637187,784.1310424804688,74.96731567382812,0.002005994785577059,823.8502807617188,42.42988586425781,0.013109599240124226,840.0104370117188,71.01063537597656,0.0031144663225859404,827.2357788085938,1.3776168823242188,0.04059502109885216,919.400634765625,0.0,0.04915051534771919,778.6005859375,16.982391357421875,0.24472461640834808,863.83837890625,46.88481903076172,0.31165581941604614,730.5350341796875,19.870513916015625,0.3572537302970886,743.6639404296875,33.46769714355469,0.45603233575820923,886.6668701171875,145.78280639648438,0.9427388310432434,950.371826171875,139.43421936035156,0.9439354538917542,706.1672973632812,473.6433410644531,0.9851627945899963,838.446533203125,488.73065185546875,0.9842462539672852,920.7412719726562,775.11181640625,0.9801903367042542,996.1089477539062,806.6570434570312,0.9786934852600098
527,17566,767.7646484375,85.81983947753906,0.0015395405935123563,773.0720825195312,70.05024719238281,0.0021674165036529303,769.087646484375,88.411376953125,0.0007402191404253244,818.5686645507812,53.550018310546875,0.02234559878706932,820.4490966796875,82.85801696777344,0.0036506669130176306,832.957275390625,8.049568176269531,0.03639895096421242,887.0593872070312,0.0,0.02348300814628601,778.6740112304688,20.793045043945312,0.09224182367324829,833.3684692382812,26.707855224609375,0.05423493683338165,729.7571411132812,25.96875,0.05783136561512947,729.4501342773438,39.12542724609375,0.038792893290519714,885.440185546875,123.47433471679688,0.918580949306488,936.765625,119.75557708740234,0.8988776803016663,714.8408813476562,457.8818054199219,0.9826577305793762,888.7159423828125,489.7119445800781,0.9764472842216492,854.4116821289062,785.0385131835938,0.9823637008666992,1039.96875,816.6041259765625,0.9767104983329773
528,17600,785.584716796875,93.7049560546875,0.0010923107620328665,786.7969360351562,75.25838470458984,0.001642249641008675,787.6387939453125,93.27841186523438,0.0006154489819891751,820.593994140625,54.063262939453125,0.02574736811220646,845.8613891601562,83.03691101074219,0.004155916161835194,819.9154052734375,0.0,0.037624552845954895,911.8698120117188,0.0,0.01956873945891857,772.4649047851562,18.370010375976562,0.06516586244106293,883.5611572265625,33.56268310546875,0.036429595202207565,793.9810791015625,60.12835693359375,0.033528462052345276,823.2935180664062,84.0018539428711,0.02348453365266323,880.1724853515625,116.87205505371094,0.9150132536888123,961.3731689453125,119.20669555664062,0.8850109577178955,711.3041381835938,443.14288330078125,0.982105016708374,923.6341552734375,483.5904235839844,0.9737433195114136,768.2889404296875,788.9044799804688,0.9831209182739258,1085.6199951171875,798.3173217773438,0.9766556620597839
529,17633,808.6551513671875,90.52725219726562,0.002108741318807006,805.3246459960938,70.40542602539062,0.0024200547486543655,805.7776489257812,81.52274322509766,0.0010196081129834056,828.2032470703125,49.74005126953125,0.020324362441897392,858.4197387695312,67.29249572753906,0.004301157779991627,828.8859252929688,9.246047973632812,0.036731719970703125,916.1043701171875,8.917190551757812,0.02067326195538044,805.5348510742188,60.188323974609375,0.0797492116689682,903.1893920898438,63.99449157714844,0.04790111631155014,809.138916015625,147.07310485839844,0.0670383870601654,826.1127319335938,140.73362731933594,0.04841332510113716,884.474853515625,105.2574462890625,0.9119372367858887,965.4783325195312,107.93962097167969,0.8816381692886353,744.3447265625,449.6701354980469,0.9872099161148071,964.9130859375,482.00958251953125,0.9802098870277405,690.8027954101562,810.6326293945312,0.9880695939064026,1124.15185546875,782.0093994140625,0.9833765625953674
530,17666,822.250732421875,97.99530029296875,0.0009816805832087994,819.7581176757812,78.17518615722656,0.0012904148316010833,825.2787475585938,88.0477294921875,0.0004985244595445693,834.7353515625,61.52783203125,0.015508340671658516,875.7008056640625,76.11154174804688,0.0026464122347533703,830.341796875,14.556930541992188,0.01939093880355358,932.0348510742188,6.578453063964844,0.011388557031750679,809.0469360351562,66.66162872314453,0.0516989603638649,937.1378784179688,53.828269958496094,0.036296192556619644,819.2792358398438,152.42076110839844,0.04643580690026283,879.8238525390625,133.16404724121094,0.03877516835927963,884.320556640625,96.66256713867188,0.9016034603118896,975.7848510742188,97.31927490234375,0.8742212057113647,761.2689208984375,458.8704528808594,0.9876641631126404,987.3743286132812,470.5345458984375,0.982180118560791,623.3534545898438,802.5056762695312,0.988003134727478,1165.3568115234375,768.8536987304688,0.9840866923332214
531,17700,819.71484375,91.32513427734375,0.0022546923719346523,817.2045288085938,69.05467987060547,0.002259094500914216,818.3228759765625,75.97819519042969,0.0010245576268061996,832.75,53.299713134765625,0.011520490050315857,863.31689453125,62.66725158691406,0.0027661549393087626,837.260009765625,13.45989990234375,0.018242130056023598,901.6078491210938,11.476181030273438,0.013241044245660305,800.41357421875,70.50045776367188,0.0685083344578743,842.3868408203125,73.14047241210938,0.052362702786922455,766.9707641601562,140.4949493408203,0.09680718183517456,723.1741333007812,156.89918518066406,0.08825986087322235,890.2890625,83.31861877441406,0.8894031047821045,962.4611206054688,84.4815673828125,0.8646538853645325,761.8357543945312,452.0234375,0.9892027974128723,996.2382202148438,468.4127197265625,0.9839954972267151,628.7080688476562,811.3938598632812,0.9899072647094727,1179.8111572265625,762.646728515625,0.9865403771400452
532,17733,813.6941528320312,91.49700164794922,0.0018585922662168741,812.51611328125,70.9724349975586,0.0021792131010442972,813.1652221679688,78.78018951416016,0.0008728601387701929,830.6458740234375,53.741363525390625,0.015988240018486977,858.216064453125,64.77369689941406,0.003116520354524255,828.6057739257812,13.1011962890625,0.024351127445697784,901.1360473632812,10.76275634765625,0.012591118924319744,794.2904663085938,68.84060668945312,0.06873608380556107,892.9721069335938,67.42684936523438,0.03629419207572937,785.2157592773438,143.6546630859375,0.07259491086006165,826.7854614257812,133.75392150878906,0.04744595289230347,880.8261108398438,85.62245178222656,0.8984506130218506,953.161376953125,87.00718688964844,0.8589690923690796,762.6890869140625,451.9962158203125,0.9890516400337219,991.3200073242188,467.2530212402344,0.9817303419113159,668.2311401367188,810.20458984375,0.9898998141288757,1191.187744140625,740.73193359375,0.9857381582260132
533,17766,785.8363647460938,86.33926391601562,0.001266926876269281,788.3655395507812,66.25982666015625,0.0018739927327260375,792.6644897460938,79.78340148925781,0.0005947037716396153,814.456298828125,49.684043884277344,0.016895608976483345,842.1129150390625,70.47383880615234,0.0022870448883622885,818.8980102539062,7.306068420410156,0.01375423651188612,897.5530395507812,1.4143295288085938,0.010202666744589806,786.6734619140625,63.43409729003906,0.04308987036347389,892.9453125,56.84076690673828,0.03127272427082062,766.12353515625,155.17311096191406,0.046771906316280365,810.7481689453125,135.7048797607422,0.036097750067710876,874.23193359375,92.16970825195312,0.8647849559783936,947.0586547851562,89.2298583984375,0.8404598832130432,758.3046875,450.9805603027344,0.9856051802635193,955.8717041015625,458.50042724609375,0.9790841341018677,720.8291015625,821.2247314453125,0.9873504042625427,1194.0443115234375,712.9016723632812,0.9835541248321533
534,17800,785.173828125,91.58070373535156,0.0015956073766574264,787.4830322265625,69.53956604003906,0.0023188176564872265,792.666015625,84.5302734375,0.0007500337087549269,814.1644287109375,50.19385528564453,0.0174102745950222,843.7189331054688,73.63275146484375,0.002465776866301894,807.8267211914062,4.8756866455078125,0.013492600060999393,905.434814453125,0.0,0.011100777424871922,755.5137939453125,55.13067626953125,0.046819645911455154,892.3974609375,50.404151916503906,0.0373862087726593,702.4241943359375,149.5118865966797,0.05490564927458763,793.2233276367188,129.64871215820312,0.04770582914352417,867.363525390625,93.6156005859375,0.8586513996124268,945.6897583007812,88.04544067382812,0.838666558265686,759.9088745117188,463.4200134277344,0.9842660427093506,923.3771362304688,461.7259826660156,0.9778174757957458,736.1373291015625,814.8885498046875,0.9865310788154602,1185.93896484375,699.5940551757812,0.9826306700706482
535,17833,784.6483764648438,88.80608367919922,0.002679540077224374,785.625244140625,67.11353302001953,0.0036230189725756645,787.4095458984375,79.64115142822266,0.0011374305468052626,814.4408569335938,48.158477783203125,0.019982215017080307,831.7572021484375,69.03792572021484,0.0028457792941480875,822.2732543945312,13.488739013671875,0.02005687914788723,882.4940185546875,4.0196685791015625,0.015456722117960453,792.4063720703125,67.18569946289062,0.06337868422269821,879.1536865234375,68.64138793945312,0.04417609050869942,748.6746826171875,158.6188201904297,0.07529868930578232,789.5989379882812,140.6132354736328,0.05664439499378204,884.1810302734375,100.96302795410156,0.8592221140861511,933.5596313476562,97.13763427734375,0.8303473591804504,758.9908447265625,463.0520324707031,0.9836823344230652,888.4537963867188,476.1444396972656,0.9736959934234619,782.4756469726562,851.3302001953125,0.9859350919723511,1150.966552734375,691.6659545898438,0.980453610420227
536,17866,783.1519775390625,86.3609390258789,0.0028531893622130156,783.7540893554688,67.90118408203125,0.004019998945295811,786.490234375,82.1942367553711,0.0012102880282327533,817.3441772460938,47.80046081542969,0.025392837822437286,829.5482177734375,73.49842071533203,0.003212850773707032,831.3682250976562,11.616073608398438,0.027022572234272957,875.0808715820312,3.733154296875,0.022049756720662117,824.2247314453125,65.26675415039062,0.06794357299804688,889.6066284179688,74.93705749511719,0.05386662855744362,812.114013671875,175.26947021484375,0.06583797931671143,828.5626831054688,157.91207885742188,0.05355323106050491,887.1708984375,122.3917236328125,0.903144359588623,920.7904052734375,121.6552734375,0.8841487765312195,753.7896118164062,474.1679992675781,0.9869868159294128,857.5079956054688,496.4533996582031,0.9790944457054138,809.6924438476562,851.3265991210938,0.988654613494873,1117.1778564453125,677.7167358398438,0.9842825531959534
537,17900,769.4207763671875,75.48090362548828,0.0028014876879751682,768.41455078125,57.8836669921875,0.00392796378582716,772.4901123046875,72.81360626220703,0.001137342769652605,804.8948364257812,39.23121643066406,0.027108274400234222,822.4934692382812,64.71968078613281,0.0032799665350466967,817.5875854492188,1.10430908203125,0.035485126078128815,868.7266845703125,0.0,0.02520742453634739,785.5838623046875,29.791168212890625,0.09215258061885834,862.8311157226562,53.51568603515625,0.06019534915685654,798.7482299804688,112.47093200683594,0.07795509696006775,810.80517578125,118.01028442382812,0.05392103269696236,889.8720703125,126.81697082519531,0.9256480932235718,921.6242065429688,122.84184265136719,0.9058806300163269,760.6546020507812,487.9328918457031,0.9887451529502869,833.6297607421875,491.3761901855469,0.9812278151512146,857.4959106445312,850.1965942382812,0.9890905022621155,1079.1829833984375,691.8441772460938,0.9851254224777222
538,17933,762.7073974609375,75.02847290039062,0.0021710898727178574,767.5553588867188,59.01429748535156,0.0028414838016033173,766.2925415039062,76.52938842773438,0.0008875054190866649,811.53955078125,41.76017761230469,0.01867961697280407,809.91650390625,71.06158447265625,0.002662145532667637,819.6363525390625,0.67108154296875,0.036363814026117325,855.8961181640625,0.0,0.020453309640288353,748.4659423828125,8.428482055664062,0.15299494564533234,791.2428588867188,17.79766845703125,0.07251506298780441,753.6165161132812,10.613021850585938,0.13674458861351013,748.6729736328125,25.549484252929688,0.07499094307422638,894.8555297851562,138.69447326660156,0.9370792508125305,914.1895751953125,132.2364959716797,0.910830557346344,775.8645629882812,496.43499755859375,0.9880601763725281,828.6046752929688,485.3839416503906,0.9784398674964905,898.1907348632812,837.3641967773438,0.9846558570861816,1048.2364501953125,706.365234375,0.9781531095504761
539,17966,763.4200439453125,61.72383499145508,0.0029496564529836178,769.2940063476562,46.04090881347656,0.00283654872328043,767.8412475585938,64.50297546386719,0.0009989604586735368,819.6298828125,31.881797790527344,0.011152980849146843,812.5224609375,63.011192321777344,0.0017532944912090898,847.1129150390625,0.0,0.023176556453108788,863.4088134765625,0.0,0.0348353274166584,755.5084838867188,12.606170654296875,0.19372019171714783,830.8034057617188,41.08245849609375,0.27214083075523376,715.0518188476562,28.505813598632812,0.30426254868507385,723.2415161132812,35.94401550292969,0.3885752558708191,916.5352172851562,151.80538940429688,0.924514889717102,905.414794921875,142.767333984375,0.9311512112617493,800.4798583984375,499.8643798828125,0.9815559983253479,748.0134887695312,465.7367248535156,0.9779651165008545,939.32763671875,843.873779296875,0.9649905562400818,1000.6884155273438,709.40185546875,0.96355140209198
540,18000,776.2386474609375,66.98460388183594,0.0030782553367316723,780.47412109375,50.92254638671875,0.0026771838311105967,777.4927978515625,67.68539428710938,0.0009994592983275652,824.8617553710938,36.337646484375,0.010121329687535763,816.4241333007812,66.11238098144531,0.0017249720403924584,850.2039184570312,0.0,0.023273078724741936,873.6759033203125,0.0,0.03781371936202049,774.2739868164062,18.804840087890625,0.1914214938879013,873.279052734375,45.018310546875,0.3045160174369812,733.9086303710938,29.266616821289062,0.3011167645454407,744.839599609375,41.75825500488281,0.4047929346561432,909.6445922851562,144.60475158691406,0.9052602052688599,890.5935668945312,135.89828491210938,0.9202437400817871,830.7982177734375,500.0212097167969,0.974556028842926,739.320556640625,457.7080993652344,0.9730210304260254,990.46142578125,837.8997802734375,0.9514670372009277,872.2564697265625,769.0650024414062,0.9553108811378479
541,18033,770.020263671875,69.22618103027344,0.003966757096350193,774.282958984375,52.90985870361328,0.0032972185872495174,770.297607421875,68.60627746582031,0.0013944839593023062,814.9817504882812,37.10968780517578,0.009276177734136581,799.375,66.69950866699219,0.0019307303009554744,849.60009765625,0.0,0.0220202449709177,844.025634765625,0.0,0.040608350187540054,785.7343139648438,24.825485229492188,0.17936162650585175,841.1649780273438,49.203346252441406,0.3213200867176056,741.5797119140625,20.016036987304688,0.2797439992427826,743.4383544921875,31.32623291015625,0.4051515758037567,921.033935546875,146.5220489501953,0.9343222975730896,877.1373291015625,139.25953674316406,0.9479416012763977,879.5035400390625,501.3856201171875,0.9862418174743652,723.2586669921875,439.54998779296875,0.985501766204834,1042.277099609375,845.423828125,0.9753499031066895,861.0379028320312,735.4032592773438,0.9790555834770203
542,18066,771.5299072265625,72.55009460449219,0.006613020785152912,776.9833374023438,55.120147705078125,0.005686769727617502,764.9713134765625,65.80270385742188,0.002072454197332263,818.011474609375,41.427520751953125,0.010334549471735954,781.6998291015625,59.756103515625,0.0018690285505726933,846.0443115234375,3.6950225830078125,0.03188585489988327,806.9210815429688,0.0,0.02831532061100006,789.8867797851562,14.874664306640625,0.2490149438381195,794.1271362304688,17.281082153320312,0.21387384831905365,803.4329833984375,41.710601806640625,0.3695535957813263,793.7364501953125,33.700927734375,0.2954249382019043,932.7244873046875,131.28904724121094,0.9350968599319458,863.45751953125,125.12892150878906,0.9289868474006653,917.3456420898438,499.85003662109375,0.9872757792472839,719.8541870117188,432.0732421875,0.982437014579773,1097.0831298828125,835.9655151367188,0.9788305163383484,792.8187255859375,773.9013061523438,0.9795371294021606
543,18100,799.46337890625,84.35405731201172,0.002827068092301488,802.8158569335938,68.32717895507812,0.0031867297366261482,794.1199951171875,77.66997528076172,0.0012964914785698056,834.3923950195312,52.65966796875,0.011835388839244843,807.4424438476562,67.8702621459961,0.0023506972938776016,847.2804565429688,15.162185668945312,0.029452122747898102,833.2421875,3.6421051025390625,0.01526056881994009,781.9843139648438,28.349761962890625,0.13357390463352203,837.315673828125,32.93659973144531,0.06452646851539612,798.7692260742188,39.44902038574219,0.1115197241306305,801.8142700195312,44.66212463378906,0.05498649179935455,936.2669677734375,123.56245422363281,0.9309666156768799,873.4054565429688,113.26084899902344,0.9069199562072754,968.9515380859375,490.5118103027344,0.9876987934112549,730.4715576171875,431.4403381347656,0.9802464246749878,1140.176513671875,823.58740234375,0.985484778881073,733.6475219726562,785.5669555664062,0.9833551049232483
544,18133,814.00439453125,90.78398895263672,0.0023606857284903526,815.1732788085938,75.22913360595703,0.0023818835616111755,811.9004516601562,82.40744018554688,0.0012698190985247493,842.15771484375,59.609527587890625,0.009128263220191002,829.4407348632812,70.53721618652344,0.002721297089010477,850.8470458984375,27.558746337890625,0.017510253936052322,864.6282958984375,11.868621826171875,0.017067309468984604,774.884033203125,73.38276672363281,0.06767063587903976,938.3843994140625,67.07249450683594,0.07733620703220367,761.7136840820312,127.43678283691406,0.05856150761246681,968.6704711914062,122.33985900878906,0.05671750381588936,936.4222412109375,114.18919372558594,0.9135255217552185,882.3718872070312,105.52642822265625,0.9143669605255127,994.2667846679688,475.344482421875,0.9866961240768433,750.3621826171875,437.7308349609375,0.9844916462898254,1181.3140869140625,806.9351806640625,0.9871795773506165,693.6729736328125,788.8228149414062,0.9877600073814392
545,18166,829.1751708984375,85.97584533691406,0.0033706561662256718,830.207763671875,69.58097076416016,0.003474137280136347,825.5098266601562,75.77980041503906,0.0018885335884988308,853.9765014648438,58.649688720703125,0.008088873699307442,834.9739379882812,68.30408477783203,0.00262201065197587,861.009521484375,37.48370361328125,0.012506978586316109,860.3970947265625,19.716751098632812,0.012109280563890934,795.452880859375,89.15835571289062,0.05285981297492981,927.4024658203125,72.97169494628906,0.05940939113497734,785.7542724609375,131.5355987548828,0.056081999093294144,941.8348388671875,121.27317810058594,0.053606994450092316,938.1837158203125,97.50947570800781,0.8819378018379211,874.9136962890625,91.12179565429688,0.8819406032562256,1009.6953735351562,464.91009521484375,0.9856606721878052,758.9325561523438,435.1005554199219,0.9831194281578064,1209.917724609375,787.2019653320312,0.9883737564086914,691.1488647460938,783.1476440429688,0.988644003868103
546,18200,819.0584716796875,75.91278076171875,0.004069540183991194,820.4059448242188,57.077728271484375,0.00446315435692668,819.3900756835938,67.99411010742188,0.0028526289388537407,837.6434936523438,49.13983154296875,0.011349208652973175,832.562255859375,68.33706665039062,0.004784556105732918,841.6686401367188,12.706283569335938,0.01085149310529232,856.1041259765625,11.547065734863281,0.018021397292613983,783.5687255859375,53.71410369873047,0.03268996626138687,928.3333740234375,33.02611541748047,0.06944841891527176,776.3690795898438,121.1253662109375,0.03333514928817749,975.5537719726562,95.34088897705078,0.051298271864652634,926.5616455078125,82.46097564697266,0.8001416921615601,872.863037109375,93.0710678100586,0.8400763869285583,1010.8049926757812,454.4895935058594,0.964726984500885,758.70166015625,435.4115295410156,0.9675488471984863,1223.60205078125,777.453369140625,0.9596233367919922,717.2662963867188,786.27392578125,0.9675577878952026
547,18233,846.3226928710938,83.43136596679688,0.006656884681433439,847.4512939453125,66.38919067382812,0.0069814021699130535,836.2014770507812,73.238525390625,0.003504066029563546,874.1493530273438,54.695159912109375,0.009778827428817749,837.8672485351562,64.97511291503906,0.002891210839152336,875.8041381835938,34.23573303222656,0.01869858056306839,858.113525390625,11.104385375976562,0.008227746933698654,795.9210815429688,97.46218872070312,0.08850748836994171,873.9281616210938,88.49249267578125,0.036418616771698,752.0550537109375,135.59957885742188,0.10065726190805435,846.9628295898438,161.22967529296875,0.04974815994501114,932.8352661132812,99.84580993652344,0.8576041460037231,861.457763671875,89.79762268066406,0.8010621070861816,991.5974731445312,462.0870056152344,0.9825021028518677,765.1567993164062,446.4980163574219,0.9721336364746094,1241.78271484375,752.285888671875,0.9867916107177734,743.43408203125,796.2618408203125,0.9825668931007385
548,18266,822.5718994140625,95.94456481933594,0.004409552086144686,828.10400390625,75.8155517578125,0.006002691108733416,814.8984985351562,82.16120910644531,0.002406153827905655,861.48876953125,63.63844299316406,0.011245927773416042,821.2888793945312,73.3337631225586,0.002199606504291296,869.1314086914062,43.6160888671875,0.011418613605201244,838.9607543945312,20.57684326171875,0.006932949647307396,810.3898315429688,92.69924926757812,0.046814773231744766,864.6735229492188,87.2845458984375,0.029156770557165146,778.1434936523438,144.66448974609375,0.05068669468164444,839.1165161132812,149.96063232421875,0.03283163160085678,915.6776733398438,79.01394653320312,0.8386539220809937,847.8545532226562,77.25398254394531,0.804782509803772,960.5111083984375,478.5623474121094,0.9811439514160156,779.3516235351562,461.012451171875,0.9740369915962219,1241.8575439453125,732.2554931640625,0.9871782064437866,780.7711181640625,805.0340576171875,0.9851658940315247
549,18300,818.2509155273438,95.43358612060547,0.003746808273717761,822.3495483398438,77.82957458496094,0.005061510484665632,811.6840209960938,84.51690673828125,0.002215709537267685,850.9821166992188,62.20591735839844,0.010516112670302391,820.4266357421875,72.61370086669922,0.0022900847252458334,851.6030883789062,32.34388732910156,0.009916959330439568,839.0052490234375,11.687942504882812,0.006560727022588253,801.2930297851562,72.87117004394531,0.038913462311029434,854.0388793945312,79.15155029296875,0.027613067999482155,787.9061889648438,142.13548278808594,0.04096820205450058,818.1039428710938,149.38746643066406,0.03033408708870411,895.0177612304688,85.55401611328125,0.8237197399139404,845.2330322265625,86.2137451171875,0.7932952046394348,921.8284301757812,494.1361083984375,0.9776628017425537,790.6444702148438,482.3638000488281,0.9710756540298462,1224.651123046875,724.0556030273438,0.985511839389801,817.6717529296875,816.8690185546875,0.9835493564605713
550,18333,808.541748046875,92.09044647216797,0.0027830812614411116,810.0122680664062,77.51685333251953,0.0037524139042943716,802.9990234375,85.45028686523438,0.001656474662013352,834.0833740234375,59.10722351074219,0.011686569079756737,820.803955078125,71.71172332763672,0.002472479594871402,828.8921508789062,21.220001220703125,0.012199895456433296,851.4127807617188,4.9874725341796875,0.007987725548446178,783.9508666992188,54.12602233886719,0.04225122556090355,853.6239624023438,70.20135498046875,0.030045436695218086,793.9100341796875,144.9683074951172,0.03824562579393387,811.1212158203125,157.4021759033203,0.02865614742040634,879.0980224609375,104.80430603027344,0.8368272185325623,860.1429443359375,104.24812316894531,0.8091138601303101,871.3346557617188,498.7621154785156,0.9741635322570801,793.8982543945312,480.44659423828125,0.9680518507957458,1189.2779541015625,715.12744140625,0.9827026128768921,852.76171875,824.1392211914062,0.9810531735420227
551,18366,819.870849609375,91.54749298095703,0.0024434158112853765,817.3377685546875,78.83443450927734,0.0028894434217363596,815.4122924804688,89.36995697021484,0.0014590437058359385,831.82275390625,60.07093048095703,0.01294808741658926,840.4185791015625,77.89958953857422,0.0033635913860052824,813.658447265625,22.605010986328125,0.019895626232028008,893.3201904296875,1.384002685546875,0.016545632854104042,795.5490112304688,61.7237548828125,0.06147945672273636,832.563720703125,76.19595336914062,0.054041650146245956,794.7874145507812,153.2544708251953,0.04661950096487999,756.5956420898438,161.8190460205078,0.04408285394310951,879.8659057617188,113.21969604492188,0.8868736624717712,916.7345581054688,113.06336975097656,0.8731676340103149,820.7581787109375,495.96783447265625,0.9755870699882507,810.6151123046875,501.6553649902344,0.9713740944862366,1144.517578125,708.7011108398438,0.9818971753120422,879.0038452148438,826.169189453125,0.9792885184288025
552,18400,755.8658447265625,54.628875732421875,0.004399183671921492,755.3765869140625,39.06742858886719,0.005234221462160349,754.95556640625,54.00750732421875,0.002175380242988467,783.0985717773438,26.34734344482422,0.026633210480213165,800.8383178710938,51.34027862548828,0.006182536482810974,785.635498046875,0.0,0.05367683991789818,871.3740844726562,0.0,0.03800679370760918,764.19580078125,13.855361938476562,0.1243344396352768,822.5861206054688,30.747756958007812,0.08714813739061356,795.3184204101562,36.800537109375,0.07739701867103577,775.4859008789062,40.54325866699219,0.057957421988248825,890.0962524414062,125.88432312011719,0.9244548678398132,932.9234619140625,128.03280639648438,0.9102198481559753,804.6567993164062,491.8466491699219,0.9794988036155701,806.8762817382812,492.419677734375,0.9744559526443481,1063.0777587890625,708.1571044921875,0.978532612323761,917.8629150390625,817.1825561523438,0.9737808704376221
553,18433,753.8228759765625,69.44883728027344,0.0029055133927613497,753.5516967773438,55.2410888671875,0.0034077989403158426,754.6478271484375,71.39057922363281,0.0011608165223151445,782.8718872070312,40.988525390625,0.025366222485899925,805.6922607421875,66.41835021972656,0.004426589235663414,783.2734375,4.553169250488281,0.07628171890974045,877.8604125976562,0.0,0.03395320102572441,746.8800659179688,4.2486419677734375,0.2408231645822525,815.4888305664062,17.748504638671875,0.09219345450401306,793.1268310546875,22.363265991210938,0.1769905835390091,789.079833984375,28.872940063476562,0.0769578143954277,891.2824096679688,129.53173828125,0.9321793913841248,948.1045532226562,125.14768981933594,0.8968279957771301,776.545166015625,489.7677001953125,0.978627622127533,832.7957763671875,478.6170349121094,0.9629079103469849,982.4544677734375,771.6649169921875,0.9663963317871094,974.086669921875,763.0012817382812,0.9525447487831116
554,18466,756.8765869140625,88.77763366699219,0.0017852986929938197,758.5459594726562,73.77580261230469,0.0015092696994543076,758.5882568359375,91.23989868164062,0.0009724072297103703,791.015869140625,58.314697265625,0.0123367328196764,814.5709228515625,84.02911376953125,0.004968120716512203,786.630859375,8.993659973144531,0.02001815475523472,913.676513671875,0.0,0.056698620319366455,767.8206176757812,9.158294677734375,0.05810845270752907,991.6204833984375,23.075363159179688,0.2409725785255432,827.7594604492188,48.94688415527344,0.06333465129137039,1015.569580078125,79.9361572265625,0.18678243458271027,884.932861328125,125.87800598144531,0.9086483716964722,960.275390625,123.55155944824219,0.9436101913452148,744.709716796875,475.2508239746094,0.9778106212615967,866.3836669921875,489.0802001953125,0.9851164221763611,945.7438354492188,771.769775390625,0.9747669100761414,1004.6920166015625,817.5577392578125,0.9800034165382385
555,18500,760.9420776367188,82.17539978027344,0.0012648820411413908,760.8703002929688,64.81755065917969,0.0017976295202970505,764.835693359375,84.94159698486328,0.0006789861945435405,799.1801147460938,47.77043151855469,0.02406180277466774,832.0787353515625,79.97904968261719,0.004561012145131826,809.6669311523438,1.73876953125,0.030126767233014107,919.93310546875,0.0,0.026354985311627388,788.0887451171875,18.773483276367188,0.05282766371965408,916.8299560546875,43.12005615234375,0.05139346420764923,812.0596313476562,87.99726104736328,0.03024100512266159,862.1625366210938,108.49239349365234,0.02970689721405506,887.6297607421875,116.88006591796875,0.9061695337295532,971.3058471679688,117.68476867675781,0.9004004001617432,719.8381958007812,448.3746032714844,0.9814180731773376,895.3235473632812,489.12652587890625,0.9790327548980713,873.7666625976562,778.8344116210938,0.984386146068573,1050.3934326171875,826.2205810546875,0.9811532497406006
556,18533,812.321044921875,98.37863159179688,0.003580952063202858,811.11865234375,69.70765686035156,0.004358403384685516,811.5547485351562,87.09187316894531,0.002049498725682497,833.6663818359375,47.093055725097656,0.032855305820703506,862.1519165039062,75.63752746582031,0.006975775118917227,830.740966796875,0.0,0.04847027733922005,930.9701538085938,3.8949966430664062,0.031184906139969826,817.2536010742188,61.203575134277344,0.07394286245107651,916.2393188476562,64.7842025756836,0.05999573692679405,827.4021606445312,163.2740020751953,0.05358876660466194,851.3091430664062,161.26869201660156,0.05491521209478378,893.573974609375,119.54631042480469,0.8756405711174011,979.82958984375,127.11726379394531,0.8472740650177002,716.9756469726562,434.5578918457031,0.9711861610412598,924.4561767578125,481.08746337890625,0.9615696668624878,780.745849609375,789.5723876953125,0.9713687896728516,1104.217041015625,801.0701293945312,0.9628177881240845
557,18566,814.4522094726562,90.57261657714844,0.002031860873103142,810.7776489257812,68.30953216552734,0.002395346062257886,812.428955078125,80.91851806640625,0.0010086135007441044,834.5557250976562,48.330230712890625,0.018134694546461105,868.50439453125,68.56842041015625,0.003938931971788406,836.222412109375,9.8638916015625,0.028789585456252098,930.92822265625,9.01190185546875,0.016176266595721245,823.7137451171875,60.83221435546875,0.06616558879613876,926.7636108398438,60.89973449707031,0.04049418866634369,838.5234985351562,142.3059539794922,0.061532508581876755,864.8326416015625,132.2563018798828,0.0443870835006237,886.4193115234375,94.05857849121094,0.8923766016960144,973.114013671875,97.28704833984375,0.8565614819526672,747.6561889648438,442.364990234375,0.9861025810241699,972.656982421875,480.4058532714844,0.9787483215332031,700.7548828125,809.9515380859375,0.9882655143737793,1133.0513916015625,787.1224365234375,0.9834170937538147
558,18600,819.0280151367188,88.29096221923828,0.0020368648692965508,816.4286499023438,66.26483917236328,0.0022447286173701286,816.9937133789062,74.47718811035156,0.0009549117530696094,835.2880249023438,51.922210693359375,0.014359972439706326,866.1458740234375,63.414642333984375,0.0032831528224051,839.3941650390625,14.737380981445312,0.025298532098531723,915.3882446289062,11.309234619140625,0.012587295845150948,829.8382568359375,68.92886352539062,0.07486791163682938,908.303466796875,62.71435546875,0.03917797654867172,850.8380737304688,136.29428100585938,0.08608996123075485,850.1575927734375,124.48576354980469,0.05480099841952324,891.6339721679688,83.75408935546875,0.8906491994857788,969.51513671875,85.75080871582031,0.8463941216468811,759.9904174804688,444.4221496582031,0.9878615140914917,992.1529541015625,467.3251647949219,0.9800804853439331,648.8170166015625,807.0928955078125,0.9888861179351807,1167.2579345703125,773.7103271484375,0.9839126467704773
559,18633,825.9688110351562,87.83516693115234,0.002076453994959593,826.3121337890625,66.33341217041016,0.0023032978642731905,821.8480224609375,72.71182250976562,0.0010106132831424475,844.4822998046875,53.019561767578125,0.012420332990586758,854.9368286132812,62.01924133300781,0.0029414265882223845,854.9839477539062,16.642364501953125,0.01973710022866726,883.371337890625,16.195816040039062,0.010387941263616085,847.7581787109375,70.47967529296875,0.06197059899568558,867.9649658203125,69.11100769042969,0.03449513763189316,860.194580078125,127.23847961425781,0.07789353281259537,822.6795654296875,123.67195129394531,0.05224306136369705,897.5128784179688,75.22036743164062,0.8800322413444519,946.69873046875,78.40415954589844,0.83589768409729,770.3095092773438,445.260498046875,0.9881116151809692,996.8086547851562,461.7497863769531,0.9807639122009277,647.8146362304688,806.821533203125,0.9893808364868164,1185.639404296875,764.0431518554688,0.9850531220436096
560,18666,819.6378173828125,88.16152954101562,0.0025358698330819607,819.5587158203125,67.24639892578125,0.0029406656976789236,816.8421020507812,75.65178680419922,0.0011685715289786458,840.8521728515625,53.316192626953125,0.012909973971545696,854.3309326171875,66.39852905273438,0.0026019872166216373,845.4254760742188,16.050201416015625,0.018050888553261757,888.949951171875,15.008193969726562,0.009424392133951187,828.1575317382812,62.34443664550781,0.06625182181596756,861.1994018554688,58.93684387207031,0.03445419669151306,833.5482788085938,93.64517211914062,0.09271281957626343,798.5108642578125,81.3695068359375,0.0589517317712307,890.2957763671875,72.47227478027344,0.8707456588745117,946.09814453125,74.87269592285156,0.8206230998039246,768.4420776367188,441.49658203125,0.9882181286811829,986.5184936523438,459.92633056640625,0.9799284338951111,689.193359375,811.2899780273438,0.9898410439491272,1198.52197265625,740.991455078125,0.985321581363678
561,18700,794.8605346679688,78.85441589355469,0.0019343291642144322,798.2054443359375,55.765045166015625,0.002646262291818857,798.3914794921875,70.79594421386719,0.0009567140368744731,825.0161743164062,42.56968688964844,0.01360920537263155,839.0394897460938,67.32955169677734,0.0024137499276548624,830.4673461914062,4.788230895996094,0.01070856861770153,889.02197265625,2.1952743530273438,0.00875038281083107,820.2236938476562,52.303253173828125,0.03909287974238396,873.164306640625,48.5145263671875,0.03229707106947899,841.7000122070312,104.85269165039062,0.05629799887537956,817.8717041015625,86.81879425048828,0.04665139690041542,882.3193359375,71.64614868164062,0.8188516497612,943.9107666015625,70.70841979980469,0.7929111123085022,768.3693237304688,444.7590026855469,0.9825019836425781,951.5154418945312,453.322265625,0.9754624962806702,737.6920166015625,821.3272705078125,0.9851288795471191,1194.8214111328125,717.032470703125,0.9808126091957092
562,18733,793.1666259765625,86.3008804321289,0.0030545375775545835,794.8792114257812,63.27204895019531,0.003863121382892132,795.3668212890625,75.80987548828125,0.0014163089217618108,821.9141845703125,46.35603332519531,0.020209843292832375,840.6652221679688,65.54596710205078,0.0036860345862805843,820.7337036132812,3.346435546875,0.020648417994379997,891.808837890625,0.0,0.0168124008923769,805.9317626953125,49.35063171386719,0.057681579142808914,889.9689331054688,48.56341552734375,0.04571482539176941,817.51318359375,127.86135864257812,0.06980317085981369,832.8931884765625,103.06443786621094,0.05453058332204819,874.0296020507812,88.10586547851562,0.8583728075027466,936.1605834960938,83.85978698730469,0.8361765146255493,770.40625,465.3752746582031,0.9835362434387207,918.98876953125,464.83056640625,0.976256251335144,763.0603637695312,825.8479614257812,0.9855711460113525,1165.3231201171875,701.698974609375,0.9817673563957214
563,18766,785.9765625,79.62451171875,0.0029012933373451233,788.3172607421875,57.3182373046875,0.0037957557942718267,789.6511840820312,70.86204528808594,0.0012288099387660623,818.2468872070312,39.860595703125,0.0177778247743845,833.2245483398438,61.30913543701172,0.0025643394328653812,821.9943237304688,0.0,0.016692113131284714,881.7723999023438,0.0,0.015064630657434464,799.68115234375,55.870880126953125,0.05948707088828087,875.9115600585938,55.49688720703125,0.05168586224317551,776.4080200195312,141.41171264648438,0.07865264266729355,795.973388671875,124.88447570800781,0.06949806958436966,879.7714233398438,99.22563171386719,0.8649011850357056,925.6990966796875,96.04179382324219,0.8467034697532654,776.3834838867188,469.399658203125,0.9852350950241089,880.3515625,479.2519226074219,0.9778525829315186,798.49755859375,850.3031616210938,0.9876455664634705,1133.47509765625,690.2838745117188,0.983799934387207
564,18800,786.8643188476562,82.18954467773438,0.003182712011039257,786.5631103515625,62.30158996582031,0.004188195802271366,789.5989990234375,76.73336791992188,0.0014549244660884142,814.8699340820312,42.122039794921875,0.02089909464120865,829.1475830078125,67.82018280029297,0.0034170872531831264,824.4475708007812,5.129974365234375,0.022792693227529526,871.0988159179688,0.0,0.020353496074676514,816.1766967773438,62.35633850097656,0.06453964859247208,868.2214965820312,75.35929870605469,0.055903464555740356,799.2052612304688,162.5962371826172,0.06908397376537323,797.5903930664062,156.7437744140625,0.06130264699459076,885.2832641601562,111.33929443359375,0.8972436189651489,918.2598266601562,109.43028259277344,0.8814183473587036,773.5962524414062,482.6897277832031,0.9874529242515564,852.5099487304688,493.2677307128906,0.9807643294334412,827.3924560546875,852.8858642578125,0.9893535375595093,1099.6746826171875,687.7325439453125,0.9858172535896301
565,18833,776.8745727539062,82.10563659667969,0.0019212543265894055,777.0641479492188,62.100242614746094,0.002654986921697855,782.5045166015625,80.20697021484375,0.0009839662816375494,807.1597290039062,39.906898498535156,0.017068982124328613,824.36083984375,71.56402587890625,0.002825014526024461,819.0552978515625,6.7811279296875,0.014401096850633621,868.2815551757812,0.0,0.020433170720934868,804.1040649414062,67.14010620117188,0.043254926800727844,833.687255859375,74.1492919921875,0.06935188919305801,779.1279296875,166.87437438964844,0.043836552649736404,731.386474609375,157.71762084960938,0.06815552711486816,885.53173828125,124.29583740234375,0.8660494089126587,916.4009399414062,120.6134033203125,0.8758871555328369,780.70166015625,485.9461669921875,0.978886067867279,827.4554443359375,488.1368713378906,0.9749743342399597,872.2390747070312,845.7258911132812,0.9806538224220276,1069.5318603515625,703.6104736328125,0.977916955947876
566,18866,763.9166870117188,75.06303405761719,0.001732544507831335,765.2825927734375,58.20423889160156,0.0025596993509680033,768.4352416992188,76.21128845214844,0.000865852227434516,798.8421630859375,40.262969970703125,0.024755191057920456,812.6331176757812,70.35120391845703,0.0037492995616048574,806.974609375,2.6328048706054688,0.03436542674899101,861.3385620117188,0.0,0.022637680172920227,776.7667236328125,20.088729858398438,0.08337677270174026,839.9811401367188,37.1392822265625,0.05115751549601555,808.2059936523438,56.36585998535156,0.05288314446806908,796.5027465820312,70.80846405029297,0.03462352976202965,889.29736328125,128.29403686523438,0.9200983047485352,917.7839965820312,124.50533294677734,0.8985700607299805,786.5030517578125,497.9665832519531,0.9842215776443481,826.2061157226562,487.075927734375,0.9752275347709656,923.7120361328125,836.2194213867188,0.9820177555084229,1022.0906982421875,727.8256225585938,0.976620078086853
567,18900,751.4776611328125,88.68731689453125,0.0013566692359745502,756.0676879882812,68.92478942871094,0.002120892284438014,750.0473022460938,88.70924377441406,0.0006123532075434923,801.7509765625,50.923622131347656,0.02748267911374569,786.5974731445312,85.57186889648438,0.0030543243046849966,826.7682495117188,8.246131896972656,0.043868537992239,825.2827758789062,0.0,0.02490284852683544,755.06982421875,12.315216064453125,0.11193154752254486,778.8416748046875,34.78459167480469,0.057734571397304535,774.836669921875,40.227996826171875,0.06387188285589218,722.5186157226562,79.66584777832031,0.0366457961499691,905.4452514648438,127.73648071289062,0.8545898795127869,884.8786010742188,121.9625244140625,0.8122603297233582,810.6905517578125,495.26416015625,0.9429398775100708,745.5150756835938,465.8595886230469,0.9121520519256592,955.0753784179688,831.6461791992188,0.9089630246162415,947.69677734375,766.0999145507812,0.885170042514801
568,18933,761.5261840820312,70.06150817871094,0.002139517804607749,765.8126220703125,53.511016845703125,0.0025601303204894066,762.2656860351562,70.88676452636719,0.0007875763112679124,807.5319213867188,39.376007080078125,0.01564003713428974,795.3418579101562,70.20314025878906,0.00204199505969882,824.3284301757812,2.3991622924804688,0.04222404584288597,823.8607788085938,0.0,0.02176560088992119,734.2130737304688,6.2157440185546875,0.21746249496936798,780.7805786132812,15.146621704101562,0.10310691595077515,798.8163452148438,13.155990600585938,0.20449554920196533,789.1209106445312,27.887557983398438,0.10241780430078506,909.3385620117188,143.34165954589844,0.947052538394928,873.0069580078125,135.47776794433594,0.9238587617874146,851.442626953125,504.2300720214844,0.9874516129493713,714.9535522460938,442.2171325683594,0.9773085713386536,1008.4004516601562,838.4818725585938,0.9789050221443176,879.4222412109375,730.5332641601562,0.9736417531967163
569,18966,756.8785400390625,69.16021728515625,0.0019657593220472336,764.7130737304688,53.647705078125,0.0026376228779554367,755.6590576171875,67.64398956298828,0.0008945342851802707,808.6668090820312,39.25492858886719,0.020770566537976265,777.9325561523438,63.831871032714844,0.002892848337069154,837.1610107421875,2.3622665405273438,0.039821505546569824,803.1749877929688,0.0,0.02668977715075016,755.6949462890625,11.06488037109375,0.12175974994897842,791.7034301757812,19.342620849609375,0.07814081013202667,774.5388793945312,14.546951293945312,0.07422719150781631,763.8502197265625,37.111175537109375,0.04589492455124855,910.6534423828125,143.954833984375,0.9371395707130432,846.5714721679688,136.0114288330078,0.924560010433197,890.58203125,503.18536376953125,0.9839514493942261,706.3250122070312,434.48382568359375,0.9758785367012024,1058.12939453125,833.772216796875,0.9748824238777161,798.28662109375,743.2293090820312,0.973816454410553
570,19000,815.6614990234375,79.53675842285156,0.006584273651242256,823.7634887695312,61.8555908203125,0.007063858676701784,807.9625854492188,73.4351806640625,0.0035357533488422632,856.6653442382812,43.39329528808594,0.021987399086356163,808.748291015625,61.26347351074219,0.00602780282497406,863.9642944335938,4.568229675292969,0.06501945108175278,818.8375854492188,0.0,0.025087326765060425,785.6277465820312,26.155242919921875,0.18573777377605438,784.4544067382812,35.3162841796875,0.06378002464771271,792.6132202148438,54.16035461425781,0.1368245631456375,763.876953125,86.12077331542969,0.0551128089427948,932.5587158203125,145.0646209716797,0.8988540768623352,854.5706176757812,130.26443481445312,0.8466513752937317,930.9287719726562,491.29925537109375,0.9684510827064514,709.8054809570312,438.6123046875,0.9448672533035278,1116.6368408203125,823.1757202148438,0.9490407109260559,732.4263305664062,773.370849609375,0.934513509273529
571,19033,817.83203125,91.21888732910156,0.002840492408722639,822.1781616210938,76.8533935546875,0.003052591113373637,812.6056518554688,82.82400512695312,0.0015618919860571623,855.8233032226562,60.22808074951172,0.011902268044650555,821.7149658203125,69.1611099243164,0.0031898499000817537,873.91064453125,34.507781982421875,0.022147372364997864,841.4180297851562,16.544998168945312,0.021192850545048714,814.3114013671875,85.05670166015625,0.06696806848049164,874.9843139648438,80.69609069824219,0.0728079155087471,801.3860473632812,147.9774169921875,0.04946005716919899,876.9481811523438,160.8874053955078,0.04531058296561241,929.9652709960938,132.86746215820312,0.9176446199417114,853.8701171875,117.59994506835938,0.9182659387588501,974.0445556640625,494.3134765625,0.985267162322998,731.2169189453125,438.153076171875,0.9826834797859192,1156.363525390625,817.2734985351562,0.98433518409729,663.22998046875,784.7894897460938,0.9854068756103516
572,19066,817.43701171875,89.96049499511719,0.002603632165119052,818.7951049804688,76.28022766113281,0.002549437340348959,816.2102661132812,81.9433822631836,0.001436692546121776,845.935791015625,63.20459747314453,0.008226549252867699,833.6731567382812,70.93373107910156,0.0026616479735821486,849.1296997070312,35.843902587890625,0.014885323122143745,868.8843383789062,16.390182495117188,0.015892798081040382,773.351806640625,88.58853149414062,0.0598611906170845,933.95458984375,74.63479614257812,0.07610397040843964,752.6534423828125,139.68333435058594,0.05441029742360115,953.8740234375,129.5855712890625,0.05679364874958992,921.1334838867188,114.56575012207031,0.9073941111564636,868.8314208984375,103.31478881835938,0.9117919206619263,997.7671508789062,476.16009521484375,0.9866530299186707,745.9022827148438,443.6737976074219,0.9851779341697693,1185.4498291015625,798.2977294921875,0.9876608848571777,639.1259765625,789.7767333984375,0.9884308576583862
573,19100,821.3311767578125,85.26942443847656,0.003384180134162307,822.9556274414062,71.20598602294922,0.00348653388209641,819.607177734375,76.62371063232422,0.001771287526935339,849.8631591796875,60.16566467285156,0.008393428288400173,834.350341796875,67.75875091552734,0.00243603833951056,852.592041015625,36.51104736328125,0.014592167921364307,862.4501953125,16.462966918945312,0.01235081348568201,758.4088745117188,89.15034484863281,0.06830485910177231,898.6264038085938,75.75736999511719,0.05940815433859825,698.5667724609375,132.87130737304688,0.06671775877475739,864.81591796875,129.34542846679688,0.0537775456905365,922.1944580078125,103.05349731445312,0.8999669551849365,863.169677734375,93.78923034667969,0.893064558506012,1004.3062133789062,465.91204833984375,0.9872493147850037,749.7149658203125,440.30548095703125,0.9838600158691406,1216.7333984375,779.3190307617188,0.989014208316803,648.5817260742188,784.9783325195312,0.9886310696601868
574,19133,819.3912963867188,87.62187194824219,0.003982915077358484,821.9932250976562,70.6655502319336,0.0046723149716854095,815.140869140625,75.72603607177734,0.002127456944435835,850.5377807617188,62.073394775390625,0.00822684820741415,823.663330078125,69.38179779052734,0.0020268787629902363,857.0101928710938,46.25482177734375,0.010398191399872303,839.3511352539062,23.156982421875,0.007497994229197502,776.5596313476562,100.45697021484375,0.0509360134601593,871.3762817382812,87.33096313476562,0.037670571357011795,727.8118286132812,142.42144775390625,0.057820677757263184,847.5137329101562,146.08685302734375,0.041951943188905716,915.3768310546875,93.76144409179688,0.8616378307342529,842.052978515625,87.55471801757812,0.8422057032585144,989.5375366210938,463.76751708984375,0.9854912757873535,744.5192260742188,445.1866149902344,0.9805241823196411,1234.013671875,760.1107177734375,0.9898808002471924,683.52978515625,790.8549194335938,0.9887005686759949
575,19166,808.3085327148438,91.96625518798828,0.004028513561934233,811.7208251953125,73.33763122558594,0.005299624055624008,803.2791748046875,78.91948699951172,0.0020642527379095554,842.9449462890625,63.730499267578125,0.01087876595556736,815.3155517578125,71.60694122314453,0.0020096399821341038,846.9664916992188,48.15692138671875,0.01251384150236845,835.6000366210938,20.805633544921875,0.007222721818834543,765.2715454101562,102.01286315917969,0.05500487610697746,854.43603515625,90.4720458984375,0.03136785700917244,716.5288696289062,148.388671875,0.05585349723696709,818.4844360351562,150.00750732421875,0.034033603966236115,902.9987182617188,92.58943176269531,0.8576011657714844,838.0567016601562,86.94570922851562,0.8236349821090698,966.4611206054688,479.4178161621094,0.9830958247184753,747.9142456054688,461.4385986328125,0.9761924147605896,1239.4163818359375,740.0989379882812,0.9879967570304871,719.6759643554688,810.7315673828125,0.9857704639434814
576,19200,813.45703125,90.74654388427734,0.0039040439296513796,815.3768920898438,73.19629669189453,0.004832539241760969,808.793212890625,79.73453521728516,0.0022299678530544043,842.1439819335938,60.397979736328125,0.010535784997045994,824.6717529296875,69.88346099853516,0.0025273326318711042,836.1626586914062,37.28704833984375,0.011965184472501278,855.104248046875,11.748275756835938,0.00785843562334776,766.7464599609375,88.22543334960938,0.04752642661333084,878.0535888671875,83.18508911132812,0.03338097408413887,739.8585205078125,155.77500915527344,0.04840749129652977,874.4928588867188,150.4460906982422,0.03435954824090004,882.8801879882812,93.67991638183594,0.842810869216919,844.537353515625,88.35804748535156,0.8159909248352051,929.4804077148438,495.4217224121094,0.9795291423797607,765.7275390625,473.7733459472656,0.9737382531166077,1226.897216796875,728.9224853515625,0.9856100678443909,751.2202758789062,816.625,0.9838941693305969
577,19233,805.8535766601562,89.46375274658203,0.0033893752843141556,807.8335571289062,75.10379791259766,0.004339719191193581,801.574951171875,81.92601013183594,0.0019692115020006895,833.8165893554688,57.54707336425781,0.011487673968076706,820.0806884765625,67.35692596435547,0.002620168263092637,829.0307006835938,25.365692138671875,0.013836105354130268,849.4622192382812,3.5664825439453125,0.008186380378901958,775.689697265625,69.02883911132812,0.050728339701890945,847.377197265625,77.97203063964844,0.03076823428273201,759.7803344726562,158.51161193847656,0.045724235475063324,803.0509643554688,173.33734130859375,0.02960156835615635,867.0758056640625,107.33267211914062,0.8515710830688477,839.9427490234375,101.40779113769531,0.8187353610992432,887.1378173828125,506.17950439453125,0.9773247241973877,767.30712890625,478.2388916015625,0.9703541994094849,1202.6190185546875,716.5046997070312,0.9839571714401245,788.89453125,816.484375,0.981956958770752
578,19266,778.0603637695312,91.14546203613281,0.00191802391782403,779.8370361328125,76.32298278808594,0.0028109000995755196,778.8411865234375,87.57257080078125,0.0012033152161166072,808.3467407226562,58.2132568359375,0.015346623957157135,812.0765991210938,76.34932708740234,0.003020690754055977,811.2652587890625,13.115959167480469,0.01235265750437975,852.0484008789062,0.0,0.013457938097417355,776.968505859375,42.90696716308594,0.032032109797000885,875.8804321289062,50.625343322753906,0.04412728175520897,800.2603149414062,143.89312744140625,0.022551707923412323,879.0462036132812,134.35836791992188,0.026235947385430336,864.7599487304688,123.59078979492188,0.864454984664917,858.3861694335938,126.58090209960938,0.8737133145332336,835.5385131835938,501.3005065917969,0.9726991653442383,770.4619140625,483.4195251464844,0.9732726812362671,1144.7069091796875,700.71484375,0.9788534641265869,824.44775390625,817.2312622070312,0.9800997376441956
579,19300,787.1700439453125,100.80427551269531,0.0019449039828032255,785.5748291015625,85.5955810546875,0.0025815609842538834,787.2952880859375,99.41729736328125,0.001260444289073348,805.1847534179688,62.4525146484375,0.01830892823636532,824.6867065429688,85.88800048828125,0.004637560341507196,799.3692626953125,17.616371154785156,0.020216071978211403,882.284423828125,1.7159500122070312,0.026000576093792915,780.3241577148438,53.30694580078125,0.041966743767261505,846.22412109375,71.82295989990234,0.0656551718711853,785.7947387695312,158.4420928955078,0.02358485385775566,771.2290649414062,162.7359161376953,0.03463328629732132,866.5806884765625,140.79067993164062,0.887872040271759,905.2734375,144.70703125,0.899824857711792,792.3203125,490.079345703125,0.9714102149009705,791.363525390625,500.65521240234375,0.9732628464698792,1074.856201171875,695.4823608398438,0.9776850342750549,858.748046875,821.5623779296875,0.9774699211120605
580,19333,788.3577270507812,100.18276977539062,0.0017505116993561387,784.0682373046875,83.47622680664062,0.002424921141937375,789.5105590820312,98.08222961425781,0.0010595152853056788,801.507080078125,61.56788635253906,0.023867672309279442,838.2521362304688,84.95448303222656,0.005415348336100578,797.736572265625,22.51922607421875,0.029622882604599,912.8529052734375,0.0,0.03188164532184601,790.7157592773438,61.16869354248047,0.05245311185717583,875.483154296875,78.4149169921875,0.06507246196269989,792.648193359375,172.7526092529297,0.026536425575613976,796.3027954101562,175.24905395507812,0.03270355239510536,880.3055419921875,139.06773376464844,0.8930762410163879,945.7072143554688,135.1197967529297,0.8976354598999023,765.744140625,488.6482849121094,0.9713418483734131,786.9240112304688,483.8477783203125,0.9710589051246643,1009.6248779296875,712.8067016601562,0.9762321710586548,887.1046142578125,806.426513671875,0.9747040271759033
581,19366,786.569091796875,100.51361846923828,0.0017838580533862114,783.0067749023438,82.34829711914062,0.0021248608827590942,784.207763671875,98.8751220703125,0.0009255348122678697,811.6481323242188,59.58055114746094,0.025911791250109673,838.72119140625,86.27824401855469,0.006231397390365601,807.9578247070312,23.10406494140625,0.050403472036123276,924.2373657226562,6.559112548828125,0.0441545806825161,805.065673828125,60.197021484375,0.09025561064481735,921.5275268554688,81.44206237792969,0.08068087697029114,784.9230346679688,178.4271697998047,0.05217960104346275,873.2521362304688,179.56613159179688,0.04558338224887848,873.7540283203125,119.60618591308594,0.8551545739173889,950.9165649414062,115.26026916503906,0.843769371509552,735.5535278320312,468.5420837402344,0.9468002915382385,821.3987426757812,488.2060852050781,0.9356970191001892,957.2288818359375,756.8428344726562,0.94035804271698,934.4909057617188,785.0960083007812,0.9292483925819397
582,19400,776.0846557617188,105.55119323730469,0.0013838973827660084,777.4892578125,86.79615783691406,0.0019317890983074903,776.27587890625,105.31761932373047,0.0008423532708548009,812.6449584960938,65.57288360595703,0.022938251495361328,827.178955078125,95.25796508789062,0.0053346287459135056,822.6438598632812,25.33728790283203,0.027340427041053772,907.4132080078125,15.3094482421875,0.02898075245320797,818.6092529296875,63.99968719482422,0.04364864528179169,924.9736328125,82.90251159667969,0.05647560954093933,816.0844116210938,188.5518035888672,0.025710487738251686,878.1919555664062,195.04281616210938,0.03195852413773537,883.1607666015625,126.71141052246094,0.8848016262054443,945.5475463867188,125.28755950927734,0.8883070945739746,710.407470703125,458.9927978515625,0.9734452366828918,847.2540893554688,490.9880676269531,0.9729779362678528,894.676025390625,769.7957153320312,0.9785602688789368,990.1646118164062,831.4539184570312,0.9759429097175598
583,19433,773.9963989257812,94.26093292236328,0.002007351955398917,772.5282592773438,73.96307373046875,0.002566884970292449,770.531494140625,91.80754852294922,0.0009262104867957532,811.4074096679688,53.44779968261719,0.02330450527369976,830.6473388671875,83.59661865234375,0.004419867880642414,827.1357421875,19.554794311523438,0.03713709115982056,914.2175903320312,14.850997924804688,0.027045564725995064,811.8078002929688,66.28422546386719,0.07382382452487946,930.374267578125,89.29957580566406,0.05553083494305611,800.84033203125,168.9316864013672,0.055589813739061356,863.3882446289062,178.9932403564453,0.04418231546878815,886.6880493164062,114.40168762207031,0.9032401442527771,958.180908203125,114.8719482421875,0.8856952786445618,697.3529663085938,437.4167175292969,0.9832196831703186,882.5260620117188,492.6376647949219,0.9782504439353943,814.71044921875,792.2752685546875,0.987014889717102,1035.2130126953125,830.4818725585938,0.9825118780136108
584,19466,788.5067138671875,110.75115966796875,0.009219687432050705,785.6224975585938,83.94955444335938,0.008818237110972404,777.6537475585938,98.32479858398438,0.004383872263133526,815.9571533203125,64.69985961914062,0.033060669898986816,833.8623657226562,84.48202514648438,0.01030182745307684,818.4508666992188,18.539932250976562,0.06928353756666183,906.4907836914062,25.424057006835938,0.04285264387726784,757.0128784179688,89.99528503417969,0.12902876734733582,884.6305541992188,88.69578552246094,0.07346587628126144,704.4840698242188,158.33592224121094,0.13265156745910645,762.589599609375,157.0155029296875,0.09338798373937607,896.29345703125,108.77467346191406,0.8350343108177185,970.390380859375,112.28219604492188,0.7898039221763611,710.9058837890625,442.68914794921875,0.9697315096855164,916.8439331054688,488.1310119628906,0.9546892642974854,731.8536987304688,795.9644165039062,0.9734712243080139,1079.82861328125,807.84326171875,0.9627042412757874
585,19500,809.0877685546875,90.21379852294922,0.0020051109604537487,804.2986450195312,68.3470458984375,0.002297986065968871,806.4859008789062,79.6589126586914,0.0009452298399992287,826.8240966796875,48.45881652832031,0.019535141065716743,862.98779296875,66.52814483642578,0.003985520452260971,830.1397705078125,10.085403442382812,0.03375053033232689,922.1468505859375,9.145431518554688,0.020573800429701805,818.0332641601562,68.8912353515625,0.07313992083072662,914.612060546875,73.3916015625,0.0497085340321064,833.7786254882812,165.9455108642578,0.06405065208673477,829.9055786132812,160.5435791015625,0.05153266340494156,889.0563354492188,104.76773071289062,0.9061070680618286,973.059326171875,108.35581970214844,0.878049910068512,728.4164428710938,447.9009704589844,0.986641526222229,949.1495971679688,485.8122253417969,0.9798619747161865,671.3265380859375,820.24951171875,0.9878410696983337,1121.3280029296875,793.1392822265625,0.9829698801040649
586,19533,817.57861328125,88.1498794555664,0.001777841243892908,811.6717529296875,67.79017639160156,0.0018557761795818806,816.9237670898438,77.0229721069336,0.0007848356617614627,826.2464599609375,49.89656066894531,0.01428260374814272,871.4773559570312,63.53819274902344,0.0031909628305584192,824.6334228515625,7.09149169921875,0.03115859627723694,927.1327514648438,3.3479461669921875,0.015394672751426697,812.3157958984375,55.9530029296875,0.0988846942782402,936.4923706054688,50.679656982421875,0.051703039556741714,830.9238891601562,131.29440307617188,0.1072842925786972,874.9281005859375,117.42141723632812,0.06910363584756851,881.8554077148438,93.31553649902344,0.9177618622779846,972.9058837890625,96.00215148925781,0.8814796209335327,742.711181640625,447.9990234375,0.989627480506897,976.1146240234375,476.7734069824219,0.9826781153678894,644.544189453125,812.9600830078125,0.9897715449333191,1156.484375,778.0634765625,0.984889030456543
587,19566,820.3634643554688,90.27593994140625,0.0022921643685549498,817.6690063476562,68.94669342041016,0.0024258072953671217,817.5504150390625,77.23404693603516,0.000953738868702203,834.8258056640625,53.109375,0.01218444760888815,860.13134765625,65.29273223876953,0.00253109447658062,836.4483032226562,7.507965087890625,0.026470087468624115,899.4038696289062,7.5831756591796875,0.010326217859983444,816.3237915039062,47.417633056640625,0.11630690842866898,876.3515625,50.7509765625,0.04238182678818703,813.17724609375,107.07600402832031,0.15725313127040863,814.2998657226562,100.90077209472656,0.07763487845659256,887.9198608398438,82.22735595703125,0.9093214869499207,957.0908203125,85.15773010253906,0.8543478846549988,750.3783569335938,452.17510986328125,0.9902381300926208,982.8746337890625,470.9618225097656,0.981372594833374,646.7630004882812,808.8867797851562,0.990153968334198,1177.1776123046875,766.7314453125,0.984466552734375
588,19600,812.0300903320312,87.06754302978516,0.0023996341042220592,811.0204467773438,67.78516387939453,0.0027563231997191906,810.7069702148438,77.4957046508789,0.0009492749813944101,835.32861328125,52.84771728515625,0.014062118716537952,856.8323974609375,67.57788848876953,0.0022788208443671465,836.9970703125,8.62188720703125,0.026198817417025566,900.7103271484375,7.8561859130859375,0.010402509942650795,809.660888671875,43.82945251464844,0.11393310129642487,890.3815307617188,45.85240173339844,0.041887108236551285,808.0540161132812,84.09127807617188,0.15140414237976074,819.248291015625,71.31770324707031,0.07425510138273239,882.645263671875,84.54597473144531,0.903423011302948,948.5739135742188,86.92117309570312,0.8464760184288025,751.87255859375,444.59307861328125,0.9893746376037598,978.5704345703125,470.1169738769531,0.9795432090759277,693.686767578125,811.8007202148438,0.9894578456878662,1191.89990234375,747.2188720703125,0.9834066033363342
589,19633,793.0464477539062,83.3426513671875,0.0015812651254236698,799.14501953125,61.942405700683594,0.0022744915913790464,796.0841674804688,77.2825927734375,0.0007404244388453662,833.4036865234375,46.96321105957031,0.016513239592313766,836.0684204101562,71.51962280273438,0.0023556319065392017,839.191650390625,3.225494384765625,0.014108185656368732,884.8176879882812,1.6011428833007812,0.01075727865099907,807.3175659179688,47.70252227783203,0.046333540230989456,867.3851318359375,52.452392578125,0.034563422203063965,796.7646484375,125.11280822753906,0.05406452342867851,797.7791748046875,116.88569641113281,0.042393025010824203,881.1699829101562,82.74101257324219,0.8533984422683716,934.4608764648438,81.67547607421875,0.8273344039916992,750.93115234375,453.1267395019531,0.9826207756996155,945.645263671875,466.45257568359375,0.9751012921333313,728.152099609375,820.3720703125,0.983653724193573,1193.5543212890625,726.6558837890625,0.9784975647926331
590,19666,803.599365234375,92.97420501708984,0.0023601793218404055,803.2828369140625,72.95654296875,0.0030417439993470907,804.3019409179688,85.41316223144531,0.0010667324531823397,829.2904052734375,53.745849609375,0.016433287411928177,847.7494506835938,74.5503158569336,0.0025181942619383335,823.3916625976562,10.561798095703125,0.020500576123595238,892.5687255859375,4.6769256591796875,0.011751525104045868,803.729248046875,54.772705078125,0.06741509586572647,889.36083984375,52.97163391113281,0.040187448263168335,813.9814453125,117.14739990234375,0.07769168168306351,815.5638427734375,96.64521789550781,0.05633474141359329,872.0709838867188,96.30757141113281,0.8870447278022766,929.34033203125,98.26698303222656,0.8461486101150513,767.615478515625,458.62664794921875,0.9874352216720581,920.2756958007812,481.9720458984375,0.9782149791717529,767.249267578125,832.6723022460938,0.9894822835922241,1171.958251953125,703.1222534179688,0.9846370220184326
591,19700,784.143310546875,83.07868194580078,0.0025097308680415154,784.4066162109375,62.918975830078125,0.0032940420787781477,789.3704833984375,76.57081604003906,0.0010408260859549046,814.10302734375,42.958740234375,0.02218957431614399,840.3299560546875,65.63735961914062,0.0031324659939855337,820.1358642578125,2.5867767333984375,0.026187894865870476,896.3130493164062,0.0,0.021235711872577667,796.6915283203125,55.311126708984375,0.07610350102186203,902.66455078125,56.93998718261719,0.05815047025680542,770.1844482421875,146.76022338867188,0.07864198088645935,814.5831909179688,123.14781188964844,0.06358577311038971,880.6118774414062,110.09957885742188,0.8903263807296753,937.185302734375,108.35073852539062,0.8691743016242981,759.8505859375,463.54095458984375,0.9848280549049377,879.0005493164062,487.5423889160156,0.9762894511222839,793.124267578125,840.970458984375,0.9863235950469971,1139.26318359375,693.5446166992188,0.9809118509292603
592,19733,781.791015625,82.19881439208984,0.0031630652956664562,780.6024169921875,63.218971252441406,0.004265477415174246,785.5261840820312,78.81719970703125,0.0013019397156313062,813.8145141601562,42.70751953125,0.025774678215384483,831.7861328125,70.91258239746094,0.0033105213660746813,826.9296264648438,6.5156707763671875,0.029619699344038963,878.1627197265625,0.0,0.027538098394870758,812.4829711914062,58.21797180175781,0.07751061767339706,879.1212768554688,73.56202697753906,0.07137271016836166,794.322021484375,155.02821350097656,0.07460270076990128,798.6637573242188,146.51829528808594,0.0707973912358284,887.9736938476562,120.55535888671875,0.9178561568260193,922.907958984375,119.89727783203125,0.9065538048744202,765.0480346679688,477.9832763671875,0.9884572625160217,845.909423828125,500.0043640136719,0.9826746582984924,832.5199584960938,849.43359375,0.9896386861801147,1099.521240234375,693.7088623046875,0.9861239194869995
593,19766,771.0734252929688,81.32093811035156,0.0013649832690134645,770.6453857421875,64.08702850341797,0.0020247299689799547,778.6071166992188,81.99774169921875,0.0006697680219076574,802.2447509765625,43.82270050048828,0.022088441997766495,831.8845825195312,74.03558349609375,0.0032487940043210983,807.0593872070312,1.6446533203125,0.029097842052578926,886.0046997070312,0.0,0.020749220624566078,771.306884765625,19.5933837890625,0.07771172374486923,865.58349609375,37.27130126953125,0.05262565240263939,800.5896606445312,57.349822998046875,0.05256257206201553,806.3348388671875,80.23175811767578,0.03869978338479996,883.5921020507812,131.6402130126953,0.9251145720481873,930.1563720703125,126.6357650756836,0.9065374732017517,779.3497924804688,489.61724853515625,0.9866912364959717,830.812744140625,484.83929443359375,0.9792246222496033,874.7728881835938,836.7019653320312,0.9863708019256592,1067.1170654296875,706.3155517578125,0.9816484451293945
594,19800,758.7447509765625,81.53057098388672,0.0020362776704132557,761.3269653320312,64.32259368896484,0.0028206966817378998,762.0501098632812,81.91053771972656,0.0008309634285978973,802.2352294921875,45.76533508300781,0.019957516342401505,810.31884765625,74.83763122558594,0.002599351340904832,811.3450927734375,5.5455322265625,0.03636578470468521,863.5977783203125,0.0,0.01807868294417858,745.54345703125,14.998214721679688,0.14620637893676758,815.3106689453125,27.751510620117188,0.06150383874773979,772.3884887695312,25.447494506835938,0.1255001276731491,772.649658203125,43.99085998535156,0.061074309051036835,897.20751953125,131.17849731445312,0.9291675090789795,921.5025024414062,124.2136459350586,0.896466076374054,788.9698486328125,496.96966552734375,0.9865846633911133,820.4152221679688,479.5051574707031,0.9755621552467346,924.7371826171875,829.6366577148438,0.9829795360565186,1017.7044677734375,722.3222045898438,0.9758211970329285
595,19833,761.6072387695312,78.74420928955078,0.001721658045426011,766.8252563476562,62.4766845703125,0.002546168165281415,766.5335083007812,80.20752716064453,0.0006613635923713446,813.2254028320312,48.04023742675781,0.025243261829018593,817.0181274414062,76.08613586425781,0.002496667206287384,833.6713256835938,0.0,0.0509234182536602,852.1194458007812,0.0,0.023498354479670525,721.6912841796875,3.1448593139648438,0.19770246744155884,758.7333374023438,16.848793029785156,0.07648535072803497,760.2625122070312,9.558265686035156,0.1540462076663971,746.9337158203125,19.030609130859375,0.06725901365280151,919.0133056640625,141.80419921875,0.8771979212760925,910.4895629882812,134.00010681152344,0.8237304091453552,812.2410888671875,499.0369567871094,0.9528405666351318,749.9388427734375,456.3846130371094,0.9186307191848755,960.2246704101562,838.2015991210938,0.8992953300476074,942.2705078125,771.1696166992188,0.8691815137863159
596,19866,747.8412475585938,66.12771606445312,0.0019033596618101,751.066162109375,47.937652587890625,0.0025669520255178213,750.124267578125,65.6121826171875,0.0007540441583842039,794.1969604492188,35.47361755371094,0.025221196934580803,797.1705932617188,65.50028228759766,0.0030008526518940926,813.84619140625,4.6832427978515625,0.05023682117462158,860.734130859375,0.0,0.0273413248360157,737.7947387695312,11.290740966796875,0.15873084962368011,899.88525390625,23.924652099609375,0.07987477630376816,773.3472290039062,8.486434936523438,0.10929316282272339,854.9064331054688,42.98432922363281,0.05488071218132973,912.5138549804688,143.54685974121094,0.941849410533905,901.6943359375,132.8578643798828,0.9227200746536255,863.6181030273438,504.6848449707031,0.9864565134048462,730.9971923828125,436.43060302734375,0.9773790836334229,1014.30615234375,838.3599243164062,0.9788864850997925,881.7933349609375,726.2949829101562,0.9756342768669128
597,19900,785.4192504882812,76.63561248779297,0.0023101740516722202,791.2227172851562,61.79869079589844,0.0030101558659225702,782.3447265625,76.65902709960938,0.0010310839861631393,825.3201293945312,43.85760498046875,0.018727300688624382,795.250732421875,70.69313049316406,0.0026777733583003283,843.2142944335938,2.2843093872070312,0.04986518993973732,814.4967651367188,0.0,0.019358938559889793,762.7669067382812,12.685775756835938,0.19212107360363007,786.2902221679688,26.556106567382812,0.0673472136259079,793.1052856445312,10.4560546875,0.1378905475139618,765.8659057617188,41.196075439453125,0.0559750497341156,929.696044921875,136.77078247070312,0.9354337453842163,866.4935302734375,130.10382080078125,0.898638129234314,911.1982421875,486.2763977050781,0.9822064638137817,722.7354736328125,431.70751953125,0.9662676453590393,1071.5423583984375,829.1510009765625,0.9713793992996216,805.51611328125,745.5477905273438,0.9627424478530884
598,19933,778.08935546875,83.28314208984375,0.011441582813858986,782.4644775390625,60.857757568359375,0.011896135285496712,767.3038330078125,69.47872924804688,0.004426887724548578,827.2919921875,49.55694580078125,0.024445366114377975,790.0169677734375,58.36692810058594,0.004751784726977348,862.984375,19.256881713867188,0.048773445188999176,823.1893310546875,14.581649780273438,0.03959035500884056,801.221923828125,70.28265380859375,0.1470627635717392,825.927978515625,76.45880126953125,0.10582585632801056,770.4201049804688,120.03799438476562,0.15104973316192627,778.681884765625,144.6422882080078,0.09931138902902603,946.6287841796875,125.08955383300781,0.8725751042366028,877.1965942382812,117.26655578613281,0.8621948957443237,940.5597534179688,493.7406921386719,0.9752284288406372,729.6469116210938,436.7354736328125,0.96659255027771,1106.671875,821.9132080078125,0.9707090258598328,736.0380249023438,779.3699340820312,0.9719150066375732
599,19966,821.9041137695312,91.38198852539062,0.0024859998375177383,823.8488159179688,76.45099639892578,0.00245113717392087,818.8610229492188,83.4059829711914,0.0013422442134469748,851.7246704101562,59.223724365234375,0.009918205440044403,832.6915893554688,70.07180786132812,0.0030864595901221037,862.5718383789062,26.689041137695312,0.02168344520032406,863.3807373046875,11.856170654296875,0.02081994153559208,787.32666015625,74.16275024414062,0.07853292673826218,928.4923095703125,71.80082702636719,0.08638325333595276,758.9407958984375,129.75965881347656,0.06329524517059326,953.9426879882812,134.94607543945312,0.05979576334357262,934.279541015625,118.56472778320312,0.922725260257721,874.3667602539062,107.72969055175781,0.9225019216537476,991.8651123046875,477.0970458984375,0.9865729808807373,746.5021362304688,437.35400390625,0.9841528534889221,1156.1697998046875,806.5609741210938,0.9860742092132568,677.2000122070312,778.3101806640625,0.9866242408752441
600,20000,825.7315673828125,87.12247467041016,0.0031011265236884356,828.2462768554688,72.17083740234375,0.003033251967281103,822.5321044921875,78.06889343261719,0.0017940814141184092,855.9161376953125,60.85869598388672,0.008229358121752739,833.4511108398438,69.62663269042969,0.002988843247294426,865.7296752929688,35.218597412109375,0.01427887286990881,859.7713623046875,20.913665771484375,0.01583253964781761,798.9381103515625,80.47966003417969,0.053800664842128754,932.2073974609375,71.91993713378906,0.0734274685382843,798.3619995117188,123.08404541015625,0.05194489285349846,963.6574096679688,118.6131591796875,0.05729079619050026,937.7173461914062,107.70478820800781,0.8965305685997009,870.9266967773438,100.24786376953125,0.9027404189109802,1009.4365234375,461.7226867675781,0.9859246611595154,753.6166381835938,432.9626159667969,0.9845812916755676,1184.8232421875,792.0740356445312,0.9880552887916565,669.3865966796875,782.7720336914062,0.9888916611671448
601,20033,813.8555297851562,69.15577697753906,0.0028714558575302362,814.7794189453125,52.493316650390625,0.0031914496794342995,816.9893798828125,62.03773498535156,0.001879022573120892,830.6506958007812,45.94999694824219,0.011055412702262402,834.8124389648438,61.55686569213867,0.003987466916441917,830.56298828125,10.499336242675781,0.011275393888354301,861.9176025390625,6.2516326904296875,0.017798153683543205,744.0513305664062,58.86833953857422,0.03577406704425812,930.7137451171875,34.57090759277344,0.07008718699216843,700.6871337890625,125.64848327636719,0.03292255476117134,970.9449462890625,88.03205108642578,0.04871080815792084,925.00927734375,82.3462142944336,0.8247062563896179,878.1032104492188,89.47675323486328,0.8591260313987732,1016.3743286132812,450.24700927734375,0.9694572687149048,756.0938110351562,424.8060607910156,0.9715688228607178,1210.345947265625,776.7467651367188,0.9641839861869812,694.4346313476562,777.4370727539062,0.9716102480888367
602,20066,800.1844482421875,74.0786361694336,0.003717138897627592,801.9898681640625,54.329132080078125,0.004499223083257675,800.9097900390625,65.7654037475586,0.0024262722581624985,823.4302368164062,46.28883361816406,0.013384232297539711,818.6320190429688,66.14414978027344,0.004317643120884895,829.6373291015625,11.225143432617188,0.013028765097260475,846.9133911132812,7.857765197753906,0.01655060611665249,748.830322265625,58.519065856933594,0.04015378654003143,898.35302734375,38.98338317871094,0.059072013944387436,692.516357421875,138.63864135742188,0.036342423409223557,914.5975341796875,111.27509307861328,0.04465561360120773,920.1876220703125,78.57563781738281,0.8210047483444214,869.8577880859375,88.66161346435547,0.841949462890625,1001.44775390625,454.8983459472656,0.9674038290977478,759.0322875976562,437.36260986328125,0.9669713377952576,1226.9041748046875,762.3460693359375,0.9628258943557739,734.45458984375,789.5630493164062,0.967617392539978
603,20100,850.0283203125,67.4966812133789,0.007283320184797049,854.8297119140625,48.63743591308594,0.008783171884715557,843.9593505859375,58.341590881347656,0.005084258504211903,876.6369018554688,43.26001739501953,0.01799837127327919,841.1702270507812,58.227630615234375,0.00633644126355648,862.7304077148438,22.80567169189453,0.028975853696465492,850.0550537109375,5.510536193847656,0.011685903184115887,809.7753295898438,66.57925415039062,0.0760670006275177,849.7560424804688,52.187164306640625,0.029893439263105392,797.789794921875,126.61434173583984,0.06201248988509178,872.8399658203125,130.82635498046875,0.02963118627667427,907.9530029296875,97.77738189697266,0.8247315287590027,852.0044555664062,94.40023040771484,0.7551723718643188,964.1160278320312,465.7978210449219,0.9646950364112854,780.1723022460938,454.2583923339844,0.9461168646812439,1226.2818603515625,745.6353759765625,0.9609994888305664,765.6611938476562,798.996826171875,0.9495342373847961
604,20133,819.53564453125,89.91220092773438,0.003861167700961232,823.1777954101562,71.09202575683594,0.005288076587021351,813.406494140625,77.47329711914062,0.0022990829311311245,852.5322875976562,58.93890380859375,0.01097023393958807,825.9946899414062,68.52685546875,0.002354652853682637,856.7059936523438,36.01853942871094,0.00953963678330183,848.623779296875,13.69720458984375,0.006581825669854879,804.7450561523438,84.81440734863281,0.03492700308561325,863.8112182617188,86.02857971191406,0.02668084017932415,786.7677612304688,153.23959350585938,0.036916736513376236,829.5176391601562,157.6439666748047,0.028805557638406754,896.7117919921875,80.71687316894531,0.8073351979255676,848.3596801757812,79.78408813476562,0.7800565361976624,934.1168212890625,489.2200012207031,0.9761039614677429,793.9376831054688,477.40228271484375,0.9703081250190735,1220.7440185546875,717.5061645507812,0.985049307346344,801.18603515625,819.3784790039062,0.983340322971344
605,20166,817.8626098632812,87.63530731201172,0.003063148818910122,821.0169067382812,73.34017181396484,0.003900250419974327,812.6795654296875,80.08243560791016,0.001718454877845943,846.708984375,54.113800048828125,0.009827104397118092,828.1424560546875,64.01813507080078,0.0020934557542204857,839.7552490234375,17.39886474609375,0.010595138184726238,854.4320068359375,0.0,0.007533081341534853,786.1272583007812,58.87870788574219,0.04685203358530998,827.703369140625,71.99565124511719,0.03400609642267227,758.78759765625,155.8238067626953,0.04969262331724167,749.7279052734375,171.79139709472656,0.038140907883644104,883.283203125,102.34890747070312,0.8260393738746643,860.6511840820312,100.53968811035156,0.8002368211746216,879.3975219726562,495.346435546875,0.9728543758392334,796.440673828125,479.07568359375,0.9660648703575134,1195.9461669921875,711.685791015625,0.9811810255050659,831.813232421875,814.4776611328125,0.97923743724823
606,20200,812.4126586914062,88.5827407836914,0.0024154349230229855,812.8304443359375,76.25223541259766,0.0031012650579214096,806.9298706054688,86.06929779052734,0.0013603720581158996,836.7836303710938,58.338226318359375,0.01294333953410387,831.8472900390625,74.45464324951172,0.0027242982760071754,823.3251953125,15.79669189453125,0.018864627927541733,874.4586181640625,1.328521728515625,0.011882571503520012,787.494384765625,32.50721740722656,0.06402382999658585,833.0347290039062,60.33380126953125,0.04078996181488037,815.324951171875,107.49375915527344,0.0502253919839859,792.1638793945312,141.6928253173828,0.035022325813770294,884.2771606445312,115.27546691894531,0.8844863176345825,895.8294677734375,115.95497131347656,0.8570902347564697,834.873779296875,493.1400146484375,0.9771167635917664,805.8799438476562,489.17242431640625,0.9702076315879822,1157.7474365234375,711.4909057617188,0.982947051525116,867.56201171875,822.1365966796875,0.980044424533844
607,20233,816.1505737304688,80.46272277832031,0.0032705722842365503,815.0576171875,67.47578430175781,0.003458275692537427,813.40966796875,81.92818450927734,0.0016122505767270923,832.467041015625,50.52754211425781,0.012210506945848465,842.3551635742188,75.52175903320312,0.002923580352216959,810.3942260742188,8.8447265625,0.025895962491631508,909.703125,0.0,0.020391419529914856,773.205322265625,25.2916259765625,0.13212089240550995,833.9842529296875,36.56199645996094,0.10973888635635376,780.797607421875,39.68280029296875,0.1382260024547577,783.1258544921875,38.33216857910156,0.12924282252788544,889.747802734375,122.06922912597656,0.9182191491127014,941.6519165039062,120.7529296875,0.904420018196106,795.2993774414062,486.5416259765625,0.9800320863723755,814.3358154296875,490.1363525390625,0.976280927658081,1088.2864990234375,700.5321044921875,0.9807140231132507,898.5454711914062,815.2694091796875,0.9773385524749756
608,20266,808.0653686523438,75.75869750976562,0.0060327788814902306,807.7394409179688,60.68550109863281,0.004656446631997824,807.3627319335938,78.27008056640625,0.002118475502356887,837.718017578125,43.820045471191406,0.009592308662831783,854.0250244140625,73.50945281982422,0.0023262458853423595,838.0265502929688,6.732421875,0.02908680960536003,946.4647216796875,0.0,0.03883324936032295,819.262451171875,28.721145629882812,0.2527831196784973,915.8529663085938,55.646507263183594,0.3488619923591614,762.4935302734375,39.41510009765625,0.4215352237224579,784.5665283203125,50.716644287109375,0.540834367275238,899.9542846679688,133.83270263671875,0.9342755675315857,959.4548950195312,127.72544860839844,0.9390519261360168,767.4525146484375,481.11767578125,0.982905387878418,816.917724609375,483.13421630859375,0.9833781719207764,1030.236328125,716.0924072265625,0.9786619544029236,918.3488159179688,800.7625122070312,0.9783082604408264
609,20300,778.287841796875,75.57323455810547,0.004310034215450287,779.6597900390625,61.072998046875,0.0029787064995616674,778.350830078125,78.51356506347656,0.0014601625734940171,819.6478271484375,45.169830322265625,0.008237285539507866,836.8499145507812,73.49054718017578,0.0025198080111294985,833.1463623046875,3.0747299194335938,0.02291153185069561,941.2247314453125,0.0,0.055394452065229416,820.2274169921875,17.797393798828125,0.19443370401859283,916.3330688476562,47.90668487548828,0.43199825286865234,755.4415893554688,35.554779052734375,0.3491220474243164,768.586181640625,48.686187744140625,0.5848817825317383,904.1007080078125,134.9733123779297,0.9167302250862122,972.501220703125,132.7395782470703,0.9418617486953735,763.1026000976562,468.66650390625,0.978038489818573,867.7280883789062,493.02587890625,0.9828885793685913,979.2266845703125,739.798828125,0.967728316783905,971.5693969726562,814.3837890625,0.9707475304603577
610,20333,800.8143310546875,75.18168640136719,0.005150381941348314,802.9684448242188,56.96086120605469,0.004170493688434362,801.1514282226562,78.570556640625,0.0018635784508660436,846.2215576171875,40.69489288330078,0.00978285912424326,858.8251342773438,77.57212829589844,0.002341837389394641,853.6900634765625,0.0,0.02352077327668667,940.8975219726562,0.0,0.036637187004089355,802.932373046875,13.245025634765625,0.17740949988365173,865.0746459960938,43.41114807128906,0.296606183052063,734.5238037109375,18.018264770507812,0.3202025592327118,744.407958984375,30.518325805664062,0.4892009198665619,909.6442260742188,127.3517074584961,0.9212586283683777,977.595703125,126.69621276855469,0.930292546749115,716.203125,444.28912353515625,0.9843952655792236,876.0868530273438,488.2247314453125,0.985076367855072,887.7484130859375,774.102783203125,0.9828726649284363,1032.448974609375,830.4287109375,0.9814161062240601
611,20366,826.8360595703125,94.2564926147461,0.00515365693718195,828.6813354492188,66.54087829589844,0.0069555072113871574,831.41162109375,87.92665100097656,0.0032188345212489367,860.1317749023438,46.93080139160156,0.04470796510577202,891.25634765625,80.72399139404297,0.010232092812657356,856.2447509765625,0.0,0.06438063085079193,955.2091064453125,6.0821685791015625,0.034705013036727905,812.8372802734375,37.52508544921875,0.09341869503259659,917.8515625,52.27777862548828,0.05425028130412102,817.0623779296875,115.47013092041016,0.06522629410028458,856.8175048828125,123.42766571044922,0.049369681626558304,919.6104125976562,117.23343658447266,0.856223464012146,1000.7483520507812,125.06886291503906,0.8096749186515808,719.4428100585938,437.4685363769531,0.9602647423744202,916.2138061523438,483.32440185546875,0.9426782131195068,817.4815063476562,791.9692993164062,0.9510942101478577,1088.2869873046875,811.6285400390625,0.9330561757087708
612,20400,801.1375732421875,100.03910064697266,0.0012704613618552685,800.9903564453125,79.71348571777344,0.0018620549235492945,809.67333984375,100.86959838867188,0.0006786161684431136,835.0735473632812,60.24722671508789,0.025797700509428978,883.6172485351562,93.03227996826172,0.004155178088694811,836.8334350585938,0.0,0.036258209496736526,958.1693115234375,1.6004562377929688,0.021977506577968597,797.7205810546875,12.603996276855469,0.07587651163339615,916.106201171875,36.06298828125,0.04981726408004761,844.5858764648438,63.19617462158203,0.05024926736950874,850.257080078125,81.2270736694336,0.039211127907037735,911.7821044921875,112.26500701904297,0.9001849293708801,1015.7977905273438,118.58596801757812,0.8732908964157104,724.46728515625,443.8299865722656,0.9780916571617126,953.8469848632812,485.1417236328125,0.9695339202880859,732.5753173828125,794.020263671875,0.9730106592178345,1137.219482421875,804.3753662109375,0.9632278680801392
613,20433,816.3953247070312,83.14551544189453,0.0016301668947562575,812.3684692382812,63.37371826171875,0.0017316201701760292,818.4492797851562,74.53662872314453,0.0006629734416492283,835.878662109375,45.41294860839844,0.015903934836387634,886.2666015625,61.316688537597656,0.0030157435685396194,835.0347900390625,1.7595977783203125,0.03638699650764465,953.2435913085938,1.4288177490234375,0.018427707254886627,808.9339599609375,37.678802490234375,0.1130794957280159,934.5413818359375,52.20538330078125,0.05785058066248894,842.4255981445312,101.67082214355469,0.11043554544448853,848.483642578125,112.58395385742188,0.06912210583686829,898.22900390625,108.86018371582031,0.93584805727005,1002.9554443359375,111.75750732421875,0.9072778224945068,754.3621826171875,454.8795166015625,0.9914398193359375,1004.7799072265625,489.7271423339844,0.9858497977256775,671.3335571289062,814.9954833984375,0.9911735653877258,1171.87451171875,793.5407104492188,0.9869443774223328
614,20466,828.9395751953125,83.00015258789062,0.0018909897189587355,825.710693359375,63.29779815673828,0.001725673326291144,830.6492309570312,71.89057159423828,0.0007459884509444237,842.8445434570312,48.011993408203125,0.009950261563062668,885.6904907226562,59.793914794921875,0.0023209950886666775,849.94580078125,7.4794464111328125,0.022309647873044014,940.2971801757812,5.01654052734375,0.015423980541527271,828.9658813476562,59.14494323730469,0.10564590990543365,920.3716430664062,56.429168701171875,0.07816638052463531,820.971923828125,119.99693298339844,0.15572233498096466,834.0587768554688,105.07502746582031,0.1339821219444275,906.2682495117188,94.33163452148438,0.9201498031616211,995.5067138671875,97.06777954101562,0.8988476395606995,766.546875,448.1163330078125,0.9912739396095276,1021.8902587890625,480.5309143066406,0.9870287179946899,645.8534545898438,813.9701538085938,0.9909685254096985,1200.54541015625,782.7973022460938,0.9875213503837585
615,20500,836.1692504882812,77.13917541503906,0.0015448785852640867,833.2344970703125,57.35820007324219,0.0016230149194598198,838.182861328125,66.22966003417969,0.0006418324774131179,848.4591064453125,42.6441650390625,0.011485123075544834,888.5850219726562,55.6915283203125,0.0023172989021986723,853.1641845703125,4.16619873046875,0.022258585318922997,935.01806640625,3.751190185546875,0.011481279507279396,824.3342895507812,57.43597412109375,0.08957456797361374,926.1378173828125,57.189788818359375,0.04603186994791031,816.8106689453125,126.41006469726562,0.11303941905498505,859.1489868164062,116.48771667480469,0.07201524078845978,903.7391967773438,84.67080688476562,0.9151498675346375,985.6466674804688,88.53410339355469,0.8789801001548767,772.021240234375,452.65338134765625,0.9912279844284058,1026.6314697265625,482.83355712890625,0.9852545261383057,659.909423828125,814.8308715820312,0.991489052772522,1218.465576171875,772.8756103515625,0.9873270392417908
616,20533,816.4906005859375,87.6350326538086,0.0013955481117591262,818.4760131835938,68.30941772460938,0.001718937768600881,828.2422485351562,82.80236053466797,0.0007039838237687945,834.0745849609375,51.954734802246094,0.019571460783481598,884.7771606445312,72.47491455078125,0.003962548915296793,827.8876342773438,0.0,0.021030345931649208,948.2871704101562,0.0,0.019530827179551125,799.5053100585938,34.319114685058594,0.06038985028862953,965.3208618164062,31.372947692871094,0.05648006871342659,774.8092041015625,124.24536895751953,0.06490711867809296,923.3995971679688,95.79208374023438,0.057419050484895706,888.3924560546875,87.51406860351562,0.8709380626678467,993.610107421875,87.7859115600586,0.8630622625350952,766.73388671875,457.1304931640625,0.979788601398468,1014.9719848632812,458.89208984375,0.9754703640937805,706.5520629882812,810.6138305664062,0.9718824625015259,1231.8453369140625,749.05078125,0.9679490923881531
617,20566,816.098876953125,81.8711929321289,0.002357230754569173,818.5921020507812,61.908565521240234,0.002801490481942892,826.4869995117188,77.08346557617188,0.0012083655456081033,836.949462890625,46.46553039550781,0.020801005885004997,879.5855712890625,68.20711517333984,0.004725856706500053,828.5879516601562,0.0,0.022446388378739357,938.4864501953125,0.0,0.022076888009905815,825.6984252929688,31.47260284423828,0.06580719351768494,959.009765625,26.077972412109375,0.06553936004638672,856.0639038085938,113.14730072021484,0.08202298730611801,918.4645385742188,81.44100952148438,0.07349149137735367,885.4953002929688,93.8441162109375,0.8721587657928467,979.2689208984375,91.95263671875,0.8647453784942627,775.3262939453125,471.8628845214844,0.9802922606468201,985.772705078125,464.504638671875,0.9753488898277283,743.9962158203125,831.3861694335938,0.9716750979423523,1228.7059326171875,725.0952758789062,0.9678229093551636
618,20600,797.0720825195312,84.20867919921875,0.002672856207937002,798.0390625,63.39689254760742,0.0032360446639358997,807.1626586914062,80.66738891601562,0.0012210510903969407,823.4820556640625,42.76055145263672,0.016069116070866585,865.2738647460938,69.3024673461914,0.003052666550502181,822.3154907226562,0.0,0.01674276404082775,926.5164794921875,0.0,0.017626719549298286,802.6463012695312,22.14008331298828,0.07724571973085403,899.0482788085938,23.49909210205078,0.07940373569726944,821.5288696289062,97.05553436279297,0.12045378983020782,821.2201538085938,78.14813232421875,0.11979666352272034,889.3445434570312,98.28684997558594,0.8676388263702393,973.6234741210938,94.85575103759766,0.8605626225471497,779.4820556640625,472.2012634277344,0.9809496998786926,941.583251953125,466.64117431640625,0.9752739071846008,774.545654296875,835.8688354492188,0.974302351474762,1210.94580078125,703.9921875,0.9694236516952515
619,20633,790.4165649414062,80.34910583496094,0.001976143568754196,792.02001953125,60.51850891113281,0.002751883352175355,798.0706787109375,76.43341827392578,0.0008616769919171929,821.0180053710938,40.227333068847656,0.01905473880469799,847.0443115234375,66.49932861328125,0.0026929432060569525,820.2449951171875,0.0,0.021896090358495712,901.8468627929688,0.0,0.015348304063081741,807.0675659179688,35.35542297363281,0.08045322448015213,895.464111328125,39.82704162597656,0.05115044116973877,814.3967895507812,122.2931900024414,0.08708851784467697,820.7510375976562,113.4147720336914,0.06044376268982887,886.8836669921875,112.13227844238281,0.8989359736442566,947.7870483398438,109.22589111328125,0.8709532618522644,782.46826171875,471.89935302734375,0.985605776309967,891.9109497070312,478.8628234863281,0.9764432311058044,807.2269287109375,837.3795776367188,0.9854460954666138,1168.116943359375,683.246826171875,0.9792032241821289
620,20666,803.1837158203125,86.67180633544922,0.0021684623789042234,801.6369018554688,69.35172271728516,0.0030472322832792997,804.416259765625,84.2105941772461,0.0009522497421130538,831.0870361328125,46.83160400390625,0.01932516321539879,842.4144897460938,74.57949829101562,0.002456964459270239,835.7146606445312,6.5989837646484375,0.027701042592525482,881.1212768554688,0.0,0.015113812871277332,821.7844848632812,63.1175537109375,0.08437803387641907,894.6079711914062,69.5115966796875,0.046321380883455276,821.766357421875,154.1337890625,0.07635896652936935,838.6795043945312,149.39955139160156,0.053058743476867676,896.9671020507812,120.99037170410156,0.9259987473487854,926.16455078125,124.9508056640625,0.8929108381271362,777.0220336914062,469.1553955078125,0.9899324178695679,858.1481323242188,503.44073486328125,0.9806963801383972,848.3641357421875,842.8663330078125,0.9918362498283386,1127.875244140625,670.0797119140625,0.9870759844779968
621,20700,772.5648193359375,66.60786437988281,0.0022094545420259237,774.8068237304688,49.654083251953125,0.0030352207832038403,778.31640625,67.17333984375,0.0010003852657973766,812.1581420898438,33.69429016113281,0.02378428354859352,826.5694580078125,62.924652099609375,0.0037319969851523638,824.455078125,0.0,0.03862921893596649,876.8651733398438,0.0,0.023368969559669495,789.1822509765625,13.895187377929688,0.11255386471748352,855.4495239257812,27.489532470703125,0.06041460856795311,825.3681030273438,42.02183532714844,0.08724994957447052,813.2109985351562,54.4508056640625,0.05100864917039871,899.5975341796875,128.6594696044922,0.9283694624900818,929.7864990234375,122.6653060913086,0.9029253125190735,794.4871826171875,493.28741455078125,0.9865037202835083,841.3096313476562,482.4538879394531,0.9771108627319336,887.4904174804688,833.6649169921875,0.9842171669006348,1085.3028564453125,698.492431640625,0.9779069423675537
622,20733,769.1973266601562,88.5601806640625,0.0015520767774432898,772.7391357421875,70.30158996582031,0.0025954132433980703,775.93896484375,89.3833236694336,0.0008889535092748702,810.9049072265625,52.54632568359375,0.0313943549990654,825.4237060546875,82.96600341796875,0.004655348602682352,828.315185546875,2.225738525390625,0.032773349434137344,871.87744140625,0.0,0.027180686593055725,782.3111572265625,24.623428344726562,0.0637839138507843,845.0812377929688,37.489402770996094,0.04914684593677521,774.451904296875,72.08088684082031,0.033981647342443466,793.1204223632812,85.92938232421875,0.02657926082611084,914.3344116210938,138.44436645507812,0.9043420553207397,932.7704467773438,132.75875854492188,0.8925261497497559,805.2828369140625,496.777587890625,0.9783732891082764,806.3448486328125,468.0408630371094,0.9690080881118774,945.450439453125,843.0737915039062,0.9716259837150574,1029.719482421875,710.154052734375,0.9666607975959778
623,20766,772.9037475585938,80.7245864868164,0.0016567781567573547,778.7449951171875,64.28900146484375,0.002216929569840431,777.5040893554688,82.34378814697266,0.000639485428109765,826.8111572265625,49.307395935058594,0.018072711303830147,824.032470703125,78.9968032836914,0.002021295251324773,861.3198852539062,0.0,0.029965294525027275,867.032470703125,0.0,0.025578545406460762,753.139404296875,8.940513610839844,0.15226635336875916,809.1848754882812,21.59886932373047,0.11537520587444305,694.8565063476562,3.3410797119140625,0.14240075647830963,696.505615234375,8.680068969726562,0.11319313198328018,927.3583984375,139.97552490234375,0.8650917410850525,908.60009765625,131.0532989501953,0.8507803082466125,825.8013305664062,495.4900817871094,0.9529034495353699,755.8842163085938,459.2388610839844,0.9363770484924316,981.0866088867188,835.36376953125,0.9057664275169373,965.0478515625,770.4957275390625,0.8936011791229248
624,20800,791.7562866210938,70.43451690673828,0.0027560857124626637,798.2642822265625,54.46174621582031,0.003241785103455186,791.2680053710938,71.12351989746094,0.0011689288076013327,838.5302734375,36.74871826171875,0.01886773109436035,812.98046875,66.77403259277344,0.0029056170023977757,855.6602783203125,0.0,0.05008138716220856,834.4990234375,0.0,0.028703488409519196,748.9297485351562,11.368743896484375,0.2033981829881668,783.0454711914062,24.3094482421875,0.11302761733531952,749.8211059570312,4.38226318359375,0.17132195830345154,739.828125,13.173248291015625,0.10806333273649216,935.431884765625,145.99786376953125,0.9478065967559814,883.4102783203125,138.79147338867188,0.9291877746582031,886.7186279296875,498.11260986328125,0.9863659143447876,738.8976440429688,441.0806579589844,0.9770311713218689,1045.5443115234375,833.9451293945312,0.978070080280304,889.1182861328125,724.8582153320312,0.9737663865089417
625,20833,766.4031372070312,63.56034851074219,0.0028908834792673588,774.52685546875,48.03746795654297,0.003370399819687009,764.11669921875,61.37603759765625,0.001193859614431858,816.7672119140625,36.130943298339844,0.018284577876329422,782.756103515625,59.81565856933594,0.002944581676274538,844.0067138671875,1.5206451416015625,0.045606691390275955,803.47705078125,0.0,0.02938731014728546,760.896240234375,6.6229248046875,0.17345236241817474,786.3875122070312,12.712600708007812,0.1044553741812706,800.9214477539062,7.4309234619140625,0.13368520140647888,788.8779296875,17.110610961914062,0.07699756324291229,931.379150390625,144.8671112060547,0.9413875937461853,862.2360229492188,140.37391662597656,0.9271907210350037,915.308349609375,495.4064025878906,0.9850127696990967,725.8262939453125,429.7575988769531,0.9766321778297424,1080.9796142578125,828.2077026367188,0.9740718007087708,810.4080200195312,741.0271606445312,0.9727109670639038
626,20866,809.865234375,74.56555938720703,0.0029117281083017588,814.6283569335938,59.87013244628906,0.003272263566032052,804.9992065429688,69.97563171386719,0.0011594494571909308,851.0546264648438,44.518524169921875,0.012946692295372486,821.07373046875,60.765220642089844,0.0021134454291313887,859.56884765625,5.4297637939453125,0.04190663993358612,842.956787109375,0.0,0.015280804596841335,775.98193359375,11.85040283203125,0.2141675055027008,830.07080078125,20.34136962890625,0.06682567298412323,801.3450317382812,15.283538818359375,0.18300418555736542,806.8782348632812,29.912521362304688,0.06169876828789711,938.6124267578125,128.3437042236328,0.9433560967445374,876.1954345703125,117.21455383300781,0.9087632298469543,959.059814453125,496.1545715332031,0.9882192611694336,739.024658203125,434.2723693847656,0.9774758815765381,1131.68701171875,817.3572387695312,0.9834387898445129,735.6976928710938,778.736572265625,0.9789926409721375
627,20900,817.7164306640625,79.7786865234375,0.0025332875084131956,819.0765991210938,65.93234252929688,0.002586214803159237,815.8749389648438,73.13976287841797,0.0012779118260368705,846.8038330078125,52.07574462890625,0.01074422150850296,834.7232666015625,62.91636657714844,0.0028354348614811897,851.2747192382812,19.102798461914062,0.024802805855870247,867.7002563476562,7.914093017578125,0.018222225829958916,777.31640625,49.882781982421875,0.09536229074001312,925.9920043945312,63.959564208984375,0.0736360251903534,793.0917358398438,83.87173461914062,0.07611460983753204,944.1058959960938,120.5408935546875,0.05224976688623428,932.44873046875,115.76307678222656,0.9323915839195251,882.5579833984375,106.20309448242188,0.9230812788009644,988.3538818359375,483.9106750488281,0.9886916875839233,756.8181762695312,437.5245056152344,0.9848921298980713,1169.961669921875,800.868408203125,0.9876422882080078,686.3633422851562,777.4444580078125,0.9874241948127747
628,20933,827.965576171875,83.07076263427734,0.0031661218963563442,828.9393310546875,69.6800308227539,0.0033008872997015715,825.9808959960938,75.86668395996094,0.0015686382539570332,854.1890869140625,56.218231201171875,0.00981504749506712,841.639892578125,65.32051849365234,0.002583937719464302,857.7350463867188,27.692825317382812,0.019680101424455643,871.2354736328125,10.527374267578125,0.013970455154776573,752.0103149414062,68.36334228515625,0.09069937467575073,931.1878662109375,62.376708984375,0.0647539347410202,685.10888671875,117.57453918457031,0.08389376848936081,935.2716064453125,114.142822265625,0.05751441419124603,930.40380859375,107.02711486816406,0.9195767641067505,875.5142822265625,98.61479187011719,0.9072151184082031,991.76025390625,469.57269287109375,0.988695502281189,764.7952270507812,440.6212463378906,0.9847283363342285,1191.849365234375,773.1068115234375,0.9896484017372131,681.0150756835938,777.1159057617188,0.9889388084411621
629,20966,810.5524291992188,72.86119842529297,0.002816620981320739,811.9808349609375,57.06749725341797,0.0033160706516355276,813.1613159179688,67.2070083618164,0.0017871640156954527,830.3192138671875,47.895904541015625,0.01313777919858694,831.6618041992188,64.98641967773438,0.00400350708514452,832.8770141601562,7.50970458984375,0.013791173696517944,860.0716552734375,4.798736572265625,0.01911453902721405,751.7462768554688,50.862144470214844,0.04267880693078041,923.5843505859375,39.03856658935547,0.06951863318681717,694.979248046875,126.17852783203125,0.03541305661201477,955.4317016601562,107.39131164550781,0.04575612396001816,918.1254272460938,91.94023132324219,0.8486272096633911,873.4004516601562,100.52297973632812,0.8713839650154114,988.505859375,458.8252258300781,0.9704500436782837,762.0682373046875,439.73248291015625,0.9705774784088135,1205.559326171875,761.7678833007812,0.9641997218132019,709.4265747070312,772.2415161132812,0.9697638750076294
630,21000,791.3577270507812,84.62899017333984,0.004088372457772493,796.274658203125,64.05517578125,0.005536923184990883,791.082275390625,74.3202896118164,0.0025554029271006584,823.4918212890625,53.888397216796875,0.015757573768496513,807.5438842773438,70.61849212646484,0.003945839591324329,832.2520751953125,16.403526306152344,0.013480312190949917,832.2227783203125,9.71282958984375,0.013472913764417171,725.9634399414062,55.496131896972656,0.044839467853307724,864.1201171875,41.67707061767578,0.04625234752893448,630.8197631835938,140.2427215576172,0.04095623642206192,850.3698120117188,123.31189727783203,0.03912489116191864,915.5978393554688,86.68338775634766,0.8163687586784363,860.3613891601562,94.62652587890625,0.8216548562049866,961.2854614257812,468.353759765625,0.9663728475570679,767.5779418945312,450.02435302734375,0.9624925851821899,1210.2618408203125,742.2631225585938,0.9628897905349731,750.9987182617188,792.0879516601562,0.9649187326431274
631,21033,813.3561401367188,90.6394271850586,0.004104253835976124,815.9205932617188,73.89450073242188,0.005462249740958214,808.5377197265625,80.57752990722656,0.002295152051374316,845.4400634765625,60.95368194580078,0.011837245896458626,825.933349609375,70.47152709960938,0.0024578224401921034,847.2442626953125,34.75689697265625,0.012604196555912495,855.537841796875,12.554672241210938,0.007586619816720486,786.2772216796875,77.6689453125,0.04915133863687515,866.5614624023438,80.07943725585938,0.029951924458146095,768.6890869140625,135.6474151611328,0.049739934504032135,826.2246704101562,140.11830139160156,0.03150324895977974,897.3067626953125,83.6279296875,0.8384028673171997,857.2212524414062,79.62991333007812,0.8037983179092407,923.4811401367188,484.6219482421875,0.9789971709251404,780.4861450195312,465.2939758300781,0.9717020988464355,1216.2979736328125,714.6181640625,0.9855902791023254,774.482666015625,803.1796875,0.9834076762199402
632,21066,793.0704345703125,83.96699523925781,0.0037791403010487556,795.6368408203125,69.91397094726562,0.005068791564553976,787.5001831054688,77.12189483642578,0.0019305822206661105,825.4374389648438,53.62445068359375,0.0116240493953228,807.8716430664062,64.31513214111328,0.0020744353532791138,827.96728515625,20.1591796875,0.014461314305663109,841.1327514648438,3.061614990234375,0.006773223634809256,754.0100708007812,51.38694763183594,0.06879420578479767,819.5359497070312,67.47798156738281,0.02894643135368824,705.834228515625,132.52789306640625,0.07063496112823486,735.626220703125,140.88253784179688,0.03539997339248657,882.43212890625,100.68223571777344,0.8576459884643555,852.47314453125,97.17613220214844,0.8071413636207581,880.77490234375,494.0502624511719,0.9794868230819702,780.4443969726562,473.5031433105469,0.9695976376533508,1193.89599609375,701.976806640625,0.9855642914772034,810.3571166992188,809.6349487304688,0.9822939038276672
633,21100,792.056396484375,70.85529327392578,0.004399789031594992,794.0352783203125,59.61351013183594,0.00503477081656456,785.9193115234375,70.12518310546875,0.0020122735295444727,825.2446899414062,46.02447509765625,0.011700809933245182,813.7930297851562,63.42597198486328,0.0023483559489250183,819.6791381835938,10.685211181640625,0.025190090760588646,861.2744750976562,0.0,0.0109984977170825,769.7904052734375,15.80694580078125,0.13465552031993866,811.8485107421875,34.3179931640625,0.053850043565034866,781.0182495117188,44.835113525390625,0.1431398093700409,761.0354614257812,37.478302001953125,0.06849218159914017,880.4850463867188,122.17845153808594,0.904954731464386,882.281494140625,121.62858581542969,0.8606302738189697,829.42236328125,494.9839782714844,0.9816680550575256,790.5227661132812,489.311767578125,0.9721226692199707,1148.3216552734375,684.9993896484375,0.9849381446838379,839.6373291015625,814.8054809570312,0.9804781079292297
634,21133,776.1167602539062,76.88172912597656,0.0036806012503802776,776.3449096679688,63.735626220703125,0.003561098827049136,776.34619140625,77.0811996459961,0.0013537032064050436,808.3807983398438,47.2880859375,0.011608030647039413,827.3889770507812,68.69448852539062,0.0023682082537561655,811.3662109375,7.4442901611328125,0.03324177488684654,907.1748657226562,0.0,0.02661542035639286,773.878662109375,26.377716064453125,0.22261814773082733,845.2044067382812,45.381065368652344,0.17246833443641663,749.6589965820312,27.741256713867188,0.25392526388168335,752.1655883789062,38.515045166015625,0.21013794839382172,884.407470703125,141.30459594726562,0.9374130964279175,929.3236083984375,140.4359130859375,0.9280354380607605,806.8848266601562,485.37261962890625,0.9839996695518494,803.6878662109375,485.759033203125,0.980313241481781,1072.7874755859375,685.397705078125,0.9806832075119019,866.0432739257812,803.6297607421875,0.9771893620491028
635,21166,771.215576171875,63.12236022949219,0.004585243761539459,771.1055297851562,49.53211212158203,0.003698736662045121,772.44873046875,64.38590240478516,0.0013095182366669178,806.7239379882812,36.36383056640625,0.010408441536128521,832.1461181640625,60.24998474121094,0.0019533135928213596,814.7981567382812,1.801849365234375,0.03873594477772713,924.6658325195312,0.0,0.039908867329359055,782.9890747070312,29.418777465820312,0.3286258578300476,871.0924682617188,57.83464050292969,0.3265025019645691,732.8805541992188,41.48291015625,0.4608269929885864,744.913818359375,53.77793884277344,0.4699803590774536,895.3733520507812,146.75006103515625,0.9482271075248718,951.7153930664062,142.19906616210938,0.9461819529533386,782.50634765625,482.7008972167969,0.9860790371894836,794.1502685546875,478.2633361816406,0.9842005372047424,1018.0106201171875,704.565673828125,0.980199933052063,895.623046875,796.5368041992188,0.9776841402053833
636,21200,785.4095458984375,67.2777099609375,0.00757359154522419,784.31201171875,51.57197570800781,0.005407610442489386,783.0781860351562,67.26171112060547,0.002049640053883195,826.1585083007812,36.050537109375,0.015495970845222473,845.0588989257812,62.447296142578125,0.002980791963636875,829.9597778320312,1.0160980224609375,0.04613750800490379,941.92333984375,0.0,0.08758717775344849,797.8383178710938,15.635604858398438,0.2833004295825958,900.5767822265625,52.51954650878906,0.46095010638237,724.3638305664062,44.063323974609375,0.44050633907318115,743.5331420898438,52.273956298828125,0.5969783663749695,894.7349853515625,142.0099639892578,0.9033948183059692,964.8551025390625,137.4964141845703,0.9235853552818298,748.00927734375,467.6119079589844,0.9675621390342712,829.2334594726562,485.2088928222656,0.9702053666114807,949.3833618164062,751.5997924804688,0.9471326470375061,935.3032836914062,789.3120727539062,0.9488890171051025
637,21233,786.9534301757812,57.27301025390625,0.007712057325989008,790.7402954101562,42.135223388671875,0.005454450845718384,783.0568237304688,58.27702331542969,0.0021284178365021944,840.1654052734375,28.2645263671875,0.013043489307165146,832.238525390625,56.83360290527344,0.002656797878444195,854.3275146484375,0.0,0.04222799837589264,906.0956420898438,0.0,0.07802025973796844,798.3516235351562,19.287368774414062,0.26762768626213074,853.0828857421875,59.491424560546875,0.43809279799461365,722.0974731445312,34.28315734863281,0.4240015745162964,724.4528198242188,42.28285217285156,0.5900375247001648,904.7561645507812,144.73361206054688,0.950188159942627,945.5015258789062,144.90769958496094,0.9590600728988647,720.3638305664062,456.0728759765625,0.9885793924331665,855.2905883789062,505.05096435546875,0.9892956614494324,881.0634765625,763.1614379882812,0.9854356646537781,1001.8123168945312,819.019775390625,0.9846182465553284
638,21266,784.2579345703125,67.98747253417969,0.0022772406227886677,788.0167236328125,52.56440734863281,0.002136080991476774,787.5630493164062,72.17591857910156,0.0008205432095564902,833.4893798828125,35.44560241699219,0.011823895387351513,843.8597412109375,69.2977066040039,0.0024658520705997944,848.0270385742188,0.0,0.033127158880233765,913.5001831054688,0.0,0.03510986268520355,769.330078125,8.247756958007812,0.1828976720571518,826.92626953125,33.95654296875,0.18388403952121735,688.38720703125,6.6303863525390625,0.20936831831932068,690.532470703125,18.576690673828125,0.22758257389068604,897.7787475585938,136.35415649414062,0.9451963305473328,955.1174926757812,135.43666076660156,0.94208824634552,713.7733764648438,446.6549377441406,0.9888767600059509,882.4025268554688,491.444580078125,0.9866151809692383,815.3060302734375,784.4271850585938,0.9868991374969482,1043.2548828125,809.3102416992188,0.9833674430847168
639,21300,786.7974243164062,91.5941390991211,0.001462352927774191,790.35498046875,72.58341979980469,0.002243253169581294,792.3576049804688,92.69647979736328,0.0007437984459102154,830.5457153320312,54.43988800048828,0.02893591858446598,855.5127563476562,85.98294830322266,0.0040098875761032104,841.6452026367188,0.0,0.046285346150398254,911.2188720703125,0.0,0.022790556773543358,765.470703125,16.06951904296875,0.10275042802095413,811.8894653320312,26.40241241455078,0.04774912819266319,736.3050537109375,33.60010528564453,0.06193287670612335,728.57568359375,47.482818603515625,0.03816022351384163,908.56884765625,122.36540222167969,0.9095778465270996,977.940673828125,125.32042694091797,0.8734347820281982,711.158447265625,446.1648864746094,0.9777907729148865,909.7293090820312,479.32427978515625,0.9648659229278564,736.7904663085938,792.6608276367188,0.9705916047096252,1093.55712890625,790.8951416015625,0.9577519297599792
640,21333,806.17919921875,76.99461364746094,0.0020494675263762474,801.681884765625,58.760101318359375,0.0021094719413667917,805.34033203125,70.65202331542969,0.0008733392460271716,823.0016479492188,40.07098388671875,0.016531432047486305,863.43701171875,58.48150634765625,0.003655517939478159,817.4763793945312,0.0,0.048677314072847366,916.6787719726562,0.0,0.01904705911874771,772.3273315429688,13.048141479492188,0.15160760283470154,885.0802612304688,30.474288940429688,0.056516971439123154,833.66455078125,49.70759582519531,0.13819167017936707,831.7630615234375,65.08680725097656,0.06738461554050446,890.5298461914062,110.384033203125,0.9414191842079163,976.6849975585938,116.284423828125,0.9027453064918518,744.5678100585938,452.50433349609375,0.9912081956863403,964.2749633789062,489.3435363769531,0.9831693172454834,670.3983764648438,811.3649291992188,0.9903959631919861,1128.8785400390625,785.7855834960938,0.9844366312026978
641,21366,813.3411865234375,89.79215240478516,0.0017821642104536295,809.7037353515625,69.76824188232422,0.001900623319670558,813.0686645507812,78.50264739990234,0.00082284992095083,826.29736328125,51.660736083984375,0.016297537833452225,866.317626953125,63.776458740234375,0.0037068792153149843,826.9198608398438,9.941848754882812,0.03337298333644867,918.47705078125,7.3305816650390625,0.01794455014169216,790.77490234375,58.27203369140625,0.08977869898080826,912.447509765625,59.28474426269531,0.050676848739385605,793.6876831054688,130.8386993408203,0.08562567085027695,844.1867065429688,125.70094299316406,0.059464309364557266,890.7242431640625,99.88673400878906,0.9191753268241882,975.4008178710938,102.22055053710938,0.8887113928794861,757.324951171875,449.2823181152344,0.9894938468933105,990.2098999023438,474.3125915527344,0.9832753539085388,652.55517578125,802.2530517578125,0.9897271990776062,1160.555419921875,771.4788208007812,0.9854761958122253
642,21400,810.8699340820312,89.61836242675781,0.0017525909934192896,807.8292846679688,69.64134979248047,0.0019494439475238323,812.3637084960938,77.4038314819336,0.0007295039831660688,825.8399047851562,52.06535339355469,0.017135493457317352,868.3522338867188,61.53076171875,0.0031908233650028706,826.4811401367188,10.7340087890625,0.03561685234308243,919.2876586914062,4.1058197021484375,0.015764912590384483,752.10400390625,60.683441162109375,0.11372244358062744,905.415771484375,59.97441101074219,0.04666625335812569,676.9387817382812,131.04515075683594,0.11205508559942245,820.4008178710938,128.37039184570312,0.06339140981435776,892.6353149414062,93.30276489257812,0.9233976602554321,974.9795532226562,92.1002197265625,0.8848968744277954,764.5308837890625,450.2447204589844,0.9905602335929871,994.4857177734375,467.9629211425781,0.9833221435546875,662.0652465820312,803.3779907226562,0.9903979301452637,1179.9376220703125,759.520263671875,0.9856334328651428
643,21433,810.1620483398438,91.17544555664062,0.002281435066834092,807.5678100585938,71.92082977294922,0.0025383448228240013,812.14599609375,80.80252075195312,0.0008846703567542136,829.2169189453125,53.96067810058594,0.015238063409924507,867.4808959960938,66.19725036621094,0.0025153919123113155,829.3352661132812,11.899017333984375,0.028324780985713005,919.4284057617188,5.9556427001953125,0.013540075160562992,762.5438232421875,54.74894714355469,0.11999394744634628,894.6992797851562,52.70512390136719,0.05208265408873558,684.7835083007812,102.48696899414062,0.14907562732696533,781.9550170898438,91.03765869140625,0.088514044880867,885.0697631835938,90.44810485839844,0.9145634174346924,963.9600219726562,88.77937316894531,0.8737342357635498,768.2472534179688,447.0912780761719,0.9906126260757446,985.97900390625,467.22894287109375,0.9830498099327087,697.950439453125,811.6126708984375,0.9906160235404968,1192.20556640625,736.6616821289062,0.9858964085578918
644,21466,787.3375854492188,88.18775939941406,0.001351600862108171,790.7861938476562,68.36798858642578,0.0019816772546619177,797.6688232421875,83.56228637695312,0.0006856645341031253,816.7176513671875,51.863868713378906,0.021662218496203423,855.0072021484375,73.29094696044922,0.0032389790285378695,815.2183837890625,0.0,0.018066557124257088,916.336669921875,0.0,0.0163132231682539,784.7119140625,40.80040740966797,0.05027676001191139,912.59716796875,37.53032684326172,0.04567543789744377,745.8880004882812,138.8254852294922,0.049107179045677185,836.1275634765625,115.63668823242188,0.044789038598537445,877.58740234375,98.30287170410156,0.874184250831604,963.5360107421875,93.94525909423828,0.8651317358016968,762.1722412109375,462.780029296875,0.981532633304596,950.3617553710938,452.7696838378906,0.9764903783798218,734.1868286132812,815.91650390625,0.9780986309051514,1199.2886962890625,715.1912841796875,0.9746852517127991
645,21500,785.1746215820312,88.57112121582031,0.001704223221167922,788.3126220703125,69.18649291992188,0.0020595283713191748,798.6984252929688,85.9595947265625,0.0008741826750338078,812.08984375,53.74067687988281,0.017800336703658104,858.7388916015625,76.96549987792969,0.003739589126780629,804.539306640625,0.0,0.01665070652961731,926.72607421875,0.0,0.02200527861714363,744.0319213867188,28.257705688476562,0.059444546699523926,962.4512329101562,21.50196075439453,0.08648724853992462,665.5479125976562,102.2186050415039,0.07525389641523361,926.333740234375,62.55647277832031,0.10178127884864807,873.0935668945312,101.78274536132812,0.8627440333366394,958.8431396484375,97.94178771972656,0.8718199729919434,772.320068359375,463.7818908691406,0.977393627166748,919.6539916992188,465.2082824707031,0.9744393229484558,754.0415649414062,819.0817260742188,0.9716346859931946,1179.99951171875,700.7180786132812,0.9688041806221008
646,21533,796.7308959960938,93.36847686767578,0.0008940348052419722,797.8279418945312,76.28592681884766,0.0012513268738985062,805.4578857421875,91.33417510986328,0.0005410092417150736,821.4967041015625,54.4541015625,0.01706726849079132,856.8990478515625,78.25300598144531,0.0031548216938972473,804.8367919921875,2.7564239501953125,0.016238033771514893,920.8359375,0.0,0.01836196891963482,782.6416625976562,45.39543914794922,0.035341158509254456,944.491943359375,40.56230163574219,0.05624920502305031,788.2108154296875,143.1551971435547,0.025371717289090157,899.9165649414062,112.05807495117188,0.04280536621809006,865.248291015625,126.05813598632812,0.895876407623291,944.2374267578125,122.70730590820312,0.8975453972816467,772.2021484375,471.613525390625,0.9818447828292847,876.1708984375,475.0012512207031,0.9786005616188049,806.094970703125,806.9009399414062,0.9852468967437744,1151.6239013671875,677.8958129882812,0.9830865859985352
647,21566,781.8023681640625,85.53080749511719,0.0035122206900268793,781.3399658203125,66.7327880859375,0.004715100862085819,784.6721801757812,82.02339935302734,0.0015866468893364072,811.3974609375,46.220672607421875,0.027718503028154373,826.3623657226562,73.81024932861328,0.004268317483365536,822.2341918945312,7.815582275390625,0.03236906975507736,872.0189208984375,2.1330413818359375,0.027754779905080795,806.8942260742188,61.210693359375,0.07356007397174835,879.4852905273438,78.87661743164062,0.0612218864262104,794.759033203125,164.57135009765625,0.06601235270500183,814.2030639648438,160.41773986816406,0.05685993283987045,887.9804077148438,119.72039794921875,0.9135587811470032,923.0343017578125,120.02915954589844,0.8987733125686646,769.0755615234375,476.0910949707031,0.9879887104034424,857.0357666015625,494.5855712890625,0.9815360903739929,826.8980712890625,838.3729248046875,0.9895685315132141,1101.1734619140625,684.4462280273438,0.9859628081321716
648,21600,776.9298706054688,83.12381744384766,0.0018762873951345682,779.931884765625,65.76164245605469,0.002730092965066433,779.2705688476562,84.27115631103516,0.001011261367239058,815.4180908203125,44.513031005859375,0.021106498315930367,812.123291015625,77.4756088256836,0.003631278872489929,827.7636108398438,0.8854522705078125,0.02404305525124073,845.365234375,0.0,0.021355628967285156,798.3783569335938,24.504592895507812,0.05981917306780815,818.957763671875,38.46881103515625,0.05407407879829407,812.2559204101562,84.91374206542969,0.04423356056213379,784.2977294921875,99.70770263671875,0.04158050939440727,891.0313110351562,125.13816833496094,0.9087514281272888,901.858154296875,123.94912719726562,0.8962653279304504,780.228759765625,479.6886291503906,0.983806848526001,830.9866943359375,484.9979553222656,0.9767891764640808,870.5645751953125,829.4646606445312,0.9844534993171692,1070.08740234375,696.0181274414062,0.9800477623939514
649,21633,772.5721435546875,77.94566345214844,0.002324130851775408,775.5755004882812,62.24821472167969,0.0032307521905750036,774.7142944335938,79.43426513671875,0.001078051864169538,811.251708984375,42.96647644042969,0.02461060881614685,812.51806640625,71.94419860839844,0.0037882383912801743,819.1025390625,0.8169479370117188,0.04403850808739662,854.4188842773438,0.0,0.024010058492422104,778.2681884765625,12.219497680664062,0.12842240929603577,814.27685546875,25.061920166015625,0.060526542365550995,800.1036987304688,36.80241394042969,0.09051712602376938,783.5260620117188,55.670196533203125,0.047113336622714996,893.26123046875,134.01548767089844,0.9372603893280029,911.3043823242188,129.2431182861328,0.911812961101532,794.0174560546875,497.1590270996094,0.9869897961616516,835.5677490234375,482.2151184082031,0.9776043891906738,922.0380249023438,823.2388916015625,0.9837797284126282,1017.8114013671875,721.2743530273438,0.977923572063446
650,21666,777.2949829101562,91.90187072753906,0.000991391483694315,782.7899780273438,73.58342742919922,0.0015651918947696686,775.7625732421875,92.21388244628906,0.0004575232742354274,828.9976196289062,54.6873779296875,0.025361178442835808,808.9927368164062,87.32469177246094,0.0027652583085000515,855.6350708007812,9.424140930175781,0.0391467846930027,840.4223022460938,0.0,0.02686787210404873,782.5697021484375,15.1962890625,0.09741093218326569,800.0118408203125,27.884628295898438,0.0636451318860054,775.1752319335938,45.63189697265625,0.05012994259595871,736.1799926757812,59.07774353027344,0.03472891077399254,913.1158447265625,134.191650390625,0.8705733418464661,884.6744384765625,126.57879638671875,0.8453827500343323,815.5982666015625,493.24200439453125,0.9467723965644836,748.715576171875,464.9241027832031,0.9250682592391968,955.4931030273438,822.1463012695312,0.9174079895019531,950.3618774414062,765.3345336914062,0.9011666774749756
651,21700,780.5460815429688,82.85868072509766,0.0013338589342311025,785.0048217773438,66.36156463623047,0.0017494579078629613,780.3292846679688,81.78694152832031,0.0006830771453678608,823.8305053710938,46.74517822265625,0.01849226839840412,806.6995239257812,74.08309936523438,0.0030380734242498875,849.6480102539062,9.388092041015625,0.025748174637556076,835.9021606445312,0.0,0.0338125079870224,786.9441528320312,32.12599182128906,0.06803309917449951,843.2119140625,40.66484069824219,0.10328147560358047,788.72265625,91.5171890258789,0.04336924850940704,813.066162109375,120.31697845458984,0.057941921055316925,914.5634765625,148.29946899414062,0.9312968850135803,873.14501953125,137.55918884277344,0.938734769821167,857.0178833007812,502.6921691894531,0.9832083582878113,727.78076171875,441.90191650390625,0.9807567000389099,1000.53662109375,829.0704345703125,0.9782231450080872,884.636962890625,705.5990600585938,0.9799378514289856
652,21733,781.3993530273438,88.18116760253906,0.002031718846410513,787.38427734375,70.72828674316406,0.0024028094485402107,778.5195922851562,85.2843017578125,0.0010786260245367885,826.8942260742188,50.57757568359375,0.016298968344926834,796.6732788085938,76.81443786621094,0.003327438607811928,861.2017822265625,13.873123168945312,0.02121635526418686,822.619140625,2.0367050170898438,0.038817331194877625,799.9667358398438,38.827606201171875,0.05827174335718155,834.891357421875,44.23125457763672,0.1358860284090042,792.0075073242188,116.98807525634766,0.04420112445950508,808.4713134765625,128.5902099609375,0.08253788948059082,922.735107421875,146.0584259033203,0.9125352501869202,858.812255859375,137.95455932617188,0.9343675374984741,892.89111328125,494.47222900390625,0.9783434271812439,717.4182739257812,432.95025634765625,0.9795839190483093,1050.902099609375,823.4779052734375,0.9715908765792847,814.8735961914062,740.1507568359375,0.9775606393814087
653,21766,835.636962890625,91.28938293457031,0.005859880242496729,841.76904296875,72.79856872558594,0.0063817743211984634,828.1375122070312,83.0914306640625,0.003245648927986622,871.6177368164062,52.462738037109375,0.018955526873469353,828.9362182617188,68.43017578125,0.005134942010045052,889.27001953125,18.448036193847656,0.04408448189496994,845.3026123046875,0.43526458740234375,0.024514885619282722,839.3373413085938,70.70622253417969,0.12899693846702576,840.6260986328125,56.039588928222656,0.0746612548828125,809.2047729492188,141.73165893554688,0.10187572985887527,793.3369140625,135.30470275878906,0.0652773454785347,937.490478515625,147.22061157226562,0.8803718090057373,862.5258178710938,129.18701171875,0.8483783602714539,940.3931274414062,489.5030212402344,0.9654993414878845,720.9588623046875,441.78057861328125,0.950767993927002,1107.74267578125,811.8578491210938,0.9534885287284851,751.9501342773438,772.8212280273438,0.9456822276115417
654,21800,830.4559936523438,95.3247299194336,0.003165491158142686,834.9786987304688,80.01516723632812,0.003367261728271842,824.395751953125,86.47510528564453,0.0016601351089775562,868.3602905273438,62.08671569824219,0.01176910474896431,832.1094360351562,72.01883697509766,0.0030657476745545864,888.235107421875,34.715240478515625,0.02361457049846649,850.9625854492188,14.2276611328125,0.022439556196331978,829.8492431640625,81.81729125976562,0.08116846531629562,865.8479614257812,69.82484436035156,0.08409345895051956,800.7803344726562,137.5778045654297,0.06483902037143707,825.0677490234375,140.02523803710938,0.05944205820560455,939.5905151367188,128.75271606445312,0.9192330241203308,863.6039428710938,113.73728942871094,0.9183763861656189,978.943359375,485.9660339355469,0.98482346534729,735.9607543945312,433.98077392578125,0.981895923614502,1150.4908447265625,804.7175903320312,0.9839099645614624,692.0623168945312,782.1610107421875,0.9845006465911865
655,21833,827.9537353515625,92.22850799560547,0.0026150927878916264,830.2965087890625,77.64873504638672,0.002533297287300229,825.5310668945312,83.91961669921875,0.0014358910266309977,857.8162231445312,63.153602600097656,0.009017701260745525,838.4664916992188,72.62848663330078,0.003017279552295804,864.076171875,31.5743408203125,0.018239285796880722,866.6737060546875,16.809860229492188,0.019112026318907738,775.0448608398438,73.39288330078125,0.06998798996210098,940.9658813476562,69.69154357910156,0.08615817129611969,737.4337158203125,126.76982116699219,0.06006217375397682,978.2246704101562,120.56309509277344,0.06232482194900513,937.438720703125,115.62222290039062,0.9127158522605896,874.1892700195312,107.15180969238281,0.9159384965896606,1003.6126708984375,473.2252197265625,0.9854959845542908,748.0298461914062,441.09027099609375,0.9837216734886169,1180.7620849609375,792.6006469726562,0.9858978986740112,671.5221557617188,783.9739990234375,0.9866765737533569
656,21866,825.9937133789062,82.56525421142578,0.003108501434326172,827.4857177734375,68.27494812011719,0.003214486874639988,824.0392456054688,73.99346923828125,0.0015842875000089407,853.8143920898438,57.340576171875,0.009286596439778805,838.2385864257812,65.6535415649414,0.002569111529737711,860.5834350585938,32.0577392578125,0.017483310773968697,864.1380615234375,14.875946044921875,0.014426562935113907,764.0934448242188,78.91378784179688,0.0760725811123848,928.2460327148438,70.25216674804688,0.06669967621564865,712.0401000976562,126.70408630371094,0.06999896466732025,933.2047119140625,117.97270202636719,0.05644141882658005,936.16943359375,104.32681274414062,0.9095516204833984,871.7093505859375,97.57026672363281,0.9028357267379761,1010.5757446289062,463.75079345703125,0.9871511459350586,755.3121337890625,436.71624755859375,0.9838132858276367,1218.393310546875,775.6257934570312,0.9884281754493713,681.9492797851562,781.8032836914062,0.988174557685852
657,21900,830.6656494140625,88.43353271484375,0.0034925302024930716,833.5327758789062,70.30345916748047,0.004175439942628145,825.8472290039062,76.73725891113281,0.0017760565970093012,862.5723876953125,58.79118347167969,0.0089802835136652,835.208740234375,68.8213119506836,0.002016451908275485,865.9407958984375,38.01177978515625,0.012377645820379257,855.5799560546875,15.791610717773438,0.008098826743662357,758.9561157226562,92.596435546875,0.0621824748814106,895.8182373046875,81.45506286621094,0.04012754186987877,681.8778686523438,135.2980499267578,0.06622952222824097,883.2490234375,137.14443969726562,0.04432227835059166,928.4368286132812,85.81544494628906,0.872308611869812,859.3231811523438,81.01835632324219,0.8480913639068604,995.7662353515625,459.905029296875,0.9853097796440125,759.48974609375,444.35870361328125,0.9795390367507935,1228.3099365234375,756.5784301757812,0.9891141653060913,711.8142700195312,790.3335571289062,0.9874967336654663
658,21933,825.8093872070312,95.795654296875,0.0035473208408802748,828.8150024414062,76.70205688476562,0.00441306596621871,821.138671875,83.30706024169922,0.001937753870151937,858.7350463867188,64.65959930419922,0.010030966252088547,835.2173461914062,74.32257843017578,0.0022268074098974466,858.276123046875,43.30458068847656,0.011365913785994053,863.0231323242188,15.93328857421875,0.008481460623443127,782.6138305664062,96.68046569824219,0.04731597751379013,905.0076293945312,79.60606384277344,0.03933103382587433,750.8709106445312,142.28782653808594,0.04949698597192764,900.4332275390625,129.95947265625,0.03988469019532204,912.124755859375,81.88348388671875,0.8528316617012024,859.9226684570312,78.17367553710938,0.8355674147605896,968.7225952148438,472.2950134277344,0.9819822311401367,772.8577880859375,461.13751220703125,0.9774854183197021,1234.3699951171875,738.1838989257812,0.987373411655426,748.3510131835938,811.624755859375,0.9860249161720276
659,21966,817.5919799804688,93.21883392333984,0.004384336061775684,823.5340576171875,74.0343017578125,0.005872045643627644,810.7095336914062,79.77021789550781,0.002576479222625494,856.2869262695312,60.88153839111328,0.011442122049629688,819.9501342773438,69.02881622314453,0.0025407145731151104,862.4397583007812,38.68702697753906,0.010848519392311573,838.7627563476562,16.553558349609375,0.007326952647417784,799.1094970703125,89.329833984375,0.039947062730789185,844.8515625,93.50981140136719,0.02834620140492916,759.72802734375,147.5244598388672,0.0413878969848156,791.70947265625,160.7943878173828,0.03049302287399769,900.8875732421875,85.42735290527344,0.8132025003433228,840.8628540039062,82.63407897949219,0.7846937775611877,938.0801391601562,490.8113708496094,0.9759324789047241,780.9683227539062,472.94915771484375,0.9693301320075989,1223.2955322265625,720.6697998046875,0.9839664101600647,785.28076171875,815.78857421875,0.9820556044578552
660,22000,809.9039306640625,93.13135528564453,0.0032130677718669176,812.8699951171875,77.9161148071289,0.004346589557826519,805.46728515625,85.07066345214844,0.001821964979171753,841.4613647460938,59.099212646484375,0.012148663401603699,824.29931640625,69.67508697509766,0.002449421677738428,839.7059936523438,21.409515380859375,0.013306121341884136,851.135009765625,4.2769775390625,0.007731220219284296,763.1188354492188,54.51557922363281,0.050399232655763626,852.7256469726562,71.32731628417969,0.029286658391356468,725.7179565429688,140.49911499023438,0.045975230634212494,790.38818359375,153.69557189941406,0.029641341418027878,884.4071044921875,99.92088317871094,0.8466973900794983,851.1109008789062,97.70970153808594,0.8112018704414368,896.3115234375,497.3199462890625,0.9771559238433838,788.1377563476562,479.041748046875,0.969626247882843,1196.19287109375,713.9188842773438,0.9842873811721802,819.389892578125,818.236083984375,0.9819554686546326
661,22033,815.3388061523438,100.92434692382812,0.0029108619783073664,817.5791015625,86.83003234863281,0.0039807516150176525,808.2517700195312,97.05054473876953,0.0017000773223116994,845.8890380859375,65.65216827392578,0.013896536082029343,825.8616943359375,83.45100402832031,0.0028319477569311857,843.5010375976562,25.430191040039062,0.01671658828854561,857.6620483398438,12.360855102539062,0.010698207654058933,793.4859619140625,56.77656555175781,0.05277170613408089,827.0755615234375,80.5880126953125,0.03465644270181656,780.017822265625,155.42477416992188,0.04233909770846367,760.4020385742188,179.4029541015625,0.03074672631919384,886.3775024414062,119.21420288085938,0.8626407980918884,869.968505859375,118.71784973144531,0.8345359563827515,838.524169921875,498.8810119628906,0.9742714762687683,785.8861083984375,490.210693359375,0.9672217965126038,1157.7509765625,712.4136352539062,0.9823393225669861,859.1387329101562,823.88671875,0.9796590805053711
662,22066,835.9239501953125,93.02412414550781,0.002604592125862837,832.1017456054688,79.65422058105469,0.0029511223547160625,830.1832275390625,91.44934844970703,0.0016648363089188933,844.0872802734375,59.135101318359375,0.016809280961751938,856.0752563476562,79.76687622070312,0.005332913249731064,825.4362182617188,21.855056762695312,0.03123536705970764,912.5819702148438,4.5026092529296875,0.027819354087114334,812.7083740234375,61.2509765625,0.06848332285881042,851.566650390625,88.24617004394531,0.06711504608392715,819.7280883789062,163.34454345703125,0.04194442182779312,774.2151489257812,186.7081298828125,0.04417867958545685,883.2308959960938,124.00762939453125,0.9019040465354919,931.327880859375,122.94886779785156,0.8930106163024902,792.6288452148438,491.47406005859375,0.9732081890106201,807.8125,502.8974304199219,0.9707534909248352,1091.2679443359375,694.5099487304688,0.9802069067955017,883.2268676757812,833.3106079101562,0.9774249792098999
663,22100,793.9088745117188,95.19859313964844,0.001697832951322198,789.9252319335938,78.45002746582031,0.0021583542693406343,795.9569091796875,93.76995849609375,0.001033912063576281,808.8741455078125,56.86647033691406,0.022266587242484093,847.6121215820312,81.13968658447266,0.00579815125092864,802.93310546875,14.412551879882812,0.02921379543840885,926.0303344726562,0.0,0.035732440650463104,802.134765625,46.520416259765625,0.051658932119607925,923.2276611328125,67.53712463378906,0.07812748104333878,832.59033203125,155.11158752441406,0.028240446001291275,903.26904296875,154.01316833496094,0.03801156207919121,884.0271606445312,130.69085693359375,0.8995484113693237,953.1174926757812,129.04661560058594,0.9091113805770874,780.08056640625,487.6806335449219,0.973501980304718,811.3412475585938,484.70855712890625,0.9745790362358093,1022.2884521484375,722.9401245117188,0.9759860634803772,906.8694458007812,807.8558959960938,0.9757853150367737
664,22133,778.6787109375,98.94978332519531,0.0011187060736119747,777.1549072265625,82.19796752929688,0.001497300574555993,781.3511962890625,101.58515167236328,0.000648725253995508,808.1622314453125,60.38191223144531,0.027626723051071167,842.3152465820312,91.11238861083984,0.005998436361551285,807.5634765625,11.857063293457031,0.03920319676399231,933.3272705078125,1.4918975830078125,0.04360883682966232,793.471435546875,35.22514343261719,0.05831756815314293,944.498291015625,66.71651458740234,0.078057661652565,799.9796142578125,150.25721740722656,0.026611069217324257,910.7428588867188,159.90390014648438,0.033107273280620575,882.6185913085938,127.47594451904297,0.895613431930542,963.1762084960938,127.84563446044922,0.9018456339836121,753.1228637695312,472.5450439453125,0.9645479321479797,851.64501953125,495.49212646484375,0.9643570184707642,965.4078369140625,744.00390625,0.9619196653366089,948.3045654296875,806.045654296875,0.9595174193382263
665,22166,778.8831176757812,98.02134704589844,0.001444556168280542,780.1316528320312,78.72351837158203,0.0019773016683757305,780.7131958007812,98.01876068115234,0.0008526063757017255,816.0565795898438,57.812095642089844,0.021717524155974388,835.3941650390625,88.97584533691406,0.004996204748749733,826.7144775390625,14.414497375488281,0.024895532056689262,916.3941650390625,8.826393127441406,0.027036668732762337,822.5213623046875,53.73493194580078,0.04300546646118164,930.96533203125,74.26602172851562,0.05655037239193916,820.1812133789062,173.73831176757812,0.027713550254702568,879.5465698242188,175.00196838378906,0.03463985398411751,887.074951171875,121.86479187011719,0.8872750401496887,954.4462280273438,122.47615814208984,0.8910892605781555,727.2874145507812,455.69696044921875,0.9769157767295837,874.5714721679688,493.45184326171875,0.9765798449516296,887.6958618164062,779.063232421875,0.9815638065338135,1019.4849243164062,836.7249755859375,0.9791694283485413
666,22200,783.2144775390625,86.4880142211914,0.002061085309833288,782.5932006835938,64.6820297241211,0.0026447237469255924,781.6173706054688,83.68933868408203,0.0009363112621940672,823.55712890625,44.340179443359375,0.02195899933576584,843.0144653320312,77.06451416015625,0.003994138445705175,842.6885375976562,9.997238159179688,0.03025249019265175,923.0020751953125,12.433456420898438,0.02343336120247841,835.9424438476562,61.78981018066406,0.06319674849510193,928.0153198242188,82.42149353027344,0.050718437880277634,830.9443359375,161.8312225341797,0.0532333105802536,860.8299560546875,161.95079040527344,0.04357067868113518,893.8638305664062,109.6728515625,0.8831853270530701,965.6016235351562,113.51339721679688,0.8650358319282532,717.6498413085938,435.3079833984375,0.981525182723999,917.85302734375,499.2510070800781,0.9761303067207336,806.7471923828125,808.204833984375,0.9855388402938843,1068.3917236328125,828.6984252929688,0.980465292930603
667,22233,809.0812377929688,88.35397338867188,0.002116949064657092,806.6847534179688,66.48136138916016,0.002652071649208665,806.196533203125,81.8191909790039,0.0010693840449675918,838.1806640625,45.978607177734375,0.02193460240960121,862.12353515625,72.11201477050781,0.004339340142905712,844.8792114257812,7.123626708984375,0.03360768035054207,924.5718383789062,10.07354736328125,0.01989700458943844,839.190185546875,58.227996826171875,0.06362118571996689,929.0914916992188,67.48759460449219,0.04263501241803169,857.165283203125,149.8531036376953,0.05047627165913582,871.9695434570312,143.6766357421875,0.039342403411865234,889.3401489257812,103.03294372558594,0.8928635716438293,964.2205810546875,109.39833068847656,0.8605166673660278,734.0123901367188,437.4832763671875,0.9833115339279175,948.1531372070312,492.63372802734375,0.9755398631095886,732.6648559570312,808.8512573242188,0.9863330721855164,1109.2244873046875,803.1029663085938,0.9806489944458008
668,22266,820.5355834960938,87.81083679199219,0.0017933094641193748,816.4644165039062,65.74296569824219,0.002049117349088192,819.8457641601562,76.65287017822266,0.0008500657277181745,837.1160888671875,48.089080810546875,0.01619708724319935,876.2415771484375,65.1005859375,0.003479430451989174,839.1659545898438,12.692825317382812,0.02775673381984234,935.907958984375,10.998001098632812,0.014559750445187092,833.9534912109375,67.94869995117188,0.0711875706911087,937.7261352539062,66.0611572265625,0.04025925323367119,854.3170166015625,149.99285888671875,0.07098647952079773,872.9033203125,136.9116668701172,0.04773053899407387,887.9971313476562,93.85565185546875,0.8971711993217468,977.3263549804688,96.75723266601562,0.8582626581192017,754.1138305664062,450.00274658203125,0.9873732924461365,984.1447143554688,482.8050842285156,0.9798934459686279,673.3714599609375,819.6926879882812,0.9886422753334045,1151.5924072265625,789.6793823242188,0.9835852384567261
669,22300,823.8887939453125,87.67778778076172,0.001991854514926672,822.41259765625,66.11661529541016,0.0021772708278149366,821.3657836914062,73.5256576538086,0.0009313243790529668,841.0545654296875,51.575408935546875,0.013530511409044266,865.57568359375,61.83233642578125,0.0030627150554209948,845.8008422851562,15.9759521484375,0.02244737185537815,908.5673828125,14.294265747070312,0.012358144856989384,830.529052734375,69.62498474121094,0.0683736726641655,892.0692138671875,67.09524536132812,0.03959691897034645,850.3474731445312,129.5819091796875,0.0816483423113823,823.05029296875,120.80612182617188,0.056126318871974945,897.4634399414062,83.56288146972656,0.8841598629951477,967.9539184570312,85.50627136230469,0.8441228270530701,761.88330078125,444.8063049316406,0.987537682056427,998.77880859375,465.2427062988281,0.9802725911140442,657.160888671875,811.9066772460938,0.9884954690933228,1180.8160400390625,775.4361572265625,0.9838975071907043
670,22333,829.9633178710938,86.49179077148438,0.00284000625833869,829.9896850585938,66.06944274902344,0.0028034013230353594,827.0322875976562,74.34793853759766,0.0011697107693180442,849.4237670898438,52.5966796875,0.009277584962546825,862.0216064453125,65.1002197265625,0.0021016872487962246,854.4603881835938,9.8173828125,0.016895465552806854,893.5296020507812,10.60565185546875,0.009257852099835873,829.092041015625,48.86814880371094,0.09625265747308731,856.53515625,49.25202941894531,0.05176491662859917,818.964111328125,81.21981811523438,0.17497749626636505,804.604248046875,67.18203735351562,0.11699376255273819,898.5886840820312,74.06291198730469,0.8848698735237122,954.2941284179688,77.5330810546875,0.8397961854934692,765.7135620117188,445.2127990722656,0.9895691275596619,1003.1389770507812,466.5347900390625,0.9824407696723938,671.4010620117188,813.7130126953125,0.9898734092712402,1202.130859375,763.7357177734375,0.9853488802909851
671,22366,802.0164184570312,80.12356567382812,0.0017099847318604589,806.1368408203125,58.79493713378906,0.0023063800763338804,808.73095703125,74.92140197753906,0.0008379470673389733,833.1456909179688,44.36018371582031,0.016898419708013535,858.72021484375,68.8646469116211,0.002897901926189661,837.3323364257812,0.0,0.015955766662955284,913.76220703125,0.0,0.01311980839818716,826.5509643554688,33.81163787841797,0.054651133716106415,894.0513305664062,35.37432861328125,0.044386010617017746,837.2620239257812,98.98944854736328,0.06898080557584763,827.9310302734375,87.02698516845703,0.05582266300916672,888.1614990234375,76.27498626708984,0.8492072224617004,967.29931640625,77.13457489013672,0.8302929401397705,760.493408203125,444.60308837890625,0.9796894788742065,982.7245483398438,450.9158020019531,0.9734708070755005,716.3128051757812,808.370361328125,0.9750481247901917,1208.707763671875,743.5127563476562,0.9696523547172546
672,22400,789.5856323242188,81.32254028320312,0.0027286792173981667,795.6815795898438,57.83390808105469,0.003828018670901656,794.1834106445312,75.86030578613281,0.001545340521261096,824.8588256835938,42.94347381591797,0.021359071135520935,836.9974365234375,71.3628158569336,0.004293613135814667,827.1233520507812,0.0,0.015310055576264858,886.7586059570312,0.394775390625,0.015164786949753761,815.107177734375,40.44200134277344,0.03959584981203079,862.7586059570312,48.81836700439453,0.040006186813116074,820.84228515625,136.62933349609375,0.04842401668429375,802.5082397460938,123.24066925048828,0.04731151834130287,884.9925537109375,80.12052154541016,0.8184913396835327,948.5912475585938,81.51239776611328,0.8097954392433167,761.0868530273438,458.31884765625,0.9758244752883911,950.886474609375,457.3830261230469,0.9699190855026245,754.4813232421875,820.644287109375,0.9732152223587036,1207.8028564453125,722.7456665039062,0.9688935875892639
673,22433,799.340576171875,92.80169677734375,0.002173955552279949,798.43212890625,72.68714904785156,0.0027667388785630465,802.08251953125,87.20887756347656,0.0010672396747395396,825.0210571289062,51.55535888671875,0.015224496833980083,849.1536254882812,75.9224853515625,0.0025796082336455584,817.2239379882812,2.8889923095703125,0.01496852096170187,899.077392578125,0.0,0.013311644084751606,795.4779663085938,43.037841796875,0.04647748917341232,891.8529052734375,45.52482604980469,0.04856732487678528,805.07470703125,107.78073120117188,0.05473953112959862,817.465576171875,85.50251770019531,0.06214652955532074,876.1024169921875,93.05836486816406,0.8690473437309265,938.78125,94.02099609375,0.8533630967140198,776.9152221679688,464.3332214355469,0.985292375087738,914.3282470703125,479.14666748046875,0.9793216586112976,796.0144653320312,829.399658203125,0.9885025024414062,1176.863037109375,697.6165161132812,0.9855096936225891
674,22466,804.2474365234375,92.93778991699219,0.0018954554107040167,801.9697265625,74.45464324951172,0.002723807469010353,807.142822265625,88.01351165771484,0.0008770585991442204,828.8060302734375,52.873992919921875,0.017727188766002655,853.2801513671875,76.75254821777344,0.002268404234200716,825.7727661132812,9.624343872070312,0.018946422263979912,899.772216796875,0.0,0.012133296579122543,808.5097045898438,54.88746643066406,0.05736304819583893,911.0606689453125,57.5650634765625,0.03966169059276581,809.505615234375,135.28216552734375,0.05619179084897041,848.562255859375,118.02415466308594,0.04638247191905975,880.2587280273438,112.17530822753906,0.9044612646102905,930.1970825195312,112.38230895996094,0.8744429349899292,779.6261596679688,473.30767822265625,0.9891614317893982,879.2157592773438,493.60760498046875,0.9815930724143982,826.1690063476562,847.0173950195312,0.9919151067733765,1146.303955078125,687.93310546875,0.9883757829666138
675,22500,790.5601196289062,84.51681518554688,0.0016126588452607393,790.9063110351562,64.47770690917969,0.0021605200599879026,798.5054321289062,83.24805450439453,0.0009109938400797546,818.4655151367188,43.576629638671875,0.020014595240354538,844.0640869140625,76.01483917236328,0.004149081651121378,821.4950561523438,8.280120849609375,0.018778691068291664,897.6513671875,0.0,0.02570783533155918,820.5084228515625,63.51649475097656,0.04096774384379387,930.240234375,69.27655792236328,0.0673406571149826,833.6701049804688,160.7565460205078,0.03445129469037056,888.0591430664062,141.61680603027344,0.05143125355243683,884.0650634765625,123.01249694824219,0.8865270614624023,931.4767456054688,122.38579559326172,0.8930307030677795,782.4246826171875,478.9776306152344,0.9812647700309753,846.8699340820312,493.4050598144531,0.9776136875152588,851.4790649414062,842.457275390625,0.9831120371818542,1110.29638671875,693.298583984375,0.9800921678543091
676,22533,784.5943603515625,83.27220153808594,0.0014071185141801834,784.4558715820312,64.93975067138672,0.0020491164177656174,791.669921875,82.02067565917969,0.000757557456381619,812.7176513671875,42.99137878417969,0.023230046033859253,837.9949951171875,71.83838653564453,0.0038824216462671757,820.8609008789062,7.3952178955078125,0.024994708597660065,885.84619140625,0.0,0.025517195463180542,815.7244873046875,56.4173583984375,0.05271301791071892,893.096923828125,66.2640380859375,0.057921987026929855,830.96435546875,159.835205078125,0.035404786467552185,838.4701538085938,150.88180541992188,0.03785387799143791,887.9869995117188,132.92135620117188,0.9041659832000732,926.0504150390625,129.00645446777344,0.8992428779602051,790.033447265625,492.3080749511719,0.9813045263290405,834.3919067382812,489.5517883300781,0.9754844307899475,897.642578125,837.8655395507812,0.9812389612197876,1069.97509765625,707.4991455078125,0.9775111675262451
677,22566,751.1905517578125,62.23622131347656,0.0019847683142870665,754.3861083984375,45.234535217285156,0.0029460687655955553,753.6614379882812,64.44044494628906,0.0008410900481976569,797.4724731445312,32.1082763671875,0.030517466366291046,797.7720947265625,65.29962158203125,0.0035897865891456604,812.3031616210938,0.514984130859375,0.055524468421936035,841.615234375,0.0,0.02797939069569111,741.6861572265625,4.5725555419921875,0.13946950435638428,799.1173095703125,25.878524780273438,0.05948523432016373,780.865234375,23.228256225585938,0.08151000738143921,765.84130859375,47.62312316894531,0.039217423647642136,910.9673461914062,145.03790283203125,0.9445038437843323,913.1738891601562,138.52317810058594,0.9192284941673279,809.83251953125,506.0627136230469,0.9871684312820435,777.262939453125,470.0973815917969,0.9765698313713074,949.4745483398438,835.8601684570312,0.9830506443977356,1019.4867553710938,709.1484375,0.9766178131103516
678,22600,696.9686279296875,28.182037353515625,0.0070577203296124935,704.0202026367188,8.631065368652344,0.009916468523442745,700.5538940429688,28.400413513183594,0.0021898867562413216,767.8926391601562,4.926612854003906,0.05552823469042778,759.5951538085938,37.16432189941406,0.004019258543848991,818.8109130859375,0.0,0.07939653843641281,835.5791015625,0.0,0.053524717688560486,773.0526123046875,8.697555541992188,0.17939524352550507,840.557373046875,22.582168579101562,0.12024107575416565,777.2879028320312,9.339797973632812,0.14710567891597748,770.3704833984375,15.603195190429688,0.0982220247387886,916.1705932617188,150.15289306640625,0.8914814591407776,899.7984008789062,140.50534057617188,0.8728545308113098,825.227783203125,506.5351867675781,0.9656426310539246,743.6758422851562,455.8125305175781,0.9503551125526428,994.5897216796875,837.9820556640625,0.938591480255127,917.33056640625,744.5859375,0.9325469136238098
679,22633,715.5646362304688,25.724441528320312,0.017222894355654716,721.164306640625,5.951911926269531,0.021044937893748283,716.880126953125,25.873992919921875,0.0054327137768268585,779.0773315429688,0.0,0.06706570088863373,763.9512329101562,30.843154907226562,0.005480774212628603,822.0051879882812,0.0,0.1161787286400795,832.1554565429688,0.0,0.08340392261743546,761.275634765625,12.280563354492188,0.2411935031414032,844.0809326171875,42.73816680908203,0.19426116347312927,789.8906860351562,18.789047241210938,0.22269980609416962,818.6697387695312,119.71060180664062,0.19059833884239197,932.6206665039062,159.19097900390625,0.9495208859443665,896.8789672851562,149.38043212890625,0.9412752985954285,885.2208251953125,504.0044860839844,0.98590487241745,730.46923828125,441.967529296875,0.9802626967430115,1056.732421875,841.4091796875,0.9759875535964966,879.1717529296875,730.8460693359375,0.9750168323516846
680,22666,774.9042358398438,80.8505630493164,0.0018674681195989251,780.1924438476562,64.82613372802734,0.002541051711887121,773.9200439453125,78.69580078125,0.000870414194650948,816.7943115234375,49.11625671386719,0.021162500604987144,797.3968505859375,73.70526123046875,0.0031164526008069515,838.0523681640625,6.993919372558594,0.04132279008626938,825.1917114257812,0.0,0.024327313527464867,757.7901000976562,9.86773681640625,0.12057118117809296,844.0645751953125,23.609664916992188,0.06515463441610336,808.7529296875,13.576904296875,0.0680403858423233,837.03515625,53.959991455078125,0.03497041016817093,926.9991455078125,142.7952117919922,0.9387077689170837,871.7430419921875,139.45904541015625,0.9220931529998779,913.9130859375,498.12908935546875,0.985127866268158,725.0765380859375,439.7230529785156,0.9765939712524414,1096.3148193359375,830.9815673828125,0.9774091243743896,796.50146484375,763.1332397460938,0.9755891561508179
681,22700,820.717529296875,92.76036071777344,0.0024083892349153757,824.0579223632812,76.20808410644531,0.0028285859152674675,816.1799926757812,84.68360137939453,0.0012126247165724635,858.9970092773438,56.94062805175781,0.014002639800310135,833.0436401367188,70.50636291503906,0.0028079464100301266,875.4717407226562,28.37274169921875,0.024787921458482742,864.6993408203125,9.11865234375,0.02026814967393875,809.3936157226562,78.54341125488281,0.07822640240192413,902.1488037109375,73.99026489257812,0.0691554844379425,777.9197387695312,142.41110229492188,0.05689346417784691,890.998046875,155.8451385498047,0.045233216136693954,936.780029296875,127.7750244140625,0.9150906205177307,877.8961181640625,112.75428771972656,0.909375011920929,957.971435546875,496.2947692871094,0.9838134050369263,741.5825805664062,440.2740783691406,0.9794138073921204,1140.72216796875,820.233642578125,0.9822454452514648,717.8218994140625,781.3817749023438,0.9823920130729675
682,22733,831.2030639648438,80.91405487060547,0.0022715392988175154,832.3016967773438,66.53450775146484,0.002163500292226672,830.1478881835938,73.10142517089844,0.0011808667331933975,859.8370971679688,51.746337890625,0.00834999606013298,851.021484375,61.166542053222656,0.0025023797061294317,861.9146118164062,24.125839233398438,0.015518005937337875,892.0328979492188,5.412322998046875,0.018561506643891335,786.9786987304688,78.8682861328125,0.06436764448881149,965.9097290039062,69.6412353515625,0.09410073608160019,769.015869140625,131.49545288085938,0.060916490852832794,1004.8063354492188,122.09197998046875,0.06938984990119934,933.6815185546875,112.81594848632812,0.9120936989784241,891.1036376953125,101.30364990234375,0.920251727104187,984.2574462890625,480.8459777832031,0.9864272475242615,757.788818359375,443.2536926269531,0.9854444861412048,1172.86083984375,798.9847412109375,0.9864535927772522,670.5031127929688,782.4166259765625,0.9877316355705261
683,22766,835.50390625,79.74236297607422,0.0029262322932481766,836.0286865234375,66.09981536865234,0.0029811658896505833,833.7198486328125,71.33992767333984,0.001563291298225522,860.2463989257812,55.00836181640625,0.007889535278081894,849.3081665039062,62.034645080566406,0.002336261561140418,862.82080078125,32.34892272949219,0.01256675273180008,881.4666137695312,10.059356689453125,0.012363506481051445,792.7930297851562,85.38519287109375,0.05727868527173996,945.517822265625,65.60284423828125,0.0646631196141243,771.639404296875,128.58082580566406,0.06003107503056526,957.895751953125,111.95498657226562,0.05635375902056694,929.7973022460938,97.8515625,0.8948336243629456,880.0067138671875,88.38230895996094,0.8954048156738281,993.2259521484375,472.2271728515625,0.986809253692627,767.8566284179688,443.4324645996094,0.9846070408821106,1203.3880615234375,775.4009399414062,0.9887974858283997,670.9707641601562,780.310546875,0.9890763759613037
684,22800,837.3378295898438,75.7719497680664,0.003460504813119769,838.025390625,60.627159118652344,0.0038372615817934275,834.77734375,66.48262023925781,0.0018400861881673336,862.2147216796875,50.07966613769531,0.009026505053043365,848.888671875,58.677154541015625,0.002383893122896552,861.4215698242188,32.18440246582031,0.0130353644490242,876.909912109375,9.452362060546875,0.010159150697290897,776.0213012695312,88.28018188476562,0.05861426517367363,917.4127807617188,70.064208984375,0.04658115655183792,732.6234741210938,134.6433563232422,0.06032342463731766,903.9078369140625,128.07920837402344,0.04410617798566818,923.1068115234375,92.00537109375,0.8809635639190674,872.691650390625,83.46757507324219,0.8684053421020508,985.2576293945312,467.153076171875,0.9860098361968994,767.4619140625,438.2714538574219,0.9814775586128235,1223.8018798828125,761.496826171875,0.9888775944709778,689.503662109375,767.794921875,0.9881879687309265
685,22833,829.4143676757812,87.37586975097656,0.004050564020872116,831.4194946289062,69.46039581298828,0.0050490801222622395,824.5809326171875,75.58065032958984,0.002110266126692295,860.6209716796875,58.055328369140625,0.009990292601287365,839.1718139648438,66.86176300048828,0.0021009522024542093,865.2258911132812,41.60700988769531,0.011486612260341644,866.6654663085938,14.787094116210938,0.00788300670683384,796.6256103515625,100.75401306152344,0.05238749086856842,890.98779296875,85.98651123046875,0.03662547841668129,762.70703125,147.9268341064453,0.05926944315433502,859.7118530273438,153.61688232421875,0.04046650975942612,917.151123046875,85.64744567871094,0.8489119410514832,864.7077026367188,77.66166687011719,0.8253341317176819,960.6893920898438,474.01007080078125,0.9824995994567871,766.4722900390625,447.8084411621094,0.9765598177909851,1226.98193359375,741.1683349609375,0.9874107241630554,729.873779296875,789.9149780273438,0.9859462380409241
686,22866,853.6573486328125,71.59449005126953,0.008728060871362686,859.1372680664062,52.03285217285156,0.010423028841614723,848.0486450195312,62.071380615234375,0.006184191443026066,882.99169921875,43.833274841308594,0.01975095272064209,849.00146484375,58.863304138183594,0.007174921687692404,865.8557739257812,21.919212341308594,0.030145028606057167,864.9666137695312,5.5653533935546875,0.012927924282848835,813.9375610351562,60.23689270019531,0.07647327333688736,857.288818359375,49.503822326660156,0.03191292658448219,807.3385620117188,118.29277038574219,0.06467051804065704,866.82861328125,129.81619262695312,0.031827956438064575,901.5648803710938,105.62306213378906,0.8152486681938171,858.8893432617188,99.44718933105469,0.749126672744751,924.682861328125,479.0294494628906,0.9588531255722046,782.0302734375,462.1450500488281,0.9403041005134583,1208.1390380859375,731.6326904296875,0.9550873637199402,770.9939575195312,798.2655639648438,0.9440043568611145
687,22900,822.184814453125,88.06404876708984,0.002897423692047596,824.6328735351562,73.92709350585938,0.0036294367164373398,818.9452514648438,80.53182220458984,0.0016475163865834475,853.9940795898438,59.0042724609375,0.010382511653006077,842.3152465820312,67.55998992919922,0.0023340287152677774,845.62060546875,24.686050415039062,0.0112222358584404,881.8284301757812,0.0,0.008370762690901756,785.90625,56.334503173828125,0.044224418699741364,918.94921875,47.28996276855469,0.03833199292421341,774.5513916015625,121.05583190917969,0.04478079825639725,932.4410400390625,81.94111633300781,0.03640958294272423,883.6998291015625,88.72187805175781,0.8354551792144775,864.8212890625,83.67970275878906,0.8180335760116577,890.3771362304688,496.8297119140625,0.975279688835144,793.32958984375,478.2389221191406,0.9708889722824097,1204.357177734375,720.3964233398438,0.9820373058319092,805.9046630859375,819.6607055664062,0.9810949563980103
688,22933,825.7412109375,95.70256805419922,0.0022442725021392107,821.5713500976562,86.26384735107422,0.0020734111312776804,825.9671630859375,95.145263671875,0.0012469295179471374,841.6408081054688,67.94226837158203,0.008740611374378204,870.8319091796875,80.3880844116211,0.002883514855057001,824.3589477539062,20.565948486328125,0.013792217709124088,945.0318603515625,0.0,0.024049265310168266,791.739990234375,32.610992431640625,0.05670700967311859,988.346435546875,25.614120483398438,0.14088866114616394,827.9165649414062,107.48149108886719,0.06106292083859444,985.4037475585938,84.22705078125,0.11785990744829178,877.19482421875,124.13539123535156,0.8955667614936829,920.4725341796875,115.64501953125,0.9191807508468628,834.561279296875,500.5731201171875,0.9767113924026489,795.713623046875,482.9898376464844,0.9815592169761658,1161.8179931640625,701.9215698242188,0.9808207750320435,837.2779541015625,818.569580078125,0.98406583070755
689,22966,800.2465209960938,91.84403228759766,0.004858154803514481,800.7034301757812,75.09015655517578,0.00492729851976037,801.7576904296875,89.71412658691406,0.0024798621889203787,829.1241455078125,53.78473663330078,0.01599201373755932,843.5130615234375,77.8824234008789,0.004871557932347059,833.833740234375,6.5876312255859375,0.02816629968583584,913.406494140625,0.0,0.03556410223245621,831.8340454101562,39.100868225097656,0.11603846400976181,949.4033813476562,37.24369812011719,0.161428764462471,822.1844482421875,141.6561737060547,0.13629285991191864,907.9849243164062,123.50232696533203,0.1605653017759323,900.7554931640625,137.2939910888672,0.9036111235618591,928.21435546875,141.0274658203125,0.9127016663551331,802.78125,480.1231384277344,0.9721915125846863,794.8077392578125,483.198486328125,0.9727229475975037,1094.0562744140625,700.2057495117188,0.9648435115814209,865.0455322265625,809.0819702148438,0.9649410843849182
690,23000,811.6690063476562,79.89537048339844,0.0021609487012028694,808.4046020507812,67.14527893066406,0.0022938125766813755,813.2896728515625,83.08504486083984,0.0011196229606866837,828.8526000976562,48.31452941894531,0.020209357142448425,865.2404174804688,74.12997436523438,0.005185674410313368,811.6624755859375,8.962623596191406,0.05176108703017235,957.2313232421875,0.0,0.04335553199052811,776.118408203125,16.914321899414062,0.14045223593711853,1001.0374755859375,32.12590026855469,0.14149442315101624,823.9569091796875,50.96434020996094,0.09705737233161926,994.872802734375,96.23066711425781,0.09928349405527115,893.270751953125,152.44699096679688,0.9439408779144287,965.621337890625,144.30926513671875,0.93919837474823,756.9176635742188,493.9389343261719,0.9798374772071838,787.6847534179688,483.38616943359375,0.9781572222709656,1045.310546875,702.572265625,0.9791067838668823,902.3175659179688,797.2247924804688,0.9772821664810181
691,23033,745.3013305664062,35.40728759765625,0.007509184069931507,747.7233276367188,17.95806884765625,0.0076719303615391254,749.4972534179688,37.831787109375,0.0028312462382018566,796.5148315429688,13.631973266601562,0.04390520602464676,826.6776123046875,44.02210235595703,0.008833249099552631,810.8826293945312,6.5542144775390625,0.09470009803771973,942.1550903320312,0.0,0.09732521325349808,796.8740844726562,14.638458251953125,0.18391481041908264,918.526611328125,44.631248474121094,0.19661757349967957,807.513671875,27.859222412109375,0.1496211439371109,829.1942749023438,51.48143005371094,0.1548563539981842,904.4119262695312,147.25355529785156,0.8876721262931824,985.832763671875,140.59579467773438,0.8885175585746765,746.740234375,480.23602294921875,0.9577600955963135,814.6153564453125,482.21502685546875,0.9521902799606323,956.5220947265625,767.4515991210938,0.9361287951469421,931.4773559570312,781.562255859375,0.9290491938591003
692,23066,747.5941772460938,34.96014404296875,0.018889877945184708,750.0304565429688,13.502586364746094,0.021487431600689888,748.6890258789062,37.0352783203125,0.006603498477488756,806.9846801757812,5.832206726074219,0.06494075059890747,828.6024169921875,43.91249084472656,0.009289969690144062,827.2679443359375,4.550193786621094,0.15029409527778625,934.7743530273438,0.0,0.0905974730849266,796.724853515625,12.61468505859375,0.26813599467277527,867.5178833007812,32.07124328613281,0.17178896069526672,797.2443237304688,16.320877075195312,0.24062900245189667,804.5977172851562,22.5399169921875,0.1878659427165985,911.75537109375,157.68919372558594,0.9477814435958862,992.2357177734375,153.862060546875,0.930068850517273,689.4959716796875,456.67181396484375,0.985668420791626,832.9740600585938,495.67852783203125,0.9801355600357056,896.0181884765625,760.9649047851562,0.9848661422729492,998.1002197265625,820.3134155273438,0.9789013266563416
693,23100,787.6058959960938,70.98527526855469,0.0027007674798369408,789.923583984375,54.17003631591797,0.002890266478061676,787.6695556640625,76.51597595214844,0.0010026800446212292,839.0469970703125,38.18682861328125,0.01637836918234825,849.4706420898438,76.94989013671875,0.003235635580495,852.1491088867188,1.2681655883789062,0.0464312843978405,932.1846923828125,0.0,0.02985360473394394,792.8707275390625,6.03021240234375,0.18933546543121338,874.7920532226562,22.44085693359375,0.11542248725891113,801.59619140625,10.271438598632812,0.18708959221839905,813.6831665039062,27.677627563476562,0.12938138842582703,912.2279663085938,141.6084747314453,0.9377933144569397,979.1314086914062,142.9684295654297,0.9188534021377563,686.8796997070312,438.3860168457031,0.9862406849861145,878.5167846679688,500.11083984375,0.9807267785072327,834.1758422851562,752.4415283203125,0.9860003590583801,1033.8143310546875,823.9722290039062,0.979221522808075
694,23133,800.529052734375,95.13125610351562,0.0011661795433610678,799.7073364257812,75.90042114257812,0.0016184047563001513,803.030517578125,97.13081359863281,0.0005734044825658202,837.8970336914062,54.532196044921875,0.024060696363449097,870.9556274414062,90.90435791015625,0.003912520594894886,844.3759155273438,3.88787841796875,0.04562358930706978,948.0723876953125,4.501556396484375,0.026617830619215965,797.5380249023438,18.416519165039062,0.09125548601150513,905.6973266601562,41.040916442871094,0.05657225474715233,799.1190185546875,60.022705078125,0.04948291927576065,817.5606689453125,64.33396911621094,0.03929900750517845,914.1983642578125,137.86917114257812,0.9251896739006042,1004.439208984375,144.5811767578125,0.9009591341018677,685.7514038085938,427.40728759765625,0.9820446968078613,905.7224731445312,496.2432861328125,0.9739952087402344,754.5448608398438,776.2567749023438,0.983635663986206,1093.430908203125,812.9364624023438,0.9753678441047668
695,23166,815.9285888671875,92.82481384277344,0.0015511238016188145,810.9611206054688,73.35381317138672,0.0017341913189738989,816.3299560546875,88.28015899658203,0.0006481801392510533,841.3388671875,49.69633483886719,0.020354244858026505,885.564208984375,74.71202087402344,0.0036072602961212397,848.7431030273438,1.3263702392578125,0.04303222522139549,956.0712890625,3.9730224609375,0.02955872379243374,815.6962890625,46.53355407714844,0.09834039211273193,965.7872924804688,59.903045654296875,0.07608861476182938,802.1824951171875,143.3972625732422,0.07624436914920807,879.5234985351562,134.12974548339844,0.06996136903762817,907.7439575195312,121.14820861816406,0.9358034133911133,1001.0336303710938,129.091552734375,0.9196105003356934,711.9711303710938,434.7682800292969,0.9886577725410461,959.7288818359375,504.14276123046875,0.9837058782577515,680.2189331054688,803.0020751953125,0.9893348813056946,1134.6806640625,799.8272705078125,0.9846392869949341
696,23200,833.417236328125,101.40584564208984,0.0007799181039445102,830.907958984375,81.66705322265625,0.0008320433553308249,840.7915649414062,96.27566528320312,0.00038029361166991293,854.7645874023438,60.29534912109375,0.01096202153712511,908.7652587890625,82.86575317382812,0.002423421014100313,852.5194702148438,5.192962646484375,0.016046935692429543,982.206298828125,1.3696517944335938,0.019509214907884598,846.8640747070312,45.72631072998047,0.049028430134058,1014.0151977539062,33.2314453125,0.09004808217287064,878.9500732421875,116.16609191894531,0.0513034388422966,986.846923828125,81.34291076660156,0.09071648120880127,896.1427001953125,112.16029357910156,0.9220999479293823,1007.2485961914062,118.86927795410156,0.9261797070503235,729.0458984375,447.9073791503906,0.9888315200805664,991.0131225585938,497.6487121582031,0.9880971908569336,613.9701538085938,801.1228637695312,0.9891096353530884,1177.1356201171875,789.299560546875,0.9872241020202637
697,23233,835.9254150390625,87.00322723388672,0.001624315045773983,834.12841796875,66.75457763671875,0.001692709163762629,837.034423828125,76.97229766845703,0.000715443107765168,855.8005981445312,49.505950927734375,0.012944034300744534,888.4209594726562,66.18058776855469,0.0028757313266396523,867.0179443359375,7.233489990234375,0.02442246302962303,933.1067504882812,13.36029052734375,0.015524541959166527,853.2466430664062,63.39939880371094,0.07445136457681656,953.3291015625,61.9002685546875,0.053655099123716354,862.1185913085938,139.4409942626953,0.08455219864845276,916.3760375976562,118.86717224121094,0.06935764849185944,909.1942749023438,98.20541381835938,0.9163210988044739,982.9398803710938,108.01753234863281,0.8914187550544739,740.0684814453125,435.4742431640625,0.9904390573501587,1015.2164306640625,490.8547668457031,0.9853408932685852,622.705078125,808.6207275390625,0.9912592768669128,1208.730224609375,772.5886840820312,0.9872980117797852
698,23266,832.7990112304688,91.4923095703125,0.0017448131693527102,828.7002563476562,71.15618133544922,0.001821697922423482,834.9116821289062,81.7162857055664,0.0006368791800923645,846.051513671875,53.01214599609375,0.01020546443760395,890.4959106445312,69.24851989746094,0.0017681336030364037,848.7606811523438,2.45416259765625,0.023292087018489838,938.2293090820312,4.87554931640625,0.009203650057315826,820.1343994140625,43.795623779296875,0.13409927487373352,906.1881103515625,50.89274597167969,0.04750123247504234,801.185302734375,118.25331115722656,0.19603052735328674,823.809814453125,117.05557250976562,0.09592023491859436,898.0780029296875,90.61349487304688,0.9299732446670532,988.0862426757812,94.6505126953125,0.8847326040267944,748.3404541015625,452.7276306152344,0.9932646751403809,1016.2501831054688,482.2165832519531,0.9866456985473633,640.0931396484375,817.3284912109375,0.9932034015655518,1216.1671142578125,765.9354858398438,0.988810658454895
699,23300,812.4470825195312,86.06517791748047,0.0017300985055044293,814.3235473632812,67.4421157836914,0.00210365722887218,823.4547729492188,83.02462768554688,0.0005938253016211092,840.4874877929688,49.44891357421875,0.013298660516738892,884.7485961914062,72.07086181640625,0.001680209650658071,841.3983764648438,0.0,0.022976234555244446,947.3912353515625,0.0,0.010191376321017742,823.0325317382812,11.792861938476562,0.16472645103931427,923.3197631835938,24.511276245117188,0.058106664568185806,813.1024169921875,81.27326202392578,0.26309704780578613,833.2802734375,87.1607894897461,0.11452982574701309,887.8335571289062,92.94010162353516,0.9149801731109619,987.0452270507812,91.26514434814453,0.8700300455093384,748.6677856445312,462.7153015136719,0.9888035655021667,1001.5668334960938,461.4762268066406,0.9795771837234497,692.2318115234375,820.9832763671875,0.9817259907722473,1229.0438232421875,742.482666015625,0.973042368888855
700,23333,826.3859252929688,93.83150482177734,0.0023380827624350786,824.1912841796875,75.80289459228516,0.002805003896355629,829.9318237304688,87.13465118408203,0.0008783072698861361,849.10546875,57.623931884765625,0.013933521695435047,880.43505859375,76.30059814453125,0.001826380961574614,847.2291870117188,11.066299438476562,0.020628707483410835,921.0247802734375,7.8029022216796875,0.010643674992024899,817.1380004882812,37.574066162109375,0.100579634308815,910.2918701171875,38.56787109375,0.04962467402219772,815.6168212890625,80.63818359375,0.14407671988010406,827.744384765625,69.55842590332031,0.08870044350624084,883.717041015625,95.70899963378906,0.9102375507354736,949.9603881835938,97.23170471191406,0.8687553405761719,766.7001953125,459.0708923339844,0.9908763766288757,968.53955078125,483.7449951171875,0.9830328822135925,728.9692993164062,833.1800537109375,0.9912182688713074,1214.7967529296875,711.5469360351562,0.986642599105835
701,23366,801.779296875,81.48383331298828,0.0021987713407725096,801.810791015625,62.62042236328125,0.002306064125150442,811.5255126953125,79.1876220703125,0.0007185924332588911,830.6737670898438,41.49382781982422,0.010194324888288975,868.8508911132812,69.00581359863281,0.0015104637714102864,830.2691040039062,0.0,0.018148358911275864,934.3474731445312,0.0,0.013958945870399475,808.720458984375,21.510086059570312,0.15599557757377625,918.501220703125,27.648971557617188,0.10824775695800781,813.4370727539062,81.32322692871094,0.28498324751853943,820.5611572265625,81.26902770996094,0.21885767579078674,886.3112182617188,112.62794494628906,0.9173887968063354,965.5645751953125,109.11708068847656,0.8953512907028198,774.5848999023438,466.70391845703125,0.9893313646316528,921.446044921875,475.83673095703125,0.9826169610023499,756.18994140625,835.1273803710938,0.9866226315498352,1189.2696533203125,688.996826171875,0.980932354927063
702,23400,794.8650512695312,84.99664306640625,0.003228636458516121,795.070556640625,65.6352310180664,0.004285362549126148,799.579345703125,80.07316589355469,0.0011849546572193503,829.384521484375,45.782684326171875,0.02337861806154251,849.103271484375,71.23287963867188,0.0026590151246637106,840.2021484375,3.9818572998046875,0.0282547976821661,898.5740356445312,0.0,0.020432420074939728,820.8709716796875,43.21604919433594,0.09559986740350723,903.7659301757812,51.32130432128906,0.06310232728719711,823.405029296875,114.0201416015625,0.11197488009929657,837.2684326171875,95.18531799316406,0.07707296311855316,892.885498046875,114.60072326660156,0.9086644053459167,937.5133666992188,114.00100708007812,0.8836789727210999,769.968994140625,469.0864562988281,0.988453209400177,886.2367553710938,490.7670593261719,0.9803262948989868,786.7568359375,848.5693359375,0.9887326955795288,1140.2607421875,678.3848876953125,0.9838814735412598
703,23433,797.3438110351562,85.63970947265625,0.0034971830900758505,797.751953125,66.05026245117188,0.004823107272386551,800.09716796875,82.09691619873047,0.0014972591307014227,833.2274780273438,45.94940185546875,0.027548033744096756,838.7963256835938,76.1227798461914,0.0036806538701057434,850.0953979492188,9.820266723632812,0.029494978487491608,877.4229736328125,4.0663604736328125,0.026173343881964684,837.12255859375,61.35520935058594,0.06914930045604706,907.9443969726562,75.873779296875,0.06180065870285034,825.6586303710938,158.4641876220703,0.06710547208786011,868.22265625,143.90931701660156,0.059842728078365326,901.9423828125,112.38272094726562,0.904938817024231,919.0565185546875,115.67106628417969,0.8887668251991272,770.1830444335938,465.8163146972656,0.9869375824928284,846.5839233398438,503.6761169433594,0.9795845746994019,820.7018432617188,849.3709716796875,0.9887226819992065,1099.8211669921875,686.7771606445312,0.9841155409812927
704,23466,797.0694580078125,79.79674530029297,0.0032546219881623983,796.7001953125,60.6317138671875,0.004174143075942993,797.7855834960938,76.42437744140625,0.001455782214179635,830.4515991210938,39.23213195800781,0.024301771074533463,835.4247436523438,67.72782897949219,0.004120789002627134,849.6266479492188,3.7495880126953125,0.03538939729332924,873.9965209960938,0.0,0.030635347589850426,834.0577392578125,59.10150146484375,0.08773565292358398,863.3984985351562,74.3818359375,0.07146357744932175,813.7914428710938,157.52430725097656,0.07556654512882233,779.9777221679688,153.97398376464844,0.06402410566806793,909.5478515625,111.97274780273438,0.9171237349510193,924.9679565429688,111.11618041992188,0.9027774333953857,784.1912841796875,476.0080261230469,0.9865092635154724,842.7396240234375,500.5097351074219,0.9793983697891235,875.2124633789062,840.72509765625,0.987034261226654,1053.774169921875,714.3924560546875,0.9823266863822937
705,23500,781.5271606445312,83.77487182617188,0.0014976655365899205,785.9449462890625,62.791831970214844,0.002300719730556011,779.4880981445312,83.14544677734375,0.0007510314462706447,829.1099853515625,43.34834289550781,0.023202979937195778,807.5487670898438,80.36249542236328,0.003184114582836628,851.315185546875,9.046005249023438,0.02754499390721321,837.3021850585938,0.0,0.024123916402459145,800.168701171875,27.517913818359375,0.06403210014104843,818.896240234375,50.83051300048828,0.05692974478006363,822.5792236328125,100.88960266113281,0.04054143279790878,786.8521728515625,130.35055541992188,0.036649663001298904,931.3368530273438,134.61236572265625,0.9045398235321045,905.3897705078125,129.12022399902344,0.8933077454566956,809.4474487304688,490.9701232910156,0.978935182094574,750.6122436523438,464.3697509765625,0.9700554609298706,920.7462768554688,841.1414794921875,0.9770491719245911,998.6600341796875,710.4559326171875,0.9721192121505737
706,23533,774.1974487304688,87.73562622070312,0.0016635432839393616,782.6489868164062,66.98368835449219,0.0023402615915983915,768.3779907226562,86.747314453125,0.0007788233342580497,832.455322265625,50.866539001464844,0.017495248466730118,786.85693359375,86.25105285644531,0.0024482859298586845,870.057373046875,14.364418029785156,0.023981504142284393,816.3744506835938,3.4658432006835938,0.020177166908979416,801.630859375,17.02496337890625,0.08128660917282104,817.1226196289062,24.839813232421875,0.07069029659032822,817.013671875,26.521041870117188,0.06584291160106659,803.4028930664062,45.061981201171875,0.0540018230676651,944.05517578125,128.03395080566406,0.8694924116134644,881.578125,120.11560821533203,0.8585109114646912,830.2333984375,497.7742614746094,0.9673609733581543,732.1962280273438,451.54315185546875,0.9561454057693481,961.3262329101562,843.1275024414062,0.9539096355438232,891.195556640625,754.9151000976562,0.9502617120742798
707,23566,774.600830078125,77.83493041992188,0.0030318002682179213,782.9263916015625,60.366668701171875,0.0032694705296307802,771.6903686523438,76.50865173339844,0.0011973970104008913,828.8919677734375,45.95599365234375,0.015527845360338688,792.3045654296875,74.19863891601562,0.0026498567312955856,858.3929443359375,9.02032470703125,0.037567220628261566,818.855224609375,0.0,0.03126249834895134,770.7537231445312,11.303924560546875,0.17348191142082214,791.4119262695312,19.557174682617188,0.142026886343956,815.902099609375,14.568695068359375,0.1739266961812973,808.9050903320312,25.445388793945312,0.129521906375885,948.3356323242188,144.85379028320312,0.9334670305252075,884.7061157226562,134.3517303466797,0.92581707239151,868.0523681640625,508.261962890625,0.9844081997871399,715.1624145507812,431.89947509765625,0.9777076840400696,1008.2471923828125,848.93701171875,0.9719557762145996,825.4063720703125,742.6201782226562,0.9715718626976013
708,23600,746.0767822265625,52.874542236328125,0.004372423980385065,756.0599365234375,36.1600341796875,0.005114396568387747,743.916259765625,51.6602783203125,0.001762768835760653,809.7551879882812,27.91351318359375,0.025627948343753815,770.30810546875,54.413108825683594,0.0037638237699866295,859.8139038085938,5.2493133544921875,0.04913175478577614,806.3093872070312,0.36115264892578125,0.046483978629112244,779.7902221679688,9.911270141601562,0.13409140706062317,787.2640380859375,13.293594360351562,0.13145436346530914,800.2211303710938,9.956497192382812,0.09877453744411469,795.1338500976562,9.066925048828125,0.08249359577894211,956.6530151367188,149.1990203857422,0.9351568222045898,879.7918090820312,140.12930297851562,0.9354482889175415,899.530517578125,506.0419921875,0.9842506647109985,712.2171020507812,430.7282409667969,0.9801803827285767,1071.28271484375,845.7586669921875,0.9725301265716553,763.7765502929688,773.4552612304688,0.9753085374832153
709,23633,821.240478515625,78.94196319580078,0.003037499962374568,827.1463623046875,66.10029602050781,0.003129355376586318,814.4429321289062,74.42829895019531,0.0012602054048329592,865.7996215820312,50.354736328125,0.010690432973206043,825.2443237304688,63.013572692871094,0.0020478570368140936,878.3692016601562,10.451339721679688,0.029451711103320122,848.3435668945312,0.0,0.01899806596338749,798.4345703125,14.054718017578125,0.15898767113685608,824.7509765625,17.360549926757812,0.09464626759290695,800.8251342773438,28.494186401367188,0.14797188341617584,800.5210571289062,26.731430053710938,0.08200027793645859,952.538818359375,138.25387573242188,0.9423427581787109,882.2505493164062,121.66177368164062,0.9289225339889526,942.885009765625,511.1219787597656,0.9887918829917908,729.188232421875,439.4314270019531,0.9830597639083862,1121.8704833984375,839.7504272460938,0.9840003848075867,685.455078125,789.3904418945312,0.9830273389816284
710,23666,823.1226806640625,90.37934875488281,0.0023667621426284313,827.1231689453125,76.19380187988281,0.0024398083332926035,818.7953491210938,83.33299255371094,0.0011745452648028731,861.3719482421875,57.23822021484375,0.010339699685573578,832.4517211914062,68.24027252197266,0.002603579079732299,874.8192138671875,25.098175048828125,0.02186952345073223,864.8389892578125,8.097152709960938,0.021404284983873367,774.3682250976562,69.228515625,0.08596018701791763,879.99560546875,64.8101806640625,0.08547049015760422,700.99609375,130.828125,0.06385023146867752,835.4055786132812,140.33628845214844,0.05678236111998558,953.045654296875,133.68045043945312,0.9301377534866333,886.9671020507812,118.51872253417969,0.9309360384941101,986.0733032226562,496.5121765136719,0.9872093200683594,739.9319458007812,446.3701477050781,0.9845560789108276,1167.4095458984375,822.2682495117188,0.9852462410926819,644.72705078125,789.148681640625,0.9859679937362671
711,23700,817.3546752929688,86.22042846679688,0.0030060703866183758,821.5418701171875,70.04729461669922,0.0025985899847000837,816.1019897460938,75.16500091552734,0.0014635510742664337,851.1112670898438,56.962738037109375,0.006712053436785936,832.6551513671875,63.31645202636719,0.002337399870157242,863.9544677734375,23.709823608398438,0.01048224326223135,871.4533081054688,15.6295166015625,0.020387399941682816,813.3272094726562,82.83036804199219,0.04924096539616585,956.149658203125,69.07136535644531,0.12015397101640701,809.9813232421875,143.830810546875,0.06030697748064995,1008.8370361328125,119.28506469726562,0.09313301742076874,947.1333618164062,114.67167663574219,0.8897510766983032,887.760009765625,113.35221862792969,0.919815719127655,1003.2249755859375,481.3406982421875,0.9852380156517029,747.9148559570312,446.1732177734375,0.9867542386054993,1199.35693359375,809.3463134765625,0.9847754836082458,642.860107421875,788.2013549804688,0.9888520836830139
712,23733,832.5857543945312,84.67874908447266,0.0029753295239061117,833.8797607421875,70.38143920898438,0.0026929215528070927,830.2692260742188,76.94242858886719,0.0016234995564445853,858.9695434570312,58.1685791015625,0.006814533844590187,842.18798828125,68.72216033935547,0.002569192089140415,861.4404296875,31.028091430664062,0.013323761522769928,874.4149169921875,15.49383544921875,0.015401894226670265,785.01220703125,79.05747985839844,0.06383314728736877,954.533447265625,73.93556213378906,0.08776355534791946,758.91796875,125.05801391601562,0.06673416495323181,999.48779296875,123.75901794433594,0.07348262518644333,935.6799926757812,106.20332336425781,0.9072355031967163,876.5211791992188,100.55410766601562,0.9133973121643066,1009.9476928710938,470.82989501953125,0.987074613571167,752.5372924804688,449.32098388671875,0.9857935309410095,1223.0439453125,782.2264404296875,0.9882998466491699,653.8312377929688,788.9269409179688,0.9888976216316223
713,23766,822.577880859375,91.2231674194336,0.0034895851276814938,825.8589477539062,72.9547119140625,0.004388599190860987,817.4481811523438,80.0650405883789,0.0017215153202414513,858.1840209960938,60.964210510253906,0.008868244476616383,826.9905395507812,72.40653991699219,0.001712627476081252,869.6962890625,41.37922668457031,0.011256160214543343,844.8986206054688,18.191116333007812,0.0072273858822882175,774.3794555664062,92.17501831054688,0.059917889535427094,869.7685546875,80.05485534667969,0.037030186504125595,703.9674072265625,131.31092834472656,0.06446684896945953,825.3760986328125,137.9468536376953,0.0410795696079731,932.10205078125,94.52499389648438,0.8770637512207031,854.4490966796875,88.39956665039062,0.8528617024421692,991.2927856445312,472.64532470703125,0.9863443374633789,746.9443359375,451.5367126464844,0.9806582927703857,1236.166015625,762.3677368164062,0.9899128675460815,700.8275756835938,797.5437622070312,0.9883650541305542
714,23800,820.981201171875,92.33564758300781,0.003601609030738473,824.8770141601562,73.77076721191406,0.0047923484817147255,814.7103881835938,80.23477935791016,0.0019268785836175084,857.4085693359375,62.91162872314453,0.009922022931277752,824.5931396484375,72.66194915771484,0.0019339745631441474,865.3211059570312,43.665435791015625,0.010765761137008667,845.0404052734375,17.393508911132812,0.0067732748575508595,796.9711303710938,92.75839233398438,0.04731220752000809,876.771240234375,83.25892639160156,0.03117292746901512,770.009765625,142.001220703125,0.04953698813915253,862.9810180664062,139.4267120361328,0.03294879570603371,914.5762939453125,88.18547058105469,0.8513851761817932,846.8212890625,83.36018371582031,0.8224982619285583,958.383056640625,481.2919921875,0.9823499917984009,755.157470703125,464.9608459472656,0.9762276411056519,1229.325439453125,738.2645874023438,0.9879459142684937,732.3508911132812,812.2891845703125,0.9860126376152039
715,23833,816.0309448242188,91.4634017944336,0.003777714679017663,819.9219360351562,74.29827117919922,0.004980546422302723,809.79052734375,80.75839233398438,0.002183331176638603,851.1934814453125,61.00410461425781,0.010752301663160324,822.3825073242188,70.1905517578125,0.0023722448386251926,855.2261352539062,36.131011962890625,0.01094779372215271,846.4788818359375,11.232467651367188,0.007259185425937176,794.239013671875,81.34437561035156,0.04236244037747383,863.6627197265625,78.65020751953125,0.029911868274211884,773.7813720703125,144.2256317138672,0.043481796979904175,838.541015625,145.9807891845703,0.030777236446738243,896.3040771484375,90.10894775390625,0.832391619682312,844.552001953125,84.04719543457031,0.8057931661605835,919.0875244140625,497.2071838378906,0.9783082604408264,768.7379150390625,469.9999694824219,0.9721862077713013,1217.3616943359375,730.6497192382812,0.9849853515625,773.6817626953125,812.9688720703125,0.983481228351593
716,23866,811.1240844726562,91.481689453125,0.0030498537234961987,813.4407958984375,77.56839752197266,0.004190744366496801,806.6571044921875,84.87055206298828,0.0016707581235095859,843.6156616210938,60.286354064941406,0.012350563891232014,830.303466796875,70.75996398925781,0.0023069693706929684,841.238037109375,24.719100952148438,0.013719060458242893,864.1320190429688,7.04754638671875,0.007703881245106459,764.1005859375,53.955780029296875,0.05346006155014038,839.2833251953125,74.02377319335938,0.028498556464910507,718.8490600585938,135.65505981445312,0.048563405871391296,762.5938110351562,155.7238311767578,0.029070546850562096,881.42529296875,106.27427673339844,0.8433617353439331,860.5015869140625,100.26754760742188,0.8040768504142761,860.6870727539062,499.21380615234375,0.9756242036819458,778.1973266601562,477.0002136230469,0.967025637626648,1175.2291259765625,715.997314453125,0.9831090569496155,807.5165405273438,821.3441162109375,0.9803873896598816
717,23900,822.4185791015625,100.40018463134766,0.002652196679264307,819.7740478515625,88.35992431640625,0.0031558251939713955,817.0665893554688,98.98967742919922,0.0014988481998443604,836.8628540039062,66.03913879394531,0.013558435253798962,842.9368896484375,83.85601043701172,0.0032419576309621334,824.1734619140625,18.107208251953125,0.023528967052698135,890.4305419921875,3.2975006103515625,0.01648043654859066,789.4107666015625,48.25483703613281,0.07866878062486649,822.2267456054688,75.67597961425781,0.05534382164478302,786.39990234375,148.73858642578125,0.06026947870850563,729.269775390625,165.9146270751953,0.04714825376868248,881.0462036132812,119.50296020507812,0.8955334424972534,907.60205078125,118.28933715820312,0.8737274408340454,806.0518798828125,494.11761474609375,0.9753730297088623,794.8907470703125,501.703125,0.9696337580680847,1105.24267578125,692.0861206054688,0.981497049331665,838.7825317382812,829.1385498046875,0.9778236150741577
718,23933,786.2008666992188,94.5838623046875,0.0020811902359128,785.704833984375,77.57395935058594,0.0027130325324833393,784.7164306640625,93.23675537109375,0.0012442967854440212,811.0635375976562,57.443824768066406,0.020932041108608246,823.0986328125,83.37400817871094,0.004998429212719202,813.2437744140625,16.106781005859375,0.026096303015947342,885.6033325195312,0.0,0.034260768443346024,789.3475341796875,46.6856689453125,0.051267269998788834,841.3275756835938,73.46344757080078,0.08057098835706711,792.4644165039062,148.75343322753906,0.028703372925519943,745.9552001953125,164.2048797607422,0.043452780693769455,896.8375854492188,129.0229034423828,0.9025324583053589,930.8434448242188,129.1089630126953,0.9138594269752502,789.1289672851562,482.57867431640625,0.9756136536598206,789.4906005859375,486.26824951171875,0.9768474102020264,1020.6113891601562,713.0279541015625,0.9792363047599792,867.2752075195312,809.9657592773438,0.978871762752533
719,23966,775.7115478515625,88.94709777832031,0.0034891143441200256,774.1944580078125,70.787109375,0.003365949960425496,778.3812255859375,90.25648498535156,0.0013075678143650293,811.6084594726562,51.23773956298828,0.01701004058122635,842.5777587890625,82.67271423339844,0.003574287286028266,815.6212158203125,15.026092529296875,0.039970602840185165,939.49951171875,0.0,0.0440603569149971,790.7738037109375,25.895599365234375,0.18627610802650452,892.681884765625,43.31659698486328,0.20896749198436737,793.454833984375,34.91065979003906,0.22535930573940277,804.2058715820312,41.657318115234375,0.24155157804489136,889.7335205078125,126.64823913574219,0.8666210174560547,963.4307250976562,116.98480224609375,0.8674083352088928,757.9802856445312,477.7804260253906,0.9569949507713318,803.716064453125,466.710205078125,0.9501094222068787,932.9606323242188,779.9415893554688,0.9307323694229126,915.195068359375,761.4054565429688,0.9239673614501953
720,24000,778.568115234375,72.56954956054688,0.005188137758523226,776.4700927734375,55.30613708496094,0.004593492951244116,775.0173950195312,75.24781036376953,0.0017149149207398295,817.5194702148438,40.99310302734375,0.01531444862484932,836.3525390625,75.00926971435547,0.0035276194103062153,820.1990356445312,6.2167510986328125,0.05796172842383385,922.2740478515625,0.0,0.03773981332778931,773.646240234375,10.002182006835938,0.27990028262138367,857.2273559570312,39.09425354003906,0.1675894856452942,770.0394287109375,16.15960693359375,0.3324982821941376,786.5625,29.173873901367188,0.2295074164867401,899.2882690429688,130.73204040527344,0.9384242296218872,972.2194213867188,130.05130004882812,0.9176222681999207,707.0010986328125,457.4257507324219,0.9871187210083008,842.2703247070312,503.41754150390625,0.980735719203949,885.6221923828125,782.364501953125,0.9854223728179932,968.196044921875,836.0921630859375,0.9786804914474487
721,24033,790.67138671875,78.87771606445312,0.0039034157525748014,789.9871826171875,60.50177764892578,0.0037551780696958303,785.5948486328125,81.47472381591797,0.001282458659261465,835.9613037109375,43.961334228515625,0.013538775965571404,843.108642578125,80.70243072509766,0.0028272601775825024,837.637451171875,1.35479736328125,0.055294327437877655,905.8309936523438,0.0,0.023417675867676735,763.0059204101562,3.24481201171875,0.28387945890426636,812.7413330078125,22.939544677734375,0.10693198442459106,810.8624267578125,22.208175659179688,0.33621299266815186,803.0181884765625,19.714736938476562,0.16052070260047913,905.3912353515625,128.28359985351562,0.940113365650177,963.9169921875,131.0144805908203,0.9013258218765259,691.2833862304688,435.6050720214844,0.9889879822731018,858.8990478515625,494.34942626953125,0.9798454642295837,798.6731567382812,783.9334716796875,0.9885706305503845,1003.7647705078125,833.90185546875,0.9803549647331238
722,24066,794.4976196289062,107.5586929321289,0.0020161401480436325,794.3167114257812,82.63199615478516,0.0030305536929517984,800.6986694335938,105.88282012939453,0.001079276786185801,835.2891235351562,60.450965881347656,0.030590785667300224,876.7857666015625,97.88809967041016,0.005067611113190651,846.7562866210938,2.1263809204101562,0.04186444357037544,952.9589233398438,12.335311889648438,0.024679847061634064,811.2470092773438,45.32508087158203,0.07917795330286026,914.8211059570312,72.96487426757812,0.05074917525053024,802.6668701171875,164.31765747070312,0.05421992763876915,817.523681640625,175.6172332763672,0.04327359050512314,910.7877197265625,126.4698257446289,0.8807461857795715,999.938232421875,133.92393493652344,0.8474427461624146,690.1587524414062,437.8343811035156,0.9721958041191101,880.2161865234375,490.7339172363281,0.9602885246276855,716.6773071289062,799.5010986328125,0.9696884751319885,1059.097412109375,817.572509765625,0.9563665986061096
723,24100,803.5836791992188,88.56797790527344,0.002622377360239625,798.1190185546875,64.2832260131836,0.00278897094540298,799.8709716796875,80.39517974853516,0.0010990430600941181,828.32373046875,45.149688720703125,0.018556183204054832,867.1278686523438,71.61962127685547,0.0038599150720983744,831.2970581054688,0.0,0.042446501553058624,937.7245483398438,0.1769256591796875,0.022195909172296524,800.6581420898438,18.395050048828125,0.11956655979156494,910.2041015625,44.62559509277344,0.06467249244451523,841.6697387695312,74.68812561035156,0.1159004271030426,818.669677734375,93.77032470703125,0.07899574190378189,905.3152465820312,113.25054931640625,0.9200435876846313,996.5623168945312,121.61851501464844,0.8856114149093628,707.3480224609375,443.94580078125,0.9878033995628357,928.9493408203125,497.51837158203125,0.9796428084373474,640.6527099609375,815.0462036132812,0.9880997538566589,1101.2320556640625,810.3718872070312,0.9813816547393799
724,24133,822.593505859375,92.18673706054688,0.001719887019135058,817.5613403320312,68.59963989257812,0.0018517482094466686,821.8244018554688,81.0095443725586,0.0007576787611469626,844.005126953125,50.0899658203125,0.015505166724324226,887.5858154296875,70.20199584960938,0.003291302127763629,850.9667358398438,3.9475250244140625,0.02863249182701111,948.6185913085938,11.949462890625,0.01797911897301674,822.5902099609375,55.91404724121094,0.0760628953576088,947.9884643554688,73.56761169433594,0.0548577755689621,830.076416015625,149.70620727539062,0.0769319161772728,879.4261474609375,153.40045166015625,0.06594125926494598,902.2948608398438,104.25938415527344,0.9154163599014282,992.3174438476562,112.8885498046875,0.8905627727508545,718.1110229492188,442.3171691894531,0.9894139766693115,972.3310546875,494.20294189453125,0.9842065572738647,596.5953369140625,804.693603515625,0.9906958341598511,1143.6063232421875,799.9857788085938,0.9864919781684875
725,24166,832.8336181640625,90.70426940917969,0.0015132755506783724,827.3956298828125,69.61683654785156,0.0015238747000694275,833.7528076171875,79.42570495605469,0.0006561113987118006,846.6663208007812,52.229095458984375,0.013195664621889591,896.3800048828125,67.06040954589844,0.0030795945785939693,849.443115234375,4.6654815673828125,0.028929775580763817,953.1311645507812,8.377349853515625,0.01655424013733864,825.2603759765625,56.373321533203125,0.0908358097076416,954.580322265625,60.32139587402344,0.056966010481119156,830.347412109375,140.6264190673828,0.09889056533575058,894.58154296875,133.9504852294922,0.07414641231298447,895.4866943359375,96.46939086914062,0.9196059703826904,992.437744140625,102.85610961914062,0.8908108472824097,728.99560546875,438.6393127441406,0.9899086952209473,1000.6235961914062,482.7755126953125,0.9841736555099487,594.4783325195312,798.5037231445312,0.9903040528297424,1174.618408203125,783.4683837890625,0.9857237935066223
726,24200,823.7935791015625,84.8232192993164,0.0015560337342321873,818.5836791992188,62.94202423095703,0.001628161990083754,825.3768310546875,71.78215026855469,0.0006830992642790079,833.9486083984375,49.58514404296875,0.012804403901100159,885.5834350585938,61.95066833496094,0.0028487741947174072,838.6675415039062,9.425949096679688,0.024740036576986313,941.088134765625,9.209609985351562,0.013189011253416538,823.2189331054688,62.20454406738281,0.08117332309484482,942.9876708984375,58.243927001953125,0.04596357420086861,828.3381958007812,133.84918212890625,0.09438851475715637,876.114990234375,125.16307067871094,0.06489895284175873,889.6116943359375,88.95506286621094,0.914340615272522,986.7471313476562,92.75285339355469,0.8811414837837219,740.2816772460938,441.7570495605469,0.9909098744392395,1011.627197265625,474.1541748046875,0.9853057265281677,614.8478393554688,801.0994873046875,0.9916901588439941,1197.606689453125,771.0305786132812,0.9878509640693665
727,24233,820.7221069335938,83.03011322021484,0.00194366869982332,817.6842041015625,64.09858703613281,0.0020268827211111784,822.0853881835938,72.92168426513672,0.0007502896478399634,834.586181640625,49.07835388183594,0.01194373145699501,875.3148193359375,61.38116455078125,0.002140415133908391,832.9421997070312,6.5270233154296875,0.024555101990699768,923.1370849609375,6.088714599609375,0.01138636190444231,794.2445068359375,49.094879150390625,0.11730959266424179,880.8680419921875,58.8541259765625,0.04926438629627228,772.5671997070312,101.47869873046875,0.16085267066955566,769.8724975585938,121.20039367675781,0.09002898633480072,880.95361328125,86.21127319335938,0.91423100233078,970.250244140625,87.43959045410156,0.8701014518737793,746.0728759765625,443.5725402832031,0.9908652901649475,1008.218994140625,468.3501892089844,0.9833697080612183,669.8480224609375,805.0134887695312,0.9907308220863342,1206.9508056640625,755.2120971679688,0.9858189821243286
728,24266,799.9988403320312,82.1407699584961,0.002018447034060955,801.3953247070312,62.29559326171875,0.0022375239059329033,808.8468017578125,78.21762084960938,0.0008705718209967017,823.8821411132812,46.566123962402344,0.011670360341668129,863.7454833984375,70.33973693847656,0.0022259014658629894,821.7173461914062,0.0,0.013087822124361992,923.6148071289062,0.0,0.015002433210611343,806.1822509765625,22.608123779296875,0.07356636971235275,882.1320190429688,24.384613037109375,0.08648945391178131,814.8856811523438,74.47613525390625,0.13304777443408966,803.2213134765625,59.512046813964844,0.14654389023780823,876.960205078125,83.16840362548828,0.8671916723251343,972.8120727539062,81.80664825439453,0.8666337132453918,746.5120239257812,452.6818542480469,0.9829977750778198,982.8959350585938,454.3735656738281,0.9797919988632202,717.4696655273438,816.8479614257812,0.9765787124633789,1216.223876953125,735.0236206054688,0.9735373258590698
729,24300,820.3053588867188,95.19756317138672,0.0026929229497909546,820.7990112304688,75.1519546508789,0.003241416998207569,820.6875610351562,85.84329986572266,0.0012618376640602946,843.5161743164062,57.164337158203125,0.014913774095475674,859.9740600585938,74.27851867675781,0.0027270761784166098,832.4925537109375,14.273162841796875,0.01804700866341591,900.5476684570312,7.8794403076171875,0.011587248183786869,805.2515258789062,54.08711242675781,0.06294084340333939,888.4246215820312,46.44282531738281,0.04204827919602394,812.2212524414062,99.02915954589844,0.0820058286190033,813.9179077148438,75.46861267089844,0.0636187270283699,871.985107421875,88.978271484375,0.8816242218017578,933.063720703125,88.86630249023438,0.846341073513031,770.140869140625,462.62713623046875,0.9882251024246216,951.0437622070312,476.7356872558594,0.9806164503097534,749.463134765625,830.31591796875,0.9898871779441833,1194.016845703125,703.9440307617188,0.9860178232192993
730,24333,787.3006591796875,81.3141860961914,0.001592547632753849,789.0855712890625,60.736541748046875,0.0022395027335733175,796.113525390625,76.6318359375,0.0007676894892938435,814.830322265625,41.622711181640625,0.016751321032643318,846.4999389648438,67.24456787109375,0.0026076347567141056,810.9628295898438,0.0,0.014541557058691978,904.2365112304688,0.0,0.01274170819669962,779.6881713867188,44.73577880859375,0.049799542874097824,894.4012451171875,44.14453125,0.042785122990608215,763.9674072265625,128.3188018798828,0.056178007274866104,801.3843383789062,115.58951568603516,0.05049701780080795,869.4556274414062,100.25614929199219,0.8587208390235901,940.82177734375,96.92156982421875,0.8399010896682739,768.2493896484375,462.406982421875,0.9823095202445984,905.4314575195312,469.78436279296875,0.9745153784751892,779.4611206054688,835.1372680664062,0.9839921593666077,1166.6610107421875,694.4954833984375,0.9789871573448181
731,24366,781.4176635742188,80.44734191894531,0.003920882474631071,780.891357421875,61.489288330078125,0.005153138190507889,783.3678588867188,77.1448974609375,0.0014270520769059658,814.3400268554688,40.17828369140625,0.020912963896989822,828.360595703125,68.33770751953125,0.00254992232657969,826.3613891601562,0.0,0.03002539463341236,878.1612548828125,0.0,0.016412651166319847,800.6262817382812,32.60980224609375,0.1256111115217209,860.56787109375,55.29405212402344,0.05529656261205673,774.1594848632812,116.23832702636719,0.15609532594680786,771.482666015625,124.965087890625,0.08198504149913788,887.7367553710938,109.36752319335938,0.9118711352348328,928.0076904296875,109.01518249511719,0.8717502951622009,756.2604370117188,469.919677734375,0.9891485571861267,870.9193725585938,490.8113098144531,0.9788922071456909,815.1722412109375,843.0679321289062,0.989701509475708,1119.2261962890625,692.0989379882812,0.9837487936019897
732,24400,771.4482421875,79.60901641845703,0.0032086875289678574,768.6396484375,61.26862335205078,0.004253178834915161,774.9254150390625,76.36280822753906,0.0013971944572404027,797.4290771484375,41.168060302734375,0.026960263028740883,823.0719604492188,67.63645935058594,0.003915537614375353,812.1163940429688,10.623779296875,0.03242328390479088,872.4335327148438,0.0,0.030535703524947166,804.9974365234375,68.64436340332031,0.0755956843495369,865.2349243164062,80.6656494140625,0.07115273922681808,784.4074096679688,166.61782836914062,0.06697586178779602,775.6913452148438,160.2989959716797,0.0649624839425087,882.6158447265625,122.32054138183594,0.9081658124923706,923.7872924804688,119.85035705566406,0.8983191847801208,766.4159545898438,477.8493347167969,0.9858686923980713,845.8475341796875,492.8676452636719,0.9799122214317322,854.9485473632812,842.7445678710938,0.9871473908424377,1070.2642822265625,713.2095336914062,0.9836032390594482
733,24433,769.4030151367188,76.1648941040039,0.00178049027454108,769.7735595703125,60.13645935058594,0.002502232324331999,774.26953125,77.02233123779297,0.0008285873918794096,797.3523559570312,40.63494873046875,0.02284776233136654,820.1268310546875,68.23617553710938,0.0035419680643826723,798.6893920898438,0.0,0.041935887187719345,871.4705200195312,0.0,0.020446136593818665,764.7620239257812,10.913726806640625,0.12524865567684174,835.1422119140625,21.8272705078125,0.05205250158905983,805.4500732421875,32.109832763671875,0.08584688603878021,804.5183715820312,48.4442138671875,0.040437016636133194,887.7123413085938,129.4305877685547,0.9366208910942078,930.5457153320312,123.20013427734375,0.9067573547363281,784.37548828125,500.8319396972656,0.987823486328125,837.6538696289062,481.7212829589844,0.9782932996749878,899.1465454101562,832.2195434570312,0.9852275848388672,1029.4053955078125,731.6320190429688,0.9791579842567444
734,24466,767.9134521484375,86.27680969238281,0.0018834639340639114,776.606689453125,67.5023193359375,0.0028504841029644012,770.2472534179688,86.57847595214844,0.0007988772122189403,831.7494506835938,52.44767761230469,0.019855519756674767,811.739013671875,82.8241195678711,0.002179516013711691,861.2010498046875,2.662078857421875,0.026555955410003662,850.2943725585938,0.0,0.01740586943924427,772.32861328125,11.776679992675781,0.11850772053003311,807.590576171875,20.639671325683594,0.07014497369527817,759.8479614257812,15.636611938476562,0.11647730320692062,757.9488525390625,24.412376403808594,0.07353154569864273,917.8847045898438,125.81884002685547,0.8177531957626343,894.3155517578125,117.65233612060547,0.7785588502883911,791.2717895507812,490.0856628417969,0.9417245388031006,755.6868896484375,463.9296569824219,0.9142417907714844,935.906982421875,834.6436767578125,0.8984007835388184,950.5360107421875,766.1332397460938,0.876292884349823
735,24500,785.4193725585938,66.42576599121094,0.0030472727958112955,791.1663818359375,51.48845672607422,0.0027315097395330667,787.2932739257812,67.73009490966797,0.000983610050752759,838.8109130859375,35.3060302734375,0.010835899040102959,820.181640625,64.64334869384766,0.001735532539896667,869.5731811523438,0.0,0.029430292546749115,862.080322265625,0.0,0.03976287692785263,785.1787719726562,15.071685791015625,0.23402276635169983,838.2982788085938,37.35191345214844,0.29482632875442505,709.5507202148438,9.226272583007812,0.3195740580558777,716.7410888671875,21.763092041015625,0.3672947585582733,910.6985473632812,156.0255126953125,0.9407750368118286,872.3697509765625,143.9611053466797,0.944948673248291,834.0000610351562,514.1124267578125,0.9843428134918213,720.345703125,458.914306640625,0.9809577465057373,988.0384521484375,836.4598999023438,0.9697031378746033,865.1213989257812,732.0538940429688,0.9704533219337463
736,24533,772.216064453125,55.11744689941406,0.004392968025058508,778.6441040039062,41.07398986816406,0.003801195416599512,772.4141235351562,55.125091552734375,0.0015720579540356994,823.16748046875,28.2191162109375,0.013217409141361713,803.2053833007812,53.42717742919922,0.0026587864849716425,855.5147705078125,0.0,0.03737576678395271,849.22412109375,0.0,0.05154385045170784,778.2003173828125,10.353195190429688,0.21174181997776031,832.219482421875,28.874771118164062,0.2879985570907593,743.6692504882812,6.4053955078125,0.25112730264663696,743.27197265625,20.059890747070312,0.29784709215164185,913.3388671875,161.9384002685547,0.9503859281539917,868.6956176757812,150.92733764648438,0.9560871124267578,866.86962890625,508.4004821777344,0.9876521825790405,710.3226928710938,442.8489074707031,0.9860090613365173,1034.9813232421875,834.980712890625,0.9773279428482056,786.2495727539062,762.9432373046875,0.9798392653465271
737,24566,812.4607543945312,85.41032409667969,0.003888428444042802,819.1021728515625,72.10274505615234,0.004088417161256075,804.1904296875,81.5482177734375,0.0016231037443503737,857.7999267578125,54.152435302734375,0.013410747982561588,811.8118896484375,69.5467300415039,0.002568734111264348,868.030517578125,14.410812377929688,0.0423806756734848,830.07373046875,3.2313079833984375,0.021038779988884926,793.523681640625,15.075759887695312,0.20552515983581543,798.004638671875,22.525863647460938,0.09222645312547684,801.0390625,25.982986450195312,0.18826571106910706,785.2344970703125,26.311019897460938,0.0855606347322464,926.1893920898438,147.4156036376953,0.9389134645462036,856.3181762695312,131.02601623535156,0.9141064882278442,906.9849853515625,509.1685485839844,0.9856561422348022,707.9197998046875,436.48370361328125,0.975923478603363,1089.03857421875,828.9227294921875,0.9788161516189575,715.4322509765625,779.4511108398438,0.9754289388656616
738,24600,810.9967041015625,90.69857025146484,0.0026100792456418276,814.23486328125,78.73109436035156,0.002559149172157049,806.094970703125,84.99478912353516,0.0013664762955158949,845.4051513671875,60.7313232421875,0.012321723625063896,817.5557250976562,69.80669403076172,0.0033744804095476866,856.86328125,24.717269897460938,0.029394110664725304,844.53515625,7.8525238037109375,0.02972140721976757,815.8247680664062,53.709136962890625,0.09024296700954437,904.9797973632812,53.710601806640625,0.10944829881191254,849.4993896484375,108.42178344726562,0.06480057537555695,961.4263916015625,111.28889465332031,0.06158518046140671,921.7288208007812,143.30799865722656,0.9340038299560547,859.2857666015625,127.33090209960938,0.9360573291778564,940.9395141601562,503.3470458984375,0.9845654368400574,717.6141357421875,441.9434814453125,0.9825102686882019,1132.8912353515625,814.9281005859375,0.980395495891571,659.3380737304688,780.806640625,0.9822244048118591
739,24633,800.7713012695312,86.25151062011719,0.002547122538089752,805.1621704101562,70.9958267211914,0.00252340966835618,800.2434692382812,76.10323333740234,0.0011078454554080963,836.201171875,55.064300537109375,0.009616746567189693,820.0138549804688,61.72698211669922,0.0021484328899532557,841.5440063476562,23.631683349609375,0.01607409305870533,860.6793823242188,10.44342041015625,0.020589275285601616,724.1017456054688,70.84542846679688,0.07576804608106613,927.1774291992188,68.13125610351562,0.1024482324719429,629.03564453125,134.57061767578125,0.07287668436765671,954.046142578125,120.04765319824219,0.07600708305835724,923.3724975585938,125.71092224121094,0.9176588654518127,870.337890625,118.78518676757812,0.9282384514808655,964.3494873046875,489.8922119140625,0.9876731038093567,725.8428955078125,442.4523010253906,0.9866774082183838,1170.7352294921875,800.8515625,0.986481785774231,640.9762573242188,787.1480712890625,0.98876953125
740,24666,802.0376586914062,86.58705139160156,0.0032756980508565903,805.7545166015625,70.49226379394531,0.0033968170173466206,800.396728515625,75.48829650878906,0.0016351076774299145,835.5780029296875,58.47491455078125,0.009261365048587322,817.2440185546875,64.8240737915039,0.0024643114302307367,845.3480224609375,32.460845947265625,0.012600654736161232,849.748779296875,18.632583618164062,0.017083242535591125,776.4813232421875,85.60208129882812,0.0500565730035305,908.7406005859375,71.76654052734375,0.07871846109628677,753.0516967773438,146.36810302734375,0.05066383257508278,917.0947875976562,123.42608642578125,0.058619577437639236,914.6775512695312,108.06898498535156,0.8949935436248779,855.6826782226562,104.33853149414062,0.9105430245399475,975.6923828125,476.45849609375,0.9863231182098389,728.6273803710938,440.0540771484375,0.985977292060852,1192.754638671875,781.2982177734375,0.9876652956008911,641.3021240234375,786.7598876953125,0.9897775053977966
741,24700,811.4679565429688,86.96715545654297,0.004154611844569445,814.4595336914062,71.79082489013672,0.004704135470092297,806.4276123046875,77.32308197021484,0.0022167556453496218,845.6155395507812,61.153221130371094,0.008968332782387733,815.7885131835938,69.19658660888672,0.0022931951098144054,855.3455810546875,43.102569580078125,0.013067862950265408,837.2554931640625,20.358444213867188,0.009776593185961246,786.0773315429688,91.52691650390625,0.05852629244327545,871.6736450195312,81.03140258789062,0.0459442101418972,757.5091552734375,136.45225524902344,0.06059258431196213,856.7152099609375,136.52078247070312,0.04445420578122139,913.015869140625,107.5081787109375,0.8886303901672363,840.4872436523438,98.11106872558594,0.874902606010437,968.5272216796875,472.6222229003906,0.9869229197502136,726.9371337890625,445.7796936035156,0.9828557372093201,1215.33056640625,759.6339721679688,0.9902257323265076,660.5396118164062,787.6648559570312,0.9893353581428528
742,24733,801.2230834960938,89.87720489501953,0.004330440890043974,805.3271484375,73.19480895996094,0.005618656054139137,794.9547729492188,79.4805679321289,0.002105100080370903,840.4096069335938,60.8309326171875,0.011466196738183498,807.2400512695312,69.92532348632812,0.002080610254779458,849.474853515625,39.58305358886719,0.016525525599718094,832.1671142578125,14.390533447265625,0.007703768089413643,756.509765625,84.01020812988281,0.07919567823410034,847.412841796875,80.48135375976562,0.03310079500079155,681.5533447265625,137.3188018798828,0.07699815928936005,809.90869140625,145.72572326660156,0.03670617192983627,902.4180908203125,101.12361145019531,0.8842076659202576,833.9183349609375,92.50822448730469,0.8417230844497681,944.5903930664062,483.0814208984375,0.9849315881729126,731.5872802734375,459.97247314453125,0.9765254855155945,1215.2640380859375,735.7417602539062,0.9885606169700623,700.8060302734375,800.4131469726562,0.9855502843856812
743,24766,775.3966064453125,92.63518524169922,0.0020567087922245264,778.77197265625,72.92166137695312,0.003074261825531721,775.0499877929688,82.32646179199219,0.001162801869213581,808.9404296875,61.445640563964844,0.010938875377178192,800.6863403320312,75.33306884765625,0.0018731766613200307,812.0196533203125,27.611915588378906,0.008050655014812946,837.2369995117188,4.717414855957031,0.00688216695562005,723.453857421875,63.57740020751953,0.034735433757305145,869.9575805664062,48.691795349121094,0.0331183485686779,661.6818237304688,139.28189086914062,0.033143628388643265,869.3767700195312,117.14813232421875,0.02944120578467846,873.5575561523438,87.41368103027344,0.8291910886764526,838.2938842773438,89.30607604980469,0.8244073987007141,904.9981079101562,489.31707763671875,0.9747487902641296,750.7256469726562,469.478515625,0.9714664816856384,1202.08447265625,710.6141967773438,0.9805428981781006,747.5008544921875,815.451416015625,0.9803416728973389
744,24800,781.0843505859375,93.09906005859375,0.001991847064346075,786.8990478515625,75.53274536132812,0.002817010972648859,779.9383544921875,85.14990234375,0.0011991731589660048,822.659423828125,62.442535400390625,0.010150134563446045,806.3367919921875,76.09192657470703,0.0019687674939632416,830.0101318359375,23.976104736328125,0.006819482892751694,843.6467895507812,1.478302001953125,0.008588643744587898,787.2090454101562,50.17524719238281,0.026056256145238876,889.2565307617188,36.812713623046875,0.045553598552942276,801.7191162109375,119.93655395507812,0.027041081339120865,917.9493408203125,79.20634460449219,0.036225855350494385,865.1483154296875,102.35746765136719,0.8152162432670593,831.7564697265625,102.40283203125,0.8383294939994812,865.6649780273438,496.4548645019531,0.968711793422699,750.6956176757812,471.8363342285156,0.9714156985282898,1170.533203125,699.9660034179688,0.9762136936187744,778.3094482421875,817.2821044921875,0.9790696501731873
745,24833,763.0250244140625,98.3331298828125,0.0019299907144159079,765.3294677734375,83.37332153320312,0.002742648357525468,763.0900268554688,94.53579711914062,0.0010172611800953746,798.3023681640625,62.290374755859375,0.013564994558691978,800.2344360351562,79.90143585205078,0.0021099357400089502,808.0780029296875,17.227821350097656,0.011560182087123394,850.5780639648438,0.0,0.014167342334985733,747.5678100585938,48.492210388183594,0.04380501061677933,834.2838134765625,59.1009521484375,0.06246273219585419,692.2855834960938,156.7943572998047,0.03681318089365959,716.1990356445312,163.12550354003906,0.04928865283727646,866.740966796875,133.20567321777344,0.865361750125885,862.570556640625,131.1169891357422,0.8807423710823059,815.2965698242188,501.0407409667969,0.9704535007476807,753.5184936523438,479.5393981933594,0.9722122550010681,1122.1810302734375,689.0062866210938,0.9757005572319031,806.545166015625,814.4965209960938,0.9775176644325256
746,24866,765.1666870117188,89.6253662109375,0.0020248168148100376,765.2732543945312,75.60758972167969,0.0026284668128937483,764.4530639648438,89.84193420410156,0.0011360552161931992,793.7625732421875,53.00445556640625,0.017463287338614464,805.9392700195312,77.01837158203125,0.0035686588380485773,797.5759887695312,8.82293701171875,0.021001847460865974,865.6649780273438,0.0,0.027556810528039932,766.9993896484375,37.4241943359375,0.0526517890393734,804.9793090820312,68.65383911132812,0.08230887353420258,765.66796875,144.225830078125,0.033045005053281784,719.945068359375,171.84971618652344,0.049332477152347565,872.3939819335938,148.6908416748047,0.9085628390312195,902.7053833007812,149.72769165039062,0.9196286797523499,775.9849243164062,493.1347961425781,0.9773765802383423,775.4994506835938,492.7214660644531,0.9785833358764648,1057.0994873046875,706.2056274414062,0.9809852838516235,834.8805541992188,811.0936889648438,0.9814255237579346
747,24900,768.502685546875,70.42987060546875,0.0036623040214180946,763.6982421875,54.797149658203125,0.004151902161538601,766.571533203125,70.78328704833984,0.0015886900946497917,793.1356811523438,38.837310791015625,0.02794906124472618,827.4970092773438,65.50238800048828,0.005832598078995943,794.6241455078125,8.987777709960938,0.07190097868442535,909.8406372070312,0.0,0.048593901097774506,762.3120727539062,20.208572387695312,0.15992805361747742,845.3751220703125,62.22541809082031,0.09962615370750427,759.9002075195312,81.76116943359375,0.09680989384651184,745.1178588867188,102.53370666503906,0.06496673822402954,878.6163940429688,142.4641571044922,0.9352158308029175,947.0244140625,137.86509704589844,0.9200543761253357,747.8017578125,487.9346923828125,0.9816772937774658,777.357666015625,486.7506408691406,0.9754441380500793,990.2171630859375,719.340087890625,0.9818727374076843,867.1051635742188,803.3756713867188,0.9772976636886597
748,24933,782.2965087890625,79.53971099853516,0.003031942993402481,777.6399536132812,63.031105041503906,0.003174547106027603,779.6951293945312,82.49764251708984,0.0011172821978107095,811.5833129882812,45.62828063964844,0.018347634002566338,840.123046875,79.01648712158203,0.0035627817269414663,803.7612915039062,7.3574066162109375,0.060580577701330185,916.0023803710938,0.0,0.03208661824464798,769.1818237304688,4.2137603759765625,0.23415601253509521,843.0382690429688,25.75177001953125,0.10986603796482086,798.7842407226562,41.159912109375,0.21404629945755005,802.9962158203125,40.94389343261719,0.11273245513439178,877.4259033203125,134.66876220703125,0.8999673128128052,953.5133056640625,133.47537231445312,0.8582708239555359,706.3264770507812,465.3174133300781,0.9677139520645142,804.961669921875,495.6473693847656,0.9484618306159973,929.137451171875,760.057861328125,0.9598438143730164,923.1160278320312,801.15087890625,0.9414682388305664
749,24966,770.86767578125,98.51525115966797,0.0015610911650583148,773.5201416015625,80.29857635498047,0.0025177174247801304,776.3727416992188,101.57080078125,0.0007868681568652391,817.062255859375,61.65662384033203,0.028070589527487755,841.7067260742188,95.45922088623047,0.004038923420011997,826.485595703125,5.719230651855469,0.041986897587776184,911.2442016601562,4.756690979003906,0.022725475952029228,782.4849853515625,16.663421630859375,0.09756410866975784,855.4966430664062,34.971336364746094,0.049363940954208374,787.5736083984375,60.273536682128906,0.05860099196434021,798.7520751953125,71.93282318115234,0.033935390412807465,888.8893432617188,142.61517333984375,0.8928912281990051,953.7731323242188,143.39602661132812,0.8597866296768188,689.2886352539062,457.3929138183594,0.970247209072113,829.0494384765625,489.0140380859375,0.9581733345985413,847.872802734375,771.2894897460938,0.9660422801971436,961.3681640625,823.960693359375,0.9536412358283997
750,25000,765.4271850585938,75.38447570800781,0.0015905260806903243,765.9830932617188,59.489044189453125,0.001996619626879692,768.6361694335938,78.49736022949219,0.0006612444412894547,805.0224609375,43.024749755859375,0.022078324109315872,835.1797485351562,74.62879943847656,0.003791475435718894,816.8336791992188,1.8616104125976562,0.06184858828783035,912.4179077148438,0.0,0.029212480410933495,778.0534057617188,11.46734619140625,0.1703474521636963,834.2316284179688,26.34979248046875,0.07228855788707733,782.5521850585938,24.381683349609375,0.10939207673072815,754.475830078125,29.928680419921875,0.056392159312963486,887.1612548828125,147.17868041992188,0.9427649974822998,967.7640380859375,144.5598907470703,0.9151174426078796,682.4742431640625,447.9261474609375,0.9861962795257568,851.0853881835938,483.2969970703125,0.9775437712669373,760.9220581054688,776.54150390625,0.9850886464118958,1005.9185180664062,805.4088134765625,0.976858377456665
751,25033,782.7308349609375,76.8548583984375,0.0019959297496825457,779.8839721679688,58.060089111328125,0.002124826656654477,783.403076171875,74.40925598144531,0.0006629924173466861,815.0712890625,39.4090576171875,0.015621268190443516,851.4927978515625,67.2890625,0.002663428196683526,821.5613403320312,0.0,0.057359728962183,921.3084106445312,0.0,0.019379589706659317,782.8795166015625,8.539077758789062,0.2382674515247345,876.0407104492188,32.805450439453125,0.06797120720148087,829.8975830078125,45.12318420410156,0.23312096297740936,812.8037109375,55.813568115234375,0.08605704456567764,887.4961547851562,131.66917419433594,0.942884087562561,973.3082885742188,135.53627014160156,0.8971666693687439,699.8614501953125,448.21380615234375,0.989977240562439,900.3336181640625,500.8048095703125,0.979229211807251,681.4283447265625,805.0588989257812,0.988768458366394,1062.92041015625,805.6031494140625,0.9794081449508667
752,25066,803.0156860351562,84.68829345703125,0.0026621592696756124,799.0328979492188,61.19902038574219,0.0026869792491197586,800.82080078125,74.96509552001953,0.0011199942091479897,828.1417846679688,43.6871337890625,0.018636222928762436,865.6954345703125,65.37934112548828,0.004122748505324125,829.8413696289062,0.0,0.04792884364724159,925.3380126953125,0.0,0.024321837350726128,792.2860107421875,18.8880615234375,0.13397903740406036,891.1769409179688,39.50221252441406,0.0715755894780159,828.8106079101562,77.95317077636719,0.1281542032957077,809.2610473632812,82.82029724121094,0.08639398217201233,889.9684448242188,122.88308715820312,0.9320317506790161,975.6956787109375,130.71578979492188,0.9007883667945862,711.6953735351562,458.5011291503906,0.9889624714851379,934.67138671875,500.7801818847656,0.9814070463180542,596.5556030273438,806.6229858398438,0.9881733059883118,1106.02001953125,798.543701171875,0.9818296432495117
753,25100,811.9411010742188,99.19578552246094,0.0011289609828963876,811.6386108398438,76.48246765136719,0.001398607506416738,811.8570556640625,88.40812683105469,0.0005040408577769995,836.0578002929688,58.49189758300781,0.015755096450448036,863.49169921875,77.44010925292969,0.0025040381588041782,838.3899536132812,2.52191162109375,0.02833668701350689,917.1273803710938,5.171722412109375,0.013188770040869713,803.7493896484375,50.945343017578125,0.08591247349977493,904.872802734375,58.01758575439453,0.045213356614112854,812.7054443359375,159.0596923828125,0.077301025390625,838.9136962890625,163.03839111328125,0.05334869772195816,890.6830444335938,109.05555725097656,0.9311211109161377,969.9664916992188,115.8841552734375,0.8997280597686768,726.5377807617188,456.8724060058594,0.9899889230728149,963.4380493164062,486.33563232421875,0.9836151003837585,551.0355834960938,793.1852416992188,0.9892095923423767,1144.4073486328125,784.4295043945312,0.9837960004806519
754,25133,818.3600463867188,99.79554748535156,0.0008760546334087849,816.0205688476562,79.40691375732422,0.0010731263319030404,821.2825927734375,88.78797912597656,0.00043034617556259036,833.02685546875,64.84231567382812,0.013939405791461468,876.755859375,78.29431915283203,0.0025412391405552626,828.2548828125,10.929794311523438,0.02101963758468628,936.4297485351562,7.044548034667969,0.01224252488464117,816.88916015625,51.36163330078125,0.05911524221301079,954.7999877929688,43.51641082763672,0.04388502612709999,859.2078247070312,128.7110137939453,0.054041408002376556,910.1188354492188,101.64138793945312,0.047192078083753586,876.59423828125,99.19761657714844,0.9203060269355774,974.7938232421875,103.46475219726562,0.8964974284172058,734.8971557617188,455.1138610839844,0.9895076155662537,984.9911499023438,476.83135986328125,0.9849558472633362,554.546630859375,783.7772827148438,0.9894848465919495,1176.6690673828125,771.05712890625,0.9856622815132141
755,25166,812.8720092773438,94.78358459472656,0.000961909128818661,810.5951538085938,74.31614685058594,0.001194855198264122,816.3331298828125,85.29295349121094,0.000446445366833359,828.12451171875,57.90623474121094,0.012108727358281612,869.3578491210938,74.92941284179688,0.0019516568863764405,826.497314453125,5.579246520996094,0.01650797389447689,923.4578247070312,2.212646484375,0.01020298432558775,804.7005615234375,51.292030334472656,0.05900254473090172,913.1841430664062,44.27018737792969,0.04332352429628372,812.9886474609375,120.60232543945312,0.06257874518632889,832.3588256835938,111.73086547851562,0.05686074122786522,874.138427734375,95.57862854003906,0.9154081344604492,966.4757690429688,102.02906799316406,0.8902186751365662,733.6826171875,445.728515625,0.9902194142341614,989.732177734375,485.6973571777344,0.9853281378746033,591.6006469726562,798.4742431640625,0.9907506108283997,1192.997314453125,761.8742065429688,0.9867624640464783
756,25200,813.8004150390625,93.47218322753906,0.001959442626684904,810.4303588867188,73.53133392333984,0.002262512920424342,815.92236328125,82.38821411132812,0.0008379685459658504,827.7719116210938,55.730072021484375,0.016676265746355057,871.5372314453125,67.82221984863281,0.0027950145304203033,820.694091796875,17.067901611328125,0.025335349142551422,923.639892578125,10.690292358398438,0.014476170763373375,785.9276733398438,67.77072143554688,0.08096512407064438,894.2476196289062,63.40553283691406,0.04561885818839073,755.1919555664062,137.1726837158203,0.09148471057415009,787.4552001953125,131.32333374023438,0.06365831196308136,867.127685546875,95.11271667480469,0.9055218696594238,962.668212890625,92.47320556640625,0.8724690675735474,733.3458862304688,455.61614990234375,0.9893336892127991,986.338623046875,468.9483947753906,0.9825811982154846,678.7089233398438,810.7534790039062,0.989827036857605,1200.74365234375,735.680419921875,0.9859024286270142
757,25233,793.6962890625,86.40916442871094,0.0011909519089385867,795.510498046875,65.70824432373047,0.0017368077533319592,801.6751098632812,79.89800262451172,0.0005527064786292613,821.5252685546875,49.64447021484375,0.015758180990815163,854.2908325195312,71.35830688476562,0.0021446109749376774,821.1365356445312,8.927604675292969,0.013409468345344067,910.3273315429688,2.1992111206054688,0.009633505716919899,803.23388671875,59.315162658691406,0.04450887069106102,906.3182373046875,51.65716552734375,0.03182931989431381,807.0842895507812,148.77989196777344,0.05101075395941734,834.49951171875,125.4125747680664,0.03804967924952507,861.85546875,90.45442199707031,0.8688502907752991,943.424072265625,87.31571960449219,0.84183269739151,745.87841796875,457.0028076171875,0.9858846068382263,953.463134765625,465.2368469238281,0.9792348146438599,713.3002319335938,824.552490234375,0.9873124957084656,1199.9783935546875,718.98779296875,0.9831872582435608
758,25266,785.038330078125,89.6099624633789,0.0017601939616724849,787.371826171875,69.74182891845703,0.002200351795181632,798.7992553710938,86.87821197509766,0.0009203455992974341,812.174072265625,52.22611999511719,0.01935396157205105,862.500732421875,76.14457702636719,0.003968596458435059,803.7682495117188,0.0,0.018862200900912285,925.7471923828125,0.0,0.02246071770787239,785.2178344726562,33.462867736816406,0.056879349052906036,936.2371826171875,23.48632049560547,0.0746653750538826,785.0614013671875,129.96139526367188,0.06618386507034302,878.0783081054688,84.48799896240234,0.07982979714870453,864.34130859375,107.56592559814453,0.883701503276825,960.1624145507812,104.31653594970703,0.8860913515090942,739.6353149414062,465.30267333984375,0.9818997383117676,923.1787719726562,464.4882507324219,0.9781746864318848,721.6153564453125,826.6820068359375,0.9772780537605286,1185.234130859375,697.5730590820312,0.9742802977561951
759,25300,774.83447265625,89.71064758300781,0.002718004398047924,774.9677124023438,72.68728637695312,0.0028854322154074907,780.7498168945312,86.30525207519531,0.0010351765668019652,806.9194946289062,51.6112060546875,0.01889606937766075,836.0269775390625,73.48182678222656,0.003020560136064887,810.6011352539062,1.898712158203125,0.026767902076244354,901.9545288085938,0.0,0.03467549756169319,798.0822143554688,32.48712158203125,0.09318452328443527,957.7532958984375,27.749267578125,0.13596120476722717,809.171875,97.04507446289062,0.11962821334600449,912.84033203125,60.608642578125,0.15143488347530365,868.7080078125,122.10475158691406,0.9209945201873779,933.7538452148438,119.18495178222656,0.9241142272949219,738.4385375976562,467.7762451171875,0.9878126978874207,882.9175415039062,485.0694885253906,0.9848105907440186,771.0254516601562,832.0772705078125,0.9868193864822388,1141.2987060546875,680.243408203125,0.9849023222923279
760,25333,761.6387329101562,89.93344116210938,0.0032812354620546103,761.45556640625,70.92276763916016,0.0045868693850934505,764.3118896484375,86.50895690917969,0.0012365392176434398,799.927734375,49.704345703125,0.024988653138279915,812.6884155273438,77.98150634765625,0.0025987308472394943,817.5132446289062,14.215621948242188,0.025345852598547935,866.7568969726562,7.2484588623046875,0.023604875430464745,777.9300537109375,62.14869689941406,0.07806392014026642,854.1223754882812,82.215087890625,0.06928524374961853,713.8082885742188,161.1499786376953,0.08463495969772339,733.7344970703125,157.38670349121094,0.08254081010818481,885.5072021484375,120.97261047363281,0.9044312238693237,921.0100708007812,120.35252380371094,0.8914455771446228,737.9080810546875,469.16912841796875,0.9874617457389832,843.9860229492188,499.551025390625,0.9807029962539673,809.1685180664062,846.9064331054688,0.9890927076339722,1105.1962890625,687.5618896484375,0.9849908947944641
761,25366,767.066162109375,95.65372467041016,0.00248498423025012,766.946044921875,76.7574234008789,0.003380117006599903,767.2229614257812,93.00553894042969,0.0011864444240927696,800.73486328125,54.19139099121094,0.020909858867526054,805.1863403320312,82.95000457763672,0.0034073679707944393,815.4033203125,11.910690307617188,0.02429542876780033,847.4932250976562,1.3989715576171875,0.02262033149600029,782.4879150390625,54.913787841796875,0.06356144696474075,830.159912109375,72.56671142578125,0.058275219053030014,737.4054565429688,153.18214416503906,0.05521608516573906,738.3098754882812,151.8464813232422,0.05408163368701935,883.8512573242188,113.62898254394531,0.9002907872200012,904.963623046875,111.88059997558594,0.8887531757354736,753.4834594726562,481.3857421875,0.9851559400558472,826.8519287109375,499.28045654296875,0.9785345792770386,858.9708862304688,846.3619995117188,0.9872100353240967,1055.621337890625,720.7498168945312,0.9833530187606812
762,25400,772.5811157226562,87.78579711914062,0.0015013664960861206,770.9793701171875,70.73625183105469,0.002199725713580847,780.0233154296875,89.27499389648438,0.0007516493205912411,799.951416015625,49.48942565917969,0.02620571106672287,837.8724975585938,80.04533386230469,0.00420309416949749,801.7496948242188,7.3744354248046875,0.038587819784879684,906.299560546875,0.0,0.025135258212685585,772.1048583984375,20.21319580078125,0.0894060805439949,898.3727416992188,40.97344207763672,0.054132916033267975,798.834228515625,62.608062744140625,0.053226131945848465,829.0689697265625,78.81397247314453,0.03475750982761383,886.1185913085938,142.6958465576172,0.9223382472991943,946.6702880859375,137.76998901367188,0.9014630913734436,768.7782592773438,497.00823974609375,0.9838797450065613,824.8663940429688,490.9523620605469,0.9747866988182068,898.3056030273438,828.2968139648438,0.9823377132415771,1004.8184204101562,728.7222290039062,0.9765452742576599
763,25433,778.6690063476562,90.5306396484375,0.0023673363029956818,779.1344604492188,71.54869079589844,0.0028111927676945925,773.6478881835938,88.88900756835938,0.0008057526429183781,821.2647094726562,53.18431091308594,0.018178561702370644,813.164794921875,84.2486572265625,0.0023101135157048702,845.1414794921875,14.113311767578125,0.049581266939640045,854.8358154296875,0.3118743896484375,0.02555701695382595,780.6790161132812,11.314956665039062,0.22439932823181152,815.9879150390625,23.094680786132812,0.10410276800394058,793.0401000976562,39.961761474609375,0.2162807434797287,777.9647827148438,37.366790771484375,0.11016423255205154,914.5779418945312,139.2421875,0.8725451231002808,900.8331909179688,130.5549774169922,0.8238599300384521,786.8455810546875,498.0464172363281,0.9546045064926147,734.7999267578125,471.63592529296875,0.9254144430160522,943.2654418945312,832.0294189453125,0.927635133266449,919.4170532226562,796.41064453125,0.9038766622543335
764,25466,776.2520751953125,87.93525695800781,0.0013425626093521714,781.3343505859375,70.88273620605469,0.0020065600983798504,775.2222290039062,88.97895812988281,0.0006975639262236655,823.0701293945312,51.55796813964844,0.023659447208046913,803.4268798828125,84.16099548339844,0.0033476175740361214,853.1400146484375,11.969512939453125,0.03344515711069107,839.3966674804688,0.0,0.02912459336221218,781.1079711914062,25.606979370117188,0.07638335227966309,823.405029296875,35.74639892578125,0.0683334544301033,769.9490356445312,68.00843811035156,0.03899306803941727,765.070068359375,73.68022155761719,0.033291298896074295,913.7631225585938,158.66468811035156,0.9196842312812805,873.2008666992188,148.1773223876953,0.9144713282585144,828.5042724609375,515.9039306640625,0.9782730340957642,705.3429565429688,458.2897644042969,0.9708258509635925,987.560302734375,842.45361328125,0.9710605144500732,847.2749633789062,746.089599609375,0.9696735143661499
765,25500,771.4784545898438,88.95469665527344,0.0014060360845178366,776.4085693359375,73.405517578125,0.002020075684413314,771.7725830078125,87.99874877929688,0.0006929166265763342,818.6859741210938,54.347877502441406,0.022683745250105858,805.8507080078125,79.31268310546875,0.0030132243409752846,848.8057861328125,13.4271240234375,0.03009748086333275,848.1768188476562,0.0,0.03152566775679588,767.6196899414062,32.34828186035156,0.07090023905038834,844.191162109375,44.431617736816406,0.08025498688220978,736.6629638671875,107.07435607910156,0.03706781566143036,791.2506103515625,133.49130249023438,0.03718468174338341,915.240478515625,165.7969207763672,0.9324756860733032,874.9405517578125,152.5623321533203,0.9363932013511658,859.0492553710938,518.7205810546875,0.9833797812461853,704.4609375,444.4746398925781,0.9804691672325134,1042.5670166015625,840.5279541015625,0.9776749014854431,775.53515625,775.250244140625,0.9799188375473022
766,25533,805.7388305664062,89.93140411376953,0.002804994583129883,810.0946655273438,76.08533477783203,0.0032213767990469933,798.6710815429688,84.86190032958984,0.001243651146069169,848.9536743164062,54.308624267578125,0.0171036496758461,814.28857421875,68.58091735839844,0.002837568521499634,870.4110717773438,21.264816284179688,0.039442773908376694,844.8484497070312,7.13909912109375,0.02827603928744793,804.066650390625,53.1639404296875,0.1305873543024063,834.0487670898438,63.84526062011719,0.0901024118065834,756.9119262695312,137.97299194335938,0.09071476757526398,767.1786499023438,165.6991424560547,0.0593087375164032,927.3720703125,160.634765625,0.9337124228477478,865.036376953125,139.74179077148438,0.9241328239440918,902.506591796875,518.1238403320312,0.98244708776474,701.5401000976562,440.1609191894531,0.9757649302482605,1101.4268798828125,833.4988403320312,0.9757872819900513,705.1838989257812,780.3900146484375,0.9754063487052917
767,25566,821.4409790039062,94.16777801513672,0.0023764625657349825,823.506591796875,81.7679672241211,0.0025827682111412287,818.2833251953125,87.9020004272461,0.0011924379505217075,854.9880981445312,63.037879943847656,0.013336744159460068,837.0624389648438,71.73545837402344,0.002926246030256152,864.3510131835938,31.695098876953125,0.027278399094939232,869.5191650390625,9.90069580078125,0.02453923225402832,797.1123657226562,74.90386962890625,0.0869985818862915,893.5259399414062,73.26896667480469,0.08333094418048859,768.2820434570312,148.21531677246094,0.05845058336853981,877.8136596679688,162.8046112060547,0.0477968268096447,921.6103515625,148.9830780029297,0.9352624416351318,869.9207763671875,128.5961151123047,0.9337412118911743,943.9649658203125,512.9905395507812,0.9866554737091064,718.0820922851562,444.6318359375,0.9837542176246643,1145.2430419921875,821.3746948242188,0.984252393245697,654.4906616210938,787.41650390625,0.9850719571113586
768,25600,816.9847412109375,96.67529296875,0.002631845185533166,818.9949340820312,83.73422241210938,0.0025066433008760214,815.0706176757812,89.84200286865234,0.0014623808674514294,847.73876953125,67.0155029296875,0.009471651166677475,832.469970703125,75.57687377929688,0.0031244547571986914,849.5299072265625,34.357086181640625,0.018853263929486275,869.9468994140625,13.818878173828125,0.022425701841711998,771.8192749023438,77.21168518066406,0.06771204620599747,933.1552734375,67.96051025390625,0.09756094962358475,746.9791259765625,129.7217559814453,0.05416480824351311,965.2333374023438,118.039306640625,0.061921101063489914,917.3124389648438,131.66665649414062,0.9253064393997192,866.863037109375,117.47566223144531,0.9325946569442749,974.6140747070312,493.9490661621094,0.9871150255203247,730.2593994140625,449.28070068359375,0.9864149689674377,1178.116943359375,798.7571411132812,0.9868113398551941,637.4144897460938,790.1710205078125,0.9881728291511536
769,25633,795.2758178710938,84.76517486572266,0.003222213126718998,799.3539428710938,68.43138885498047,0.003608288709074259,794.054443359375,73.98481750488281,0.0014881392708048224,831.891357421875,54.74098205566406,0.011281699873507023,812.8699951171875,62.066619873046875,0.0023310945834964514,842.6074829101562,27.739883422851562,0.016119670122861862,844.4306030273438,14.660842895507812,0.017450569197535515,751.3463134765625,81.39651489257812,0.06509134918451309,878.0430908203125,72.59193420410156,0.07126209884881973,677.7522583007812,144.72903442382812,0.057394348084926605,833.4537963867188,135.0138702392578,0.053295839577913284,915.0543823242188,112.41119384765625,0.9054414629936218,855.44970703125,109.79058837890625,0.9104596972465515,977.6603393554688,481.47161865234375,0.9862958788871765,736.3827514648438,450.982177734375,0.9841461777687073,1197.48974609375,780.8148193359375,0.9867542386054993,654.0,783.9470825195312,0.9880785346031189
770,25666,807.2389526367188,85.2601547241211,0.0040619755163788795,810.4898071289062,69.68302917480469,0.005117514636367559,802.3245849609375,75.60987854003906,0.002000388689339161,843.1878662109375,58.633575439453125,0.011174079030752182,814.866943359375,67.22726440429688,0.0020883725956082344,854.5734252929688,38.99455261230469,0.01510733924806118,836.5258178710938,17.023910522460938,0.008880049921572208,767.8297729492188,83.90318298339844,0.06765750050544739,858.6817626953125,80.36109924316406,0.03784767910838127,710.1940307617188,137.0211181640625,0.06542962044477463,810.2843627929688,147.94464111328125,0.038044773042201996,913.758056640625,107.80567932128906,0.8906833529472351,842.7228393554688,98.95344543457031,0.8644326329231262,965.0401611328125,480.4942321777344,0.9866256713867188,737.4237670898438,451.5841369628906,0.9806410074234009,1213.4268798828125,755.036376953125,0.989737331867218,689.6299438476562,789.4339599609375,0.9881234765052795
771,25700,802.213623046875,85.34907531738281,0.00388267426751554,805.3590087890625,69.37085723876953,0.005097152665257454,796.7968139648438,75.60601043701172,0.0019522838992998004,838.5857543945312,57.718231201171875,0.011976705864071846,812.9410400390625,66.24407958984375,0.002142449840903282,844.9175415039062,34.642547607421875,0.01571812480688095,841.8563842773438,10.100967407226562,0.008088127709925175,776.3231201171875,76.71551513671875,0.06696492433547974,868.3575439453125,76.65206909179688,0.03367726132273674,745.5953979492188,142.27001953125,0.06364503502845764,854.0665283203125,145.52146911621094,0.03402355685830116,897.3685913085938,98.82147216796875,0.8779764175415039,841.8843994140625,91.25926208496094,0.8412249684333801,933.2975463867188,491.9480285644531,0.9830852150917053,745.8074340820312,465.9961853027344,0.9755004048347473,1214.5189208984375,729.3916015625,0.9870867729187012,723.9825439453125,802.5316772460938,0.9845729470252991
772,25733,775.0130004882812,86.0233154296875,0.002218345645815134,778.5828247070312,67.28164672851562,0.003321125404909253,774.208740234375,76.71002197265625,0.0013321969890967011,809.9542236328125,56.07611846923828,0.012734140269458294,800.8638305664062,70.01905059814453,0.002328000497072935,817.9393310546875,24.841278076171875,0.009115940891206264,835.197021484375,3.12835693359375,0.008869095705449581,761.7799072265625,60.84983825683594,0.02996199205517769,867.6786499023438,49.48194122314453,0.035356875509023666,760.3160400390625,140.24795532226562,0.025879992172122,864.6566162109375,123.6687240600586,0.026501817628741264,872.6611328125,94.65010070800781,0.8365030884742737,838.1531982421875,96.84535217285156,0.8406950831413269,893.8327026367188,489.6922302246094,0.9741315245628357,756.2092895507812,468.5906066894531,0.972609281539917,1193.3701171875,709.265625,0.9802257418632507,770.84619140625,811.2006225585938,0.9809102416038513
773,25766,766.622314453125,91.0103759765625,0.00227276305668056,770.652099609375,73.77021789550781,0.00342640932649374,765.0877075195312,84.30331420898438,0.0013427773956209421,804.1947021484375,57.14460754394531,0.01314111240208149,792.6897583007812,73.6380615234375,0.002262794878333807,814.8486328125,18.77325439453125,0.008908540941774845,829.7470092773438,0.887237548828125,0.010053833946585655,756.5315551757812,52.631813049316406,0.030560914427042007,814.7950439453125,60.533660888671875,0.04039255157113075,715.0916748046875,154.10235595703125,0.027076222002506256,738.7525024414062,165.9561004638672,0.03305735066533089,866.36279296875,105.58328247070312,0.8291937112808228,843.343017578125,105.66801452636719,0.8421809077262878,841.1490478515625,492.6387634277344,0.9701617956161499,763.03564453125,471.29608154296875,0.9704270362854004,1145.3118896484375,698.3970947265625,0.9777538776397705,800.8995361328125,811.2973022460938,0.9790076017379761
774,25800,767.5891723632812,94.7274169921875,0.002039254643023014,767.6430053710938,80.24931335449219,0.0026685907505452633,767.86328125,92.62948608398438,0.0011283954372629523,794.5673828125,57.94807434082031,0.014126981608569622,806.8920288085938,77.9834976196289,0.0027690688148140907,798.038330078125,14.173416137695312,0.014408286660909653,864.4548950195312,0.0,0.019685640931129456,766.3687744140625,50.75422668457031,0.04615235701203346,824.6218872070312,70.65007781982422,0.07575918734073639,740.767333984375,165.138427734375,0.03598887845873833,718.6148681640625,174.34483337402344,0.05552279204130173,866.4457397460938,129.69874572753906,0.8841008543968201,889.0587158203125,130.6742706298828,0.8996748328208923,796.6956176757812,487.6834716796875,0.9744225740432739,774.9357299804688,487.0022277832031,0.9763064980506897,1087.9661865234375,694.438720703125,0.9793784022331238,822.8837280273438,811.3702392578125,0.9801715612411499
775,25833,766.4769287109375,76.42900085449219,0.001965135568752885,764.4369506835938,63.36016845703125,0.002667256398126483,767.7636108398438,78.25410461425781,0.0010495275491848588,790.3687744140625,47.03388977050781,0.023243224248290062,820.4688720703125,71.11312866210938,0.0045300633646547794,787.702880859375,7.185768127441406,0.03831252083182335,893.3311767578125,0.0,0.028783826157450676,761.6783447265625,12.718826293945312,0.08446697145700455,828.6348876953125,32.91215515136719,0.06551022082567215,791.4273071289062,48.5137939453125,0.04270510748028755,775.8363647460938,54.893280029296875,0.034181252121925354,873.2432250976562,138.4468231201172,0.9232412576675415,930.7643432617188,135.4024658203125,0.9134246706962585,763.654541015625,490.9762878417969,0.9796409606933594,780.14501953125,480.17333984375,0.9757876992225647,1030.629150390625,706.0517578125,0.980925977230072,855.807373046875,806.6486206054688,0.9783113598823547
776,25866,768.3762817382812,81.02201843261719,0.0024079002905637026,766.3277587890625,64.63428497314453,0.0030756592750549316,772.692138671875,82.89280700683594,0.0010530248982831836,797.925537109375,46.563743591308594,0.02453877031803131,833.4051513671875,76.9874038696289,0.00431544566527009,798.0005493164062,7.5608367919921875,0.056176990270614624,907.7759399414062,0.0,0.031102336943149567,764.692626953125,8.953628540039062,0.16951532661914825,837.5385131835938,26.64532470703125,0.08455047011375427,779.9622802734375,34.71034240722656,0.12172087281942368,779.2892456054688,35.56159973144531,0.06876913458108902,876.545166015625,141.12081909179688,0.9111210107803345,944.655029296875,134.1116180419922,0.8784030675888062,738.5628662109375,478.0047302246094,0.9733878970146179,783.5968017578125,469.906494140625,0.9578596353530884,919.0147705078125,763.7356567382812,0.9677345752716064,950.5611572265625,738.3790893554688,0.9551504850387573
777,25900,781.7744750976562,71.98365783691406,0.002938011894002557,778.921142578125,54.55458068847656,0.0034637197386473417,779.1102905273438,73.94853973388672,0.001204339205287397,816.5693359375,39.06170654296875,0.02050185017287731,838.2321166992188,71.62358093261719,0.003957363311201334,815.2042236328125,5.840423583984375,0.05365639925003052,909.466064453125,0.0,0.02666943334043026,776.341796875,8.617721557617188,0.16927684843540192,835.1107177734375,24.0318603515625,0.0704692080616951,774.9364013671875,41.76292419433594,0.13532443344593048,769.9179077148438,42.01643371582031,0.06520318984985352,875.4631958007812,128.15858459472656,0.9193219542503357,944.7998657226562,124.31428527832031,0.882483184337616,693.4254760742188,464.00701904296875,0.9817255139350891,816.7523803710938,492.7420654296875,0.969925045967102,905.5111083984375,782.06787109375,0.9819945693016052,957.6033935546875,814.23779296875,0.9730991721153259
778,25933,775.1804809570312,76.26203155517578,0.002588218078017235,772.65380859375,59.177032470703125,0.003015876514837146,773.2401733398438,78.17310333251953,0.0011127996258437634,810.3741455078125,42.349456787109375,0.020680420100688934,835.6201171875,74.52619171142578,0.004452697932720184,813.9138793945312,3.8165130615234375,0.05804617702960968,909.3162231445312,0.0,0.026939688250422478,779.4697265625,16.873214721679688,0.16023015975952148,857.1878051757812,32.36567687988281,0.06479290127754211,792.2352905273438,56.25691223144531,0.12066078186035156,796.6223754882812,46.792694091796875,0.05690090358257294,869.4431762695312,129.21446228027344,0.9376469850540161,946.0545654296875,127.63632202148438,0.9056844711303711,680.3051147460938,449.3952941894531,0.9877787232398987,847.1720581054688,493.3116760253906,0.9796709418296814,822.0148315429688,782.062744140625,0.9891161322593689,988.060546875,818.3987426757812,0.9831047654151917
779,25966,770.3065795898438,93.87057495117188,0.0009381918935105205,769.9464721679688,75.72221374511719,0.0013726947363466024,774.9560546875,94.48709106445312,0.0004844127397518605,804.5445556640625,52.63158416748047,0.022450273856520653,839.733642578125,84.12322998046875,0.003691456513479352,813.343017578125,3.8291015625,0.029791515320539474,919.4723510742188,2.8561935424804688,0.02216862514615059,800.0065307617188,44.46338653564453,0.05589431896805763,917.22216796875,72.0981674194336,0.04623677581548691,808.03271484375,166.2504425048828,0.03307238221168518,833.8797607421875,170.80624389648438,0.02955767698585987,865.5489501953125,131.14578247070312,0.9051865339279175,952.8140258789062,132.52589416503906,0.8905766010284424,683.88525390625,442.6373596191406,0.9806148409843445,872.8213500976562,484.6173095703125,0.9756315350532532,740.1797485351562,780.3046875,0.9837613701820374,1035.828369140625,801.193359375,0.978727400302887
780,26000,800.1356201171875,102.78971099853516,0.00224994751624763,793.3654174804688,79.45589447021484,0.0025586269330233335,799.3394165039062,93.51642608642578,0.0011586754117161036,815.490966796875,56.780731201171875,0.023437950760126114,865.85546875,79.31586456298828,0.005470288451761007,811.3934936523438,9.727935791015625,0.04004605486989021,933.7652587890625,11.64129638671875,0.027202773839235306,801.9638671875,58.225982666015625,0.07061463594436646,940.4683227539062,68.64523315429688,0.05748679116368294,830.94873046875,154.5992889404297,0.054461896419525146,879.8565673828125,150.72857666015625,0.05084208771586418,864.26611328125,119.27362060546875,0.9049230813980103,965.5472412109375,124.2626953125,0.882712721824646,699.7062377929688,446.7829284667969,0.9839215278625488,921.9990234375,491.2154235839844,0.9777757525444031,675.7130126953125,806.4243774414062,0.9861094355583191,1087.14111328125,798.8047485351562,0.9813366532325745
781,26033,811.1526489257812,91.02365112304688,0.0023132357746362686,805.6077270507812,68.19060516357422,0.002440327312797308,809.3421630859375,79.1568374633789,0.0011445594718679786,823.5556640625,48.320892333984375,0.018482694402337074,864.6143188476562,65.50627899169922,0.004631916061043739,821.8331909179688,5.208984375,0.03375793248414993,918.7461547851562,7.1233062744140625,0.021777331829071045,805.3140258789062,64.34980773925781,0.07427965104579926,916.4014892578125,66.0816650390625,0.05531032383441925,816.2822265625,154.628173828125,0.06993351131677628,855.4713134765625,150.39317321777344,0.06093393266201019,870.5315551757812,103.83224487304688,0.9057469367980957,958.175537109375,108.76881408691406,0.8800225257873535,714.0868530273438,447.05804443359375,0.9868812561035156,948.1091918945312,482.9898681640625,0.9806188941001892,628.5980834960938,806.7013549804688,0.9879883527755737,1115.8314208984375,776.4854736328125,0.9835218191146851
782,26066,811.6087646484375,95.30946350097656,0.001048901816830039,807.5491333007812,75.74656677246094,0.0011670741951093078,815.2919311523438,87.469482421875,0.0005460047395899892,822.31884765625,59.88212585449219,0.012548960745334625,869.866943359375,78.09965515136719,0.002773648127913475,814.1614990234375,7.619361877441406,0.01683945767581463,931.137451171875,2.0201339721679688,0.016453668475151062,802.9779663085938,42.190521240234375,0.04790224879980087,963.9970092773438,28.50732421875,0.06966807693243027,848.5061645507812,101.7780532836914,0.050241854041814804,936.571533203125,55.59210205078125,0.07446874678134918,863.171875,95.710693359375,0.9070374369621277,960.2217407226562,99.11732482910156,0.9037731289863586,728.745361328125,445.75665283203125,0.9874580502510071,953.6727905273438,468.6944580078125,0.9854122996330261,615.5478515625,796.3714599609375,0.9876953363418579,1148.4739990234375,760.4817504882812,0.9856992363929749
783,26100,810.3785400390625,93.3160629272461,0.002070868154987693,806.2767333984375,71.55519104003906,0.002320389961823821,809.7330932617188,81.77222442626953,0.0009032092057168484,825.607177734375,54.84649658203125,0.013113214634358883,860.4686889648438,70.67788696289062,0.0025071536656469107,823.6339111328125,8.376617431640625,0.022217154502868652,902.9888916015625,9.230117797851562,0.010525951161980629,798.4878540039062,48.850341796875,0.0850292220711708,885.1112060546875,51.217071533203125,0.040716610848903656,807.0690307617188,102.62347412109375,0.1100907176733017,816.5083618164062,96.20828247070312,0.06722284108400345,868.1124267578125,82.29954528808594,0.8875935077667236,943.728515625,86.37643432617188,0.8359286785125732,737.4530029296875,443.8829040527344,0.9877443909645081,962.83154296875,472.2681884765625,0.9783781170845032,657.7026977539062,812.9884643554688,0.988587498664856,1158.4449462890625,755.9859008789062,0.9828313589096069
784,26133,789.2913208007812,86.99533081054688,0.0012638235930353403,792.0941772460938,66.11686706542969,0.0018621906638145447,793.2158203125,79.8138427734375,0.0005887700826860964,818.8980102539062,51.158042907714844,0.014374489895999432,837.6883544921875,73.12275695800781,0.001980433939024806,820.03515625,9.238861083984375,0.01257182378321886,891.8633422851562,5.4302215576171875,0.007919353432953358,797.6055908203125,57.205467224121094,0.04632660374045372,884.064697265625,59.68226623535156,0.028245503082871437,791.62744140625,146.31747436523438,0.05588962510228157,814.533935546875,141.75901794433594,0.037638109177351,864.140869140625,87.62571716308594,0.8545360565185547,933.389892578125,86.07266235351562,0.8160969018936157,743.864501953125,448.42596435546875,0.9843868613243103,937.9238891601562,458.8376770019531,0.9761621952056885,705.3128051757812,808.25244140625,0.9868191480636597,1170.239990234375,726.8004760742188,0.9818187355995178
785,26166,808.1063842773438,94.9010238647461,0.0038565965369343758,808.809814453125,73.70958709716797,0.004377063363790512,805.5538330078125,83.83344268798828,0.001548700500279665,834.9312744140625,55.724761962890625,0.012572014704346657,840.3949584960938,72.36323547363281,0.0019543457310646772,831.3427734375,16.037246704101562,0.014737735502421856,872.8086547851562,9.084457397460938,0.010464789345860481,786.2647705078125,64.84437561035156,0.07748973369598389,828.1701049804688,65.17131042480469,0.05537877231836319,735.5563354492188,140.839599609375,0.14313210546970367,718.3423461914062,148.9225616455078,0.12571533024311066,870.9276123046875,90.96913146972656,0.8553638458251953,912.6214599609375,90.223388671875,0.818242073059082,759.2144775390625,453.51837158203125,0.9857016801834106,915.202880859375,470.4659118652344,0.9765229821205139,743.8409423828125,830.0394287109375,0.98751300573349,1157.8253173828125,705.5077514648438,0.9826624393463135
786,26200,774.9974365234375,74.73040008544922,0.0028218573424965143,777.5089111328125,54.291229248046875,0.003554899711161852,787.6118774414062,72.8826904296875,0.0014190307119861245,803.6644287109375,38.654571533203125,0.021595027297735214,845.3071899414062,64.42465209960938,0.004418512340635061,796.0606079101562,0.0,0.02375294640660286,907.7080078125,0.0,0.02119087427854538,769.1152954101562,39.51814270019531,0.07740823924541473,921.3707885742188,37.30426025390625,0.06884779036045074,735.9706420898438,130.4293670654297,0.09459566324949265,856.9134521484375,114.10501098632812,0.08871275931596756,865.6791381835938,102.1355209350586,0.8811815977096558,946.8602294921875,100.01726531982422,0.8662517666816711,757.2703857421875,455.8326416015625,0.9819777607917786,892.4341430664062,465.02105712890625,0.975124180316925,747.9907836914062,824.2874145507812,0.9788029193878174,1150.5064697265625,707.50537109375,0.9727407693862915
787,26233,775.3179931640625,81.1402587890625,0.003207426518201828,777.6486206054688,60.34526824951172,0.004199202172458172,775.1312866210938,75.0739974975586,0.0013781314482912421,809.3178100585938,39.422882080078125,0.018479203805327415,809.2498779296875,64.93899536132812,0.00274151423946023,818.4298706054688,0.0,0.01977713406085968,852.13720703125,0.0,0.016440510749816895,793.5879516601562,50.69879150390625,0.06824783235788345,851.6979370117188,55.39869689941406,0.05437012389302254,752.5869140625,144.8133087158203,0.0836271420121193,780.7645263671875,136.21060180664062,0.07146664708852768,878.6991577148438,99.87318420410156,0.883764922618866,906.0902709960938,99.441650390625,0.8624705672264099,756.8479614257812,465.5702819824219,0.9862934350967407,855.4271850585938,485.2724609375,0.9784698486328125,794.4146728515625,843.0598754882812,0.9885857701301575,1108.7113037109375,689.1253662109375,0.9843027591705322
788,26266,760.9362182617188,91.5512924194336,0.004478328861296177,762.2611083984375,72.00906372070312,0.005455990321934223,759.490966796875,87.15900421142578,0.001854104921221733,797.1080932617188,47.99720764160156,0.016563821583986282,790.54638671875,75.12238311767578,0.0024752626195549965,816.3050537109375,5.2691802978515625,0.017182812094688416,827.9894409179688,0.0,0.02114197053015232,795.8999633789062,57.66783142089844,0.07169336825609207,796.0352783203125,67.24333190917969,0.091634102165699,745.23486328125,155.2565460205078,0.10553856939077377,716.1610107421875,151.7985076904297,0.13398846983909607,886.0602416992188,109.23051452636719,0.8866919875144958,896.351318359375,106.92416381835938,0.886496901512146,765.9752807617188,480.34698486328125,0.9857715368270874,834.7007446289062,491.8951721191406,0.9812471270561218,839.9584350585938,845.6200561523438,0.9873073101043701,1069.6658935546875,700.9901733398438,0.9847837686538696
789,26300,757.1099853515625,79.42236328125,0.001527130138128996,756.9428100585938,63.236297607421875,0.002247745404019952,762.7941284179688,79.45005798339844,0.0007976708002388477,782.6929931640625,43.09453582763672,0.022226421162486076,808.1295776367188,69.79518127441406,0.0035887702833861113,787.8505249023438,0.00386810302734375,0.028690341860055923,856.0001220703125,0.0,0.02007998712360859,760.2941284179688,21.6199951171875,0.07157076895236969,830.828125,37.835723876953125,0.048635922372341156,790.7962646484375,73.79026794433594,0.04745594412088394,786.8796997070312,98.9501724243164,0.035346001386642456,877.8753662109375,126.79403686523438,0.9183626174926758,918.0997924804688,122.65425109863281,0.8989318013191223,779.8485717773438,490.2810974121094,0.9854263067245483,831.8823852539062,481.71405029296875,0.9778387546539307,879.8596801757812,828.6083374023438,0.9853178262710571,1036.3858642578125,715.7356567382812,0.9808915257453918
790,26333,756.2495727539062,86.24166870117188,0.0013220272958278656,759.2066650390625,67.64350891113281,0.002149855252355337,756.4487915039062,85.33717346191406,0.0006646550027653575,797.6130981445312,49.046356201171875,0.025232121348381042,794.8665771484375,79.38775634765625,0.003206941531971097,813.78515625,9.425468444824219,0.032297633588314056,840.0375366210938,0.0,0.01996159367263317,756.5712890625,24.789505004882812,0.07607224583625793,814.64453125,45.819053649902344,0.044305384159088135,771.6046142578125,75.4661865234375,0.04349604621529579,759.5418701171875,106.09254455566406,0.028188038617372513,896.5078735351562,129.07859802246094,0.9012416005134583,898.21142578125,122.07341766357422,0.8743556141853333,795.4268188476562,490.3465576171875,0.9772385358810425,770.2235107421875,464.9707336425781,0.9644047021865845,923.1838989257812,826.2490234375,0.9744543433189392,975.1673583984375,726.7623901367188,0.9671653509140015
791,26366,763.3485107421875,86.17845153808594,0.0009075448615476489,766.640625,68.35093688964844,0.001436978462152183,763.6535034179688,85.46019744873047,0.00044264213647693396,806.0524291992188,49.18501281738281,0.021697336807847023,798.6607055664062,78.44027709960938,0.0024083354510366917,833.2982177734375,8.162979125976562,0.025274580344557762,835.728515625,0.0,0.02283606491982937,764.376708984375,35.1925048828125,0.06236148998141289,835.2306518554688,52.09398651123047,0.06136905774474144,756.6267700195312,119.7909164428711,0.034893136471509933,766.7464599609375,140.51478576660156,0.03376215323805809,901.9381713867188,136.82574462890625,0.8995044827461243,875.5254516601562,127.84877014160156,0.8957141041755676,826.807861328125,501.2936096191406,0.9727976322174072,736.8746948242188,456.116943359375,0.965451717376709,971.8878173828125,833.1822509765625,0.9649134278297424,892.1752319335938,747.9955444335938,0.9635347723960876
792,26400,770.1790161132812,82.8976821899414,0.001317207352258265,773.7211303710938,66.03707885742188,0.001773207332007587,771.27099609375,80.9285888671875,0.0007380609167739749,809.0577392578125,47.05517578125,0.019211329519748688,800.5181274414062,73.02513885498047,0.0034249131567776203,837.0759887695312,10.43133544921875,0.021978050470352173,836.31982421875,0.0,0.03396044299006462,779.452392578125,43.462486267089844,0.04739970713853836,858.5575561523438,49.549461364746094,0.0937807634472847,777.6895751953125,125.71636962890625,0.02792295627295971,814.85986328125,134.68722534179688,0.04665115103125572,908.945068359375,144.04481506347656,0.9172255396842957,871.5650024414062,134.79090881347656,0.9332342147827148,866.9511108398438,498.8187561035156,0.9812131524085999,722.7919921875,440.4002380371094,0.980786144733429,1013.58251953125,835.8557739257812,0.9776925444602966,839.91455078125,731.1987915039062,0.9810551404953003
793,26433,811.8718872070312,90.22805786132812,0.004822349641472101,817.8938598632812,72.34806060791016,0.005915164016187191,807.807861328125,83.6759033203125,0.0027978266589343548,846.8632202148438,50.32514190673828,0.029323697090148926,816.5765991210938,67.39842224121094,0.006976872216910124,857.1348876953125,10.659233093261719,0.0705539733171463,836.39501953125,0.0,0.02784496545791626,788.4234008789062,51.09844207763672,0.14452356100082397,834.0525512695312,55.795989990234375,0.052750423550605774,788.3369750976562,113.62101745605469,0.08071444928646088,806.7044677734375,141.2218475341797,0.03458660468459129,931.3088989257812,148.7592315673828,0.8957669734954834,872.4922485351562,132.54318237304688,0.8464701175689697,907.5595703125,490.7100524902344,0.9651313424110413,717.7761840820312,441.5589599609375,0.9415946006774902,1083.56005859375,821.3594970703125,0.9494345188140869,763.12890625,762.7066650390625,0.935663104057312
794,26466,810.5900268554688,88.23207092285156,0.0027204558718949556,814.161865234375,73.11575317382812,0.0032076823990792036,805.2954711914062,81.32489776611328,0.0013468734687194228,847.3516845703125,54.30006408691406,0.015124326571822166,817.61669921875,67.61304473876953,0.002986792242154479,867.5255737304688,22.962982177734375,0.0313064344227314,838.8550415039062,8.1815185546875,0.020448658615350723,796.9011840820312,64.49949645996094,0.10105162113904953,848.0616455078125,69.59683227539062,0.06417252868413925,758.9424438476562,135.98268127441406,0.0701034814119339,796.4961547851562,161.4283905029297,0.04384171590209007,929.0009765625,133.8262939453125,0.9203820824623108,860.15771484375,119.88844299316406,0.9047649502754211,951.0150146484375,494.9517822265625,0.9830816388130188,731.1094360351562,441.5112609863281,0.975839376449585,1124.8223876953125,816.8629760742188,0.9803664088249207,706.2352294921875,778.5614013671875,0.9788314700126648
795,26500,819.0054931640625,95.88945007324219,0.0026084561832249165,821.3790893554688,81.5401840209961,0.0026761158369481564,815.9938354492188,88.26947021484375,0.0015102337347343564,849.9234619140625,65.18463134765625,0.01065459568053484,828.9790649414062,75.58561706542969,0.0034117994364351034,858.97998046875,33.837799072265625,0.020773515105247498,855.5498657226562,18.217758178710938,0.020419519394636154,786.6871948242188,76.52696228027344,0.06510376930236816,910.1338500976562,74.56745910644531,0.07513128221035004,779.8306274414062,127.67399597167969,0.04835885018110275,932.0872802734375,132.67222595214844,0.047359343618154526,925.3966064453125,122.49046325683594,0.9181662201881409,863.6631469726562,112.05995178222656,0.9189824461936951,986.1161499023438,482.47979736328125,0.9860689640045166,744.4806518554688,443.9515686035156,0.9839233756065369,1165.1146240234375,803.3009033203125,0.9862798452377319,671.833251953125,785.6859741210938,0.9869213104248047
796,26533,818.4924926757812,90.32416534423828,0.0029361629858613014,819.953857421875,76.20011901855469,0.0030362557154148817,816.7991333007812,81.9851303100586,0.0016080760397017002,846.4450073242188,63.266944885253906,0.00956727098673582,832.1962890625,71.58018493652344,0.0029116091318428516,849.774169921875,37.20863342285156,0.017397569492459297,862.5121459960938,18.027328491210938,0.015084673650562763,754.4371948242188,85.62309265136719,0.06741601228713989,924.1602172851562,73.33099365234375,0.06446316838264465,702.6029663085938,128.9117431640625,0.058066003024578094,929.7109375,118.14747619628906,0.050655342638492584,920.2366943359375,106.74009704589844,0.9044363498687744,863.8202514648438,97.972412109375,0.8997719287872314,993.7776489257812,468.47930908203125,0.986241340637207,753.0144653320312,444.0032958984375,0.9832125306129456,1192.1953125,784.395263671875,0.9877228736877441,666.93408203125,786.9585571289062,0.9875204563140869
797,26566,824.8114624023438,83.79098510742188,0.003547706874087453,826.6924438476562,68.16009521484375,0.0038665817119181156,821.386474609375,73.59125518798828,0.001951065263710916,851.8607177734375,57.8580322265625,0.00898117944598198,830.288818359375,65.77734375,0.0025393276009708643,855.1155395507812,37.654266357421875,0.014022824354469776,848.7921752929688,16.701553344726562,0.011172756552696228,782.2080688476562,91.29066467285156,0.058414265513420105,894.4937133789062,77.54058837890625,0.05012401565909386,759.5557250976562,132.8683319091797,0.057047780603170395,880.6781616210938,130.47354125976562,0.04561211168766022,916.54541015625,96.25973510742188,0.8890252709388733,850.8948364257812,90.48184204101562,0.8778201937675476,995.5131225585938,462.7385559082031,0.986240804195404,753.0853271484375,443.66217041015625,0.9822835326194763,1217.0076904296875,767.0454711914062,0.9891538023948669,686.0908813476562,782.7470092773438,0.9883933663368225
798,26600,814.059326171875,90.42178344726562,0.0036777209024876356,816.5211791992188,72.51264953613281,0.004547883290797472,809.298583984375,78.93701934814453,0.001982574351131916,845.8056030273438,62.50483703613281,0.00974631030112505,820.8719482421875,72.22869873046875,0.0021686863619834185,850.7200927734375,41.63200378417969,0.012153075076639652,841.9876708984375,17.073348999023438,0.008222324773669243,781.628173828125,91.32197570800781,0.05196493864059448,881.1406860351562,76.0206298828125,0.03765192627906799,761.00537109375,133.4864501953125,0.05302939936518669,868.8934936523438,122.75390625,0.03831582888960838,909.3870849609375,89.86811828613281,0.866016685962677,845.8084716796875,86.49005126953125,0.8431636095046997,973.5701904296875,465.787353515625,0.9841852188110352,752.83740234375,455.0914611816406,0.9788147807121277,1229.34716796875,750.3352661132812,0.9888922572135925,725.10009765625,802.0050659179688,0.9872522354125977
799,26633,811.456787109375,93.68273162841797,0.004165757447481155,814.9846801757812,75.7199935913086,0.005451960489153862,805.7457885742188,81.12224578857422,0.0021425283048301935,844.6273193359375,64.24003601074219,0.01040635909885168,819.3111572265625,71.0368881225586,0.0020079270470887423,842.376220703125,40.88397216796875,0.012577733024954796,847.6307373046875,11.5030517578125,0.006172620691359043,769.4253540039062,91.06791687011719,0.0626194104552269,864.791748046875,79.04420471191406,0.02908281236886978,724.6663818359375,146.15945434570312,0.06967813521623611,824.1361083984375,141.9953155517578,0.03624461591243744,891.4783325195312,85.51455688476562,0.851384162902832,843.7966918945312,78.93099975585938,0.8032929301261902,940.41748046875,485.4449462890625,0.9823141098022461,765.9296264648438,463.751708984375,0.9736947417259216,1224.6749267578125,727.1065063476562,0.9875022172927856,756.935546875,809.66015625,0.9846038222312927
800,26666,827.2454223632812,68.95873260498047,0.00883510708808899,830.0033569335938,49.34083557128906,0.010281122289597988,825.1879272460938,60.14626693725586,0.006194029003381729,843.9937133789062,37.75774383544922,0.021349497139453888,830.8109130859375,54.36566162109375,0.007924453355371952,818.3324584960938,10.57763671875,0.03785228729248047,857.5341796875,0.0,0.01298790518194437,768.7335205078125,49.136192321777344,0.09756990522146225,862.4178466796875,45.05397033691406,0.030981242656707764,763.726318359375,131.92840576171875,0.07798042893409729,876.646728515625,119.25487518310547,0.032641567289829254,873.1060791015625,113.36128234863281,0.8283215761184692,855.9827880859375,110.59194946289062,0.742500364780426,897.7689208984375,483.5281677246094,0.958278477191925,772.7838134765625,474.8775329589844,0.9341588020324707,1201.4344482421875,729.1298828125,0.9539995789527893,798.7892456054688,804.8386840820312,0.9376990795135498
801,26700,766.9550170898438,100.84295654296875,0.0032643976155668497,768.2757568359375,83.25,0.004546530079096556,764.7572021484375,91.0173110961914,0.0017678492004051805,801.5556030273438,65.9937744140625,0.013607624918222427,801.1849975585938,76.22216033935547,0.002513244980946183,808.721923828125,23.439285278320312,0.011677363887429237,838.8785400390625,7.553192138671875,0.010565413162112236,774.3091430664062,50.84147644042969,0.040262799710035324,838.30810546875,73.90557861328125,0.03960339352488518,771.876220703125,152.52268981933594,0.03903261944651604,800.5318603515625,167.7886505126953,0.035189881920814514,862.01953125,96.8682861328125,0.8369759917259216,850.1949462890625,98.15652465820312,0.8323659896850586,852.0934448242188,496.23394775390625,0.9745166301727295,774.2677612304688,477.23193359375,0.9716526865959167,1166.348876953125,704.1082763671875,0.9820773601531982,829.2178344726562,816.6253662109375,0.981855034828186
802,26733,783.0337524414062,95.728271484375,0.002455855719745159,783.059326171875,80.17561340332031,0.0030823671258985996,783.091552734375,93.24028015136719,0.0014681055909022689,805.9220581054688,57.59815979003906,0.014230509288609028,816.8142700195312,79.76564025878906,0.0034689477179199457,800.7691040039062,11.918792724609375,0.015078709460794926,868.0308837890625,0.0,0.020960845053195953,772.6258544921875,55.52996063232422,0.046212080866098404,812.2274780273438,72.88455963134766,0.07499030232429504,742.18359375,168.90940856933594,0.03576426953077316,715.2717895507812,167.91160583496094,0.05526299774646759,861.0126953125,127.50210571289062,0.8744224905967712,888.43798828125,132.7484130859375,0.8893467783927917,809.91455078125,490.9002685546875,0.9708099961280823,797.0467529296875,502.7244873046875,0.9725551605224609,1106.703857421875,699.5716552734375,0.9760079979896545,866.1558837890625,820.1004638671875,0.9758703708648682
803,26766,781.7660522460938,97.07913208007812,0.001918087713420391,778.922607421875,81.26188659667969,0.0025526625104248524,782.6019287109375,95.84097290039062,0.0012180331395938993,796.493408203125,58.974334716796875,0.021100066602230072,824.266845703125,83.0822525024414,0.005233201198279858,791.935546875,12.999298095703125,0.024749888107180595,884.8125,0.0,0.03108508512377739,771.3746948242188,46.582489013671875,0.0467144213616848,821.7603759765625,69.64553833007812,0.06857302784919739,772.0545043945312,158.6114959716797,0.024454813450574875,730.7655639648438,165.84457397460938,0.035075366497039795,873.0634155273438,131.48997497558594,0.8915167450904846,924.4849243164062,131.95533752441406,0.9017965793609619,782.158447265625,487.98284912109375,0.9712328314781189,798.1261596679688,488.7717590332031,0.9725232124328613,1040.10986328125,704.7879638671875,0.9760276079177856,892.623046875,810.7256469726562,0.9755063056945801
804,26800,761.1358642578125,80.54278564453125,0.0021084302570670843,760.2647094726562,66.44739532470703,0.0026963879354298115,764.9864501953125,82.93016052246094,0.000875171972438693,791.912353515625,49.80933380126953,0.026646697893738747,826.3539428710938,74.55436706542969,0.004138231743127108,787.7722778320312,8.199348449707031,0.06712926179170609,905.9097290039062,0.0,0.030800100415945053,755.0484619140625,6.791839599609375,0.19757597148418427,843.4396362304688,21.226638793945312,0.07701555639505386,789.2008666992188,22.450286865234375,0.1298290342092514,794.59228515625,36.64924621582031,0.056251294910907745,874.9244995117188,128.86802673339844,0.9170011281967163,951.4821166992188,122.24787139892578,0.8780809044837952,748.2008666992188,482.7157287597656,0.9724976420402527,831.6756591796875,477.62176513671875,0.9535052180290222,966.845947265625,763.34326171875,0.9585285782814026,939.3267211914062,752.9284057617188,0.9427773952484131
805,26833,763.2837524414062,94.50636291503906,0.001207089750096202,761.34521484375,77.14290618896484,0.0016860987525433302,768.347900390625,95.62312316894531,0.0007335158879868686,792.4700927734375,58.217857360839844,0.026206349954009056,838.0075073242188,86.36920166015625,0.006058185361325741,793.136962890625,15.716102600097656,0.03154478222131729,935.1784057617188,4.270660400390625,0.032832320779561996,780.1534423828125,39.82832336425781,0.04518716409802437,943.7092895507812,65.07810974121094,0.057146601378917694,786.570068359375,141.84375,0.023000385612249374,887.0108642578125,151.0279083251953,0.02818489633500576,865.735107421875,125.98063659667969,0.8973160982131958,965.285888671875,123.00851440429688,0.9008408188819885,713.5614013671875,463.47601318359375,0.9760938286781311,863.471435546875,489.3119201660156,0.9760647416114807,900.1622924804688,761.4512329101562,0.9803304076194763,995.5677490234375,828.933837890625,0.9783830046653748
806,26866,773.162353515625,86.7795639038086,0.00184234871994704,769.9332885742188,67.38228607177734,0.002266343915835023,773.383544921875,84.77760314941406,0.0008854825282469392,803.5274658203125,46.677886962890625,0.02176830545067787,840.3674926757812,75.70594024658203,0.004600228276103735,814.989501953125,12.4442138671875,0.034687142819166183,925.1180419921875,9.689346313476562,0.026856591925024986,813.3134765625,64.0784912109375,0.06728948652744293,932.5977172851562,82.28109741210938,0.055404774844646454,822.8408203125,159.95201110839844,0.05063432827591896,870.501708984375,156.92623901367188,0.04245523363351822,869.5037841796875,113.21063232421875,0.900437593460083,960.4274291992188,115.36308288574219,0.8849828243255615,700.5785522460938,435.0955810546875,0.9832696914672852,907.7464599609375,496.88153076171875,0.9788631796836853,812.89306640625,795.1951904296875,0.9870583415031433,1042.3759765625,828.8800659179688,0.9828616380691528
807,26900,787.9183959960938,107.0867691040039,0.0017257736762985587,787.3709106445312,84.31704711914062,0.002571930643171072,793.9932861328125,103.63863372802734,0.0010357152204960585,815.4274291992188,63.455142974853516,0.02982347272336483,860.6455688476562,92.72252655029297,0.005480511579662561,813.98974609375,2.9601287841796875,0.03595351055264473,935.2284545898438,8.539878845214844,0.021962065249681473,814.7033081054688,51.89714813232422,0.059207141399383545,932.918701171875,59.64189147949219,0.04253792017698288,841.3101196289062,165.1551513671875,0.039077308028936386,889.04248046875,157.03428649902344,0.032751984894275665,880.5953979492188,108.08303833007812,0.8815281987190247,985.2113037109375,114.85903930664062,0.8531422019004822,702.45068359375,435.99755859375,0.9752062559127808,932.5501708984375,478.91546630859375,0.9667896032333374,724.1033935546875,791.9194946289062,0.9730625748634338,1084.89404296875,801.9034423828125,0.9646879434585571
808,26933,823.3914794921875,90.68392181396484,0.002108729211613536,816.6857299804688,68.22425079345703,0.002188450424000621,822.0093383789062,78.42395782470703,0.0011335969902575016,827.8674926757812,49.933868408203125,0.017419977113604546,876.9624633789062,65.4107666015625,0.005170459859073162,818.1959838867188,15.592391967773438,0.030727725476026535,939.605224609375,12.58209228515625,0.02041282318532467,812.9694213867188,81.012451171875,0.061988841742277145,931.9281005859375,75.05168151855469,0.04791691526770592,845.0856323242188,165.67433166503906,0.05727522447705269,874.9574584960938,155.36270141601562,0.04973398521542549,869.8196411132812,94.08906555175781,0.8982027173042297,976.7288818359375,96.10899353027344,0.8729569911956787,734.221435546875,445.5087890625,0.9872698783874512,977.7528076171875,474.9293518066406,0.9819627404212952,656.8810424804688,809.1697998046875,0.9889492988586426,1117.8233642578125,790.2205810546875,0.9853330254554749
809,26966,821.4210205078125,96.97695922851562,0.0010554523905739188,818.2006225585938,74.97347259521484,0.0014190454967319965,823.2728271484375,85.72480773925781,0.0005534054362215102,834.5480346679688,59.94438171386719,0.013754921965301037,875.296142578125,76.59031677246094,0.0023670168593525887,831.1682739257812,14.415390014648438,0.01418980397284031,931.012451171875,10.947418212890625,0.008754760026931763,819.4988403320312,67.99800109863281,0.038984861224889755,910.91455078125,62.971824645996094,0.029206881299614906,846.6375732421875,148.96047973632812,0.039914436638355255,843.828369140625,146.50741577148438,0.03475629538297653,876.968505859375,81.76359558105469,0.8750571012496948,972.8915405273438,84.05424499511719,0.844060480594635,744.4601440429688,443.3388977050781,0.9869257211685181,991.9429931640625,462.5587463378906,0.9815378189086914,618.0855102539062,799.0794067382812,0.9887992739677429,1155.5943603515625,779.70361328125,0.9852054715156555
810,27000,815.5596923828125,89.14393615722656,0.0019282803405076265,812.0709228515625,66.05220794677734,0.0021992234978824854,814.5053100585938,74.18321228027344,0.0009087545913644135,831.1146240234375,53.23942565917969,0.013666974380612373,867.392578125,64.46292114257812,0.002895186422392726,833.3943481445312,17.06011962890625,0.01959795318543911,915.084228515625,14.751113891601562,0.010568203404545784,815.3862915039062,73.4718017578125,0.059199023991823196,899.894775390625,69.15005493164062,0.03414779156446457,827.38916015625,132.79151916503906,0.07328043133020401,828.9426879882812,128.38009643554688,0.050787441432476044,881.1412353515625,74.6488037109375,0.8741785883903503,962.1377563476562,76.01788330078125,0.8304215669631958,751.2664184570312,440.4654235839844,0.988055944442749,989.6369018554688,460.2935485839844,0.9808094501495361,641.06201171875,812.3624877929688,0.9897745847702026,1169.8526611328125,766.0933227539062,0.9856094717979431
811,27033,792.6046142578125,88.77513885498047,0.0015681051881983876,795.828369140625,65.32852935791016,0.0022794778924435377,799.6022338867188,81.98983001708984,0.0008219816954806447,821.139404296875,51.37346649169922,0.017245929688215256,851.155517578125,76.92816925048828,0.0028730209451168776,821.9805908203125,0.0,0.013144377619028091,909.1814575195312,3.9750823974609375,0.010446673259139061,814.8040161132812,43.146080017089844,0.04035857692360878,891.14599609375,50.45551300048828,0.03241867572069168,823.9736938476562,136.87789916992188,0.04979376867413521,827.9703979492188,130.0589141845703,0.039946556091308594,878.4904174804688,70.04530334472656,0.8271448612213135,964.1354370117188,70.8717269897461,0.8050330877304077,744.4891357421875,449.4740295410156,0.9797372221946716,961.8154907226562,445.5413818359375,0.9731632471084595,693.0421142578125,814.8213500976562,0.9777357578277588,1187.4210205078125,743.9800415039062,0.9730339050292969
812,27066,784.9548950195312,85.41471862792969,0.00167830940335989,787.2993774414062,62.917327880859375,0.0024827620945870876,790.6640625,78.15101623535156,0.0008452420588582754,816.0158081054688,49.26141357421875,0.017130499705672264,840.2818603515625,73.52384948730469,0.0026176597457379103,815.9114379882812,12.056648254394531,0.011718323454260826,899.63525390625,6.755928039550781,0.010164353996515274,800.8046264648438,58.49242401123047,0.03420242294669151,897.4957275390625,61.186729431152344,0.03175882622599602,815.6640014648438,140.1177978515625,0.04183630272746086,836.4589233398438,128.62518310546875,0.038353729993104935,869.227294921875,82.726318359375,0.8294044137001038,942.3305053710938,79.04901123046875,0.8118184208869934,758.8969116210938,453.1965026855469,0.982408344745636,928.326416015625,451.6728515625,0.976477861404419,738.226318359375,818.8456420898438,0.985709547996521,1177.0635986328125,712.0781860351562,0.9823662638664246
813,27100,782.7887573242188,81.65531158447266,0.003475202014669776,782.650634765625,58.71299743652344,0.003770622191950679,786.5696411132812,72.21766662597656,0.0014059023233130574,806.5543212890625,40.50640869140625,0.013933862559497356,832.7777709960938,62.39545440673828,0.002556493505835533,808.6177368164062,1.7783660888671875,0.015119682997465134,886.0061645507812,0.0,0.0186973474919796,777.8316650390625,63.32414245605469,0.06850720942020416,848.4607543945312,67.36569213867188,0.08373319357633591,731.306396484375,159.03890991210938,0.11646118760108948,728.3665161132812,152.57830810546875,0.1412733644247055,877.5653686523438,94.91047668457031,0.8510584235191345,940.3030395507812,92.24382019042969,0.8501116633415222,769.196044921875,457.2316589355469,0.9833794236183167,895.541015625,469.1305847167969,0.9781674146652222,768.4832763671875,838.6657104492188,0.985308825969696,1148.1181640625,698.6885986328125,0.9819713234901428
814,27133,786.2557983398438,81.17706298828125,0.0024815411306917667,786.2200927734375,60.63958740234375,0.0032786012161523104,790.658447265625,74.13672637939453,0.001171272830106318,811.5999755859375,42.214508056640625,0.019803034141659737,834.2083740234375,65.27336883544922,0.0033459216356277466,816.3604125976562,6.415008544921875,0.019609272480010986,883.1876220703125,0.0,0.017738010734319687,797.9468994140625,59.60302734375,0.05271046236157417,902.4885864257812,60.9766845703125,0.048234887421131134,780.62255859375,144.94248962402344,0.05614854022860527,841.2182006835938,116.79885864257812,0.05111820623278618,874.327880859375,104.12457275390625,0.8721540570259094,920.105224609375,102.08331298828125,0.8554564714431763,770.3786010742188,471.784423828125,0.9850565791130066,864.0150146484375,484.24053955078125,0.9774768948554993,799.512451171875,858.3193969726562,0.9876345992088318,1109.4158935546875,687.3427734375,0.9837374687194824
815,27166,782.14599609375,80.01182556152344,0.0028741098940372467,781.1055908203125,61.69988250732422,0.003872040193527937,786.0340576171875,76.08045959472656,0.0012513840338215232,810.73681640625,41.878143310546875,0.023882580921053886,830.4307861328125,66.85608673095703,0.003381214337423444,823.999755859375,4.0630645751953125,0.02675073966383934,875.2261962890625,0.0,0.023593492805957794,818.4365844726562,54.188323974609375,0.06874004751443863,906.0466918945312,62.17424011230469,0.06241003796458244,818.4932250976562,141.69447326660156,0.06690952926874161,855.9767456054688,123.86686706542969,0.05996265262365341,884.2796630859375,114.86856079101562,0.9038288593292236,914.5487060546875,112.8116455078125,0.8899237513542175,764.9915161132812,479.32684326171875,0.9867710471153259,832.7928466796875,493.3215026855469,0.9801535606384277,831.6513671875,854.3970336914062,0.9882219433784485,1072.862060546875,698.5731811523438,0.984565794467926
816,27200,779.5424194335938,76.5772705078125,0.0014139640843495727,778.024169921875,59.42779541015625,0.001997922779992223,787.84814453125,76.90473175048828,0.0007989282603375614,802.6022338867188,39.420066833496094,0.02512308582663536,838.182373046875,68.68922424316406,0.004695173818618059,806.7929077148438,6.421348571777344,0.026603465899825096,895.054931640625,0.0,0.02993895299732685,802.8034057617188,53.347389221191406,0.0476803258061409,919.0164184570312,65.29438018798828,0.0617382638156414,823.359375,148.5824432373047,0.03014255315065384,865.4324951171875,139.03134155273438,0.036396101117134094,878.685302734375,131.07984924316406,0.9077686071395874,930.2678833007812,126.19818878173828,0.9088689088821411,777.0873413085938,491.3836975097656,0.9828822612762451,830.8729858398438,481.2144775390625,0.9788280129432678,878.2782592773438,839.8027954101562,0.9829066395759583,1037.550048828125,706.6762084960938,0.9808704257011414
817,27233,755.5786743164062,72.87391662597656,0.0015202079666778445,758.3367919921875,55.80610656738281,0.002243730239570141,757.88037109375,73.70059204101562,0.00064219965133816,797.4730224609375,40.657012939453125,0.023012636229395866,801.8912353515625,71.03530883789062,0.0028200303204357624,809.2203369140625,3.2808837890625,0.04502887651324272,850.3841552734375,0.0,0.01948454976081848,727.7672729492188,9.177154541015625,0.1468159407377243,803.2796630859375,23.374282836914062,0.05144266411662102,747.4074096679688,12.7261962890625,0.09703512489795685,751.057373046875,24.076583862304688,0.040442291647195816,902.22802734375,126.42919921875,0.9271817207336426,913.6849365234375,118.97080993652344,0.8877381682395935,783.343505859375,490.01397705078125,0.9838603734970093,779.9403076171875,465.2061767578125,0.9687356948852539,928.2905883789062,834.3030395507812,0.9784592390060425,990.9833374023438,725.6231689453125,0.968432605266571
818,27266,768.34716796875,44.45819091796875,0.0038249867502599955,773.1826171875,27.000778198242188,0.0038713596295565367,765.4033203125,42.541168212890625,0.0012291483581066132,819.2615356445312,17.050872802734375,0.019558733329176903,796.533203125,44.31829833984375,0.0028383133467286825,839.32861328125,0.0,0.06906681507825851,813.1502075195312,0.0,0.037543296813964844,711.1219482421875,12.227462768554688,0.2996562123298645,727.9230346679688,19.67156982421875,0.13937830924987793,716.4524536132812,7.783721923828125,0.2933664321899414,683.9674072265625,1.553375244140625,0.1485106498003006,914.1284790039062,135.8199005126953,0.9261147975921631,869.8536987304688,126.52272033691406,0.8953157663345337,817.6997680664062,502.8723449707031,0.977651059627533,726.15673828125,453.21221923828125,0.9601997137069702,978.1646118164062,839.197998046875,0.9574414491653442,884.85205078125,766.7026977539062,0.9462456703186035
819,27300,764.7220458984375,60.76551818847656,0.0035165073350071907,769.0053100585938,44.32502746582031,0.0033478576224297285,765.4406127929688,61.13557434082031,0.0013203512644395232,809.1722412109375,32.000335693359375,0.01165715791285038,796.8770751953125,62.59215545654297,0.0022256963420659304,835.9655151367188,0.7582168579101562,0.02718551829457283,838.6792602539062,0.0,0.03231332078576088,747.397216796875,15.449295043945312,0.17492111027240753,800.2366333007812,27.626815795898438,0.20387910306453705,719.5690307617188,6.997650146484375,0.22286522388458252,718.7097778320312,17.830535888671875,0.2401721477508545,910.8598022460938,139.00242614746094,0.9312582015991211,874.0869140625,129.67324829101562,0.9334892630577087,860.0665893554688,501.3825378417969,0.985805094242096,716.6220092773438,438.0802307128906,0.9821810722351074,1025.410400390625,843.9190673828125,0.9763946533203125,841.9462280273438,749.102783203125,0.9770830869674683
820,27333,755.2103271484375,54.52153015136719,0.004867578856647015,759.8527221679688,37.22383117675781,0.005121141206473112,751.0662841796875,51.258544921875,0.0017782263457775116,806.7678833007812,28.188262939453125,0.016379600390791893,784.6131591796875,50.25224304199219,0.0024662213400006294,831.6630249023438,3.5104522705078125,0.043556097894907,843.8970947265625,0.0,0.024177318438887596,778.1017456054688,12.190017700195312,0.20532944798469543,841.1925659179688,19.28558349609375,0.1111098900437355,765.6333618164062,14.324615478515625,0.21280530095100403,760.0846557617188,0.0,0.11819903552532196,919.4256591796875,130.82089233398438,0.9200142621994019,880.0692138671875,114.26133728027344,0.8962767124176025,905.1199951171875,507.7798767089844,0.9820273518562317,712.7039794921875,434.104248046875,0.9720367193222046,1086.869384765625,841.3885498046875,0.9727351069450378,763.9364624023438,781.9459228515625,0.9698446393013
821,27366,798.4788818359375,89.80535888671875,0.0022967730183154345,801.1044311523438,75.52011108398438,0.002499867230653763,795.5260620117188,82.77825164794922,0.001166806323453784,833.969482421875,59.121002197265625,0.013133729808032513,815.5983276367188,69.30292510986328,0.002884766785427928,848.8651123046875,27.8397216796875,0.023930059745907784,858.110595703125,7.71240234375,0.023172106593847275,807.716552734375,64.28952026367188,0.07440700381994247,941.1214599609375,51.00439453125,0.08770247548818588,818.620849609375,108.70687866210938,0.0561753585934639,958.366943359375,77.18888854980469,0.05259772762656212,922.2111206054688,129.77210998535156,0.9153566956520081,871.328125,111.92385864257812,0.9179779291152954,944.7823486328125,506.05096435546875,0.9831857681274414,724.2713012695312,435.9875793457031,0.9806692004203796,1135.0701904296875,833.1967163085938,0.9794750213623047,698.8626708984375,779.6424560546875,0.9816385507583618
822,27400,810.1074829101562,93.60214233398438,0.002447200706228614,813.1317138671875,79.1971206665039,0.002526694443076849,806.0497436523438,85.8076171875,0.0013242036802694201,843.8069458007812,62.3507080078125,0.010159793309867382,819.3147583007812,72.30480194091797,0.00289894943125546,855.621337890625,31.232208251953125,0.02049480378627777,852.80419921875,14.396255493164062,0.019027628004550934,783.4638061523438,78.99247741699219,0.07276565581560135,906.7914428710938,73.82611083984375,0.07538735866546631,750.8265380859375,139.9720916748047,0.05559663474559784,908.9985961914062,145.4476776123047,0.04975011944770813,929.0048217773438,126.69291687011719,0.9216816425323486,866.9282836914062,113.53546142578125,0.9212425351142883,982.94775390625,485.6642761230469,0.9866188168525696,736.5883178710938,438.5006103515625,0.9840684533119202,1169.6859130859375,810.2860107421875,0.9861067533493042,656.630126953125,784.60107421875,0.986772358417511
823,27433,811.4496459960938,88.71253967285156,0.0030637038871645927,813.37353515625,74.40721893310547,0.0029585256706923246,808.4957885742188,80.11134338378906,0.0016963125672191381,839.9092407226562,62.715843200683594,0.008003273978829384,819.73486328125,70.94478607177734,0.0027699023485183716,848.29052734375,38.696044921875,0.015100245364010334,850.1422119140625,21.007736206054688,0.015310580842196941,774.21923828125,89.92369079589844,0.06291501969099045,920.020263671875,76.72883605957031,0.07371122390031815,746.3347778320312,134.25343322753906,0.06002003327012062,939.03955078125,132.0688018798828,0.05940547212958336,929.7198486328125,110.60041809082031,0.9058994650840759,864.9577026367188,101.22528076171875,0.908389151096344,1005.9554443359375,468.22247314453125,0.9871454238891602,743.6650390625,435.07196044921875,0.9852237701416016,1203.0450439453125,796.4961547851562,0.9883252382278442,647.9331665039062,784.5990600585938,0.9889205098152161
824,27466,814.7662353515625,84.67680358886719,0.0037359080743044615,816.8509521484375,70.3157958984375,0.0036747220437973738,811.0816650390625,75.14469909667969,0.002092246897518635,841.9306640625,61.14198303222656,0.006732453126460314,817.9403686523438,67.83041381835938,0.002383266342803836,849.431640625,39.00407409667969,0.010970735922455788,840.9900512695312,19.764862060546875,0.01061511691659689,779.9193115234375,94.06929016113281,0.054228950291872025,900.7988891601562,73.61489868164062,0.05934368073940277,754.9261474609375,135.80126953125,0.06217845529317856,899.9370727539062,119.50030517578125,0.0591469332575798,925.223876953125,96.30024719238281,0.8847787976264954,854.2796630859375,90.34771728515625,0.8840848207473755,1008.4945678710938,456.9161071777344,0.9871060848236084,750.557373046875,437.7455139160156,0.9846557378768921,1227.022705078125,776.280029296875,0.989922821521759,652.2608642578125,782.3849487304688,0.9899331331253052
825,27500,808.2700805664062,87.57742309570312,0.0036836208309978247,809.9769287109375,70.43122100830078,0.004148287698626518,803.2716674804688,76.36610412597656,0.0020417687483131886,835.6728515625,60.99030303955078,0.0075538549572229385,810.8223876953125,70.07643127441406,0.002139885677024722,842.3731079101562,39.33888244628906,0.010403457097709179,832.8772583007812,18.178756713867188,0.007551681715995073,759.7637329101562,94.7567138671875,0.05170965939760208,883.7534790039062,78.27035522460938,0.039381563663482666,716.1611328125,137.8637237548828,0.05764903500676155,871.4970703125,132.65830993652344,0.04305921494960785,916.09521484375,87.28811645507812,0.8673537969589233,845.3569946289062,83.36563110351562,0.8499043583869934,996.230224609375,456.1258850097656,0.9860628247261047,748.30810546875,441.78515625,0.9815170168876648,1239.4180908203125,754.3381958007812,0.9903178215026855,685.3294677734375,785.8619384765625,0.9892765283584595
826,27533,795.1778564453125,95.88130187988281,0.0037844416219741106,797.2364501953125,76.95634460449219,0.0049407342448830605,790.00927734375,83.43585205078125,0.0020021782256662846,827.5588989257812,67.58377075195312,0.009356499649584293,805.3623657226562,76.95661926269531,0.0018977244617417455,832.7915649414062,46.474822998046875,0.010633992962539196,837.3572387695312,19.48333740234375,0.005835615564137697,758.5706787109375,95.55638122558594,0.05161517858505249,884.609130859375,81.17156982421875,0.029004858806729317,723.13330078125,139.97698974609375,0.057052090764045715,873.4736938476562,133.30426025390625,0.03424891084432602,899.4296264648438,81.20091247558594,0.8492989540100098,842.3662719726562,76.87893676757812,0.8112412691116333,967.2368774414062,469.04351806640625,0.9839367866516113,751.7215576171875,455.65557861328125,0.9773283004760742,1241.5374755859375,733.3316040039062,0.9895414710044861,726.0836791992188,808.8703002929688,0.9874459505081177
827,27566,798.551025390625,91.0843276977539,0.0035484193358570337,798.6688842773438,73.0272216796875,0.0045219468884170055,793.6649780273438,79.98067474365234,0.0018921816954389215,824.1665649414062,61.866851806640625,0.008358442224562168,813.168701171875,71.82595825195312,0.0017603363376110792,820.0023193359375,36.542633056640625,0.009074375964701176,853.93896484375,7.4922637939453125,0.005086572375148535,759.5383911132812,81.56195068359375,0.049937691539525986,876.8339233398438,65.50131225585938,0.028308458626270294,728.7655029296875,137.8201446533203,0.06098702549934387,842.1299438476562,117.57984924316406,0.03721742331981659,880.4344482421875,80.21040344238281,0.8263037800788879,851.1084594726562,75.35092163085938,0.7838926911354065,929.6943969726562,485.9497375488281,0.9805623292922974,768.0095825195312,470.8698425292969,0.97306889295578,1233.27392578125,729.4696655273438,0.9871856570243835,757.8003540039062,822.2689819335938,0.9846639037132263
828,27600,793.8074340820312,87.13751220703125,0.004604365210980177,796.942626953125,71.82886505126953,0.004863102454692125,786.3839721679688,78.32421112060547,0.002336641540750861,820.2393188476562,54.99201965332031,0.006757001858204603,793.80126953125,64.34493255615234,0.0017812625737860799,815.0288696289062,19.757125854492188,0.01023925095796585,822.9874877929688,0.0,0.006390679161995649,759.3333129882812,63.0487060546875,0.07639732956886292,803.3104858398438,67.49752807617188,0.04690270125865936,709.1768188476562,138.34437561035156,0.11530256271362305,720.0142211914062,142.79786682128906,0.08171401172876358,864.4354858398438,92.47348022460938,0.8419957756996155,830.0615844726562,89.94891357421875,0.8052202463150024,889.20361328125,497.31024169921875,0.9784624576568604,771.56787109375,484.72686767578125,0.9712741374969482,1196.333984375,714.77734375,0.9837851524353027,799.0636596679688,827.7821044921875,0.9808680415153503
829,27633,803.6017456054688,95.49401092529297,0.003493409138172865,802.5635986328125,82.86962127685547,0.0036445630248636007,798.5133056640625,91.89521026611328,0.0019391931127756834,818.2306518554688,61.025184631347656,0.008270718157291412,817.2349243164062,75.89350891113281,0.0023675402626395226,801.2217407226562,16.684844970703125,0.01216141413897276,863.7086791992188,0.0,0.0108150290325284,759.05419921875,58.27569580078125,0.06519397348165512,805.5443725585938,73.91368103027344,0.06043469160795212,725.2421264648438,151.1096649169922,0.07900101691484451,717.0750732421875,168.59222412109375,0.07830029726028442,857.2767333984375,112.93006896972656,0.8506726622581482,874.12451171875,110.73811340332031,0.8375502228736877,818.1986083984375,498.5281677246094,0.9732077717781067,781.7897338867188,496.7882385253906,0.9692920446395874,1152.991943359375,708.4708251953125,0.9804397225379944,830.0894775390625,827.2366943359375,0.9784522652626038
830,27666,773.3613891601562,100.09071350097656,0.0020117326639592648,774.1143188476562,84.82997131347656,0.0026319955941289663,770.8140258789062,97.99118041992188,0.0012989658862352371,795.0584716796875,61.553741455078125,0.015870729461312294,798.1593017578125,83.53546142578125,0.003927819896489382,791.4197387695312,13.962478637695312,0.016594966873526573,847.7473754882812,0.0,0.023795541375875473,763.045654296875,49.22399139404297,0.0398966446518898,782.8131103515625,66.57909393310547,0.0702298954129219,748.933349609375,158.3938751220703,0.02516329102218151,691.5274658203125,156.5543670654297,0.042460713535547256,862.2026977539062,129.2996063232422,0.8866486549377441,886.9222412109375,132.18154907226562,0.9025796055793762,789.9318237304688,492.4718017578125,0.9727035164833069,788.716064453125,499.3526306152344,0.9752855896949768,1064.8809814453125,701.7372436523438,0.9783429503440857,864.5934448242188,820.3115844726562,0.9787759184837341
831,27700,756.0704345703125,95.48103332519531,0.002018040744587779,755.5858764648438,80.6978759765625,0.0025249237660318613,757.0259399414062,95.87129974365234,0.0011192881502211094,783.6987915039062,63.468841552734375,0.017441388219594955,803.0366821289062,87.63917541503906,0.003966674208641052,788.994384765625,20.022491455078125,0.024552874267101288,875.1495361328125,0.0,0.029781557619571686,762.932373046875,31.34271240234375,0.06784884631633759,830.2328491210938,39.480560302734375,0.09615636616945267,752.634521484375,56.67173767089844,0.046462636440992355,754.585205078125,41.965484619140625,0.06460056453943253,868.9276123046875,128.10365295410156,0.8975881934165955,912.3854370117188,123.67183685302734,0.9058955311775208,761.7158203125,489.4648132324219,0.9737839102745056,775.7765502929688,483.01702880859375,0.9741584658622742,1011.73388671875,730.141357421875,0.9747538566589355,893.6222534179688,804.4698486328125,0.9742332100868225
832,27733,758.8224487304688,81.77336883544922,0.005272720940411091,759.2985229492188,65.32697296142578,0.0038281800225377083,754.4976196289062,81.32691192626953,0.0018052402883768082,800.8027954101562,47.207977294921875,0.009561078622937202,809.3463134765625,73.1572265625,0.002856136066839099,802.4735107421875,7.9716796875,0.030885228887200356,903.788818359375,0.0,0.044148337095975876,778.0706176757812,20.674072265625,0.22520865499973297,862.5863037109375,54.62255859375,0.30438897013664246,735.4912719726562,26.475448608398438,0.36587247252464294,746.6515502929688,37.38761901855469,0.4490993320941925,871.395263671875,122.59803771972656,0.870357096195221,938.4388427734375,118.22639465332031,0.881230890750885,711.7739868164062,471.1855163574219,0.9616852402687073,815.480224609375,494.9185485839844,0.9609585404396057,950.5916748046875,750.2216186523438,0.9467183351516724,935.396484375,810.2667846679688,0.9429404139518738
833,27766,757.1762084960938,66.58650970458984,0.004377404227852821,753.7470703125,50.947906494140625,0.003608931787312031,755.7709350585938,68.37153625488281,0.0014174882089719176,790.7128295898438,34.780242919921875,0.01129668764770031,823.6802368164062,63.60585021972656,0.0027684932574629784,786.9501342773438,0.0,0.04583779722452164,905.48974609375,0.0,0.030002424493432045,725.3219604492188,12.800674438476562,0.2850550413131714,825.8074951171875,40.7720947265625,0.17278513312339783,740.5068969726562,25.561798095703125,0.38267242908477783,741.2411499023438,33.061065673828125,0.2767649292945862,862.9406127929688,138.80442810058594,0.9369105696678162,951.3444213867188,137.54177856445312,0.9154332280158997,672.3497924804688,454.5075988769531,0.9872703552246094,848.7766723632812,501.74224853515625,0.9815007448196411,865.5665283203125,768.3135375976562,0.9862239360809326,998.4686889648438,836.9971313476562,0.9801629781723022
834,27800,737.1582641601562,86.07222747802734,0.0012503451434895396,739.3934326171875,68.60662841796875,0.0019421061733737588,746.3211669921875,88.88660430908203,0.0005725111113861203,782.3626708984375,52.38597106933594,0.025927159935235977,824.4955444335938,82.8567123413086,0.003341542324051261,792.8881225585938,0.0,0.039990752935409546,905.9489135742188,0.0,0.022460317239165306,736.9070434570312,9.550277709960938,0.10465148836374283,830.0145874023438,27.392898559570312,0.05233835056424141,693.9193725585938,23.24475860595703,0.06510458141565323,714.1347045898438,39.23204040527344,0.040628958493471146,872.3842163085938,135.791748046875,0.9015349745750427,967.4584350585938,136.35983276367188,0.8713294267654419,659.7493896484375,447.8465881347656,0.9759566783905029,869.2554931640625,493.4234619140625,0.9652354121208191,772.844482421875,791.4869384765625,0.9712192416191101,1042.021728515625,818.8934326171875,0.9590203762054443
835,27833,738.9027099609375,70.859375,0.0018678609048947692,740.2089233398438,53.02619934082031,0.002286908682435751,750.0562744140625,68.06515502929688,0.0008168493513949215,774.403076171875,35.812705993652344,0.02691693790256977,830.0301513671875,56.85585021972656,0.00559969013556838,785.20849609375,0.0,0.04749726876616478,914.02587890625,0.0,0.034816157072782516,747.075439453125,2.4986343383789062,0.11506413668394089,870.0072021484375,20.20770263671875,0.07030905038118362,762.4008178710938,37.84455871582031,0.08906760066747665,770.7742309570312,48.51347351074219,0.05613427981734276,869.3173828125,129.0738983154297,0.8912770748138428,980.4548950195312,129.34017944335938,0.8719567656517029,670.01904296875,452.548828125,0.9753692746162415,917.4177856445312,487.4484558105469,0.9669073820114136,686.4217529296875,804.8599243164062,0.9619684219360352,1095.2611083984375,801.4658203125,0.9493643641471863
836,27866,795.5489501953125,95.79215240478516,0.002361830323934555,788.3562622070312,73.00000762939453,0.0022258295211941004,794.98388671875,84.31450653076172,0.0010035975137725472,803.2819213867188,52.06471252441406,0.015257644467055798,856.761474609375,68.72337341308594,0.0035266929771751165,797.9623413085938,2.496917724609375,0.03205012157559395,918.1257934570312,2.6352996826171875,0.023396210744976997,751.5140991210938,56.56278991699219,0.10510711371898651,882.0128173828125,62.50529479980469,0.08332997560501099,723.5282592773438,152.79739379882812,0.12189532071352005,754.7987060546875,157.66387939453125,0.11824159324169159,863.9650268554688,112.30462646484375,0.9122468829154968,967.2762451171875,115.69400024414062,0.8921424150466919,696.987548828125,453.29278564453125,0.9869993329048157,946.7593383789062,490.3918762207031,0.9811939597129822,619.6259765625,811.090087890625,0.9864603281021118,1122.775634765625,786.3893432617188,0.9815951585769653
837,27900,806.8877563476562,96.5632095336914,0.0020391985308378935,800.7272338867188,73.8368911743164,0.001965621020644903,806.9262084960938,82.02962493896484,0.000914900389034301,813.2462768554688,57.11407470703125,0.014654024504125118,862.7811279296875,68.58526611328125,0.003552095266059041,809.0808715820312,13.079544067382812,0.02851695381104946,910.1158447265625,13.404693603515625,0.019724557176232338,765.6088256835938,74.2452392578125,0.08484101295471191,878.6229858398438,72.73283386230469,0.06542731076478958,737.9278564453125,155.06240844726562,0.09664136171340942,775.0745239257812,152.05618286132812,0.09138314425945282,859.630615234375,103.62355041503906,0.9061588644981384,953.3472290039062,107.17025756835938,0.8829171061515808,712.0115356445312,450.77471923828125,0.98788982629776,969.4169311523438,479.37945556640625,0.9822268486022949,579.3955078125,804.4324951171875,0.9877277612686157,1157.8157958984375,770.6137084960938,0.9833568334579468
838,27933,782.5989990234375,101.68714141845703,0.0009049302898347378,783.9131469726562,80.80824279785156,0.0012371748453006148,793.251953125,93.61104583740234,0.00038974371273070574,804.314453125,62.560707092285156,0.013688949868083,854.1002807617188,80.79499053955078,0.0018077966524288058,804.3328857421875,0.0,0.014341868460178375,912.0979614257812,0.0,0.00974737387150526,733.9854736328125,43.192222595214844,0.06597178429365158,879.9639282226562,44.858001708984375,0.043237946927547455,628.7481079101562,143.12933349609375,0.07948896288871765,770.7286376953125,147.41249084472656,0.0635041892528534,858.00146484375,90.65789794921875,0.8778424263000488,959.2273559570312,91.896240234375,0.8531396985054016,706.672119140625,458.5057373046875,0.9840100407600403,967.798095703125,469.11431884765625,0.9782063961029053,573.98974609375,792.2896728515625,0.9806037545204163,1175.2159423828125,779.131591796875,0.9746188521385193
839,27966,782.0674438476562,96.90618896484375,0.0010212501510977745,782.5784912109375,76.03633880615234,0.0013638421660289168,791.6455688476562,89.93914031982422,0.0005319472984410822,798.8933715820312,59.63097381591797,0.014584051445126534,846.6603393554688,80.08667755126953,0.0025624996051192284,794.1515502929688,0.0,0.012940356507897377,903.1847534179688,0.0,0.012016738764941692,779.3853149414062,47.097999572753906,0.041787080466747284,901.2019653320312,35.12809753417969,0.04485808685421944,783.5733642578125,138.1757049560547,0.048818327486515045,843.4119873046875,110.88130187988281,0.05239557474851608,844.9695434570312,82.47635650634766,0.8466793894767761,946.3775634765625,84.05669403076172,0.8381295204162598,707.363037109375,455.3675842285156,0.9786533117294312,954.4656372070312,461.568603515625,0.9744037985801697,616.7785034179688,802.90673828125,0.9749133586883545,1183.8211669921875,756.4381713867188,0.9705140590667725
840,28000,774.2828979492188,104.18675994873047,0.0025527728721499443,770.4093017578125,83.44496154785156,0.00301532493904233,776.15478515625,93.48728942871094,0.0009962867479771376,789.1840209960938,63.05797576904297,0.019322682172060013,831.3384399414062,77.0950927734375,0.002714487025514245,775.858154296875,12.689437866210938,0.02987077087163925,881.6912841796875,7.4007110595703125,0.013269409537315369,674.908447265625,52.40318298339844,0.1132979691028595,861.994873046875,51.90879821777344,0.04501735419034958,575.8773193359375,101.34635925292969,0.13216914236545563,740.9917602539062,99.45950317382812,0.076968252658844,839.8147583007812,92.72515869140625,0.9021137952804565,922.1806640625,90.2662353515625,0.853046715259552,716.0343017578125,461.13134765625,0.9889218807220459,936.1636962890625,472.0357360839844,0.9789668321609497,679.0426025390625,825.861328125,0.9883683323860168,1173.58447265625,714.432861328125,0.9827238917350769
841,28033,756.4347534179688,100.58546447753906,0.0013073896989226341,754.92822265625,80.10475158691406,0.0018463685410097241,766.8382568359375,94.63545227050781,0.0005527675384655595,774.3491821289062,57.958030700683594,0.01351079624146223,826.5983276367188,80.76004028320312,0.001743669155985117,759.2660522460938,8.433380126953125,0.01320558600127697,897.7716674804688,0.0,0.007916356436908245,692.2619018554688,46.51988983154297,0.07083424180746078,874.9066772460938,39.7115478515625,0.03696272522211075,603.0664672851562,129.87667846679688,0.09310856461524963,741.2618408203125,115.97451782226562,0.06258036941289902,825.961181640625,101.395751953125,0.8714898824691772,929.22900390625,94.70457458496094,0.8302263617515564,721.9403686523438,469.72845458984375,0.9861817359924316,899.2701416015625,471.5453796386719,0.976833701133728,707.5078125,830.358642578125,0.9875330924987793,1161.678955078125,704.8385009765625,0.981784462928772
842,28066,751.4651489257812,91.75666809082031,0.001030516461469233,750.437744140625,74.39433288574219,0.0014210225781425834,760.941650390625,89.16650390625,0.0005620811134576797,770.0304565429688,52.97474670410156,0.01702701486647129,813.7361450195312,76.84343719482422,0.003073652507737279,759.438232421875,10.852981567382812,0.017267009243369102,878.0670776367188,0.0,0.01733529567718506,743.9214477539062,58.15873718261719,0.04360365867614746,890.1063232421875,49.77287292480469,0.05077451467514038,748.627197265625,163.72792053222656,0.036011841148138046,826.5763549804688,141.3245086669922,0.04397711902856827,828.0099487304688,122.94319152832031,0.903043270111084,914.89453125,119.5341796875,0.89637690782547,713.84033203125,468.338134765625,0.9862289428710938,854.8709106445312,478.7337341308594,0.9813054203987122,731.9933471679688,835.055419921875,0.9883179068565369,1125.53564453125,680.913818359375,0.9851354956626892
843,28100,729.9437255859375,86.59510803222656,0.0020013225730508566,726.5438232421875,69.5145263671875,0.0024250224232673645,734.2952880859375,83.46013641357422,0.0008517644018866122,752.2301635742188,47.105255126953125,0.017672784626483917,789.9177856445312,70.77268981933594,0.002835112391039729,753.56201171875,1.1983795166015625,0.02712339162826538,852.6478271484375,0.0,0.023022370412945747,728.1676025390625,33.090728759765625,0.08761028945446014,851.0247802734375,56.15885925292969,0.07618699222803116,738.9853515625,131.53829956054688,0.08533685654401779,767.5377197265625,140.55848693847656,0.08280506730079651,844.5419311523438,124.2432861328125,0.9275496602058411,911.663330078125,122.79766845703125,0.9142225384712219,708.7548217773438,475.1927490234375,0.9895240664482117,818.5413818359375,492.7226257324219,0.983729898929596,763.185302734375,837.7930297851562,0.9906231760978699,1077.38427734375,684.27099609375,0.9871610999107361
844,28133,718.9039306640625,80.67068481445312,0.0019393268739804626,715.9146118164062,62.98212432861328,0.002466276753693819,723.148681640625,78.43517303466797,0.000769645965192467,747.7681884765625,40.845611572265625,0.019041936844587326,782.5072631835938,66.4676284790039,0.0026246944908052683,757.935302734375,0.0,0.035599756985902786,845.7933349609375,0.0,0.021768342703580856,708.432373046875,28.842269897460938,0.12941041588783264,818.1668701171875,55.45289611816406,0.06941939890384674,641.8558959960938,99.63088989257812,0.1123981922864914,693.2805786132812,131.1940155029297,0.07598942518234253,845.1697998046875,128.72483825683594,0.9376271367073059,900.7220458984375,123.09878540039062,0.9150350689888,713.8870849609375,486.2969055175781,0.9898760914802551,795.8642578125,493.1900939941406,0.9821398854255676,806.8319702148438,835.6719360351562,0.9900972843170166,1025.16259765625,701.863037109375,0.9856171011924744
845,28166,714.1342163085938,82.27633666992188,0.0028929186519235373,715.2406005859375,63.78309631347656,0.0033825403079390526,717.9091186523438,84.76771545410156,0.001086518750526011,757.3134765625,42.22279357910156,0.016078738495707512,775.112548828125,77.42893981933594,0.0025230736937373877,756.1358032226562,0.0,0.04346715658903122,833.4721069335938,0.0,0.018005844205617905,661.2521362304688,8.7000732421875,0.23310184478759766,734.4920043945312,19.58660888671875,0.08586253225803375,731.5588989257812,17.40985107421875,0.26532217860221863,739.3099975585938,28.830825805664062,0.12649843096733093,857.5135498046875,137.23883056640625,0.9416149854660034,901.3626708984375,132.5172882080078,0.9044221043586731,720.7875366210938,486.81353759765625,0.9891846179962158,784.9209594726562,478.27203369140625,0.9784227013587952,856.75732421875,821.5213623046875,0.985692024230957,976.1964721679688,728.1005859375,0.9780341982841492
846,28200,718.172607421875,64.71466827392578,0.002899418119341135,723.589599609375,50.39447021484375,0.0027640380430966616,723.8707885742188,66.21865844726562,0.0008630097145214677,775.6800537109375,36.68865966796875,0.010834922082722187,779.9368896484375,61.8614501953125,0.0015239951899275184,814.3502807617188,0.0,0.02155996672809124,843.88427734375,0.0,0.033334825187921524,749.139404296875,3.5840606689453125,0.20653750002384186,805.8997192382812,26.11651611328125,0.28448668122291565,674.4500122070312,14.83795166015625,0.35491231083869934,679.539794921875,27.39960479736328,0.4193476140499115,872.7720947265625,144.3896026611328,0.8317447900772095,872.1227416992188,135.36241149902344,0.8544721603393555,747.8060913085938,486.18804931640625,0.9420341849327087,718.6453857421875,459.08624267578125,0.9389700293540955,886.0302124023438,828.046142578125,0.865059494972229,877.235107421875,783.7793579101562,0.8687837719917297
847,28233,727.3074951171875,53.872901916503906,0.004839024040848017,734.057373046875,38.72138214111328,0.004201036877930164,729.836669921875,54.60108947753906,0.001860344666056335,780.3101806640625,25.2652587890625,0.011445136740803719,762.6832275390625,52.98273468017578,0.002722092904150486,823.3156127929688,0.0,0.02144787646830082,801.1117553710938,0.0,0.04451540485024452,741.0364379882812,4.5351104736328125,0.15334074199199677,785.7297973632812,23.781646728515625,0.28694307804107666,686.868896484375,11.953994750976562,0.2509869933128357,687.3849487304688,22.41881561279297,0.3588777184486389,884.0526123046875,143.9512176513672,0.8822384476661682,837.8389892578125,136.20639038085938,0.9104610085487366,777.278564453125,494.5093994140625,0.9694757461547852,679.2144165039062,446.0269775390625,0.9693743586540222,938.3994140625,828.6010131835938,0.9346960186958313,809.2069702148438,735.6649169921875,0.9442248940467834
848,28266,719.4759521484375,62.42353820800781,0.00509564857929945,724.0713500976562,46.584754943847656,0.004425765946507454,720.2435302734375,59.578880310058594,0.0019441470503807068,766.059814453125,33.93280792236328,0.012223655357956886,754.6974487304688,56.96429443359375,0.002954407362267375,804.3037719726562,0.0,0.023797979578375816,806.4340209960938,0.0,0.04395902156829834,744.2516479492188,8.598129272460938,0.13806238770484924,809.6290893554688,28.715240478515625,0.24690473079681396,713.1390380859375,16.727737426757812,0.19595573842525482,724.594482421875,28.1517333984375,0.26733362674713135,878.48583984375,143.0524444580078,0.9090439081192017,839.3020629882812,134.17259216308594,0.929926872253418,817.123046875,501.7925720214844,0.9813785552978516,676.9061889648438,438.4843444824219,0.98105388879776,987.76123046875,836.7206420898438,0.9669373631477356,746.019287109375,754.142578125,0.9733403325080872
849,28300,756.575439453125,83.57050323486328,0.002987641142681241,761.8419799804688,68.30298614501953,0.003277962328866124,751.180908203125,77.924560546875,0.001269250875338912,799.399169921875,51.12359619140625,0.011970765888690948,767.3445434570312,66.86913299560547,0.0022157044149935246,818.2740478515625,12.037582397460938,0.028156572952866554,796.1195678710938,1.3794708251953125,0.018850885331630707,755.21142578125,21.505325317382812,0.13832736015319824,779.7112426757812,30.191665649414062,0.08634795993566513,746.9517211914062,47.15185546875,0.12865516543388367,738.0767211914062,50.45686340332031,0.07527574896812439,881.3298950195312,131.89833068847656,0.9288764595985413,824.2014770507812,119.73152160644531,0.9140248894691467,869.1002807617188,505.2566833496094,0.9864971041679382,687.9990844726562,442.94696044921875,0.9800634384155273,1038.0599365234375,826.4141235351562,0.9823546409606934,671.2521362304688,785.1691284179688,0.9813401103019714
850,28333,776.4066162109375,88.75138092041016,0.0031590412836521864,781.7760009765625,73.9530029296875,0.00302577274851501,771.7551879882812,79.5201416015625,0.0014044264098629355,816.2913818359375,54.21794128417969,0.008479832671582699,783.1627807617188,61.77992248535156,0.002077390905469656,832.3245849609375,24.916213989257812,0.016533153131604195,812.3655395507812,7.5718231201171875,0.02058791182935238,759.7681274414062,77.52964782714844,0.0911259800195694,796.6433715820312,71.32054138183594,0.11259768903255463,684.4776000976562,157.96856689453125,0.1013813465833664,716.149658203125,165.69952392578125,0.10579954087734222,890.9048461914062,130.74732971191406,0.9081313610076904,830.5453491210938,116.52113342285156,0.9162909388542175,903.3302001953125,496.5282287597656,0.9841734170913696,700.9649658203125,446.81304931640625,0.9817665219306946,1078.53759765625,814.9625244140625,0.9809094071388245,601.877685546875,770.984130859375,0.9827982783317566
851,28366,801.2816772460938,77.32122802734375,0.004655405879020691,801.574462890625,64.32662200927734,0.004302181303501129,796.311279296875,70.23353576660156,0.0023833217564970255,824.7028198242188,50.161102294921875,0.010125855915248394,807.9393920898438,57.917083740234375,0.0032360567711293697,822.9166870117188,19.260223388671875,0.022248582914471626,843.0787353515625,2.1161041259765625,0.01736118644475937,740.8593139648438,79.405517578125,0.10004173964262009,851.1348266601562,74.57505798339844,0.07475044578313828,676.6630859375,146.2752227783203,0.09901763498783112,800.1004638671875,164.97877502441406,0.06977291405200958,885.7042846679688,120.02284240722656,0.8988179564476013,839.6486206054688,102.55247497558594,0.8863341808319092,938.1848754882812,481.4388427734375,0.9833207726478577,713.6891479492188,442.4708251953125,0.9776493906974792,1113.8046875,802.461181640625,0.9820782542228699,576.3088989257812,773.1497192382812,0.980791449546814
852,28400,787.5831909179688,77.46102905273438,0.0031454903073608875,790.8817749023438,63.75787353515625,0.002769038313999772,786.1666870117188,67.8233413696289,0.0016314828535541892,815.4895629882812,51.87249755859375,0.006451702676713467,798.78955078125,57.100433349609375,0.002459869021549821,815.9235229492188,25.537857055664062,0.011691118590533733,836.9306640625,12.1072998046875,0.015068424865603447,742.0203857421875,82.54220581054688,0.06103256717324257,904.4014892578125,71.33638000488281,0.08752758055925369,701.1666870117188,138.37696838378906,0.07264508306980133,931.4115600585938,127.73062133789062,0.07755479961633682,886.2658081054688,100.06855773925781,0.8936739563941956,837.98291015625,94.92210388183594,0.9049129486083984,949.2749633789062,468.04559326171875,0.9866786599159241,720.965087890625,439.98101806640625,0.9854071140289307,1153.116943359375,785.9764404296875,0.9874730110168457,588.9906005859375,774.7775268554688,0.9888817667961121
853,28433,782.4944458007812,80.78562927246094,0.003952201455831528,785.862548828125,64.81517028808594,0.003937454428523779,779.70654296875,69.32105255126953,0.0020073356572538614,812.7230224609375,54.8902587890625,0.00686946464702487,790.3676147460938,60.94709014892578,0.00211839796975255,818.6437377929688,33.48326110839844,0.009611716493964195,820.7001342773438,16.263656616210938,0.010835060849785805,753.3496704101562,92.26300048828125,0.05294590815901756,881.2886352539062,68.73426818847656,0.06566531211137772,715.31494140625,142.28517150878906,0.07106154412031174,883.5260009765625,119.67562866210938,0.06973189115524292,885.2858276367188,88.77049255371094,0.8607012629508972,826.2138061523438,85.60317993164062,0.8679900169372559,948.4244995117188,457.3601379394531,0.9843936562538147,715.432861328125,436.92291259765625,0.9820767641067505,1172.35986328125,768.5665893554688,0.9873676896095276,615.2709350585938,775.5104370117188,0.9880754947662354
854,28466,785.770751953125,86.3646469116211,0.004593961406499147,787.491455078125,69.84088897705078,0.005153893958777189,779.185791015625,76.4205093383789,0.0023960229009389877,817.78076171875,59.046844482421875,0.009009054861962795,791.517578125,68.38208770751953,0.002342972904443741,824.5610961914062,37.31254577636719,0.014841203577816486,825.5546264648438,10.577499389648438,0.007899334654211998,758.3214721679688,97.32646179199219,0.07417135685682297,860.902587890625,81.24467468261719,0.03869850933551788,715.09130859375,140.74090576171875,0.08379755169153214,839.0196533203125,148.67161560058594,0.04656325653195381,879.8449096679688,88.01028442382812,0.8641645908355713,822.7885131835938,76.66287231445312,0.8249946236610413,932.3025512695312,463.3033447265625,0.9835544228553772,717.1822509765625,443.1834411621094,0.9758347272872925,1179.9898681640625,750.0274658203125,0.9875923991203308,666.492919921875,795.3863525390625,0.9847538471221924
855,28500,785.3999633789062,92.10154724121094,0.0044575706124305725,787.32568359375,75.78163146972656,0.005309711210429668,777.8115844726562,81.80149841308594,0.0023710487876087427,816.5020751953125,64.09561157226562,0.009372358210384846,790.4509887695312,72.04000854492188,0.0022578148636966944,817.1246337890625,40.18226623535156,0.014105740003287792,826.4400024414062,12.400405883789062,0.006400248035788536,753.3942260742188,95.04963684082031,0.07011673599481583,837.2601928710938,84.24197387695312,0.03001929074525833,714.8875732421875,138.3746795654297,0.07841495424509048,802.4561157226562,147.17628479003906,0.03831849247217178,863.1767578125,87.28005981445312,0.8520221710205078,819.2356567382812,76.93666076660156,0.7981207370758057,904.3577270507812,476.6671142578125,0.9820594191551208,735.1405639648438,456.5065612792969,0.9730805158615112,1182.3187255859375,725.847900390625,0.9873145222663879,705.3123168945312,813.2514038085938,0.9839861392974854
856,28533,819.6033325195312,87.57572937011719,0.017470765858888626,821.7440185546875,68.42381286621094,0.013924411498010159,805.3246459960938,75.99337005615234,0.009962087497115135,835.7142944335938,52.455963134765625,0.008648301474750042,792.5612182617188,63.00439453125,0.004782669711858034,824.6143798828125,24.498733520507812,0.022625446319580078,816.6326904296875,4.9140472412109375,0.00790315866470337,759.1527709960938,91.46145629882812,0.13426026701927185,780.3590698242188,86.88990783691406,0.0388047881424427,686.9328002929688,138.71974182128906,0.21213792264461517,695.707763671875,166.7814483642578,0.0868891254067421,843.6566162109375,108.36456298828125,0.7776629328727722,795.6470947265625,94.66314697265625,0.6688302159309387,866.7592163085938,485.2987976074219,0.9675174951553345,731.8425903320312,471.2399597167969,0.9449076056480408,1168.9461669921875,732.8206787109375,0.9736518859863281,739.5166625976562,814.5855102539062,0.9625924229621887
857,28566,761.2340698242188,75.5199966430664,0.002848179778084159,769.743896484375,56.989288330078125,0.00411438150331378,756.819580078125,67.90640258789062,0.0017475903732702136,804.3274536132812,41.678558349609375,0.011025616899132729,768.7694702148438,58.07219696044922,0.002148754894733429,808.837646484375,3.217803955078125,0.0070259058848023415,796.5087890625,0.0,0.007477957755327225,748.9033203125,57.44728088378906,0.0277028139680624,791.5399169921875,58.397254943847656,0.03467053920030594,713.401611328125,138.260009765625,0.030505327507853508,737.1040649414062,157.6981658935547,0.03543968126177788,847.3071899414062,90.10578918457031,0.7593912482261658,806.1099243164062,90.97183227539062,0.7701912522315979,828.7257080078125,492.2109680175781,0.9580902457237244,747.1342163085938,476.7827453613281,0.9571530222892761,1133.65576171875,715.1739501953125,0.9680022597312927,780.2872924804688,817.8607177734375,0.9690762758255005
858,28600,760.7631225585938,99.34586334228516,0.0019290752243250608,763.1004638671875,84.63562774658203,0.0026066205464303493,757.2528076171875,96.50308227539062,0.0012164099607616663,787.459716796875,61.54779052734375,0.013334008865058422,782.2542114257812,80.62303161621094,0.002906518056988716,783.9772338867188,14.478538513183594,0.011654026806354523,835.0838012695312,0.0,0.016307402402162552,758.720947265625,51.62054443359375,0.03324542194604874,789.1844482421875,59.0009765625,0.059339314699172974,747.7614135742188,160.9446258544922,0.02496080845594406,716.68896484375,166.9342498779297,0.040962059050798416,848.2024536132812,121.64158630371094,0.8513165712356567,864.6737060546875,122.15496826171875,0.872555136680603,774.6903076171875,491.0309143066406,0.9662157893180847,762.8201904296875,491.4225769042969,0.9699500203132629,1077.61083984375,697.58203125,0.9742943644523621,806.6248779296875,826.1220703125,0.9758068919181824
859,28633,759.5914916992188,106.19325256347656,0.001899577910080552,758.0314331054688,90.84626770019531,0.0023454653564840555,757.9998779296875,104.0423812866211,0.0011822624364867806,777.556640625,67.42151641845703,0.014630138874053955,794.6907348632812,88.12477111816406,0.0037651543971151114,774.1882934570312,22.45726776123047,0.01538311317563057,862.7305297851562,0.0,0.027818940579891205,761.1926879882812,58.591026306152344,0.03843452036380768,799.0618896484375,71.42852783203125,0.09408536553382874,744.577392578125,169.13577270507812,0.027202239260077477,712.865478515625,165.65310668945312,0.06233089789748192,860.947265625,132.236572265625,0.8799609541893005,909.5848388671875,129.99522399902344,0.9077085852622986,749.7568359375,488.41607666015625,0.9713894128799438,766.2434692382812,494.0501403808594,0.9771987199783325,1017.977783203125,705.4142456054688,0.9783948659896851,841.9099731445312,826.8239135742188,0.9800620675086975
860,28666,759.6282958984375,99.07573699951172,0.004431088455021381,754.324951171875,82.66719818115234,0.0036544757895171642,755.42138671875,99.96638488769531,0.0018729361472651362,781.415771484375,61.802513122558594,0.010405922308564186,807.096923828125,91.17203521728516,0.003336990950629115,780.812255859375,20.168838500976562,0.024478059262037277,901.8521728515625,7.9873809814453125,0.040005169808864594,775.8463134765625,23.806777954101562,0.13488039374351501,865.0743408203125,52.092132568359375,0.2364751547574997,753.6930541992188,52.55873107910156,0.1922100931406021,761.949462890625,47.32781982421875,0.3006657660007477,860.193115234375,120.50674438476562,0.8832404613494873,934.9053955078125,118.39924621582031,0.9006875157356262,708.8796997070312,472.12713623046875,0.9710357785224915,782.1674194335938,497.6695861816406,0.9733514785766602,962.858642578125,718.351318359375,0.9711833596229553,876.4534301757812,809.5814819335938,0.9703974723815918
861,28700,740.0230712890625,82.30068969726562,0.011278423480689526,735.7119750976562,62.00138854980469,0.010593399405479431,735.9959716796875,83.42378997802734,0.003940897062420845,778.1764526367188,41.138214111328125,0.02527802437543869,802.0065307617188,78.42970275878906,0.005386736243963242,785.7202758789062,10.211013793945312,0.06302165240049362,900.2593383789062,6.0213775634765625,0.05282288044691086,766.6990966796875,23.691055297851562,0.21852797269821167,847.0599975585938,51.41587829589844,0.17703203856945038,751.2487182617188,44.75733947753906,0.27018964290618896,759.1732177734375,42.561126708984375,0.2334192544221878,868.0040283203125,126.60745239257812,0.9073262810707092,950.9912719726562,124.51753234863281,0.8929955959320068,665.858154296875,460.8404235839844,0.9796949625015259,801.6388549804688,496.1607971191406,0.973839521408081,899.1893920898438,769.2415161132812,0.9789119958877563,937.5066528320312,818.704833984375,0.9729251265525818
862,28733,754.8414306640625,77.97772979736328,0.00406250637024641,752.5072631835938,60.967529296875,0.003976237028837204,750.3566284179688,80.00479888916016,0.001434494275599718,790.652587890625,43.871612548828125,0.014352555386722088,811.6461791992188,76.03278350830078,0.003189390292391181,790.9666137695312,1.0964813232421875,0.0557735376060009,888.1783447265625,0.0,0.02351677604019642,735.4140625,14.688217163085938,0.2714427411556244,803.23193359375,32.473663330078125,0.09910577535629272,740.8749389648438,17.940628051757812,0.3015596270561218,738.638916015625,21.565383911132812,0.14626680314540863,869.1021118164062,129.1599884033203,0.9370688796043396,948.0811767578125,129.9785614013672,0.897405743598938,651.1439208984375,439.8070983886719,0.9881212711334229,837.28564453125,500.6058654785156,0.9788935780525208,811.4447631835938,766.8345336914062,0.9886409044265747,973.867919921875,835.9534301757812,0.9807526469230652
863,28766,757.0205078125,96.03137969970703,0.0025291568599641323,758.6026611328125,72.67699432373047,0.0036951310466974974,763.4441528320312,94.29878997802734,0.0014287884114310145,798.15380859375,54.698936462402344,0.03582550212740898,837.44775390625,87.46570587158203,0.0067135957069695,797.8753051757812,0.0,0.0599832683801651,910.6951904296875,2.5945358276367188,0.028478773310780525,746.2868041992188,16.732681274414062,0.10288622975349426,855.123291015625,40.408355712890625,0.04984966292977333,780.6407470703125,59.107566833496094,0.06250308454036713,796.7603759765625,78.65542602539062,0.04033057764172554,882.8812866210938,128.10513305664062,0.8965728282928467,975.1708374023438,135.7946319580078,0.8526607155799866,660.5404052734375,439.3684387207031,0.973128616809845,861.5022583007812,494.6247253417969,0.9580757021903992,727.9685668945312,794.1417846679688,0.9680094122886658,1030.6939697265625,822.4947509765625,0.9518251419067383
864,28800,740.255126953125,101.48153686523438,0.0020162600558251143,737.3219604492188,78.038818359375,0.0023011695593595505,741.7862548828125,91.79649353027344,0.0006912518874742091,771.6126708984375,56.01708984375,0.015443043783307076,818.0054321289062,76.73551940917969,0.0022957525216042995,782.5634765625,16.92755126953125,0.029056040570139885,906.8485107421875,7.6543121337890625,0.016075201332569122,713.7491455078125,69.31571960449219,0.1279764473438263,847.732421875,73.90663146972656,0.059392888098955154,622.6173706054688,146.75958251953125,0.1493149995803833,653.0245971679688,144.53993225097656,0.09396616369485855,876.4874267578125,121.6893310546875,0.897506594657898,980.6292114257812,120.84416198730469,0.8587504625320435,689.8059692382812,447.2601013183594,0.9869934320449829,914.0843505859375,500.61785888671875,0.9781361222267151,655.0642700195312,821.84765625,0.9879372715950012,1082.680419921875,811.8161010742188,0.9805237054824829
865,28833,801.1646118164062,98.68050384521484,0.0030557038262486458,795.927978515625,72.78520202636719,0.002807841170579195,800.1508178710938,84.1062240600586,0.001237245975062251,816.58984375,54.66925048828125,0.01420531515032053,863.16162109375,71.26659393310547,0.0033592190593481064,817.9508666992188,11.427017211914062,0.028523093089461327,925.525634765625,9.044631958007812,0.021889014169573784,753.941162109375,76.09671020507812,0.10921265184879303,864.5343017578125,71.20976257324219,0.08704639226198196,665.3822631835938,151.563720703125,0.14765489101409912,687.3973388671875,149.3616485595703,0.14823150634765625,880.4324340820312,109.86424255371094,0.8973966240882874,977.3360595703125,112.44085693359375,0.8761817812919617,699.825439453125,447.199951171875,0.9865728616714478,948.18408203125,491.60205078125,0.9805946946144104,590.8389282226562,806.8829956054688,0.9866923689842224,1122.34423828125,797.9349975585938,0.9812378287315369
866,28866,815.5157470703125,97.74467468261719,0.0009355158545076847,811.6922607421875,77.10960388183594,0.001038556918501854,818.8242797851562,87.66146850585938,0.0004935047472827137,825.6776733398438,62.65635681152344,0.01287319790571928,875.4983520507812,78.07550811767578,0.0030013490468263626,819.3804931640625,10.102363586425781,0.018687216565012932,939.0199584960938,4.018135070800781,0.016583368182182312,807.1586303710938,53.7139892578125,0.048371683806180954,966.4031982421875,33.712371826171875,0.06256049871444702,839.9359130859375,129.90921020507812,0.04611208662390709,923.5269165039062,80.88020324707031,0.06396748870611191,868.9554443359375,98.11111450195312,0.9146321415901184,973.0513916015625,102.71429443359375,0.9082581996917725,714.7395629882812,445.1960754394531,0.9884583353996277,971.4688110351562,477.0708923339844,0.9863042235374451,563.238525390625,789.8525390625,0.9888013601303101,1153.8388671875,782.8901977539062,0.9863524436950684
867,28900,801.0364990234375,89.20336151123047,0.00088756118202582,801.6087036132812,69.93301391601562,0.0011627032654359937,811.95849609375,82.22274017333984,0.0004071325820405036,818.3287353515625,55.219871520996094,0.014221898280084133,872.5182495117188,72.64229583740234,0.0022464070934802294,817.1939086914062,0.0,0.016875969246029854,932.8863525390625,0.0,0.011201318353414536,802.8993530273438,40.92768859863281,0.061716437339782715,919.9915161132812,41.015602111816406,0.041845958679914474,805.8380737304688,129.9081573486328,0.06980927288532257,849.8397827148438,120.11437225341797,0.050729043781757355,865.458984375,84.7485122680664,0.8837634325027466,977.1878051757812,87.73594665527344,0.858492374420166,712.837890625,444.0097351074219,0.984574019908905,990.261474609375,453.4078674316406,0.9790328741073608,585.1004028320312,785.4696044921875,0.981000542640686,1185.302978515625,775.2105102539062,0.9755319356918335
868,28933,803.9989624023438,89.51417541503906,0.0020093386992812157,799.3963623046875,67.79104614257812,0.002164241624996066,804.45654296875,76.13884735107422,0.0009189060074277222,814.47314453125,55.11488342285156,0.014179595746099949,859.9641723632812,66.4973373413086,0.003065651748329401,812.9794921875,17.724014282226562,0.0226163137704134,908.861083984375,14.291519165039062,0.01345828641206026,777.5314331054688,70.07469177246094,0.07031584531068802,881.3096923828125,62.72808837890625,0.0445089228451252,760.8326416015625,125.97189331054688,0.08450018614530563,784.498779296875,115.327880859375,0.06671746075153351,864.8538818359375,83.62385559082031,0.8883305191993713,956.5116577148438,86.25196838378906,0.8532344102859497,730.2938232421875,433.4691467285156,0.9880660772323608,989.5819702148438,466.5524597167969,0.9816442131996155,637.909423828125,797.3516235351562,0.9896161556243896,1187.46826171875,768.5929565429688,0.985348641872406
869,28966,777.9287109375,90.34256744384766,0.0011751730926334858,779.4673461914062,70.54988098144531,0.0016621325630694628,788.0139770507812,86.21923828125,0.0005954285734333098,801.30126953125,55.610870361328125,0.017107192426919937,846.909912109375,78.04489135742188,0.002672953763976693,795.9990234375,0.0,0.014995872974395752,908.1423950195312,0.0,0.012399803847074509,785.9251708984375,36.572959899902344,0.047115880995988846,895.2940673828125,36.02009582519531,0.04063993692398071,803.1527709960938,115.76943969726562,0.052546631544828415,832.5866088867188,105.79289245605469,0.045495033264160156,852.9728393554688,80.4884033203125,0.8643883466720581,956.7574462890625,80.30944061279297,0.8490480184555054,720.024658203125,449.307861328125,0.9820253849029541,972.5396728515625,453.1684875488281,0.9770186543464661,696.0552978515625,808.63623046875,0.9789544939994812,1206.2633056640625,746.2520751953125,0.9749173521995544
870,29000,775.809814453125,83.42729187011719,0.001250955043360591,777.3289184570312,64.50480651855469,0.001694195787422359,784.124267578125,77.96818542480469,0.0005932895583100617,801.9820556640625,49.09075927734375,0.01532743964344263,838.8810424804688,68.42019653320312,0.00236234487965703,794.3114013671875,4.383567810058594,0.014190757647156715,902.33154296875,0.0,0.011974168010056019,775.5932006835938,45.14337158203125,0.048577867448329926,903.8291625976562,33.33837890625,0.04380662366747856,790.9583740234375,110.78986358642578,0.05616585537791252,833.270751953125,87.71056365966797,0.05087413266301155,841.5010986328125,85.71272277832031,0.878275990486145,932.5047607421875,79.45458984375,0.8632816672325134,741.9970092773438,463.5465087890625,0.9853109121322632,944.2657470703125,462.6270446777344,0.9804747700691223,729.5032348632812,813.662353515625,0.9858470559120178,1193.439697265625,715.3350830078125,0.9826862812042236
871,29033,769.834716796875,82.664794921875,0.001711738994345069,773.5690307617188,63.569915771484375,0.0019964626990258694,779.2183837890625,79.01097106933594,0.0007600724347867072,804.627197265625,45.48193359375,0.013489953242242336,833.726806640625,67.89248657226562,0.0023544970899820328,796.6264038085938,0.0,0.014613745734095573,897.1947021484375,0.0,0.016690541058778763,772.3485717773438,34.01582336425781,0.06452131271362305,913.8336791992188,26.656082153320312,0.08279559761285782,774.22265625,95.1046142578125,0.09263886511325836,859.6605834960938,76.87294006347656,0.11173687875270844,844.9303588867188,101.12228393554688,0.881842315196991,924.0399780273438,97.08517456054688,0.8803659081459045,745.2680053710938,461.9261169433594,0.9833283424377441,915.8677368164062,473.2090759277344,0.9794252514839172,752.8212890625,821.8024291992188,0.9822750091552734,1174.8111572265625,701.4300537109375,0.9791237115859985
872,29066,763.261962890625,82.49425506591797,0.0013847569935023785,764.39306640625,65.16975402832031,0.0016816676361486316,773.2454223632812,81.51461791992188,0.0005824124091304839,795.154052734375,44.35377502441406,0.014767901040613651,831.6570434570312,69.86091613769531,0.002255810424685478,790.4666748046875,0.0,0.019660048186779022,904.8236083984375,0.0,0.01866152696311474,769.8217163085938,30.532928466796875,0.08673857897520065,942.8287963867188,25.290756225585938,0.08802209049463272,763.3433227539062,101.71501922607422,0.10480626672506332,895.166259765625,92.17485809326172,0.10597285628318787,850.3701782226562,119.96182250976562,0.9119370579719543,928.5079345703125,115.04905700683594,0.9025400280952454,749.7064819335938,472.3689270019531,0.9855794906616211,877.321533203125,482.088134765625,0.9800540804862976,795.4200439453125,833.7731323242188,0.9841704368591309,1146.1561279296875,691.05322265625,0.9798866510391235
873,29100,766.1185913085938,92.37911224365234,0.0027935050893574953,765.660888671875,71.28385162353516,0.0035583830904215574,768.1638793945312,86.25125885009766,0.0012730828020721674,791.6407470703125,49.05230712890625,0.017845604568719864,810.6460571289062,74.21692657470703,0.0031127200927585363,788.2257080078125,11.409988403320312,0.020596930757164955,870.943359375,0.0,0.0176153015345335,753.8551025390625,69.4002685546875,0.07093324512243271,870.9529418945312,67.14212036132812,0.05668056383728981,703.630859375,151.8618621826172,0.07979632914066315,766.9835815429688,154.08815002441406,0.07094793766736984,863.426025390625,109.08023071289062,0.8877357244491577,918.328125,104.69242858886719,0.8686439990997314,751.3867797851562,480.8403625488281,0.9860446453094482,848.0155029296875,496.1575012207031,0.9786195158958435,833.1062622070312,844.9929809570312,0.9885297417640686,1100.5023193359375,701.4318237304688,0.984238862991333
874,29133,758.02001953125,91.81759643554688,0.001873630564659834,761.8739013671875,72.59234619140625,0.0026640237774699926,758.5706787109375,89.45658874511719,0.0011058831587433815,787.800537109375,47.72142791748047,0.01599235273897648,780.3630981445312,76.94400787353516,0.0031271353363990784,792.7811889648438,4.115226745605469,0.01358624454587698,811.4170532226562,0.0,0.015785248950123787,763.3590698242188,52.104881286621094,0.03900493308901787,773.7830200195312,55.87156677246094,0.049274981021881104,740.818115234375,144.5894775390625,0.03570498153567314,693.7897338867188,145.38397216796875,0.046765148639678955,868.0697021484375,114.75164794921875,0.8533714413642883,880.4957885742188,113.83296203613281,0.85308438539505,763.3739624023438,491.09326171875,0.9756343960762024,822.81982421875,494.463623046875,0.9695233702659607,879.1605834960938,834.11865234375,0.9782336354255676,1061.5335693359375,716.0905151367188,0.9743271470069885
875,29166,750.3220825195312,77.7638168334961,0.0018098853761330247,750.7803955078125,63.55311584472656,0.0024883458390831947,754.8584594726562,78.83928680419922,0.0007485306123271585,780.2285766601562,44.86473083496094,0.021845340728759766,803.360107421875,69.12748718261719,0.0028895330615341663,782.9125366210938,2.3577346801757812,0.04917657747864723,858.3805541992188,0.0,0.020650075748562813,753.9320068359375,8.557525634765625,0.17843757569789886,813.7996826171875,21.362960815429688,0.06264135241508484,787.9539794921875,31.255691528320312,0.13062068819999695,769.72119140625,50.26936340332031,0.0546940416097641,874.21240234375,143.70492553710938,0.947026789188385,917.6083984375,137.32289123535156,0.9156727194786072,779.187255859375,505.24908447265625,0.9880818128585815,824.495361328125,486.2428894042969,0.977264404296875,927.267333984375,818.302978515625,0.9842932820320129,1015.3967895507812,725.9959106445312,0.9769800901412964
876,29200,755.4754028320312,87.4284439086914,0.0010751626687124372,757.6672973632812,70.037841796875,0.0017473030602559447,756.4507446289062,87.57662200927734,0.0004882292705588043,795.206787109375,51.40699768066406,0.02490195818245411,796.3588256835938,81.35353088378906,0.0026348636019974947,817.3129272460938,7.94915771484375,0.04153650999069214,837.3905639648438,0.0,0.01953965052962303,760.52490234375,11.49517822265625,0.11489325016736984,803.6141967773438,22.357498168945312,0.048339806497097015,785.5465087890625,29.116653442382812,0.06252901256084442,766.26416015625,43.61109924316406,0.029485518112778664,890.136474609375,130.81201171875,0.8667648434638977,881.8050537109375,123.88174438476562,0.8153530955314636,801.9270629882812,502.04052734375,0.9506212472915649,740.566162109375,469.18341064453125,0.919221818447113,968.2591552734375,829.8662719726562,0.9234914779663086,917.4842529296875,776.4811401367188,0.9006449580192566
877,29233,766.9502563476562,76.15443420410156,0.0013734931126236916,772.4320678710938,60.81873321533203,0.0019438908202573657,766.7039794921875,76.01605224609375,0.0006488792132586241,812.7328491210938,44.150733947753906,0.01992553286254406,793.1585693359375,71.15528869628906,0.0026634347159415483,837.7481689453125,5.027366638183594,0.03544268384575844,817.5037231445312,0.0,0.0240851491689682,767.100830078125,11.800918579101562,0.10804802179336548,805.908935546875,17.359039306640625,0.07230726629495621,798.2473754882812,29.43878173828125,0.0649123415350914,782.1130981445312,51.13746643066406,0.042868439108133316,897.4442138671875,149.72540283203125,0.9357889890670776,850.0620727539062,139.96957397460938,0.9218769073486328,854.99658203125,509.6157531738281,0.9828474521636963,711.2158813476562,447.3333435058594,0.9740791320800781,1009.0455932617188,833.8101196289062,0.9753417372703552,868.9876098632812,728.4783935546875,0.972655177116394
878,29266,777.4905395507812,90.00137329101562,0.0025771702639758587,783.2875366210938,71.84305572509766,0.0028897980228066444,772.4930419921875,82.50904083251953,0.0010729648638516665,827.8555908203125,50.554962158203125,0.015949493274092674,793.7481689453125,68.79315948486328,0.0024297877680510283,862.8812866210938,17.194610595703125,0.026708710938692093,821.9033813476562,2.9656219482421875,0.03781534358859062,813.8750610351562,53.69700622558594,0.09484609961509705,832.9422607421875,56.3759765625,0.15112128853797913,769.9320068359375,143.3422393798828,0.08495420962572098,780.6838989257812,142.17269897460938,0.11005499213933945,907.4234619140625,144.75100708007812,0.9245851039886475,841.1904296875,130.72457885742188,0.9367380142211914,894.0665283203125,509.9747314453125,0.981631338596344,703.4849853515625,431.0783386230469,0.9804840683937073,1069.8189697265625,830.1388549804688,0.9741184115409851,784.9030151367188,747.7623291015625,0.9791329503059387
879,29300,809.247802734375,92.65576171875,0.0029820320196449757,814.0003662109375,77.4528579711914,0.003693054895848036,803.2800903320312,84.9770278930664,0.0014613867970183492,850.1891479492188,58.66204833984375,0.01753692701458931,815.0869140625,70.59432220458984,0.0031147196423262358,872.9700317382812,29.783843994140625,0.03351246193051338,836.37158203125,10.802764892578125,0.021044163033366203,801.7760009765625,74.41474914550781,0.09960727393627167,850.4566650390625,72.43331909179688,0.060986291617155075,744.7192993164062,140.80233764648438,0.06692517548799515,791.45166015625,156.4496612548828,0.040435027331113815,920.5296020507812,136.89903259277344,0.9142768383026123,846.6293334960938,118.52906799316406,0.8969709873199463,938.893798828125,498.55462646484375,0.981363832950592,713.3103637695312,432.8573913574219,0.9734216332435608,1117.442138671875,815.524658203125,0.9784406423568726,713.9601440429688,774.3170166015625,0.9770047664642334
880,29333,821.608154296875,92.02791595458984,0.0026322545018047094,823.4705200195312,78.18168640136719,0.002798377303406596,819.8298950195312,84.39999389648438,0.0013559884391725063,852.9137573242188,61.97545623779297,0.01158946007490158,837.6466064453125,70.99887084960938,0.002969824941828847,859.6287841796875,32.43855285644531,0.024052591994404793,868.6045532226562,11.838546752929688,0.01889149472117424,766.4169921875,80.04556274414062,0.08747194707393646,916.1025390625,71.48442077636719,0.07129282504320145,706.2821655273438,131.199462890625,0.06582631170749664,903.7247314453125,132.6412811279297,0.049362435936927795,918.0496826171875,124.4388427734375,0.9205970168113708,862.0140380859375,109.00588989257812,0.9129268527030945,973.12744140625,484.23504638671875,0.9859981536865234,730.3572998046875,439.7442626953125,0.9818665385246277,1155.590087890625,801.5579223632812,0.9853180646896362,655.846435546875,776.3632202148438,0.9849064946174622
881,29366,817.79443359375,96.03634643554688,0.003070063190534711,820.2068481445312,82.75444793701172,0.003129995195195079,815.8284301757812,87.77501678466797,0.0016720375278964639,849.375732421875,68.24249267578125,0.009531849063932896,831.2391967773438,74.67041015625,0.002909378381446004,853.3412475585938,40.37896728515625,0.01793748326599598,861.6340942382812,17.656585693359375,0.016332434490323067,754.791015625,93.70989990234375,0.07020357251167297,906.2069091796875,77.49302673339844,0.06941984593868256,702.4995727539062,130.56124877929688,0.05968950316309929,887.7781372070312,126.84274291992188,0.05295577272772789,918.1847534179688,112.14262390136719,0.9150440692901611,859.27001953125,98.85649108886719,0.9128595590591431,987.87109375,472.1686706542969,0.9878990054130554,741.7888793945312,439.0904235839844,0.9855074882507324,1183.10302734375,783.5947265625,0.9889839291572571,641.2510375976562,783.7301025390625,0.9890609979629517
882,29400,813.0819091796875,84.1314468383789,0.0033740010112524033,815.871337890625,70.34955596923828,0.003753933124244213,810.531982421875,75.4475326538086,0.0016554112080484629,847.3123168945312,58.49981689453125,0.010039892047643661,825.6925048828125,65.22605895996094,0.002308277878910303,852.113037109375,36.64768981933594,0.017353728413581848,852.0349731445312,14.781051635742188,0.011770801618695259,742.3831176757812,87.04586791992188,0.07982103526592255,891.97412109375,77.07879638671875,0.05255602300167084,660.6400756835938,121.9046630859375,0.07372169196605682,868.375732421875,128.4656524658203,0.04842982813715935,915.86669921875,103.85055541992188,0.8993948101997375,851.272705078125,92.89347839355469,0.8823752999305725,982.1863403320312,466.06640625,0.9862117767333984,743.62744140625,439.1699523925781,0.9809339642524719,1201.645751953125,762.9724731445312,0.9877766370773315,653.9124755859375,768.9965209960938,0.9865517616271973
883,29433,812.1106567382812,90.02117156982422,0.004104538355022669,816.0847778320312,74.80501556396484,0.005216842982918024,807.607177734375,79.38416290283203,0.0020442730747163296,849.1768798828125,63.164451599121094,0.011889338493347168,821.1039428710938,68.37899780273438,0.002271691570058465,855.5753173828125,41.15867614746094,0.016148902475833893,844.5458374023438,14.96392822265625,0.009081744588911533,753.1934204101562,81.17601013183594,0.07161224633455276,869.955322265625,73.80880737304688,0.037367869168519974,679.10986328125,119.8798828125,0.06815668940544128,835.8063354492188,126.13490295410156,0.037512682378292084,912.746337890625,100.50654602050781,0.8790321946144104,846.0459594726562,88.76335144042969,0.8484421968460083,958.9205932617188,477.04541015625,0.9842177629470825,740.4404296875,441.1864318847656,0.9770172834396362,1209.2547607421875,738.7452392578125,0.9875276684761047,695.67041015625,774.8536987304688,0.9856147170066833
884,29466,773.4832763671875,88.03596496582031,0.0022145577240735292,778.0444946289062,69.39115905761719,0.0033033310901373625,773.2932739257812,78.7671890258789,0.001164075336419046,813.0908203125,57.916786193847656,0.01287077832967043,800.4283447265625,71.647705078125,0.0019264293368905783,823.5117797851562,24.814682006835938,0.010014146566390991,836.2474365234375,3.9276351928710938,0.009001309983432293,732.1810913085938,59.19239044189453,0.040343139320611954,883.0254516601562,44.802337646484375,0.04095950350165367,665.2947998046875,125.0591812133789,0.03657413646578789,881.6276245117188,101.2207260131836,0.033832333981990814,888.131103515625,90.51695251464844,0.84937983751297,843.5777587890625,93.18763732910156,0.8487410545349121,916.2213745117188,476.9279479980469,0.9762375354766846,754.78125,461.801513671875,0.9735960960388184,1199.6336669921875,710.18408203125,0.9804168343544006,747.213623046875,808.0984497070312,0.9806956648826599
885,29500,777.97119140625,86.2444839477539,0.0021356947254389524,782.105224609375,67.93171691894531,0.00325608579441905,778.1281127929688,77.70577239990234,0.0011911516776308417,816.96630859375,53.55107116699219,0.012829749844968319,808.8582153320312,67.84611511230469,0.0020386502146720886,824.5748291015625,18.7276611328125,0.009264038875699043,846.818115234375,0.0,0.008438034914433956,741.0647583007812,58.86064910888672,0.03557666763663292,852.9120483398438,54.225608825683594,0.03531326726078987,678.7767333984375,137.42799377441406,0.03164472058415413,793.1334838867188,136.64410400390625,0.029704324901103973,871.3225708007812,91.55296325683594,0.8316869735717773,842.8458251953125,91.38720703125,0.8308390378952026,879.7340698242188,487.1335144042969,0.9724892973899841,766.4815063476562,467.34295654296875,0.969843864440918,1175.8310546875,700.3675537109375,0.9782554507255554,772.8399047851562,810.8023681640625,0.978356659412384
886,29533,784.041015625,94.48457336425781,0.0020988979376852512,789.3236083984375,78.32139587402344,0.0032152568455785513,781.920654296875,88.52368927001953,0.0013009667163714767,824.7242431640625,58.6051025390625,0.014807067811489105,807.5897827148438,74.45045471191406,0.0026931508909910917,835.6932373046875,16.647789001464844,0.010926814749836922,840.3497924804688,0.0,0.011924933642148972,780.2437133789062,47.81714630126953,0.03090391494333744,829.1761474609375,53.0775146484375,0.03999929130077362,763.135009765625,140.26524353027344,0.022977953776717186,772.1427612304688,148.52908325195312,0.02680363319814205,873.8377685546875,112.503662109375,0.8492407202720642,847.255615234375,111.75576782226562,0.8590951561927795,831.7146606445312,493.4988098144531,0.970657229423523,767.43017578125,475.568115234375,0.9710056185722351,1129.646240234375,689.5469970703125,0.9780625700950623,806.4437866210938,810.881103515625,0.9790761470794678
887,29566,763.914306640625,82.67420196533203,0.0022978594060987234,765.5089111328125,68.78601837158203,0.0031465087085962296,762.4632568359375,82.21614074707031,0.0012184776132926345,799.5913696289062,47.291656494140625,0.018581412732601166,806.1246337890625,69.27694702148438,0.0033686335664242506,803.8085327148438,3.529266357421875,0.023951586335897446,866.13671875,0.0,0.021395986899733543,761.9580688476562,18.426498413085938,0.06498159468173981,808.8545532226562,40.206871032714844,0.06277132034301758,780.971923828125,85.06819152832031,0.04056800156831741,753.4791259765625,112.72984313964844,0.03875771909952164,878.3053588867188,144.01663208007812,0.9071835279464722,901.90234375,144.2380828857422,0.9040347337722778,784.4456176757812,491.0398864746094,0.9776278138160706,778.8167724609375,487.1684265136719,0.9755216240882874,1075.770263671875,690.91845703125,0.981008768081665,822.7966918945312,814.0662841796875,0.9797959327697754
888,29600,757.8198852539062,65.80169677734375,0.010843746364116669,756.2581176757812,49.55809020996094,0.011441893875598907,757.8764038085938,66.22881317138672,0.004030101932585239,791.9487915039062,32.430747985839844,0.03599219769239426,822.4420166015625,59.769195556640625,0.006676355376839638,791.9331665039062,10.714530944824219,0.0850982591509819,916.6521606445312,0.0,0.06429266184568405,758.6857299804688,21.913742065429688,0.22856196761131287,836.6033935546875,44.73882293701172,0.17287059128284454,769.2698364257812,42.81413269042969,0.1981605589389801,768.5283203125,48.419586181640625,0.15833105146884918,884.6475830078125,156.3437042236328,0.9426944255828857,958.140625,151.23753356933594,0.9333729147911072,752.8607788085938,493.1147766113281,0.9841963648796082,782.7341918945312,484.1120300292969,0.980732798576355,1010.701171875,693.2250366210938,0.9823764562606812,856.0919189453125,802.2482299804688,0.9791941046714783
889,29633,771.2717895507812,64.90997314453125,0.007335135247558355,768.1770629882812,48.709442138671875,0.005826739128679037,770.8456420898438,66.81298828125,0.0020957402884960175,809.00927734375,33.974853515625,0.020172934979200363,837.6661987304688,65.41779327392578,0.003975765313953161,811.423095703125,5.0005645751953125,0.0824374184012413,928.4210815429688,3.8646240234375,0.07448253780603409,770.3787231445312,16.110122680664062,0.3717937767505646,869.0991821289062,61.174346923828125,0.3130309283733368,747.00830078125,25.233489990234375,0.45119625329971313,758.0128784179688,35.29344177246094,0.397549033164978,881.6566772460938,146.83319091796875,0.9145788550376892,955.94677734375,143.20655822753906,0.9029232263565063,716.4324951171875,467.644775390625,0.96840500831604,794.9849853515625,484.1258239746094,0.9583532810211182,932.8846435546875,745.11474609375,0.9487546682357788,920.5016479492188,766.6600341796875,0.9369226694107056
890,29666,780.7659301757812,60.7767333984375,0.006935540121048689,779.6672973632812,45.48500061035156,0.005104574840515852,777.7412719726562,62.56571960449219,0.0020140421111136675,821.3875732421875,31.007904052734375,0.013911173678934574,839.2625122070312,61.00481414794922,0.003138202242553234,828.18017578125,0.0,0.05139317736029625,925.0966186523438,0.0,0.06762698292732239,776.0604858398438,13.228134155273438,0.2922283411026001,864.4600219726562,63.970733642578125,0.3553130030632019,737.584716796875,25.388671875,0.4122706651687622,741.5274047851562,40.18821716308594,0.47930213809013367,890.4204711914062,153.49575805664062,0.9434769153594971,958.7801513671875,151.76806640625,0.9459189772605896,685.876708984375,463.5038757324219,0.9859360456466675,823.4108276367188,500.8193054199219,0.9849345684051514,893.390625,750.9688720703125,0.9824879765510559,957.0452270507812,820.2332763671875,0.9800598621368408
891,29700,787.3729248046875,66.88485717773438,0.004357925616204739,788.6669311523438,50.360252380371094,0.003501810599118471,789.3845825195312,71.77574157714844,0.0012850445928052068,837.5701904296875,34.03532409667969,0.010698202066123486,855.076904296875,71.60362243652344,0.0021821619011461735,849.6639404296875,0.0,0.03518147021532059,938.2760009765625,0.0,0.04278925061225891,782.5367431640625,10.52069091796875,0.26276785135269165,858.3374633789062,50.91508483886719,0.3095737099647522,727.1763916015625,16.698394775390625,0.4055125117301941,729.5296020507812,31.902328491210938,0.47295036911964417,892.1497192382812,151.91314697265625,0.9461407661437988,961.4485473632812,150.79327392578125,0.9463860392570496,673.634765625,445.6877746582031,0.9886061549186707,841.90576171875,492.3373718261719,0.9874895215034485,810.7749633789062,757.6235961914062,0.9863985180854797,985.7265014648438,822.24169921875,0.9834627509117126
892,29733,805.1896362304688,95.86772918701172,0.0027700262144207954,800.8182373046875,73.05885314941406,0.0034473321866244078,802.1276245117188,90.90522766113281,0.0011941827833652496,837.2988891601562,50.983428955078125,0.030804194509983063,869.5236206054688,81.71351623535156,0.004916537087410688,840.6295166015625,3.860504150390625,0.06193315610289574,934.8644409179688,9.584518432617188,0.03286709636449814,780.0167236328125,34.09016418457031,0.12175209075212479,892.3067016601562,67.07830810546875,0.06383942812681198,758.6456909179688,112.52444458007812,0.08399073779582977,784.3515014648438,130.13186645507812,0.0567329041659832,894.2523803710938,132.3983917236328,0.9192785620689392,972.6013793945312,137.15391540527344,0.8862798810005188,682.725830078125,447.6030578613281,0.9823678731918335,877.8583984375,500.3062438964844,0.9718404412269592,725.5631103515625,800.38037109375,0.9833475947380066,1054.286376953125,814.5718383789062,0.9747499227523804
893,29766,790.3680419921875,81.10778045654297,0.0015237239422276616,788.7448120117188,62.19806671142578,0.001654941588640213,792.1524047851562,76.44229888916016,0.0005174549296498299,820.9605102539062,44.01896667480469,0.014975455589592457,859.0339965820312,67.22593688964844,0.0025191979948431253,824.5885620117188,0.0,0.05014748498797417,926.3377075195312,0.0,0.016972798854112625,779.802490234375,6.83148193359375,0.20411333441734314,890.7471313476562,30.818710327148438,0.05686013028025627,837.4528198242188,44.62921142578125,0.19263194501399994,834.5398559570312,54.960662841796875,0.06797945499420166,894.43212890625,136.06787109375,0.9396697878837585,984.571533203125,139.7786407470703,0.8928427696228027,704.8734130859375,457.8825988769531,0.9900946021080017,928.4877319335938,503.1758728027344,0.9793955683708191,650.63330078125,815.88232421875,0.9885270595550537,1101.8621826171875,801.5087280273438,0.979330837726593
894,29800,809.2392578125,93.75146484375,0.001072910614311695,806.7237548828125,73.55410766601562,0.0012212221045047045,812.6770629882812,87.71681213378906,0.0004532902967184782,830.4197387695312,55.72224426269531,0.01505589671432972,877.06591796875,77.90730285644531,0.0025641967076808214,825.1740112304688,0.0,0.0355663076043129,941.2816772460938,0.0,0.017575154080986977,786.5739135742188,18.712875366210938,0.11993049085140228,918.8959350585938,32.12031555175781,0.06578397005796432,844.1825561523438,60.04710388183594,0.10378342866897583,841.0975341796875,73.94499206542969,0.07345664501190186,890.8671264648438,122.01736450195312,0.9428150057792664,991.9261474609375,129.77810668945312,0.9161855578422546,713.1934204101562,454.4271545410156,0.9900476932525635,953.219970703125,498.20745849609375,0.9836339354515076,579.192626953125,796.7017822265625,0.9881464242935181,1144.6402587890625,793.9806518554688,0.9815457463264465
895,29833,799.498779296875,99.09457397460938,0.000690996355842799,801.585205078125,82.83428192138672,0.000823081296402961,812.543212890625,94.6715316772461,0.00030287812114693224,823.0701293945312,63.34394073486328,0.017208082601428032,879.0956420898438,78.9592056274414,0.0028695054352283478,823.5778198242188,0.0,0.029010003432631493,946.6223754882812,0.0,0.022790662944316864,781.32421875,41.3291015625,0.08883491903543472,969.0217895507812,51.065093994140625,0.07437679171562195,756.513427734375,148.49598693847656,0.0760655477643013,906.5405883789062,140.48231506347656,0.06666453927755356,879.34521484375,117.50555419921875,0.9294906854629517,989.7783203125,122.1412124633789,0.9197622537612915,714.3001708984375,456.0523986816406,0.9865538477897644,991.1076049804688,477.6429748535156,0.9829666614532471,577.6814575195312,782.67138671875,0.9800471663475037,1177.6954345703125,777.5125122070312,0.9752629399299622
