frame,timestamp_ms,nose_x,nose_y,nose_conf,left_eye_x,left_eye_y,left_eye_conf,right_eye_x,right_eye_y,right_eye_conf,left_ear_x,left_ear_y,left_ear_conf,right_ear_x,right_ear_y,right_ear_conf,left_shoulder_x,left_shoulder_y,left_shoulder_conf,right_shoulder_x,right_shoulder_y,right_shoulder_conf,left_elbow_x,left_elbow_y,left_elbow_conf,right_elbow_x,right_elbow_y,right_elbow_conf,left_wrist_x,left_wrist_y,left_wrist_conf,right_wrist_x,right_wrist_y,right_wrist_conf,left_hip_x,left_hip_y,left_hip_conf,right_hip_x,right_hip_y,right_hip_conf,left_knee_x,left_knee_y,left_knee_conf,right_knee_x,right_knee_y,right_knee_conf,left_ankle_x,left_ankle_y,left_ankle_conf,right_ankle_x,right_ankle_y,right_ankle_conf
0,0,994.76806640625,84.09061431884766,0.009041017852723598,1000.8147583007812,56.03949737548828,0.010911843739449978,993.5509643554688,72.9689712524414,0.0059950025752186775,1023.2938842773438,42.72505187988281,0.03173965588212013,1024.4044189453125,69.5230484008789,0.009138153865933418,1016.3428344726562,0.0,0.03795327991247177,1072.6533203125,3.8155746459960938,0.02206413634121418,1019.5977783203125,50.80455780029297,0.07232034206390381,1026.3564453125,48.03337097167969,0.047935258597135544,1033.0828857421875,132.37161254882812,0.08275756984949112,998.3270874023438,112.15850830078125,0.06869293749332428,1073.9903564453125,95.17975616455078,0.8011716604232788,1132.912353515625,102.41748046875,0.7504034042358398,925.1019897460938,436.96490478515625,0.9619261622428894,1110.486083984375,461.8075866699219,0.946068286895752,1027.0882568359375,810.2692260742188,0.954176664352417,1276.649169921875,795.696044921875,0.9426887035369873
1,33,997.24951171875,92.04290771484375,0.0039830077439546585,995.3487548828125,70.79415893554688,0.003865722334012389,992.7281494140625,80.86498260498047,0.0020399505738168955,1010.9038696289062,54.8104248046875,0.009789910167455673,1026.48046875,70.70807647705078,0.003056011628359556,1010.1765747070312,15.934707641601562,0.013285639695823193,1071.974365234375,10.5062255859375,0.011257392354309559,1001.1488037109375,59.042724609375,0.059582170099020004,1038.42431640625,50.6751708984375,0.05701599270105362,1005.2212524414062,94.78317260742188,0.11214089393615723,974.2921142578125,75.81454467773438,0.11563516408205032,1063.5128173828125,77.86875915527344,0.8112447261810303,1125.2821044921875,77.69000244140625,0.7857942581176758,949.5501708984375,439.610595703125,0.9807461500167847,1138.3798828125,459.5140686035156,0.974131166934967,947.2249145507812,826.1976928710938,0.9840747117996216,1312.2574462890625,779.453125,0.9802501201629639
2,66,1007.472900390625,90.88948059082031,0.00414951890707016,1007.379638671875,68.20992279052734,0.0042477319948375225,1001.072265625,77.31802368164062,0.002072439296171069,1026.1427001953125,55.53955078125,0.008270627819001675,1026.4102783203125,70.32250213623047,0.0023590039927512407,1027.434814453125,18.6097412109375,0.009422063827514648,1054.4185791015625,13.140518188476562,0.007171311881393194,1017.9989013671875,59.30543518066406,0.04978493973612785,1013.9613647460938,46.73103332519531,0.04231121018528938,1030.853515625,96.63775634765625,0.11456100642681122,971.1431274414062,79.72288513183594,0.10769084841012955,1070.4637451171875,66.3427734375,0.7804189920425415,1110.165283203125,67.44419860839844,0.7409107089042664,956.1422119140625,439.8540344238281,0.9819261431694031,1134.3587646484375,454.5447998046875,0.9735479354858398,915.6967163085938,831.0890502929688,0.9861258864402771,1333.540283203125,758.8196411132812,0.9819250106811523
3,100,1005.4449462890625,93.65538024902344,0.004109974019229412,1005.5797119140625,71.90746307373047,0.004133902955800295,999.2906494140625,81.81491088867188,0.0020523914135992527,1022.99658203125,58.92100524902344,0.007995094172656536,1019.5582275390625,75.74938201904297,0.0024265642277896404,1025.7652587890625,14.185455322265625,0.010923393070697784,1034.6951904296875,8.77056884765625,0.007286334875971079,1003.01171875,50.850860595703125,0.06273353099822998,999.1497802734375,40.80267333984375,0.04482714459300041,1018.0003662109375,75.53672790527344,0.13822254538536072,977.0635986328125,64.02616882324219,0.11721043288707733,1069.3262939453125,64.12234497070312,0.799511194229126,1092.610595703125,68.03388977050781,0.7477484941482544,958.5318603515625,435.9884948730469,0.9822933077812195,1113.4876708984375,457.6890869140625,0.971738338470459,920.7899780273438,826.0968017578125,0.9857208728790283,1338.6600341796875,742.1712036132812,0.9800025224685669
4,133,976.1821899414062,74.07648468017578,0.0037037639413028955,978.2613525390625,50.140159606933594,0.003855268470942974,975.6298828125,66.27951049804688,0.001700270688161254,998.5455932617188,37.52375793457031,0.007273505441844463,999.8873901367188,66.64480590820312,0.0018320453818887472,999.4129028320312,0.0,0.00683280173689127,1035.171875,0.0,0.008441817946732044,982.3603515625,33.34693908691406,0.054033275693655014,1002.4619750976562,35.29046630859375,0.07368431985378265,1003.2990112304688,75.01844787597656,0.14857982099056244,970.7719116210938,76.85655212402344,0.19166776537895203,1062.6336669921875,69.14227294921875,0.7517647743225098,1097.5924072265625,71.20921325683594,0.7479602694511414,958.4588623046875,441.9075927734375,0.9732758402824402,1071.8892822265625,455.300537109375,0.9668214321136475,950.75244140625,828.95458984375,0.9759893417358398,1342.899169921875,725.5995483398438,0.9701921343803406
5,166,971.64208984375,84.23531341552734,0.0068153985776007175,970.2015380859375,62.809661865234375,0.0065120854414999485,970.2920532226562,78.02135467529297,0.0023651618976145983,994.9180297851562,44.064605712890625,0.008422497659921646,1000.1929931640625,71.75779724121094,0.0016973698511719704,1000.7745361328125,0.0,0.01397880632430315,1035.2010498046875,0.0,0.010693312622606754,988.1336669921875,25.769851684570312,0.14669817686080933,1006.3914794921875,33.64585876464844,0.10150882601737976,981.3385620117188,80.24079895019531,0.3701319992542267,965.4188842773438,77.8553466796875,0.2975658178329468,1063.3741455078125,75.98350524902344,0.8493603467941284,1090.5323486328125,77.60627746582031,0.8072265386581421,962.6148071289062,455.08349609375,0.9845199584960938,1047.695068359375,476.1280822753906,0.9736864566802979,996.0049438476562,850.9645385742188,0.9847905039787292,1309.5615234375,709.9607543945312,0.9774135947227478
6,200,953.2201538085938,87.37548065185547,0.006120770704001188,955.491943359375,70.3165054321289,0.006818168796598911,950.8419799804688,85.05310821533203,0.0022476022131741047,993.1835327148438,50.2554931640625,0.013700723648071289,974.2742309570312,78.20883178710938,0.0020554387010633945,1014.3539428710938,6.76483154296875,0.019356921315193176,996.0253295898438,0.0,0.01793927326798439,999.2737426757812,42.70037841796875,0.11807120591402054,984.3123779296875,45.92811584472656,0.10958729684352875,984.2510986328125,82.86886596679688,0.21477535367012024,961.8058471679688,73.81196594238281,0.2056618332862854,1065.6246337890625,112.03829956054688,0.8967914581298828,1053.4007568359375,113.36581420898438,0.8800503015518188,960.8417358398438,472.7129821777344,0.9869118928909302,1016.4116821289062,494.4795227050781,0.9800307154655457,1040.8636474609375,856.111083984375,0.9869136214256287,1266.878173828125,702.8925170898438,0.9826786518096924
7,233,944.6702270507812,80.5579605102539,0.0018836241215467453,949.9149780273438,63.15852355957031,0.002814236795529723,942.7662963867188,80.43136596679688,0.0011175377294421196,982.8375244140625,42.85450744628906,0.017731141299009323,958.474609375,73.95437622070312,0.0031263711862266064,996.732666015625,0.0,0.014521896839141846,980.099853515625,0.0,0.01683001033961773,981.0421752929688,37.972137451171875,0.03616703301668167,973.5309448242188,41.36121368408203,0.04950717091560364,986.4609375,113.6744155883789,0.030274584889411926,954.3864135742188,103.89420318603516,0.04089273512363434,1064.1898193359375,117.45263671875,0.8766998052597046,1049.815673828125,118.85247802734375,0.8774227499961853,971.9020385742188,489.085693359375,0.9800808429718018,1003.669921875,491.5003356933594,0.9747222661972046,1079.3792724609375,852.8073120117188,0.9816785454750061,1238.923095703125,697.2838134765625,0.9791176319122314
8,266,826.696533203125,19.413848876953125,0.020271094515919685,837.2257690429688,0.0,0.029260199517011642,828.3638305664062,14.9981689453125,0.004857928957790136,907.2971801757812,0.0,0.0788799449801445,876.5960083007812,25.918624877929688,0.0033790681045502424,962.7947387695312,0.0,0.06153497472405434,944.3965454101562,0.0,0.06392361968755722,927.80517578125,13.834716796875,0.15454918146133423,957.5761108398438,24.700973510742188,0.15541046857833862,912.3204345703125,11.333724975585938,0.18959110975265503,916.8651123046875,13.909332275390625,0.17059606313705444,1074.15576171875,137.50575256347656,0.906237781047821,1044.388671875,130.05996704101562,0.9065151810646057,981.6157836914062,509.50390625,0.9817991852760315,928.4690551757812,463.3722839355469,0.9760598540306091,1121.553466796875,848.3878784179688,0.9691921472549438,1178.5523681640625,685.1951904296875,0.9692806005477905
9,300,905.5941162109375,84.98416900634766,0.0011153212981298566,912.3718872070312,66.3321762084961,0.0017279578605666757,903.6881103515625,84.22270202636719,0.0004888150724582374,956.9249267578125,46.74714660644531,0.02143990620970726,925.5635986328125,79.112548828125,0.0021617438178509474,977.98046875,0.892913818359375,0.03721340000629425,945.3252563476562,0.0,0.018017584457993507,887.571533203125,8.511062622070312,0.12687820196151733,923.5448608398438,19.554931640625,0.05584893748164177,925.8447875976562,8.782974243164062,0.0804605633020401,912.164794921875,26.084701538085938,0.04111785069108009,1073.9578857421875,131.45179748535156,0.8980063796043396,1021.6591186523438,128.5010986328125,0.8556610941886902,1020.6403198242188,509.3348693847656,0.9658408761024475,902.1832275390625,463.8350830078125,0.9387668967247009,1158.3543701171875,847.62451171875,0.9411107897758484,1137.7916259765625,700.218017578125,0.9244423508644104
10,333,934.6041870117188,101.27467346191406,0.0014354890445247293,939.728271484375,79.5377426147461,0.002312651602551341,933.0957641601562,96.25366973876953,0.0008371106232516468,980.6460571289062,61.85691833496094,0.019359884783625603,956.7733764648438,91.65536499023438,0.002711561042815447,1014.5839233398438,27.129478454589844,0.015323683619499207,985.4271850585938,9.691108703613281,0.019126782193779945,986.9733276367188,66.64716339111328,0.03398514539003372,1017.929443359375,59.191978454589844,0.05680336803197861,982.7822265625,131.704833984375,0.02276727557182312,982.3060913085938,128.77587890625,0.03387588635087013,1073.5323486328125,125.10031127929688,0.8728117942810059,1020.8538818359375,118.4571533203125,0.886408805847168,1064.1795654296875,496.8753967285156,0.974430501461029,898.4990844726562,446.5595397949219,0.9724256992340088,1210.836181640625,846.740478515625,0.9737377762794495,1072.6334228515625,750.0,0.9758996367454529
11,366,940.1343994140625,97.46578216552734,0.002383018145337701,945.4143676757812,75.30867004394531,0.00336077599786222,934.2479248046875,86.72183990478516,0.001110757701098919,987.6581420898438,58.02301025390625,0.018518319353461266,953.305908203125,77.53502655029297,0.002378056989982724,1018.78369140625,25.4443359375,0.021763741970062256,977.40673828125,11.06817626953125,0.02026325650513172,994.0054931640625,59.30438232421875,0.06288689374923706,1005.2010498046875,53.384307861328125,0.06787312775850296,990.3235473632812,116.78251647949219,0.05050363764166832,978.4411010742188,112.97177124023438,0.04829327017068863,1080.0926513671875,111.8792724609375,0.8810927867889404,1013.8187255859375,103.0953369140625,0.8811807632446289,1101.0882568359375,494.9524841308594,0.9757900834083557,895.7388305664062,426.1767883300781,0.9709041714668274,1256.9901123046875,829.6558837890625,0.9723995327949524,999.0836791992188,756.8373413085938,0.9751060009002686
12,400,997.152099609375,83.17952728271484,0.006916636135429144,1000.8759155273438,62.80357360839844,0.006971283815801144,991.420166015625,73.40153503417969,0.0044555398635566235,1020.4926147460938,46.185150146484375,0.01578407920897007,992.9789428710938,61.779441833496094,0.006157472729682922,1019.694580078125,9.832489013671875,0.03280126303434372,1016.9793090820312,0.0,0.017809126526117325,982.803955078125,61.806724548339844,0.0940738394856453,1020.6839599609375,48.17859649658203,0.055869463831186295,992.224365234375,106.58203125,0.0829622820019722,995.0158081054688,99.50225830078125,0.05693608894944191,1082.1812744140625,115.28910827636719,0.8247511386871338,1032.5887451171875,102.84379577636719,0.7773351073265076,1131.246826171875,466.3304443359375,0.9598469138145447,922.0314331054688,444.01922607421875,0.9436503648757935,1296.3292236328125,803.5450439453125,0.9538462162017822,933.3272705078125,787.36083984375,0.9435612559318542
13,433,992.8553466796875,93.39315032958984,0.003397031920030713,993.8992309570312,76.24612426757812,0.003832514164969325,988.644287109375,83.81666564941406,0.0019813906401395798,1018.9290161132812,64.6516342163086,0.009349055588245392,1001.923828125,76.2557601928711,0.0027093258686363697,1020.0203857421875,36.84649658203125,0.01381711382418871,1033.659423828125,17.927352905273438,0.009208629839122295,975.052734375,82.82244873046875,0.05486597493290901,1079.1767578125,75.78849792480469,0.04024037346243858,981.1122436523438,117.3834228515625,0.055975642055273056,1062.471923828125,121.52796936035156,0.03982783108949661,1076.62255859375,93.87496948242188,0.8533493280410767,1032.0667724609375,85.61997985839844,0.8270893096923828,1144.3099365234375,466.4413146972656,0.9817870855331421,937.7144165039062,445.26947021484375,0.975385844707489,1335.008544921875,794.4842529296875,0.9858521223068237,891.2559814453125,800.8283081054688,0.9839591383934021
14,466,996.094482421875,92.91767120361328,0.004046483896672726,997.4033813476562,75.14762878417969,0.004686671309173107,990.244873046875,81.65176391601562,0.0023761820048093796,1022.793701171875,67.21101379394531,0.00793806929141283,999.3369140625,76.95027923583984,0.002318259561434388,1023.461669921875,47.34700012207031,0.009907647967338562,1026.8236083984375,25.644058227539062,0.006240720860660076,979.4720458984375,97.58793640136719,0.046093910932540894,1062.1405029296875,84.30381774902344,0.030816560611128807,975.0921020507812,126.70600891113281,0.057334162294864655,1040.9576416015625,131.09742736816406,0.03819693624973297,1073.47998046875,80.35093688964844,0.8160897493362427,1023.0166625976562,73.31767272949219,0.7791686654090881,1140.221435546875,457.11053466796875,0.9812284111976624,941.1927490234375,444.54730224609375,0.973739504814148,1359.6976318359375,774.4041748046875,0.9873611927032471,885.5704345703125,797.3551635742188,0.9850539565086365
15,500,1016.1714477539062,75.86590576171875,0.010183668695390224,1016.0975341796875,57.886138916015625,0.009311886504292488,1005.2952270507812,65.42225646972656,0.0062036579474806786,1030.8643798828125,46.96833801269531,0.009623026475310326,1001.671142578125,57.609375,0.004590992815792561,1020.8600463867188,18.77984619140625,0.02126520872116089,1032.1053466796875,2.4022979736328125,0.007846224121749401,974.80029296875,77.29609680175781,0.09616945683956146,1038.9132080078125,76.099365234375,0.030929667875170708,955.34033203125,115.29734802246094,0.12098664045333862,1003.5964965820312,139.74513244628906,0.04910895973443985,1070.0189208984375,90.72061157226562,0.7979230880737305,1026.6895751953125,79.86227416992188,0.7024519443511963,1118.2174072265625,458.43841552734375,0.9733335375785828,940.1287231445312,446.1431579589844,0.954356849193573,1369.4483642578125,758.019287109375,0.9795911312103271,914.98681640625,793.8489990234375,0.9712255597114563
16,533,998.7697143554688,66.1205825805664,0.015280193649232388,1008.8785400390625,43.760398864746094,0.015362038277089596,988.71337890625,53.633697509765625,0.010256827808916569,1031.5889892578125,35.04606628417969,0.016424594447016716,974.5091552734375,49.621376037597656,0.00762434396892786,1021.9411010742188,17.717239379882812,0.03314995393157005,978.5947265625,1.5844345092773438,0.01261159311980009,979.8663940429688,58.39318084716797,0.11505500227212906,961.0708618164062,39.378135681152344,0.041163019835948944,943.2072143554688,111.65558624267578,0.1358509510755539,939.4400024414062,95.04515075683594,0.06494764238595963,1057.7442626953125,117.47080993652344,0.7799200415611267,991.904296875,112.59489440917969,0.6898022294044495,1083.6065673828125,473.1236877441406,0.9481576085090637,931.9876708984375,466.88507080078125,0.9190782308578491,1358.7996826171875,744.0296630859375,0.9373883008956909,959.1904907226562,798.1236572265625,0.9164745807647705
17,566,947.56884765625,92.7018814086914,0.003827546024695039,949.263427734375,73.48990631103516,0.004743520170450211,943.5899047851562,83.3854751586914,0.0020203026942908764,980.4136962890625,58.663421630859375,0.010636863298714161,966.8436279296875,74.3843765258789,0.002202290343120694,983.9141235351562,19.563446044921875,0.010447205975651741,994.5029907226562,6.8399505615234375,0.010447531007230282,962.1296997070312,42.85029602050781,0.04711022973060608,995.7151489257812,45.529266357421875,0.05285301432013512,952.9180908203125,109.71134948730469,0.056439097970724106,946.0286865234375,82.86433410644531,0.05720648542046547,1032.0706787109375,82.59475708007812,0.8337736129760742,1006.38134765625,88.2806396484375,0.8326746821403503,1051.5709228515625,488.94598388671875,0.9750017523765564,953.9646606445312,480.0779113769531,0.9720007181167603,1362.9713134765625,736.8946533203125,0.9799581170082092,997.960693359375,824.4705200195312,0.9798524379730225
18,600,937.57275390625,90.35078430175781,0.0024067845661193132,938.5413818359375,74.28787994384766,0.0032856580801308155,936.6500854492188,86.4451904296875,0.001410385244525969,964.4947509765625,56.85546112060547,0.011270727030932903,963.9053344726562,77.09939575195312,0.0022378433495759964,966.7857055664062,16.21149444580078,0.009463153779506683,1003.2770385742188,0.0,0.010932685807347298,950.6914672851562,46.29766845703125,0.037767406553030014,976.5371704101562,44.617515563964844,0.05276836082339287,949.2777099609375,100.70109558105469,0.037435662001371384,933.7240600585938,84.70710754394531,0.04874721169471741,1033.3934326171875,105.01506042480469,0.8394597768783569,1035.168212890625,109.83686828613281,0.8488399982452393,1003.9948120117188,493.7331848144531,0.9711959362030029,968.143798828125,492.3143005371094,0.9710557460784912,1319.8050537109375,724.0327758789062,0.9764952659606934,1039.23876953125,826.7023315429688,0.9767541885375977
19,633,941.156982421875,87.41841888427734,0.004105850122869015,943.1292724609375,72.57579803466797,0.004478636663407087,937.4735107421875,86.22166442871094,0.0020711617544293404,971.7191162109375,52.43140411376953,0.009330397471785545,962.8407592773438,75.75050354003906,0.0022963513620197773,976.5181884765625,10.08892822265625,0.012440165504813194,1014.5521240234375,0.0,0.014899831265211105,969.7443237304688,42.784515380859375,0.07716868072748184,984.4391479492188,44.4451904296875,0.10803405195474625,946.8504638671875,98.62870788574219,0.11076107621192932,934.2374877929688,88.790771484375,0.14891579747200012,1033.462158203125,119.68931579589844,0.876483142375946,1043.347412109375,122.5232162475586,0.8822816014289856,979.8343505859375,494.6462707519531,0.9754471182823181,976.5269165039062,502.63671875,0.975723385810852,1261.5693359375,708.9324340820312,0.9784325361251831,1074.0125732421875,820.6500244140625,0.9776549339294434
20,666,909.5006103515625,77.2972183227539,0.002010314492508769,908.83837890625,62.683250427246094,0.0024369191378355026,909.9064331054688,77.72859191894531,0.001009552739560604,939.9006958007812,47.19474792480469,0.013592446222901344,965.0833740234375,69.07447814941406,0.0025831980165094137,933.466064453125,7.538475036621094,0.01651606522500515,1050.83349609375,0.0,0.019687941297888756,918.27392578125,22.373428344726562,0.061758916825056076,993.71484375,32.64509582519531,0.08892791718244553,944.6936645507812,67.66291809082031,0.05766250938177109,942.3948364257812,80.41877746582031,0.07986610382795334,1026.2833251953125,111.32144165039062,0.8945872187614441,1097.039306640625,107.21621704101562,0.9023303389549255,950.6424560546875,488.82550048828125,0.978624165058136,1003.8347778320312,485.76177978515625,0.9792887568473816,1221.333740234375,735.2300415039062,0.9797334671020508,1091.302978515625,818.7180786132812,0.9800505042076111
21,700,913.0487060546875,86.30140686035156,0.0024625842925161123,911.631591796875,69.47625732421875,0.0028785914182662964,913.626220703125,87.04293823242188,0.0013354923576116562,940.7730102539062,50.73985290527344,0.01777859963476658,966.8712768554688,77.7974853515625,0.004132462665438652,940.5384521484375,11.009719848632812,0.021581202745437622,1055.7762451171875,0.0,0.029016584157943726,937.7671508789062,42.55018615722656,0.06101326271891594,1022.0372924804688,46.144203186035156,0.09968973696231842,941.3613891601562,96.45476531982422,0.055900637060403824,948.6041259765625,83.94307708740234,0.08509328961372375,1024.480712890625,103.75634765625,0.8595632314682007,1104.4322509765625,98.39520263671875,0.8761447668075562,924.1974487304688,473.35247802734375,0.9662686586380005,1033.6300048828125,477.23052978515625,0.9685146808624268,1160.08544921875,749.0619506835938,0.9642602205276489,1143.7705078125,793.2431030273438,0.9655840396881104
22,733,919.9398803710938,87.82168579101562,0.0024884759914129972,918.1349487304688,69.94601440429688,0.0028601489029824734,921.6945190429688,87.8701171875,0.001362181967124343,945.501220703125,51.532264709472656,0.012932926416397095,974.644287109375,79.80445861816406,0.0031777205877006054,952.858154296875,13.559555053710938,0.011501300148665905,1056.7330322265625,0.0,0.01995966210961342,954.85205078125,56.989402770996094,0.039023302495479584,1025.2376708984375,51.32691192626953,0.09096214175224304,960.2114868164062,107.58563232421875,0.05232850834727287,949.2822875976562,85.64229583740234,0.10505213588476181,1029.7890625,99.11764526367188,0.8126235604286194,1109.1988525390625,93.81582641601562,0.8493426442146301,918.6260375976562,464.640869140625,0.9691633582115173,1065.8214111328125,475.74481201171875,0.9741394519805908,1089.76171875,793.8505249023438,0.9724915623664856,1215.5609130859375,819.7283935546875,0.9745540022850037
23,766,974.559326171875,78.90310668945312,0.012023636139929295,978.4713134765625,48.747047424316406,0.012204395607113838,977.2109985351562,65.86505126953125,0.007984216324985027,992.3990478515625,32.837425231933594,0.030815035104751587,1012.2220458984375,59.55262756347656,0.010825375095009804,980.5323486328125,0.0,0.0382554791867733,1067.6444091796875,0.0,0.030430885031819344,970.4851684570312,51.92866516113281,0.07732550799846649,1017.2754516601562,48.65538024902344,0.0747203454375267,981.280517578125,114.61333465576172,0.10240433365106583,962.4276123046875,93.55426025390625,0.1164112389087677,1045.2086181640625,100.29434967041016,0.7747452259063721,1119.595947265625,106.45339965820312,0.7474644184112549,915.6076049804688,439.8357238769531,0.9530254602432251,1095.517333984375,460.7274475097656,0.9414257407188416,1017.9051513671875,804.4586791992188,0.9381091594696045,1249.304443359375,790.5084838867188,0.9295833110809326
24,800,952.3385009765625,84.79273223876953,0.004302213899791241,950.8310546875,62.823829650878906,0.0039337812922894955,951.673095703125,73.85607147216797,0.0016629542224109173,972.936767578125,44.939300537109375,0.008739648386836052,1000.1376342773438,61.210052490234375,0.002188930520787835,976.5736083984375,2.5713958740234375,0.014988014474511147,1063.7410888671875,0.0,0.011319542303681374,966.7588500976562,46.64598083496094,0.10961637645959854,1030.6649169921875,48.775543212890625,0.08073525130748749,963.1951904296875,89.33216857910156,0.24749314785003662,959.3933715820312,81.04476928710938,0.1982012838125229,1035.2845458984375,71.89691162109375,0.8422912955284119,1113.1248779296875,67.99278259277344,0.8096258640289307,932.76708984375,446.14251708984375,0.9844158291816711,1114.17822265625,457.0366516113281,0.9777421355247498,919.9297485351562,824.303466796875,0.9851206541061401,1286.2684326171875,778.883056640625,0.9805966019630432
25,833,960.1836547851562,78.71214294433594,0.0034807289484888315,961.169189453125,54.84075164794922,0.00349724804982543,959.6563110351562,68.93408203125,0.0013039762852713466,983.9550170898438,40.19073486328125,0.004690852481871843,994.0195922851562,64.3857421875,0.0009206017130054533,991.7761840820312,0.0,0.0044492557644844055,1046.189697265625,0.0,0.004335472825914621,975.4169311523438,38.700347900390625,0.06596428900957108,1009.1867065429688,36.440826416015625,0.06905346363782883,964.9487915039062,84.0618896484375,0.257997989654541,949.99755859375,84.61788940429688,0.27155277132987976,1046.012939453125,61.39878845214844,0.7517179846763611,1099.381591796875,59.49980163574219,0.730372965335846,944.6199340820312,443.9280700683594,0.980977475643158,1100.6678466796875,447.5099792480469,0.9752374291419983,893.5914916992188,827.4547729492188,0.9831994771957397,1319.429931640625,763.7627563476562,0.9790080785751343
26,866,954.0774536132812,83.5066909790039,0.0029158496763557196,956.935791015625,61.58271789550781,0.0030317644122987986,953.1234741210938,75.51828002929688,0.0011913208290934563,982.0556640625,45.92454528808594,0.006027980241924524,984.9830932617188,69.67085266113281,0.001212304923683405,989.0894165039062,0.0,0.005822351668030024,1033.98046875,0.0,0.006666240282356739,967.2005004882812,42.4310302734375,0.059722766280174255,1006.0550537109375,40.64167785644531,0.07885550707578659,967.6361083984375,86.69508361816406,0.17969533801078796,948.5189819335938,88.32756042480469,0.22901540994644165,1044.034912109375,71.56205749511719,0.7809023261070251,1089.2344970703125,71.26158142089844,0.776459813117981,940.7400512695312,441.6916809082031,0.9785157442092896,1089.4163818359375,454.5599060058594,0.9743027091026306,896.893310546875,806.4556884765625,0.9807099103927612,1325.2232666015625,744.6406860351562,0.9767598509788513
27,900,955.9508056640625,86.93911743164062,0.006108428817242384,957.43310546875,64.00460815429688,0.0054924506694078445,951.9680786132812,77.80716705322266,0.0021421818528324366,984.2296752929688,46.71533203125,0.005296704825013876,976.347900390625,71.10910034179688,0.0011918838135898113,999.2092895507812,0.0,0.007260127458721399,1009.421630859375,0.0,0.0065323482267558575,982.4763793945312,40.759185791015625,0.10421491414308548,986.0594482421875,42.49095153808594,0.09172984212636948,965.1281127929688,77.41969299316406,0.3658931851387024,945.0975952148438,79.17855834960938,0.34701159596443176,1053.9774169921875,57.582183837890625,0.777639627456665,1071.1036376953125,60.04156494140625,0.7413896918296814,947.2211303710938,442.0765686035156,0.9812572002410889,1064.6826171875,467.2208251953125,0.9715782999992371,940.651611328125,842.7405395507812,0.9831563830375671,1315.2978515625,728.6033935546875,0.9765926003456116
28,933,942.66162109375,88.9343490600586,0.006030614487826824,942.1719360351562,68.26366424560547,0.006057220511138439,941.4127807617188,82.29029846191406,0.0019800097215920687,972.73095703125,49.7457275390625,0.00802421011030674,975.1832885742188,74.72332763671875,0.0012704512337222695,985.2890625,6.7440032958984375,0.011100541800260544,1017.5982055664062,0.0,0.009343603625893593,981.0919799804688,44.27961730957031,0.1270221620798111,1003.84375,45.28907775878906,0.10446329414844513,959.0414428710938,79.65916442871094,0.34972167015075684,943.9107666015625,76.73519897460938,0.317623496055603,1043.8740234375,79.8896484375,0.8380951285362244,1067.5909423828125,78.52194213867188,0.8050501942634583,955.5873413085938,462.506103515625,0.9840224981307983,1034.4537353515625,477.5042724609375,0.9747851490974426,987.9419555664062,850.552734375,0.9844813346862793,1287.1048583984375,707.4129638671875,0.9785651564598083
29,966,944.518798828125,88.13065338134766,0.006408425513654947,948.7299194335938,70.03843688964844,0.006901513785123825,939.759033203125,83.88157653808594,0.002520395442843437,985.2792358398438,51.770233154296875,0.011212330311536789,953.63525390625,77.53129577636719,0.0019795962143689394,1010.1699829101562,11.425277709960938,0.01417597010731697,971.8316040039062,0.949676513671875,0.015038051642477512,1003.015380859375,51.60026550292969,0.0945439264178276,974.1198120117188,51.30775451660156,0.10699519515037537,960.5883178710938,87.18443298339844,0.20066457986831665,940.3170776367188,79.07414245605469,0.22649802267551422,1052.1688232421875,93.63272094726562,0.8654106259346008,1025.7974853515625,93.28985595703125,0.8541225790977478,955.4156494140625,475.0284118652344,0.9839170575141907,998.2181396484375,490.2074890136719,0.9773027896881104,1029.4908447265625,854.7914428710938,0.9844669103622437,1251.0223388671875,703.8680419921875,0.9805229306221008
30,1000,915.650390625,75.08953857421875,0.0024939158465713263,919.6302490234375,58.9266357421875,0.0030106811318546534,914.6085205078125,76.63554382324219,0.001206627581268549,951.0437622070312,40.658912658691406,0.012007689103484154,936.7401733398438,72.2999267578125,0.0023666778579354286,956.4464721679688,0.0,0.01716785691678524,967.7871704101562,0.0,0.014783816412091255,902.05224609375,12.6353759765625,0.08666785806417465,940.6106567382812,21.831527709960938,0.07835648208856583,941.347412109375,35.911376953125,0.1091405376791954,934.825439453125,56.93376159667969,0.10869570076465607,1049.6605224609375,117.79129028320312,0.9104726910591125,1045.8056640625,118.81764221191406,0.8957351446151733,962.3057250976562,489.04962158203125,0.9863966107368469,983.9213256835938,486.67034912109375,0.9799590110778809,1076.454345703125,842.8248291015625,0.9855743646621704,1229.8258056640625,701.7522583007812,0.9817534685134888
31,1033,871.5641479492188,50.926551818847656,0.0037936028093099594,875.2695922851562,32.09056091308594,0.004220719449222088,870.438232421875,49.47784423828125,0.001167116453871131,919.2396240234375,18.324234008789062,0.01601932756602764,904.35498046875,49.94490051269531,0.001885134493932128,943.3204345703125,0.0,0.03223114460706711,933.5165405273438,0.0,0.021799620240926743,853.87646484375,1.2616424560546875,0.20410171151161194,895.9098510742188,13.237106323242188,0.11709655821323395,929.8280639648438,16.18817138671875,0.26985180377960205,930.6082763671875,41.07783508300781,0.16077055037021637,1067.2320556640625,132.11752319335938,0.911925733089447,1036.37060546875,128.45745849609375,0.8863344788551331,975.439453125,504.7740783691406,0.9815993905067444,913.7972412109375,459.3740234375,0.9682268500328064,1113.2633056640625,842.4234008789062,0.9667937159538269,1163.7994384765625,679.4959716796875,0.9590297341346741
32,1066,907.3020629882812,60.757164001464844,0.0036974153481423855,914.5037841796875,42.52734375,0.0042587402276694775,899.0429077148438,57.111602783203125,0.0012388096656650305,959.9044799804688,28.697021484375,0.018137942999601364,909.037353515625,55.61590576171875,0.0021562427282333374,978.2319946289062,0.0,0.05060833320021629,912.6655883789062,0.0,0.023330213502049446,886.1578369140625,0.0178070068359375,0.25536251068115234,887.4368286132812,13.59906005859375,0.10875486582517624,924.1730346679688,18.53045654296875,0.2794843018054962,907.9002685546875,20.476821899414062,0.1460893750190735,1070.5242919921875,128.02890014648438,0.9304357767105103,995.8907470703125,126.57984924316406,0.8926599025726318,1026.27001953125,510.21661376953125,0.9809606075286865,886.8432006835938,468.9598693847656,0.9624527096748352,1142.0789794921875,834.9715576171875,0.9681822657585144,1145.4117431640625,683.287353515625,0.9566345810890198
33,1100,931.1256103515625,100.1125259399414,0.0030868647154420614,936.846923828125,78.53251647949219,0.003606237005442381,922.7081909179688,92.104248046875,0.0012555017601698637,980.12548828125,60.44501495361328,0.012171046808362007,933.7069702148438,85.45026397705078,0.0016548619605600834,1013.6527099609375,26.11248779296875,0.015775244683027267,956.1831665039062,9.984146118164062,0.02238023281097412,992.362060546875,55.41865539550781,0.08128917962312698,983.8656005859375,47.074676513671875,0.14315100014209747,957.8241577148438,96.08816528320312,0.10980547964572906,934.4185180664062,83.88935852050781,0.1665959358215332,1066.0894775390625,117.24856567382812,0.9007431268692017,993.0775146484375,108.28596496582031,0.9138126373291016,1065.591796875,500.80224609375,0.9820464253425598,879.6087036132812,440.6763000488281,0.9806811213493347,1205.011474609375,840.7183837890625,0.9791437983512878,1063.526123046875,735.802001953125,0.9816739559173584
34,1133,932.7515258789062,102.27287292480469,0.0026166578754782677,938.4328002929688,80.0335464477539,0.0032871561124920845,924.9595336914062,92.06078338623047,0.0011812796583399177,979.7393188476562,62.55493927001953,0.013082520104944706,937.9112548828125,83.71481323242188,0.0019447921076789498,1011.483642578125,24.429107666015625,0.01716446876525879,961.1050415039062,10.728012084960938,0.01920791156589985,986.9808349609375,53.00688171386719,0.07021567970514297,986.3915405273438,46.62959289550781,0.0953250303864479,970.75,103.924072265625,0.07337726652622223,947.6841430664062,93.96551513671875,0.08875054121017456,1073.3817138671875,105.30697631835938,0.8798197507858276,999.3327026367188,98.97262573242188,0.8869352340698242,1099.5662841796875,484.68450927734375,0.9762594699859619,879.8496704101562,427.7972717285156,0.9733074307441711,1248.9085693359375,823.11767578125,0.9736104011535645,994.1944580078125,760.7471923828125,0.9763091206550598
35,1166,984.5326538085938,83.4990234375,0.008189830929040909,988.327880859375,61.51570129394531,0.00834012683480978,977.9956665039062,71.2892074584961,0.005213881842792034,1008.2816162109375,46.840118408203125,0.018154151737689972,978.0599365234375,60.8902587890625,0.007170017808675766,1011.5282592773438,15.549385070800781,0.04271390661597252,1003.7542114257812,0.0,0.017684418708086014,970.4280395507812,71.63314819335938,0.11511286348104477,1026.3104248046875,63.76842498779297,0.04906896501779556,975.4647827148438,114.38472747802734,0.09655659645795822,1006.147216796875,119.76521301269531,0.051042187958955765,1075.59521484375,116.329833984375,0.8237437009811401,1017.9657592773438,102.66412353515625,0.7521888017654419,1132.8856201171875,461.9366760253906,0.9583337903022766,899.4684448242188,436.6468505859375,0.9346961379051208,1291.203369140625,796.0169677734375,0.9519330263137817,930.3603515625,775.5238647460938,0.9361696243286133
36,1200,977.0830688476562,95.71490478515625,0.004671745467931032,978.3565063476562,77.45420837402344,0.0047759609296917915,969.5062866210938,85.70915222167969,0.0025830520316958427,1002.1565551757812,65.14130401611328,0.007295967545360327,974.8222045898438,78.49241638183594,0.0023605204187333584,1008.6280517578125,37.83091735839844,0.011846855282783508,1006.111083984375,18.73333740234375,0.008465544320642948,965.1707153320312,81.69676208496094,0.06573321670293808,1033.51904296875,63.61738586425781,0.05043479800224304,945.1320190429688,102.04096984863281,0.08745738863945007,956.9745483398438,81.54025268554688,0.06779801845550537,1069.9742431640625,95.15524291992188,0.8405138254165649,1014.3280029296875,86.62413024902344,0.8154705762863159,1138.203369140625,459.7852478027344,0.9815404415130615,914.6370849609375,440.53118896484375,0.9750534296035767,1328.4569091796875,793.483154296875,0.9857204556465149,886.4700317382812,797.489501953125,0.9836022853851318
37,1233,979.1572265625,93.36298370361328,0.005612723529338837,979.2445678710938,75.36554718017578,0.005095518194139004,970.963134765625,83.0302963256836,0.0029087187722325325,999.22802734375,63.630615234375,0.005199261009693146,974.4046020507812,75.753662109375,0.0018639490008354187,1001.5205078125,37.688140869140625,0.00897647812962532,1008.8212280273438,15.028884887695312,0.007230993825942278,963.3832397460938,84.33540344238281,0.07503938674926758,1016.3642578125,58.79612731933594,0.06421191990375519,931.3328247070312,104.87429809570312,0.136423721909523,933.7484130859375,74.80046081542969,0.1175600066781044,1061.707763671875,85.49354553222656,0.829221785068512,1015.5873413085938,78.26701354980469,0.8081925511360168,1125.5279541015625,458.3062438964844,0.9815789461135864,925.9085693359375,447.65728759765625,0.9760357737541199,1349.51025390625,770.2659912109375,0.9858322143554688,890.3177490234375,802.3562622070312,0.9837608933448792
38,1266,1002.9724731445312,84.46808624267578,0.013701064512133598,1004.4800415039062,66.04486083984375,0.00988488458096981,990.625,73.7490005493164,0.007874798960983753,1013.7401733398438,52.04827880859375,0.006793656386435032,976.22412109375,62.26995849609375,0.004263555631041527,1006.0755615234375,17.051605224609375,0.019701998680830002,997.4338989257812,0.0,0.009889300912618637,967.8681030273438,72.41752624511719,0.13044245541095734,989.5988159179688,57.78016662597656,0.06187817081809044,934.4920043945312,95.53024291992188,0.2158491611480713,921.3992309570312,76.10476684570312,0.12803101539611816,1051.8802490234375,97.92279052734375,0.8037480711936951,998.5032348632812,87.88577270507812,0.7349426746368408,1101.69287109375,463.53680419921875,0.9714770317077637,922.79150390625,456.1250915527344,0.9562949538230896,1352.7862548828125,755.1546020507812,0.9746196866035461,913.9425659179688,797.5757446289062,0.9664730429649353
39,1300,1000.71240234375,73.29487609863281,0.013646330684423447,1005.4074096679688,53.17048645019531,0.009852925315499306,988.9063720703125,63.321556091308594,0.007226487156003714,1016.739501953125,37.54600524902344,0.00579102011397481,969.88916015625,53.98860168457031,0.003071966813877225,1006.34912109375,8.728706359863281,0.014652800746262074,985.544189453125,0.0,0.00866491999477148,977.2744140625,63.83001708984375,0.13313068449497223,978.0450439453125,45.46186065673828,0.08448684960603714,932.3197631835938,101.26128387451172,0.2765537202358246,917.7711791992188,85.13436126708984,0.22095449268817902,1035.587158203125,119.11903381347656,0.7773519158363342,983.8947143554688,111.38465881347656,0.7241244912147522,1054.7479248046875,472.54132080078125,0.9610939621925354,923.1068725585938,469.70318603515625,0.948249101638794,1342.7039794921875,736.1467895507812,0.9608135223388672,964.4260864257812,804.947021484375,0.9520062804222107
40,1333,939.7064819335938,94.45051574707031,0.004631665535271168,939.4144287109375,76.57575988769531,0.00460228743031621,934.062255859375,87.21961212158203,0.0023443554528057575,964.2163696289062,59.595245361328125,0.006452120840549469,955.8995361328125,77.3800277709961,0.0018312877509742975,967.3364868164062,15.867691040039062,0.007193069439381361,1001.3324584960938,1.0111083984375,0.01061442494392395,962.760498046875,44.406280517578125,0.052682213485240936,998.4113159179688,50.43223571777344,0.09335137158632278,942.610107421875,94.49697875976562,0.09805826842784882,927.9212646484375,74.14604187011719,0.14495329558849335,1026.228515625,76.95126342773438,0.8151559829711914,1019.311767578125,79.66209411621094,0.8385465145111084,1014.9342041015625,491.3026428222656,0.9740290641784668,943.8807373046875,479.54364013671875,0.9754353165626526,1333.1644287109375,728.6685791015625,0.9791696667671204,1004.7828369140625,829.1495971679688,0.9807875156402588
41,1366,915.4948120117188,75.50033569335938,0.002709353109821677,915.7198486328125,60.75114440917969,0.003196918638423085,912.7127075195312,74.68707275390625,0.0014552874490618706,942.1456298828125,45.975494384765625,0.009758878499269485,945.9127807617188,68.95664978027344,0.0021380200050771236,931.88623046875,6.4921875,0.01006177719682455,1005.9900512695312,0.0,0.012485523708164692,884.5578002929688,20.942138671875,0.05028986185789108,956.942138671875,35.66111755371094,0.07694271206855774,923.7293701171875,61.1619873046875,0.060886748135089874,921.80126953125,79.47415924072266,0.0886579155921936,1021.3115844726562,101.60508728027344,0.8578512072563171,1048.1627197265625,104.8736572265625,0.8686598539352417,971.4261474609375,492.229736328125,0.9744797348976135,966.4889526367188,493.6302795410156,0.9755502343177795,1279.28173828125,711.9721069335938,0.978343665599823,1035.462890625,831.8280029296875,0.978729248046875
42,1400,838.1812133789062,31.71533203125,0.005234005395323038,843.5454711914062,14.556198120117188,0.006191933527588844,838.8208618164062,31.6307373046875,0.0021048106718808413,895.664794921875,9.920494079589844,0.022863633930683136,903.71728515625,34.570701599121094,0.0034403461031615734,904.2151489257812,0.0,0.040594857186079025,990.0714111328125,0.0,0.026805827394127846,851.6953735351562,5.4141082763671875,0.13684289157390594,906.4078369140625,23.700668334960938,0.09688203036785126,900.418212890625,10.117355346679688,0.1323847472667694,897.4424438476562,17.665786743164062,0.10531193763017654,1028.3218994140625,114.43533325195312,0.9099422097206116,1071.6903076171875,113.83831787109375,0.8919400572776794,940.2708129882812,487.9771728515625,0.9784371256828308,964.1859741210938,488.08941650390625,0.9736202359199524,1225.44140625,715.0382080078125,0.9759499430656433,1068.2076416015625,825.2312622070312,0.9721943140029907
43,1433,859.1148071289062,56.58251953125,0.005482349079102278,862.840576171875,38.797576904296875,0.004823610652238131,860.1923828125,56.55743408203125,0.0019025418441742659,910.9597778320312,26.979331970214844,0.014246366918087006,925.1956787109375,52.8984375,0.0028311412315815687,922.189697265625,0.0,0.03523291274905205,1031.2607421875,0.0,0.03832872211933136,901.8558349609375,14.38641357421875,0.21754024922847748,963.22802734375,30.232498168945312,0.23469023406505585,847.3167724609375,6.061798095703125,0.3143492043018341,855.2232666015625,9.674835205078125,0.34716030955314636,1033.767333984375,107.33647155761719,0.8932594060897827,1105.60791015625,100.53776550292969,0.8927851319313049,917.2725219726562,473.15399169921875,0.9713279604911804,1003.479736328125,473.599853515625,0.9674738645553589,1155.3624267578125,758.1448974609375,0.954980731010437,1126.528564453125,769.248779296875,0.9518028497695923
44,1466,887.4803466796875,88.08197021484375,0.0021436407696455717,886.068603515625,71.43997192382812,0.002911861054599285,888.4420166015625,90.17745208740234,0.0008547661127522588,920.9734497070312,52.872779846191406,0.019434163346886635,952.9724731445312,82.29734802246094,0.002526836236938834,932.0274047851562,6.089103698730469,0.03721991181373596,1048.9383544921875,0.0,0.015352064743638039,899.5970458984375,23.16375732421875,0.16473937034606934,1013.6808471679688,34.77703857421875,0.05709899589419365,837.5587158203125,11.120956420898438,0.14846092462539673,912.3648071289062,50.52653503417969,0.06759338080883026,1026.9486083984375,110.09564208984375,0.9049884676933289,1109.5159912109375,103.49409484863281,0.8596178293228149,891.94287109375,465.3219299316406,0.9797602295875549,1035.91259765625,475.1498107910156,0.9681921005249023,1117.321533203125,767.1747436523438,0.9767207503318787,1174.56591796875,817.0220947265625,0.9679378271102905
45,1500,908.6431884765625,69.58502197265625,0.0031365258619189262,903.8646240234375,52.55690002441406,0.0034379991702735424,906.9478149414062,68.36361694335938,0.001405594521202147,929.2666625976562,37.71446228027344,0.01741708628833294,967.6221313476562,61.98017120361328,0.004029858857393265,928.4763793945312,0.0,0.036552611738443375,1046.0509033203125,0.0,0.019455337896943092,895.5451049804688,18.911727905273438,0.12207937240600586,1017.2666625976562,37.51025390625,0.059241995215415955,939.60595703125,37.34307861328125,0.1259726732969284,959.2420043945312,54.926239013671875,0.07073023170232773,1026.5462646484375,92.7821044921875,0.8934471011161804,1114.256591796875,90.78208923339844,0.8543663620948792,892.8367309570312,442.466796875,0.9834623336791992,1064.0379638671875,467.0672912597656,0.9750535488128662,1042.74462890625,793.2451171875,0.9847725629806519,1208.810546875,813.7833862304688,0.9792885184288025
46,1533,920.7135009765625,82.01179504394531,0.0033260041382163763,917.335205078125,61.3037109375,0.003281867131590843,921.6748046875,75.38573455810547,0.00162581040058285,940.0059814453125,44.54644775390625,0.014380786567926407,981.416259765625,65.45153045654297,0.004297973588109016,938.0220947265625,4.58148193359375,0.022936182096600533,1058.4019775390625,0.1728515625,0.020898131653666496,921.4537963867188,44.15496826171875,0.07531371712684631,1032.922119140625,47.31134033203125,0.07470116019248962,953.5550537109375,94.31163024902344,0.10124171525239944,962.4456176757812,72.94871520996094,0.10071883350610733,1017.5235595703125,82.66021728515625,0.8547106981277466,1115.4302978515625,80.21571350097656,0.841805100440979,911.8471069335938,438.8345031738281,0.9809831976890564,1099.172607421875,459.4065246582031,0.976639986038208,950.177734375,810.2667846679688,0.9830963611602783,1252.3311767578125,789.9788818359375,0.9798919558525085
47,1566,947.8927001953125,87.53823852539062,0.0022174431942403316,946.844482421875,64.81450653076172,0.0027257991023361683,950.9749755859375,76.53286743164062,0.0010347880888730288,965.8253173828125,49.094947814941406,0.010248118080198765,999.5747680664062,67.015869140625,0.0019751403015106916,966.9517822265625,10.466972351074219,0.009639253839850426,1066.5391845703125,0.06987762451171875,0.007173875346779823,967.6465454101562,49.788002014160156,0.051379285752773285,1041.79931640625,43.009071350097656,0.040920983999967575,981.3173217773438,103.25601196289062,0.09611622989177704,962.3346557617188,85.81999969482422,0.08158057183027267,1030.715087890625,75.42160034179688,0.7935394048690796,1116.7564697265625,70.05455017089844,0.7606481909751892,928.5304565429688,448.3384094238281,0.9794723987579346,1101.380126953125,444.89007568359375,0.9725168943405151,886.2744750976562,813.7827758789062,0.982337474822998,1288.4710693359375,774.7472534179688,0.9777423739433289
48,1600,969.5370483398438,80.66626739501953,0.0036293764133006334,970.0263671875,57.31256103515625,0.0037572321016341448,969.8838500976562,70.99958038330078,0.0011998552363365889,992.4614868164062,40.2308349609375,0.004794916603714228,1006.4491577148438,63.86968231201172,0.0008035956998355687,992.4948120117188,0.0,0.006533821579068899,1053.2186279296875,0.0,0.0032593002542853355,962.98681640625,17.509140014648438,0.12228450179100037,998.5034790039062,25.21142578125,0.05464980751276016,962.5992431640625,81.92802429199219,0.4099389910697937,948.9804077148438,87.29301452636719,0.2582358121871948,1042.0477294921875,60.07196044921875,0.7953043580055237,1099.3521728515625,59.03887939453125,0.7104976177215576,935.7697143554688,437.5719909667969,0.9839931130409241,1090.380126953125,441.16864013671875,0.9716423153877258,873.9752197265625,811.172607421875,0.9850137829780579,1302.62109375,760.2674560546875,0.9767550826072693
49,1633,962.2633666992188,83.03329467773438,0.0038079526275396347,965.2205200195312,60.39033508300781,0.003864469937980175,961.0787353515625,76.42142486572266,0.0012991587864235044,995.1011352539062,43.876670837402344,0.00479995459318161,992.2049560546875,72.18360900878906,0.0008435914060100913,1003.076171875,0.0,0.006308909505605698,1030.5758056640625,0.0,0.004192439839243889,967.0551147460938,17.152267456054688,0.11345651745796204,982.1611328125,26.792221069335938,0.07323389500379562,967.4235229492188,68.52507019042969,0.38709577918052673,947.6076049804688,79.60295104980469,0.308492511510849,1047.1162109375,58.2623291015625,0.7866436839103699,1078.8406982421875,59.21942138671875,0.7264479398727417,934.0818481445312,434.2502746582031,0.9803398251533508,1067.6177978515625,447.77508544921875,0.9685814380645752,892.9456787109375,809.4347534179688,0.9807093143463135,1303.951904296875,742.9683837890625,0.9717344045639038
50,1666,953.1549682617188,96.13375854492188,0.006220248993486166,952.6721801757812,72.98133087158203,0.006042619701474905,950.2158203125,88.61981964111328,0.0020602450240403414,983.0330200195312,52.065765380859375,0.005823740269988775,983.4371337890625,79.85428619384766,0.0010932887671515346,994.2565307617188,0.0,0.008615074679255486,1022.1116333007812,0.0,0.005760503001511097,972.816650390625,23.996566772460938,0.13267667591571808,991.2258911132812,36.81056213378906,0.08213717490434647,959.1005859375,73.03926086425781,0.42005789279937744,941.7381591796875,76.50791931152344,0.32789456844329834,1048.4683837890625,55.08329772949219,0.8053478598594666,1073.39208984375,57.3555908203125,0.7443373799324036,941.2643432617188,438.7087097167969,0.9837718605995178,1038.1871337890625,463.20355224609375,0.9717361927032471,936.6287841796875,828.4324951171875,0.985998272895813,1284.8104248046875,717.6091918945312,0.9784905314445496
51,1700,951.8472290039062,92.42184448242188,0.006444358266890049,952.469970703125,73.62879180908203,0.006403553765267134,948.9551391601562,87.4167251586914,0.0021456899121403694,982.5051879882812,52.473175048828125,0.007454134989529848,971.430908203125,77.9651870727539,0.001307742903009057,999.3982543945312,0.0847320556640625,0.013440730050206184,992.830810546875,0.0,0.008252582512795925,985.1821899414062,28.98468017578125,0.16892170906066895,978.0697631835938,39.637847900390625,0.09610528498888016,961.768310546875,80.11839294433594,0.42651984095573425,944.2507934570312,78.37477111816406,0.3138006031513214,1044.20458984375,78.66769409179688,0.8459590673446655,1039.986328125,79.9669189453125,0.7870979905128479,950.0288696289062,458.4095764160156,0.9826232194900513,1008.2631225585938,478.5106506347656,0.9682410359382629,989.17236328125,836.080078125,0.9824140667915344,1260.1517333984375,702.6801147460938,0.9729064106941223
52,1733,933.8311767578125,86.0137710571289,0.005798857659101486,936.7727661132812,68.98173522949219,0.006720159202814102,931.1707763671875,83.32967376708984,0.0022023094352334738,975.8177490234375,49.87596130371094,0.0144899757578969,953.8568115234375,76.4161605834961,0.0020643204916268587,1000.5071411132812,9.537826538085938,0.01876075007021427,979.478271484375,0.0,0.017912721261382103,988.0816040039062,53.24555969238281,0.10464038699865341,980.6517944335938,56.6341552734375,0.10582679510116577,948.8011474609375,93.22943115234375,0.18282335996627808,933.6098022460938,76.21023559570312,0.19003523886203766,1046.387939453125,100.60267639160156,0.8947505950927734,1028.417724609375,98.8729248046875,0.8817476034164429,950.244140625,478.5392761230469,0.9866917133331299,984.0795288085938,487.2162780761719,0.9804911613464355,1032.638427734375,845.512939453125,0.9868226051330566,1220.2786865234375,691.6400756835938,0.983512818813324
53,1766,924.8504028320312,81.87185668945312,0.003860866418108344,929.7539672851562,64.18327331542969,0.004645001608878374,917.6737670898438,79.89196014404297,0.0017319764010608196,973.2825317382812,44.45439147949219,0.015932297334074974,932.639892578125,73.49919891357422,0.0028555248863995075,995.37841796875,4.218292236328125,0.02648911625146866,949.8936767578125,0.0,0.021174253895878792,947.1284790039062,25.879074096679688,0.10523562878370285,937.3434448242188,40.14605712890625,0.08509860187768936,935.4085693359375,68.93733215332031,0.12100959569215775,922.3740844726562,73.83512878417969,0.10580971091985703,1055.41943359375,108.40013122558594,0.9218218922615051,1015.8541259765625,106.692626953125,0.9063584208488464,951.8721313476562,487.00067138671875,0.9873330593109131,949.9647827148438,481.6714172363281,0.9805768132209778,1087.51611328125,833.0267944335938,0.9870207905769348,1185.68603515625,700.6535034179688,0.9837731122970581
54,1800,849.7002563476562,46.48320007324219,0.005083481781184673,856.183837890625,26.350570678710938,0.006064384710043669,846.544921875,45.755332946777344,0.001696486142463982,909.75732421875,15.569755554199219,0.021846668794751167,875.3606567382812,51.312835693359375,0.0024222075007855892,950.1754760742188,0.0,0.03165386989712715,908.1907348632812,0.0,0.028591366484761238,881.6100463867188,7.6120147705078125,0.14229443669319153,902.3518676757812,18.92413330078125,0.12326504290103912,931.3954467773438,19.362213134765625,0.17894978821277618,928.5348510742188,47.01145935058594,0.14791756868362427,1060.6964111328125,131.69940185546875,0.8878806829452515,1009.4916381835938,129.96670532226562,0.8762286901473999,969.8461303710938,497.9747619628906,0.9742087125778198,895.5185546875,464.2200622558594,0.9629597067832947,1102.1123046875,828.97119140625,0.9585738182067871,1136.038330078125,682.5575561523438,0.9535526633262634
55,1833,851.5721435546875,44.74314880371094,0.004733366891741753,859.69140625,25.746070861816406,0.005565343890339136,849.7775268554688,43.390663146972656,0.001750595634803176,912.383056640625,19.291786193847656,0.02784472517669201,877.8023681640625,51.118011474609375,0.0037563915830105543,957.87890625,0.0,0.05201486498117447,910.4653930664062,0.0,0.043870363384485245,889.840087890625,4.425750732421875,0.1620539426803589,912.702392578125,17.8795166015625,0.12790945172309875,911.6279296875,2.239105224609375,0.1389269083738327,903.87744140625,13.364822387695312,0.10341526567935944,1063.250732421875,136.48326110839844,0.9216683506965637,1001.946044921875,134.13136291503906,0.91283118724823,1009.322265625,503.103515625,0.9781351089477539,878.7291870117188,452.4499816894531,0.9690667390823364,1160.30078125,821.9262084960938,0.9606927633285522,1085.407470703125,704.9859619140625,0.9587504267692566
56,1866,918.8179931640625,79.04571533203125,0.0028059042524546385,924.620361328125,58.0594482421875,0.003855619579553604,911.4417724609375,72.42967987060547,0.0011811907170340419,966.193603515625,45.131378173828125,0.01944596879184246,925.4581298828125,71.1532974243164,0.0022781086154282093,988.7611083984375,12.419403076171875,0.030488405376672745,943.0173950195312,4.3441314697265625,0.019641032442450523,932.1911010742188,24.491775512695312,0.105846107006073,949.2742309570312,37.01275634765625,0.0706433579325676,941.2781982421875,49.80802917480469,0.08981923758983612,925.2362060546875,41.844818115234375,0.06160401552915573,1064.5484619140625,114.72578430175781,0.9201399087905884,996.00146484375,109.40666198730469,0.9019628167152405,1058.275146484375,497.875244140625,0.9848669171333313,867.2492065429688,434.076416015625,0.9774270057678223,1202.2283935546875,836.0300903320312,0.9823681712150574,1034.84033203125,752.338623046875,0.9809470772743225
57,1900,942.29541015625,102.24911499023438,0.0031699545215815306,948.0782470703125,80.92190551757812,0.004221849609166384,935.7735595703125,91.58171081542969,0.0014717422891408205,987.8340454101562,63.733909606933594,0.018037881702184677,949.1019897460938,81.782958984375,0.0025924781803041697,1017.9544067382812,30.876708984375,0.02397567592561245,970.1719360351562,14.200836181640625,0.022315481677651405,990.0509033203125,65.17735290527344,0.07629581540822983,991.6434326171875,59.20335388183594,0.08039125055074692,965.1727905273438,115.53263854980469,0.06642073392868042,951.5795288085938,109.40304565429688,0.06354580819606781,1075.0731201171875,108.53421020507812,0.8915524482727051,1002.9512939453125,98.16046142578125,0.8904129266738892,1096.0191650390625,489.24462890625,0.9782370924949646,875.06396484375,420.0058898925781,0.9736409187316895,1246.0323486328125,810.6190795898438,0.9756988286972046,965.4653930664062,747.7802124023438,0.9775916337966919
58,1933,985.7992553710938,78.62150573730469,0.0074885543435812,991.3478393554688,57.210113525390625,0.007818891666829586,978.8973999023438,67.52947998046875,0.0047626434825360775,1016.4343872070312,41.78302001953125,0.017718322575092316,979.4194946289062,56.47686767578125,0.006532192695885897,1022.806640625,11.571601867675781,0.03786569833755493,1002.7646484375,0.0,0.017441095784306526,984.0498657226562,72.69893646240234,0.10019046813249588,1011.66357421875,62.509002685546875,0.04764904826879501,980.8037109375,117.67758178710938,0.08269404619932175,978.0394287109375,123.35309600830078,0.04627509042620659,1078.8743896484375,115.69606018066406,0.8054313659667969,1016.2532958984375,100.44012451171875,0.7408653497695923,1123.72412109375,458.4128723144531,0.9523584842681885,896.17626953125,432.01202392578125,0.9280638098716736,1290.759521484375,796.491943359375,0.9445798993110657,906.2671508789062,767.6602172851562,0.929302990436554
59,1966,980.2105102539062,90.94413757324219,0.0047909910790622234,982.6846313476562,72.58316802978516,0.005223793908953667,972.3043212890625,80.01280975341797,0.0029457591008394957,1010.0776977539062,60.22968292236328,0.009184806607663631,977.091796875,71.9139175415039,0.0031633074395358562,1020.01611328125,38.476409912109375,0.013162233866751194,1003.9312133789062,19.51519775390625,0.009341913275420666,982.1612548828125,94.82510375976562,0.049677133560180664,1051.3330078125,87.47607421875,0.04015842825174332,990.7009887695312,126.963134765625,0.055802349001169205,1033.47265625,138.7390594482422,0.04338983818888664,1073.1785888671875,93.94221496582031,0.816709041595459,1009.9151611328125,84.34913635253906,0.7917052507400513,1131.615966796875,459.7377624511719,0.9770061373710632,913.716796875,437.7506103515625,0.9700807332992554,1321.4813232421875,782.56640625,0.983165979385376,875.5501098632812,791.063232421875,0.981089174747467
60,2000,987.8670654296875,88.91498565673828,0.005312040913850069,988.043212890625,71.18930053710938,0.005262074992060661,981.09326171875,78.71539306640625,0.002780705224722624,1010.4043579101562,59.56695556640625,0.006568410899490118,989.4717407226562,71.28190612792969,0.0020943055860698223,1010.2874145507812,36.09159851074219,0.010792266577482224,1027.5682373046875,13.041229248046875,0.007314234972000122,964.9633178710938,87.31571960449219,0.07398944348096848,1041.3731689453125,65.24180603027344,0.05038485676050186,931.7076416015625,109.37672424316406,0.11424320191144943,960.0218505859375,89.06080627441406,0.07989193499088287,1065.0989990234375,81.40090942382812,0.8281888365745544,1024.3465576171875,71.2646484375,0.7953228950500488,1127.860107421875,457.2530822753906,0.980909526348114,926.5338745117188,439.95989990234375,0.9733166098594666,1344.375732421875,767.7344970703125,0.9852301478385925,874.6349487304688,787.6294555664062,0.9824888706207275
61,2033,1011.8609619140625,85.8453140258789,0.014552636072039604,1012.5977783203125,66.91763305664062,0.01047349814325571,999.830078125,75.46994018554688,0.008043837733566761,1023.0509033203125,53.48638916015625,0.006172840017825365,989.3124389648438,65.43342590332031,0.0037048724479973316,1015.2200317382812,19.854446411132812,0.01692047156393528,1016.14892578125,3.578887939453125,0.00891921203583479,975.0302124023438,74.98402404785156,0.1308107078075409,1001.0596313476562,61.79841613769531,0.06481342017650604,941.1567993164062,89.37277221679688,0.24506710469722748,927.7879028320312,73.39874267578125,0.15072570741176605,1058.6429443359375,95.1954345703125,0.7931196689605713,1012.0082397460938,84.50651550292969,0.7250673174858093,1100.8126220703125,456.6434631347656,0.9727156162261963,926.6863403320312,447.74298095703125,0.9584659337997437,1350.20068359375,752.7227783203125,0.9770343899726868,918.6802368164062,792.6070556640625,0.9698041677474976
62,2066,996.02197265625,65.2226333618164,0.015597499907016754,1004.248779296875,42.50367736816406,0.014615277759730816,987.9613037109375,53.20111083984375,0.010412925854325294,1020.3319702148438,32.30101776123047,0.014767760410904884,976.0844116210938,48.60809326171875,0.007307254709303379,1004.3018188476562,12.572067260742188,0.029880471527576447,988.884521484375,0.0,0.013360073789954185,972.5852661132812,56.51776885986328,0.11439838260412216,972.5936889648438,45.368980407714844,0.05016016960144043,950.6531982421875,94.5919189453125,0.14914657175540924,938.5122680664062,84.35041809082031,0.08443126082420349,1046.9173583984375,113.64875793457031,0.7761430144309998,1000.7037963867188,109.07766723632812,0.6990371346473694,1068.340576171875,467.63470458984375,0.9485683441162109,930.35888671875,464.1180725097656,0.9248273968696594,1340.231689453125,736.561767578125,0.939028799533844,954.7549438476562,794.8079223632812,0.9210928082466125
63,2100,949.1986083984375,98.4155502319336,0.004324478562921286,951.0147094726562,79.95069122314453,0.004764956422150135,943.370361328125,89.67180633544922,0.002391063142567873,977.4510498046875,63.053260803222656,0.00795179046690464,959.2743530273438,78.86956787109375,0.0022103756200522184,981.1586303710938,17.397720336914062,0.008426022715866566,988.9189453125,4.13543701171875,0.009937657043337822,972.2417602539062,46.80084228515625,0.046706292778253555,993.1561889648438,50.893707275390625,0.06432785838842392,964.0718994140625,102.55160522460938,0.06961721926927567,939.8943481445312,78.91021728515625,0.08347126096487045,1028.044677734375,76.95098876953125,0.808954656124115,1003.2506103515625,81.44174194335938,0.8184881210327148,1032.3365478515625,488.94024658203125,0.9716953635215759,948.30126953125,478.7948303222656,0.9705882668495178,1340.69384765625,726.7130737304688,0.9777278900146484,1000.0895385742188,819.4422607421875,0.9783766269683838
64,2133,932.8078002929688,85.33676147460938,0.0038172127678990364,933.7965698242188,69.33320617675781,0.004299367778003216,929.7881469726562,81.68964385986328,0.0020265490747988224,960.9000244140625,52.51432800292969,0.008422207087278366,959.0484619140625,72.76638793945312,0.002018435625359416,960.2135620117188,18.315399169921875,0.007629025727510452,1020.109375,0.0,0.012012267485260963,952.855224609375,50.455535888671875,0.04535127803683281,995.760009765625,43.59253692626953,0.09225470572710037,944.4907836914062,99.13792419433594,0.07095836102962494,936.3079833984375,85.92281341552734,0.12460532784461975,1028.354736328125,111.42805480957031,0.8255169987678528,1046.3101806640625,112.37525939941406,0.8543928265571594,988.8021850585938,495.9458312988281,0.9706995487213135,965.3831176757812,491.5614929199219,0.9745181202888489,1301.901123046875,712.667724609375,0.9764711856842041,1032.5557861328125,826.0950317382812,0.978511393070221
65,2166,913.5397338867188,78.66485595703125,0.002409318694844842,915.1435546875,66.2494125366211,0.0029317233711481094,910.6560668945312,80.50394439697266,0.0011230743257328868,944.5866088867188,49.966827392578125,0.011540316045284271,945.5953369140625,73.67012786865234,0.0020922627300024033,935.694091796875,0.0,0.020930569618940353,997.41650390625,0.0,0.013036573305726051,879.6375732421875,1.9471893310546875,0.11478982120752335,921.150146484375,20.03961181640625,0.07128861546516418,930.3092651367188,17.575057983398438,0.11377430707216263,921.5262451171875,47.16279602050781,0.08083002269268036,1031.0518798828125,119.8135986328125,0.9185141921043396,1055.45166015625,124.38505554199219,0.8962873816490173,959.9246215820312,488.1080017089844,0.9825504422187805,972.5211791992188,494.60626220703125,0.9770195484161377,1252.9346923828125,707.0094604492188,0.9829226732254028,1065.325927734375,823.7303466796875,0.9790666699409485
66,2200,903.0010986328125,69.23755645751953,0.003458441933616996,902.3977661132812,55.375831604003906,0.003557890886440873,901.6065673828125,72.01972961425781,0.0013479808112606406,932.8775024414062,38.99711608886719,0.012436832301318645,952.7047119140625,65.40591430664062,0.00236496701836586,917.6350708007812,0.0,0.03173712641000748,1027.4583740234375,0.0,0.017768286168575287,858.5478515625,0.0,0.1978921890258789,923.6253662109375,18.06427001953125,0.10647974163293839,937.9956665039062,20.600601196289062,0.24223707616329193,936.7923583984375,47.51875305175781,0.15219999849796295,1030.4033203125,117.57705688476562,0.9220935702323914,1096.144775390625,117.44325256347656,0.8942074775695801,931.7152099609375,485.2044372558594,0.982093870639801,1002.19580078125,485.7713928222656,0.9745888710021973,1210.5770263671875,722.1302490234375,0.9776507616043091,1089.5987548828125,813.8391723632812,0.9717498421669006
67,2233,904.94677734375,87.29072570800781,0.0024962006136775017,904.1793823242188,71.37169647216797,0.0031496272422373295,902.9425048828125,89.92192840576172,0.0012513637775555253,934.0200805664062,52.95991516113281,0.020196406170725822,952.3810424804688,82.96343994140625,0.0038590296171605587,928.7686767578125,6.067405700683594,0.03130694106221199,1037.0098876953125,0.0,0.022335872054100037,905.4567260742188,17.098663330078125,0.09704529494047165,988.1405639648438,31.8863525390625,0.06967570632696152,936.9190673828125,39.3387451171875,0.07946427166461945,949.9613037109375,62.016265869140625,0.06134429946541786,1029.7159423828125,108.52601623535156,0.8848749995231628,1105.6048583984375,105.72285461425781,0.8657666444778442,908.8276977539062,470.18548583984375,0.9718679189682007,1030.599853515625,475.2818298339844,0.9652931690216064,1150.068603515625,737.1325073242188,0.9691352844238281,1139.3582763671875,790.84375,0.9644360542297363
68,2266,912.8331298828125,82.64041900634766,0.0022398405708372593,911.340087890625,66.58424377441406,0.0026675150729715824,914.3351440429688,83.9406967163086,0.0011587439803406596,938.6968383789062,48.68943786621094,0.01501998770982027,968.8967895507812,76.04942321777344,0.003295686561614275,941.1529541015625,5.6097564697265625,0.017879324033856392,1050.239501953125,0.0,0.01950850337743759,922.6459350585938,24.651351928710938,0.06029733642935753,1019.48388671875,37.92457580566406,0.07603118568658829,958.5579223632812,48.76277160644531,0.06548948585987091,960.2186279296875,69.29976654052734,0.08033239841461182,1029.734130859375,106.24681091308594,0.8612930774688721,1110.890625,101.76983642578125,0.8648439049720764,902.4705200195312,462.848876953125,0.9755703806877136,1060.8106689453125,472.84857177734375,0.974694550037384,1087.7371826171875,783.93896484375,0.9766867160797119,1211.37109375,810.173828125,0.9755207300186157
69,2300,940.6428833007812,90.07978820800781,0.0034234600607305765,937.5655517578125,69.86000061035156,0.0035538491792976856,940.5192260742188,85.13685607910156,0.0017323697684332728,959.4494018554688,50.44537353515625,0.013952101580798626,993.4616088867188,73.46623992919922,0.004004654008895159,959.441162109375,6.73480224609375,0.018923692405223846,1064.228271484375,0.0,0.019239889457821846,959.3111572265625,50.79560852050781,0.06376045942306519,1035.5419921875,45.19903564453125,0.0712599828839302,978.1632080078125,100.09634399414062,0.08769963681697845,967.705810546875,80.78434753417969,0.09425082057714462,1025.179443359375,81.46266174316406,0.8368477821350098,1113.220947265625,78.72889709472656,0.8312937617301941,922.6386108398438,439.4958190917969,0.9780538082122803,1102.250244140625,463.4445495605469,0.9750124216079712,1010.1431274414062,802.6845703125,0.981833279132843,1249.3055419921875,801.5672607421875,0.9792736768722534
70,2333,956.435302734375,85.14578247070312,0.004135613329708576,954.3665771484375,64.00172424316406,0.0038569460157305002,956.1146850585938,74.74946594238281,0.001667737727984786,974.0971069335938,44.64569091796875,0.009413011372089386,1004.0427856445312,60.42926788330078,0.002459887880831957,974.0656127929688,2.0431365966796875,0.016821736469864845,1068.9591064453125,0.0,0.011860020458698273,964.81787109375,40.80757141113281,0.11176260560750961,1036.1644287109375,41.794189453125,0.07440096139907837,971.4935913085938,81.67753601074219,0.22778403759002686,963.02783203125,73.97218322753906,0.16707710921764374,1036.810791015625,76.94796752929688,0.8507643342018127,1118.7808837890625,72.48728942871094,0.8141031265258789,938.8405151367188,446.0672607421875,0.9847708344459534,1115.2510986328125,455.81060791015625,0.977382242679596,931.9868774414062,824.054443359375,0.985556423664093,1279.04443359375,772.4529418945312,0.9807966947555542
71,2366,958.9988403320312,75.97476196289062,0.0022790441289544106,960.2197265625,54.27003479003906,0.0027620368637144566,959.3567504882812,65.34617614746094,0.0010857394663617015,979.9120483398438,41.00933074951172,0.008264642208814621,992.8972778320312,59.12683868408203,0.001648005098104477,985.8871459960938,4.742179870605469,0.006672687362879515,1040.084716796875,0.0,0.006128070410341024,976.4815063476562,45.68254852294922,0.04024059325456619,1007.2879028320312,40.18988800048828,0.04144114628434181,984.3290405273438,94.80416107177734,0.08749433606863022,952.1830444335938,81.10633850097656,0.09147696197032928,1045.185546875,66.62947082519531,0.766101062297821,1100.1439208984375,63.52519226074219,0.7473888993263245,952.5751342773438,443.31610107421875,0.9784966707229614,1105.0355224609375,441.6221923828125,0.9729945063591003,902.6643676757812,815.1536865234375,0.982548713684082,1311.8096923828125,760.4456787109375,0.9789530038833618
72,2400,960.6331787109375,79.00570678710938,0.0025601789820939302,966.04638671875,57.936126708984375,0.0029590348713099957,958.4112548828125,70.20602416992188,0.0012039790162816644,993.1740112304688,45.301368713378906,0.007217714097350836,981.8676147460938,65.8754653930664,0.0015445651952177286,1004.2783813476562,0.0,0.0065406025387346745,1016.348876953125,0.0,0.006400545127689838,983.201904296875,32.67356872558594,0.04709677770733833,981.1476440429688,31.43682861328125,0.05177462846040726,986.8109130859375,66.93521118164062,0.1106313169002533,950.3583984375,64.95263671875,0.12324952334165573,1053.507080078125,67.28141784667969,0.7850302457809448,1079.379638671875,66.7086181640625,0.7691953778266907,954.5517578125,441.2124328613281,0.9791029095649719,1092.1439208984375,448.2227783203125,0.9736010432243347,905.6658935546875,810.574951171875,0.9822697043418884,1326.132568359375,746.2915649414062,0.9782024025917053
73,2433,961.331787109375,85.91789245605469,0.005485948640853167,965.52783203125,62.693939208984375,0.0054893395863473415,957.243408203125,76.91873931884766,0.0023902137763798237,997.1819458007812,46.66474914550781,0.010193897411227226,981.6172485351562,71.2313003540039,0.0025206864811480045,1009.5756225585938,0.0294342041015625,0.012302002869546413,1008.9267578125,0.7672119140625,0.013310428708791733,981.55078125,39.46055603027344,0.07091681659221649,980.5589599609375,40.738128662109375,0.08217805624008179,974.6845703125,69.46000671386719,0.15992628037929535,949.1239013671875,51.741851806640625,0.18120546638965607,1054.755859375,64.33671569824219,0.8014712333679199,1068.3038330078125,68.11083984375,0.7893676161766052,951.3585205078125,432.5589294433594,0.978329062461853,1070.479248046875,459.0531005859375,0.971628725528717,935.8953247070312,819.0888061523438,0.9810734987258911,1313.26611328125,727.49462890625,0.9762229919433594
74,2466,957.7988891601562,94.29753112792969,0.004228726960718632,961.11865234375,72.49230194091797,0.005155762191861868,955.13232421875,84.87359619140625,0.0018295453628525138,991.9325561523438,54.348724365234375,0.011574787087738514,978.9791259765625,76.06707000732422,0.001986210234463215,1003.1836547851562,12.334030151367188,0.011243972927331924,1007.8912963867188,1.0986328125,0.00973532348871231,991.3311767578125,58.080322265625,0.06250376999378204,999.51513671875,50.118896484375,0.055452167987823486,972.1402587890625,82.77754211425781,0.1222306564450264,950.1981811523438,58.423919677734375,0.11342187970876694,1046.8389892578125,71.390625,0.8063350915908813,1055.21435546875,70.4586181640625,0.7767359018325806,965.8123168945312,457.00799560546875,0.9799379706382751,1042.6182861328125,473.48834228515625,0.9702440500259399,992.5723266601562,842.7110595703125,0.9832677245140076,1294.2467041015625,707.3368530273438,0.9777748584747314
75,2500,955.0171508789062,93.1131362915039,0.006206016056239605,958.9971923828125,72.4595947265625,0.007260729093104601,952.4041137695312,86.85807037353516,0.0025159206707030535,996.4998779296875,52.268280029296875,0.013683933764696121,972.5213012695312,78.46261596679688,0.0021653405856341124,1018.3319702148438,9.502944946289062,0.013586047105491161,990.5174560546875,0.58209228515625,0.015291038900613785,1004.4577026367188,55.71968078613281,0.07456024736166,986.34033203125,57.2984619140625,0.09004291146993637,964.2942504882812,89.68446350097656,0.14909617602825165,944.9908447265625,76.13882446289062,0.17590048909187317,1058.6151123046875,88.13882446289062,0.822491466999054,1039.9185791015625,88.54692077636719,0.8137996792793274,965.6805419921875,467.5389709472656,0.9776234030723572,1010.2479858398438,486.1635437011719,0.9698179364204407,1030.4002685546875,849.9766845703125,0.9792496562004089,1266.4520263671875,708.0714721679688,0.9743406176567078
76,2533,952.2561645507812,84.85352325439453,0.004436177667230368,954.2318725585938,68.15457916259766,0.005361373070627451,948.6063232421875,82.5553207397461,0.0018293372122570872,989.8495483398438,47.682952880859375,0.017141519114375114,968.0775146484375,74.6711654663086,0.0024914273526519537,1012.3588256835938,8.485977172851562,0.021545428782701492,988.622314453125,0.0,0.023684686049818993,997.3601684570312,49.626068115234375,0.08918964117765427,991.7958984375,55.405609130859375,0.10585355758666992,967.163818359375,110.55546569824219,0.11934591829776764,949.1078491210938,94.12893676757812,0.13933414220809937,1062.935302734375,110.955322265625,0.9124378561973572,1041.3455810546875,109.8870849609375,0.9083198308944702,976.72265625,487.8856201171875,0.9869295358657837,997.2314453125,494.94891357421875,0.9825562238693237,1086.0469970703125,842.174072265625,0.986935555934906,1232.0523681640625,707.3213500976562,0.9846485257148743
77,2566,914.6695556640625,76.73446655273438,0.0024754214100539684,921.1547241210938,58.44738006591797,0.0035114362835884094,911.9961547851562,77.13739013671875,0.0011439729714766145,968.0111083984375,41.94328308105469,0.017218133434653282,934.9494018554688,75.09773254394531,0.0021332723554223776,990.1256103515625,7.7042999267578125,0.01573312096297741,968.6019897460938,0.0,0.01894901879131794,957.2217407226562,28.16326904296875,0.05868034064769745,964.7493896484375,34.13209533691406,0.08366405963897705,956.3150024414062,73.82112121582031,0.06463412940502167,939.77734375,83.06229400634766,0.08914236724376678,1066.35400390625,125.46826171875,0.8955159783363342,1036.7489013671875,121.90125274658203,0.8994843363761902,985.629150390625,501.2077331542969,0.9816115498542786,956.4464721679688,475.73931884765625,0.9775351285934448,1130.03125,842.0429077148438,0.9799960255622864,1204.4085693359375,692.563720703125,0.9790298938751221
78,2600,945.2150268554688,96.88609313964844,0.0017700325697660446,956.3018798828125,75.22366333007812,0.0027251627761870623,937.1085815429688,93.04893493652344,0.0008568847551941872,1012.137451171875,52.9764404296875,0.01805306412279606,942.1029052734375,86.48025512695312,0.002015515696257353,1050.5108642578125,19.75769805908203,0.016359783709049225,954.0302734375,4.978111267089844,0.020155685022473335,1023.1382446289062,56.41493225097656,0.05346551164984703,966.66015625,51.052940368652344,0.08099738508462906,972.1937255859375,132.5412139892578,0.04928864538669586,937.775634765625,117.82770538330078,0.07136110216379166,1083.16943359375,132.08628845214844,0.8563834428787231,1000.7386474609375,127.039306640625,0.8635276556015015,1021.6022338867188,497.9376525878906,0.9602336883544922,906.1107788085938,472.90167236328125,0.952498733997345,1142.1412353515625,833.3800659179688,0.9517683982849121,1162.27734375,683.717529296875,0.9493274092674255
79,2633,935.0046997070312,97.28931427001953,0.0013806471833959222,942.0020141601562,76.28160095214844,0.002293888945132494,932.408935546875,92.63278198242188,0.0007549019064754248,987.700927734375,58.08430480957031,0.01962784305214882,950.588623046875,87.66790008544922,0.002296913880854845,1024.802978515625,25.73455810546875,0.015802912414073944,970.43994140625,9.450370788574219,0.018416550010442734,1008.5556030273438,64.08409881591797,0.03775971010327339,1003.3696899414062,58.688507080078125,0.057686254382133484,1001.1524658203125,127.5325927734375,0.025661107152700424,979.1947631835938,123.1633071899414,0.03547265753149986,1073.5960693359375,128.78244018554688,0.889984130859375,1007.5541381835938,122.822021484375,0.8977795839309692,1067.626953125,500.6532897949219,0.9772646427154541,902.2890625,450.9445495605469,0.9739762544631958,1208.362548828125,839.6220703125,0.975864827632904,1100.2862548828125,715.7967529296875,0.9772223830223083
80,2666,944.4769287109375,96.93514251708984,0.002467803191393614,949.2609252929688,73.35797882080078,0.003639624686911702,937.3037719726562,86.79297637939453,0.0011499011889100075,991.5011596679688,57.131561279296875,0.018933704122900963,953.2291870117188,81.94921875,0.0022747372277081013,1024.8892822265625,24.472640991210938,0.01987188495695591,973.3870239257812,15.167770385742188,0.017789384350180626,1000.0250244140625,58.50086975097656,0.057298000901937485,1015.9603881835938,61.33891296386719,0.05902737006545067,994.0204467773438,112.1627197265625,0.04743120074272156,998.1126708984375,111.95059204101562,0.04416639730334282,1081.3404541015625,108.75370788574219,0.8763608932495117,1008.70263671875,104.23654174804688,0.8725190758705139,1101.83642578125,489.0523681640625,0.9771272540092468,896.2018432617188,431.5748291015625,0.9711318612098694,1260.7225341796875,834.1339111328125,0.9758578538894653,1040.762939453125,745.3042602539062,0.9770459532737732
81,2700,990.9860229492188,76.52213287353516,0.011239196173846722,998.1187133789062,54.72454833984375,0.013293306343257427,986.8760986328125,66.97557067871094,0.008038463070988655,1023.8983154296875,42.324485778808594,0.027989670634269714,989.5982666015625,61.271873474121094,0.010981518775224686,1031.1243896484375,12.062049865722656,0.05591242387890816,1003.1614990234375,0.0,0.020523568615317345,991.2052001953125,57.820884704589844,0.11528374999761581,1008.42138671875,54.089698791503906,0.04122916981577873,989.2769165039062,116.21507263183594,0.08806657046079636,1009.9072875976562,122.47183227539062,0.04082745686173439,1089.9879150390625,114.98336791992188,0.8150119781494141,1024.5355224609375,106.2509536743164,0.7290887832641602,1135.546142578125,460.6826477050781,0.9507316946983337,907.0984497070312,435.7271423339844,0.9182842373847961,1297.703369140625,795.5842895507812,0.9352527260780334,979.8010864257812,763.8699340820312,0.9111940264701843
82,2733,982.8184814453125,99.26014709472656,0.00311269611120224,984.3894653320312,80.34507751464844,0.0035699745640158653,978.0531616210938,89.51719665527344,0.0017850734293460846,1011.9595336914062,65.55846405029297,0.01140271220356226,991.6405029296875,80.71170043945312,0.0031017630826681852,1021.1360473632812,33.734161376953125,0.019751092419028282,1021.3901977539062,17.35601806640625,0.01307262945920229,980.7008666992188,76.90397644042969,0.06670012325048447,1069.6436767578125,75.41995239257812,0.04968787357211113,983.2974243164062,116.73316955566406,0.05640120431780815,1049.7506103515625,122.09321594238281,0.04225842282176018,1085.2122802734375,98.41035461425781,0.883588969707489,1032.3394775390625,91.94769287109375,0.8620012402534485,1158.060546875,464.8037109375,0.9824563264846802,927.82177734375,439.7442626953125,0.976453423500061,1332.6202392578125,797.0850830078125,0.9851041436195374,926.2145385742188,797.0657958984375,0.9832606911659241
83,2766,990.0264282226562,95.66835021972656,0.0037549424450844526,991.1514282226562,76.50102996826172,0.004445132799446583,984.7161865234375,83.9677963256836,0.002216833643615246,1016.520263671875,66.96361541748047,0.008681392297148705,994.6950073242188,78.74320220947266,0.002442281926050782,1022.4972534179688,43.69331359863281,0.010699539445340633,1019.6976928710938,25.065353393554688,0.007148465141654015,980.5525512695312,91.24896240234375,0.04473118111491203,1074.3270263671875,82.29927062988281,0.03327089548110962,982.5360717773438,125.83474731445312,0.05103025957942009,1056.3753662109375,129.26316833496094,0.03748578950762749,1083.7738037109375,84.49443054199219,0.8221327662467957,1026.4791259765625,79.74174499511719,0.7928147315979004,1157.3326416015625,454.30126953125,0.9805917143821716,936.3501586914062,439.2935485839844,0.9738388657569885,1365.8697509765625,780.850341796875,0.9868183135986328,908.0479125976562,797.3341064453125,0.9849287867546082
84,2800,1005.2765502929688,66.4505386352539,0.005708696786314249,1008.9401245117188,47.82966613769531,0.006700555328279734,1003.2501220703125,58.50187683105469,0.004006099421530962,1027.16015625,41.14814758300781,0.01734158582985401,1008.1345825195312,56.5155029296875,0.00600570160895586,1010.9562377929688,15.538238525390625,0.028557494282722473,1037.347412109375,0.0,0.011771012097597122,977.647705078125,61.17725372314453,0.07468120753765106,1076.4808349609375,54.653343200683594,0.03259509056806564,991.8834838867188,108.04914093017578,0.059735286980867386,1106.8623046875,111.33348083496094,0.03178393095731735,1067.843505859375,93.68051147460938,0.7932823896408081,1033.47119140625,87.53446197509766,0.7169437408447266,1142.8868408203125,450.3790283203125,0.954732358455658,947.9848022460938,442.8097229003906,0.9318228960037231,1362.0762939453125,759.0844116210938,0.9478517174720764,936.170166015625,771.5282592773438,0.9320310950279236
85,2833,1003.7457885742188,64.76717376708984,0.010127638466656208,1011.0914306640625,43.09107971191406,0.011661361902952194,996.6024780273438,53.989173889160156,0.00707063777372241,1032.806884765625,36.97856140136719,0.017457380890846252,990.6853637695312,53.637908935546875,0.006686944514513016,1016.2821044921875,17.03631591796875,0.02841329015791416,1003.4397583007812,3.97613525390625,0.01011653058230877,982.716796875,61.3095703125,0.08314833045005798,1000.1884155273438,54.756317138671875,0.028153004124760628,977.309326171875,114.55458068847656,0.0822417363524437,990.06689453125,118.45877838134766,0.03627115488052368,1065.9796142578125,104.25100708007812,0.7747983336448669,1017.5745849609375,101.5320053100586,0.6791356205940247,1103.1297607421875,463.2882385253906,0.9533888101577759,947.0140380859375,458.2796630859375,0.926342785358429,1373.423583984375,743.8826293945312,0.950210690498352,966.1234130859375,798.7720336914062,0.9327066540718079
86,2866,1000.5921020507812,75.20283508300781,0.013375714421272278,1009.0646362304688,52.12664794921875,0.014345205388963223,991.603271484375,63.5610237121582,0.010089014656841755,1029.27685546875,42.22112274169922,0.0166452806442976,980.7119750976562,60.45418167114258,0.008020692504942417,1017.3740844726562,19.918350219726562,0.026124054566025734,993.8860473632812,12.065025329589844,0.012337692081928253,1031.017822265625,61.76811218261719,0.07393991202116013,994.1378784179688,59.630287170410156,0.03653109446167946,1036.718994140625,113.39382934570312,0.08306063711643219,989.201904296875,121.54969024658203,0.05020090937614441,1061.6513671875,110.88567352294922,0.7605398297309875,1018.6030883789062,112.29773712158203,0.6894505023956299,1060.8006591796875,468.02392578125,0.9462621212005615,953.743896484375,474.26934814453125,0.9253326654434204,1363.7088623046875,734.1244506835938,0.9454911947250366,998.4337158203125,806.0162353515625,0.9309405088424683
87,2900,960.43212890625,103.71748352050781,0.005543340928852558,962.4371337890625,86.42525482177734,0.0065695554949343204,954.9529418945312,96.31613159179688,0.0030057672411203384,993.6942138671875,70.1041030883789,0.011575627140700817,976.4757080078125,86.16085052490234,0.0028749164193868637,1003.017578125,25.391921997070312,0.012257307767868042,1003.811279296875,10.6505126953125,0.013348030857741833,991.7611694335938,49.49839782714844,0.0538700670003891,986.0020751953125,56.156524658203125,0.06479718536138535,978.368408203125,110.84944152832031,0.06895237416028976,945.9918823242188,90.678955078125,0.07476968318223953,1053.255615234375,93.24632263183594,0.8463762998580933,1030.7906494140625,97.65023803710938,0.848947286605835,1032.2340087890625,490.94989013671875,0.9765285849571228,975.4735717773438,486.7043151855469,0.9749060273170471,1336.104248046875,722.2574462890625,0.9819374084472656,1052.4456787109375,825.9786987304688,0.9816931486129761
88,2933,950.0557250976562,77.02587890625,0.0024775711353868246,948.945068359375,63.236732482910156,0.0032466594129800797,950.8046264648438,75.42631530761719,0.0014954493381083012,969.6390991210938,45.92903137207031,0.017516661435365677,988.7268676757812,65.99171447753906,0.00402763532474637,964.254150390625,6.8362884521484375,0.019898712635040283,1040.7886962890625,0.0,0.022024352103471756,944.9869995117188,40.0078125,0.05031856521964073,999.572265625,49.947898864746094,0.06533762067556381,967.6829223632812,127.37102508544922,0.0334957018494606,952.9493408203125,111.635009765625,0.04251456260681152,1043.723876953125,131.4752197265625,0.8952512145042419,1077.565673828125,136.5790252685547,0.8991705775260925,999.525146484375,490.98468017578125,0.9759325981140137,995.9462280273438,498.3027648925781,0.9758002161979675,1285.2860107421875,702.5247802734375,0.9801771640777588,1082.0921630859375,816.0382690429688,0.9794332981109619
89,2966,903.7467651367188,64.95748901367188,0.0022726322058588266,906.5226440429688,50.879974365234375,0.002928702859207988,903.4365844726562,67.18698120117188,0.000989815453067422,947.51806640625,38.246337890625,0.01644192822277546,955.747802734375,64.03651428222656,0.0025036013685166836,946.4088134765625,0.0,0.03144201263785362,1021.8325805664062,0.0,0.017701558768749237,880.5928344726562,0.0,0.13144950568675995,927.7725219726562,16.021087646484375,0.07056517899036407,919.6199340820312,9.952194213867188,0.10575886815786362,908.7318115234375,17.348419189453125,0.06563100218772888,1045.218505859375,115.60038757324219,0.9210202097892761,1082.847412109375,116.84101867675781,0.8956289887428284,966.7365112304688,485.84820556640625,0.9802911281585693,991.86474609375,486.32080078125,0.9725844264030457,1242.509033203125,708.7479858398438,0.9781769514083862,1111.796630859375,800.3648681640625,0.9724829792976379
90,3000,897.3643798828125,69.19990539550781,0.001929899794049561,898.3336181640625,53.99647521972656,0.0025443737395107746,897.786865234375,70.88479614257812,0.0008071627817116678,936.0593872070312,40.691688537597656,0.021461360156536102,956.565673828125,66.01851654052734,0.0029636782128363848,942.0699462890625,0.0,0.041176848113536835,1044.7056884765625,0.0,0.02154781110584736,916.3524169921875,12.877899169921875,0.14379438757896423,998.3492431640625,26.71343994140625,0.06731325387954712,918.7604370117188,22.159927368164062,0.10710407793521881,939.8820190429688,51.44609069824219,0.058109696954488754,1051.858642578125,105.61079406738281,0.8956373929977417,1118.407958984375,102.03437805175781,0.8604668378829956,953.0977172851562,478.9876403808594,0.9701456427574158,1040.9425048828125,481.0412292480469,0.9561397433280945,1191.2591552734375,759.2825317382812,0.9584524631500244,1165.092041015625,789.6058959960938,0.9470109939575195
91,3033,920.5460815429688,82.82331848144531,0.001632176456041634,918.8369750976562,66.32913208007812,0.002276025479659438,922.4108276367188,84.98258972167969,0.0008256530854851007,947.6890869140625,48.953224182128906,0.02079032175242901,980.6080322265625,78.29434204101562,0.003500334918498993,949.08642578125,1.309844970703125,0.026913614943623543,1061.19140625,0.0,0.018088309094309807,914.0073852539062,14.84747314453125,0.07193384319543839,1020.248291015625,32.310882568359375,0.04774404317140579,962.6757202148438,37.39476013183594,0.052706196904182434,977.5918579101562,70.2538833618164,0.03751729428768158,1053.606201171875,99.41606140136719,0.884913444519043,1132.735107421875,96.16561889648438,0.8629764914512634,940.9684448242188,468.71942138671875,0.9780990481376648,1076.19287109375,473.64697265625,0.9717549085617065,1120.9432373046875,790.9420166015625,0.9768915772438049,1219.2423095703125,811.056396484375,0.9723818302154541
92,3066,934.08837890625,64.27249145507812,0.004421710502356291,931.8890991210938,45.53370666503906,0.00504286540672183,933.6875610351562,62.04613494873047,0.001758974394761026,964.4176025390625,34.51593017578125,0.01712777093052864,993.4080200195312,59.668487548828125,0.0033433358184993267,965.4461669921875,0.0,0.03227357566356659,1060.87353515625,0.0,0.014132647775113583,922.7058715820312,14.144851684570312,0.13665728271007538,1004.4584350585938,21.812164306640625,0.0488075353205204,970.6695556640625,19.8204345703125,0.17508280277252197,961.6195678710938,12.719192504882812,0.07526908069849014,1059.9222412109375,83.46006774902344,0.8742058277130127,1135.491943359375,82.768798828125,0.8121420741081238,942.016357421875,442.62432861328125,0.9842947721481323,1105.3482666015625,466.4827880859375,0.9726071357727051,1055.9571533203125,815.7288818359375,0.9851678609848022,1262.7637939453125,805.2535400390625,0.9778528213500977
93,3100,948.34814453125,67.88033294677734,0.0018868607003241777,949.2969360351562,47.26533508300781,0.002558738924562931,953.8566284179688,62.81959533691406,0.0009853648953139782,978.9863891601562,34.03147888183594,0.017216358333826065,1013.2110595703125,57.370147705078125,0.003277513897046447,982.5097045898438,0.0,0.014555332250893116,1086.0628662109375,0.0,0.013029064983129501,969.7361450195312,35.02986145019531,0.03871301934123039,1068.236328125,38.94621276855469,0.039217207580804825,1015.4584350585938,88.90766143798828,0.042753398418426514,1014.1948852539062,79.73854064941406,0.04171881079673767,1055.6971435546875,82.88987731933594,0.8190925717353821,1140.2918701171875,78.685546875,0.8085622191429138,955.3797607421875,445.015869140625,0.9777340292930603,1120.623779296875,447.62933349609375,0.9736528992652893,974.6544799804688,817.2090454101562,0.9808791279792786,1299.7916259765625,781.2557983398438,0.9780740737915039
94,3133,1004.5892944335938,86.36762237548828,0.0031483126804232597,1001.7826538085938,63.66497039794922,0.0035738374572247267,1001.8563232421875,71.45606231689453,0.0017824574606493115,1013.4765014648438,49.393157958984375,0.01309795118868351,1038.0919189453125,60.45561218261719,0.003713781712576747,1008.97412109375,22.083755493164062,0.01504998467862606,1082.0445556640625,11.194656372070312,0.00952824391424656,1008.0419311523438,82.47207641601562,0.0438314713537693,1066.5211181640625,65.3052978515625,0.030679378658533096,1032.78125,128.49874877929688,0.06166546046733856,1016.892333984375,110.22331237792969,0.04808865115046501,1061.5396728515625,71.47201538085938,0.8173268437385559,1127.736083984375,67.266357421875,0.7733558416366577,976.531005859375,446.8169860839844,0.9839702248573303,1143.0604248046875,444.72674560546875,0.9761919975280762,940.4608154296875,824.7451171875,0.9881572127342224,1308.606689453125,758.0531616210938,0.9848745465278625
95,3166,1023.2450561523438,89.92334747314453,0.004364078398793936,1023.6511840820312,67.82432556152344,0.004457674454897642,1018.5502319335938,76.39201354980469,0.002143074758350849,1039.4088134765625,55.355804443359375,0.008046714588999748,1040.0980224609375,69.00963592529297,0.0023561047855764627,1036.784912109375,17.457138061523438,0.010858455672860146,1059.0882568359375,10.015960693359375,0.006442691665142775,1019.60009765625,57.75311279296875,0.0662263035774231,1022.5775756835938,45.594635009765625,0.03943818062543869,1020.6685791015625,69.06884765625,0.1494290679693222,987.2252197265625,54.84947204589844,0.10697568953037262,1074.2261962890625,61.21339416503906,0.8015326261520386,1106.6964111328125,61.81141662597656,0.7392281293869019,982.4241943359375,440.1429138183594,0.9844087958335876,1134.14013671875,451.2870788574219,0.9740073084831238,937.8579711914062,825.7203369140625,0.987762451171875,1328.4246826171875,745.4122924804688,0.9826847910881042
96,3200,989.1602783203125,76.44525146484375,0.002279968000948429,992.4694213867188,51.45350646972656,0.002867860486730933,991.4436645507812,65.84912109375,0.001171789481304586,1015.1773681640625,39.157745361328125,0.010639713145792484,1024.9857177734375,63.1519775390625,0.0023002205416560173,1017.454345703125,3.7330856323242188,0.008314806967973709,1063.2718505859375,0.0,0.00832474883645773,1000.6654052734375,49.1275634765625,0.03752090409398079,1049.107177734375,44.99592590332031,0.04123029112815857,1029.43505859375,70.46287536621094,0.06702005118131638,1001.6017456054688,69.34469604492188,0.0714394748210907,1066.2513427734375,67.05628967285156,0.7497574090957642,1110.224609375,65.93540954589844,0.7356784343719482,978.4140625,439.2409362792969,0.9720840454101562,1099.644775390625,445.34429931640625,0.965269148349762,951.732666015625,811.7760009765625,0.976791262626648,1339.6920166015625,734.3977661132812,0.9716476202011108
97,3233,992.1619262695312,83.97367858886719,0.0036708726547658443,991.73095703125,60.02405548095703,0.004399484023451805,994.2366943359375,71.47750854492188,0.00173918716609478,1012.261962890625,46.778961181640625,0.014901217073202133,1034.5196533203125,65.46437072753906,0.0032792184501886368,1010.8685913085938,13.096343994140625,0.015961788594722748,1080.406494140625,4.909881591796875,0.012353104539215565,1005.4418334960938,50.327178955078125,0.061177872121334076,1072.80322265625,53.55583190917969,0.044981423765420914,1019.4922485351562,77.20880126953125,0.09413167089223862,1013.7161865234375,62.83076477050781,0.07016811519861221,1062.3695068359375,76.09698486328125,0.8067501187324524,1115.3408203125,71.16796875,0.7707769274711609,992.0055541992188,466.55267333984375,0.978846549987793,1082.6453857421875,461.01007080078125,0.9687348008155823,996.96923828125,837.8968505859375,0.9819728136062622,1320.841796875,720.906005859375,0.9764922857284546
98,3266,974.3076782226562,82.88301086425781,0.005091311875730753,978.0701904296875,63.57476806640625,0.0058840238489210606,972.4727783203125,75.86018371582031,0.0021107711363583803,1014.3442993164062,48.028289794921875,0.014179429970681667,997.1964111328125,70.25072479248047,0.002658734330907464,1037.218017578125,10.313461303710938,0.020295467227697372,1018.4735107421875,1.8206634521484375,0.0154323885217309,1021.7393188476562,47.740997314453125,0.09950096905231476,1014.7399291992188,53.45072937011719,0.0717507153749466,1014.8328247070312,79.30851745605469,0.16114751994609833,991.40625,63.59211730957031,0.12364093214273453,1082.79345703125,91.32188415527344,0.8734073638916016,1072.7420654296875,91.55392456054688,0.8417590856552124,991.684814453125,458.8062744140625,0.9844063520431519,1045.4443359375,481.1162109375,0.9752564430236816,1043.2232666015625,843.1331787109375,0.9855409264564514,1297.9937744140625,719.6233520507812,0.9796938300132751
99,3300,948.8604125976562,71.47146606445312,0.0025945380330085754,954.0205078125,54.093109130859375,0.0034178863279521465,950.2098999023438,71.98104858398438,0.0012878935085609555,995.4589233398438,37.930389404296875,0.019119344651699066,979.4720458984375,69.62928771972656,0.0031978152692317963,1016.1724243164062,0.3969268798828125,0.01958952657878399,1011.09912109375,0.0,0.024528322741389275,984.59423828125,30.59051513671875,0.05900173634290695,1004.8743896484375,47.816162109375,0.08331508189439774,990.7396240234375,72.19285583496094,0.05909361317753792,972.232421875,104.28870391845703,0.08077488094568253,1080.1900634765625,121.48626708984375,0.8907275795936584,1072.0843505859375,121.03278350830078,0.8933176398277283,999.613037109375,485.8011779785156,0.9803343415260315,1026.8399658203125,489.27484130859375,0.9757850170135498,1084.4730224609375,849.26611328125,0.9786100387573242,1276.40087890625,700.454833984375,0.9757331013679504
100,3333,920.5272216796875,64.83183288574219,0.0024103422183543444,929.1447143554688,45.96199035644531,0.0031773941591382027,918.164306640625,65.69961547851562,0.0009633664158172905,982.283447265625,31.563629150390625,0.01572173275053501,940.47802734375,67.28526306152344,0.0018787848530337214,1003.30517578125,0.0,0.022378655150532722,957.081298828125,0.0,0.016974715515971184,903.677490234375,4.0074005126953125,0.11250308156013489,907.996826171875,13.736846923828125,0.08111832290887833,934.8682250976562,5.37249755859375,0.12764625251293182,920.6629028320312,10.494232177734375,0.09872626513242722,1093.3311767578125,126.58648681640625,0.9211585521697998,1042.8270263671875,123.71212005615234,0.9039206504821777,1018.760009765625,510.6492919921875,0.9854889512062073,963.197265625,473.0489501953125,0.9772266149520874,1147.4561767578125,848.4647827148438,0.9797911047935486,1237.6787109375,691.88720703125,0.9757198691368103
101,3366,850.5068359375,19.259674072265625,0.010728869587182999,860.8099365234375,0.0,0.0180082805454731,854.0924072265625,18.56103515625,0.00288000819273293,934.54638671875,0.0,0.08996613323688507,903.336181640625,30.174293518066406,0.0035205865278840065,985.2081909179688,0.0,0.09565886110067368,952.699462890625,0.0,0.049158938229084015,896.8650512695312,2.241485595703125,0.18794545531272888,918.8936157226562,18.015792846679688,0.09177613258361816,944.4288940429688,1.1168975830078125,0.15910831093788147,929.4241943359375,5.415252685546875,0.08636060357093811,1103.4722900390625,134.2484130859375,0.8929627537727356,1057.627685546875,131.76156616210938,0.8542702794075012,1030.2305908203125,501.7013854980469,0.9676685929298401,948.1128540039062,466.26409912109375,0.9446600675582886,1161.355712890625,838.8070678710938,0.9403685927391052,1184.04833984375,694.0385131835938,0.9267617464065552
102,3400,963.6573486328125,96.53375244140625,0.00165923114400357,972.7557373046875,74.89952087402344,0.00287016574293375,958.6411743164062,92.50410461425781,0.0009349964093416929,1018.0303955078125,53.155792236328125,0.026561228558421135,968.975341796875,85.2191162109375,0.003087290097028017,1043.7567138671875,16.47283172607422,0.028372209519147873,982.4749145507812,8.917510986328125,0.018033137544989586,969.2996215820312,56.390899658203125,0.058231234550476074,991.6534423828125,70.98138427734375,0.04281003773212433,947.3087768554688,130.4995574951172,0.03176933154463768,970.6749267578125,140.42413330078125,0.02750183455646038,1108.219482421875,135.70985412597656,0.9036369323730469,1033.499755859375,131.95945739746094,0.8839717507362366,1085.296630859375,498.8179626464844,0.9774035215377808,920.8825073242188,452.5140380859375,0.9671982526779175,1226.047607421875,826.2299194335938,0.9756543636322021,1121.1507568359375,710.34619140625,0.9725659489631653
103,3433,999.6849975585938,84.31439208984375,0.008344181813299656,1008.0217895507812,61.03882598876953,0.011443556286394596,997.8463134765625,76.0308609008789,0.005213344935327768,1043.67236328125,46.239898681640625,0.03246690332889557,1012.7667846679688,70.2037582397461,0.007875022478401661,1058.443115234375,9.899688720703125,0.05608956515789032,1035.68017578125,0.0,0.020865581929683685,1018.5353393554688,59.18115234375,0.126181960105896,1039.7010498046875,68.40463256835938,0.044809263199567795,985.5956420898438,135.1442108154297,0.09636733680963516,1012.2199096679688,148.33460998535156,0.04551510512828827,1119.278076171875,121.95570373535156,0.8547068238258362,1062.0421142578125,112.55170440673828,0.780980110168457,1118.0552978515625,475.8609924316406,0.9624491930007935,907.4744262695312,437.9770202636719,0.9337249994277954,1279.6435546875,822.2369384765625,0.950089693069458,1075.5069580078125,741.2677001953125,0.9306129813194275
104,3466,972.2261352539062,88.18527221679688,0.0027438290417194366,978.2666015625,67.29046630859375,0.0035679785069078207,972.4092407226562,81.49739074707031,0.0020207806956022978,1011.6472778320312,53.844635009765625,0.017865773290395737,991.48974609375,78.06487274169922,0.005765625741332769,1042.9268798828125,10.4970703125,0.01699850708246231,1012.2327270507812,8.037322998046875,0.028141025453805923,1025.2027587890625,49.22179412841797,0.03206823021173477,1073.9110107421875,45.342063903808594,0.07397382706403732,1062.493408203125,111.9452133178711,0.0226189773529768,1109.2490234375,104.55402374267578,0.03955092281103134,1114.6629638671875,98.99652099609375,0.8343613147735596,1050.67529296875,104.44200897216797,0.8677719235420227,1153.25390625,463.54150390625,0.9611682295799255,929.4679565429688,434.6838073730469,0.963778018951416,1313.31884765625,812.804443359375,0.9516072273254395,1009.0032348632812,761.542236328125,0.9601888060569763
105,3500,997.8140258789062,89.10740661621094,0.004534559790045023,1003.2537841796875,68.13290405273438,0.005372491665184498,996.2139282226562,80.4173583984375,0.003420141525566578,1028.199951171875,56.88006591796875,0.01677120476961136,1006.8488159179688,78.00480651855469,0.007165063638240099,1048.19921875,16.716636657714844,0.018718048930168152,1021.3108520507812,18.671676635742188,0.0262551661580801,1031.1658935546875,62.187538146972656,0.037984129041433334,1077.686279296875,54.141517639160156,0.06777964532375336,1062.0648193359375,130.24740600585938,0.02994631603360176,1104.966796875,122.97514343261719,0.04190661013126373,1116.008056640625,92.96724700927734,0.8197333812713623,1050.8004150390625,103.19540405273438,0.8443077802658081,1177.1282958984375,450.96881103515625,0.9608672857284546,944.1470947265625,438.49835205078125,0.961654543876648,1343.62060546875,800.6074829101562,0.9528736472129822,950.9881591796875,794.7384033203125,0.9590626955032349
106,3533,999.6674194335938,85.25662994384766,0.003089373232796788,1001.5311279296875,63.734161376953125,0.003587045008316636,998.6851196289062,72.60289764404297,0.0018876241520047188,1022.6575927734375,57.53691101074219,0.00943218544125557,1013.8262329101562,72.80213928222656,0.0028920068871229887,1031.11962890625,34.97346496582031,0.007972732186317444,1043.631591796875,25.972572326660156,0.011883624829351902,1002.1424560546875,92.3247299194336,0.027735888957977295,1147.260498046875,64.80699920654297,0.05628947541117668,1013.9373779296875,134.5946502685547,0.03332294896245003,1172.097412109375,110.53289794921875,0.04921507090330124,1101.641845703125,86.79322814941406,0.8060333728790283,1052.0059814453125,94.76101684570312,0.8383812308311462,1184.1192626953125,451.2451171875,0.9754695296287537,958.9724731445312,441.4631042480469,0.9765307307243347,1386.2991943359375,790.2639770507812,0.9794144034385681,933.578857421875,797.394287109375,0.9827514290809631
107,3566,1033.503662109375,71.23484802246094,0.006516742054373026,1037.05126953125,53.17002868652344,0.008000064641237259,1029.1087646484375,64.77367401123047,0.004660597071051598,1057.8817138671875,49.850738525390625,0.018660075962543488,1031.0157470703125,68.29337310791016,0.006447158753871918,1045.3912353515625,27.53748321533203,0.02792341075837612,1050.2486572265625,15.174339294433594,0.012254570610821247,1005.4132690429688,65.37934112548828,0.06782982498407364,1070.738525390625,59.44413757324219,0.03038732334971428,1000.7525024414062,114.68172454833984,0.05311601981520653,1089.328125,127.41437530517578,0.027882860973477364,1099.8753662109375,95.16600036621094,0.8070186972618103,1053.1943359375,91.4289779663086,0.7408641576766968,1170.13427734375,454.37823486328125,0.9619494676589966,969.7988891601562,443.62078857421875,0.9430227279663086,1393.2562255859375,770.0894165039062,0.9572715759277344,939.896484375,789.1600952148438,0.9456121921539307
108,3600,1035.98876953125,69.7518310546875,0.0072066690772771835,1040.317626953125,50.522300720214844,0.008707456290721893,1030.7818603515625,60.12260055541992,0.005368225276470184,1056.9942626953125,46.70782470703125,0.01673317514359951,1027.2779541015625,61.17227554321289,0.006301294080913067,1035.8887939453125,23.586776733398438,0.022636286914348602,1040.5537109375,7.5172119140625,0.010474747978150845,1006.2008056640625,61.68193817138672,0.05854155123233795,1045.0074462890625,53.63140869140625,0.027849718928337097,1024.459228515625,108.51020050048828,0.05176878347992897,1049.2474365234375,121.47118377685547,0.028969788923859596,1090.2276611328125,93.9056625366211,0.7799676060676575,1050.3013916015625,91.69965362548828,0.7119761109352112,1135.1824951171875,462.0712585449219,0.9573632478713989,971.1729736328125,454.7045593261719,0.9387927651405334,1400.9404296875,749.9432373046875,0.9565853476524353,974.23095703125,801.869384765625,0.9452033638954163
109,3633,1012.5565795898438,80.93598175048828,0.0023955509532243013,1018.1127319335938,63.458770751953125,0.003549728309735656,1007.293212890625,73.15118408203125,0.0017592523945495486,1041.17138671875,51.77485656738281,0.011654021218419075,1007.0673217773438,68.34567260742188,0.002726095961406827,1040.296142578125,21.46318817138672,0.0072919102385640144,1011.4505004882812,3.0342636108398438,0.00757239805534482,1007.9368286132812,63.08033752441406,0.01960195228457451,1015.3317260742188,58.76971435546875,0.02713838964700699,1017.2086181640625,130.57186889648438,0.016809839755296707,994.119873046875,138.8733367919922,0.022324321791529655,1083.613525390625,90.90733337402344,0.7389192581176758,1030.0118408203125,95.940673828125,0.748187780380249,1103.424072265625,481.5546875,0.9532058238983154,989.439697265625,474.2172546386719,0.951941967010498,1397.426025390625,728.7716674804688,0.966327428817749,1032.75927734375,808.9610595703125,0.9670245051383972
110,3666,995.2150268554688,96.07475280761719,0.0035708057694137096,995.3911743164062,81.94489288330078,0.00457348208874464,989.8970947265625,90.40278625488281,0.001984828617423773,1015.847412109375,66.20670318603516,0.010524502024054527,1006.8592529296875,79.68443298339844,0.0021909745410084724,1005.4088745117188,28.08123779296875,0.010976874269545078,1041.5936279296875,7.9266357421875,0.007606297265738249,973.0342407226562,60.29383850097656,0.05057338997721672,1011.32470703125,66.53924560546875,0.03587484732270241,958.5860595703125,135.43707275390625,0.05870102345943451,947.721923828125,133.16432189941406,0.04500099644064903,1070.0994873046875,97.09959411621094,0.8245685696601868,1066.4344482421875,96.34780883789062,0.7956108450889587,1051.6715087890625,497.90252685546875,0.9740346074104309,995.27490234375,480.84100341796875,0.9673354029655457,1377.688232421875,721.6151733398438,0.981799304485321,1060.9825439453125,822.1973876953125,0.979850709438324
111,3700,1004.0061645507812,84.11219787597656,0.0018608139362186193,1003.1130981445312,71.93458557128906,0.00265656691044569,1001.9593505859375,83.40705871582031,0.0012112394906580448,1016.8471069335938,54.63533020019531,0.015446465462446213,1024.693359375,73.95881652832031,0.003116699866950512,994.6680908203125,12.972816467285156,0.015571106225252151,1076.9993896484375,0.0,0.01300253439694643,982.76513671875,49.384254455566406,0.0418190062046051,1028.6531982421875,54.094505310058594,0.04166332259774208,1012.9215087890625,127.6449966430664,0.028377961367368698,995.8804931640625,119.52383422851562,0.030375566333532333,1065.9381103515625,119.71202087402344,0.8617879748344421,1106.19287109375,121.24008178710938,0.8506792783737183,1005.20458984375,499.59869384765625,0.9664739370346069,1013.2166748046875,504.19000244140625,0.964029848575592,1321.2567138671875,695.995849609375,0.9748527407646179,1087.455322265625,824.904052734375,0.9726382493972778
112,3733,960.2496337890625,71.76942443847656,0.0019296067766845226,961.4015502929688,57.548240661621094,0.0028074299916625023,958.6366577148438,71.92103576660156,0.0011497566010802984,987.6201782226562,42.946380615234375,0.020320449024438858,996.0255126953125,66.19129943847656,0.0036837414372712374,974.3009033203125,2.5515975952148438,0.02722981944680214,1055.0218505859375,0.0,0.016553541645407677,922.0493774414062,15.937179565429688,0.06676526367664337,980.4228515625,38.05979919433594,0.04309132695198059,957.3336791992188,47.40504455566406,0.039741069078445435,953.0480346679688,74.22770690917969,0.03129434958100319,1075.1859130859375,122.34196472167969,0.8991632461547852,1115.453125,123.50690460205078,0.8748170137405396,982.1151123046875,490.05224609375,0.9745417833328247,1010.4441528320312,494.4189147949219,0.9687073826789856,1276.1571044921875,709.7245483398438,0.9788106679916382,1121.0498046875,830.9864501953125,0.9747865796089172
113,3766,939.891357421875,57.87970733642578,0.0023978804238140583,943.2255859375,43.782440185546875,0.0029775130096822977,940.3235473632812,59.711700439453125,0.0011161736911162734,977.9376220703125,34.56946563720703,0.028394458815455437,986.4622192382812,58.62373352050781,0.005205188412219286,976.8887329101562,0.9694290161132812,0.05931820720434189,1058.039794921875,0.0,0.03856084495782852,962.1536865234375,8.550750732421875,0.1360318511724472,1007.8939819335938,23.03082275390625,0.0806121826171875,985.2225952148438,24.341995239257812,0.07965639978647232,976.1728515625,35.63356018066406,0.04969393089413643,1078.72021484375,114.34249877929688,0.9030919671058655,1132.7138671875,112.51730346679688,0.8796574473381042,979.15283203125,486.6579895019531,0.9667059183120728,1052.2022705078125,484.3350524902344,0.953085720539093,1200.644287109375,766.787841796875,0.9493041634559631,1186.0777587890625,767.8201904296875,0.9375741481781006
114,3800,984.1256713867188,83.35274505615234,0.0059582749381661415,988.7312622070312,61.590614318847656,0.008386696688830853,985.7296142578125,78.77710723876953,0.004001416265964508,1016.0968017578125,45.01313781738281,0.05050177499651909,1027.9573974609375,70.73888397216797,0.011219083331525326,1007.2081298828125,0.7232208251953125,0.06668510288000107,1088.2100830078125,3.0738372802734375,0.03494257107377052,992.2879028320312,41.679222106933594,0.08822981268167496,1059.7398681640625,55.49553680419922,0.05048174783587456,1021.269287109375,131.88619995117188,0.05751485750079155,1037.937255859375,144.09092712402344,0.04123914986848831,1091.2310791015625,117.67572784423828,0.8440148830413818,1150.0506591796875,120.0325927734375,0.7996836304664612,941.745849609375,461.7414855957031,0.9472663402557373,1079.366943359375,474.55291748046875,0.9310774803161621,1176.6619873046875,770.8140258789062,0.9332399368286133,1231.12939453125,810.9880981445312,0.9211949110031128
115,3833,992.6517333984375,88.1312026977539,0.008473604917526245,994.4280395507812,60.442771911621094,0.010288014076650143,994.604736328125,78.81841278076172,0.005424397997558117,1015.0078125,43.72444152832031,0.03548072651028633,1039.606689453125,72.2955322265625,0.009362640790641308,1005.1015014648438,3.2321319580078125,0.043073542416095734,1106.536376953125,8.395339965820312,0.027263257652521133,1007.3919067382812,58.04278564453125,0.07909533381462097,1070.0987548828125,62.34473419189453,0.05758783966302872,1030.17041015625,140.9260711669922,0.08356732875108719,1007.3591918945312,124.6047592163086,0.07382403314113617,1082.642822265625,102.74649810791016,0.8165315389633179,1163.4991455078125,107.30708312988281,0.7765341401100159,946.20556640625,445.7436218261719,0.9613298177719116,1110.95361328125,467.4951171875,0.9488991498947144,1080.59130859375,803.370849609375,0.953464686870575,1265.696533203125,807.114501953125,0.9437803030014038
116,3866,1002.32373046875,85.8581771850586,0.00507586682215333,1000.1151123046875,64.98262023925781,0.004556191619485617,999.94189453125,78.12950134277344,0.0023084504064172506,1018.3831787109375,47.328826904296875,0.009607138112187386,1041.716552734375,67.89884948730469,0.0029475705232471228,1012.475830078125,7.727142333984375,0.016870874911546707,1100.7955322265625,0.343048095703125,0.012918587774038315,1008.7752685546875,61.92828369140625,0.09744716435670853,1069.313232421875,54.04985046386719,0.07905083894729614,1016.6222534179688,109.82345581054688,0.20041723549365997,1001.8246459960938,100.88410949707031,0.17840662598609924,1065.9642333984375,82.84492492675781,0.8454461693763733,1141.6767578125,80.01068115234375,0.8148341178894043,970.6627807617188,447.3776550292969,0.983251690864563,1143.800048828125,463.3762512207031,0.9767535924911499,1007.81982421875,827.1659545898438,0.9849550724029541,1303.866943359375,788.0872802734375,0.9809555411338806
117,3900,1020.7549438476562,91.15340423583984,0.0040923235937952995,1019.5056762695312,69.65531158447266,0.003966433461755514,1017.167236328125,79.39842224121094,0.0019309362396597862,1035.1239013671875,55.206024169921875,0.00917220488190651,1047.56640625,70.82972717285156,0.0026561336126178503,1033.5303955078125,19.267959594726562,0.013715402223169804,1086.73388671875,12.892410278320312,0.009691656567156315,1025.7078857421875,64.26676940917969,0.07527220249176025,1055.456787109375,54.69300842285156,0.0554201602935791,1024.4593505859375,102.56300354003906,0.15557178854942322,997.6616821289062,88.24644470214844,0.1296243518590927,1080.9649658203125,69.56364440917969,0.8182532787322998,1135.383056640625,68.80888366699219,0.7760785222053528,986.3839111328125,445.13983154296875,0.982353687286377,1154.72900390625,458.2811279296875,0.9735876321792603,958.9678955078125,830.0333862304688,0.9844669103622437,1336.016357421875,765.7555541992188,0.9793446660041809
118,3933,1016.9700317382812,87.64283752441406,0.0033816162031143904,1015.1195678710938,66.2772445678711,0.0036113879177719355,1015.0581665039062,75.14675903320312,0.0015004290034994483,1030.7396240234375,52.58967590332031,0.00968956109136343,1050.0791015625,65.98615264892578,0.002235529711470008,1029.3328857421875,14.78741455078125,0.014981490559875965,1085.1309814453125,7.7843170166015625,0.00727122975513339,1018.2863159179688,54.873870849609375,0.08557828515768051,1063.81396484375,48.93109130859375,0.03946371003985405,1035.990234375,89.29005432128906,0.16317398846149445,1009.9876708984375,80.56013488769531,0.09460500627756119,1082.621337890625,68.29362487792969,0.8399301171302795,1136.067626953125,67.53446960449219,0.7712058424949646,990.1818237304688,444.8638000488281,0.985980212688446,1150.8245849609375,453.2720031738281,0.9749324321746826,950.4884033203125,831.8207397460938,0.9879191517829895,1349.37646484375,752.7185668945312,0.9821359515190125
119,3966,1017.8358764648438,93.68206787109375,0.004245828837156296,1016.0419921875,72.74647521972656,0.004093773663043976,1014.9378662109375,84.5229263305664,0.0016697450773790479,1033.8106689453125,58.2806396484375,0.0073184119537472725,1045.6998291015625,78.10400390625,0.0017314661527052522,1030.0230712890625,7.4864501953125,0.014187509194016457,1077.64892578125,3.4449005126953125,0.006730775348842144,1003.8755493164062,35.43315124511719,0.13213905692100525,1060.623779296875,43.45317077636719,0.05831541493535042,1023.6710815429688,65.16773986816406,0.306994765996933,1010.43896484375,71.79684448242188,0.18712075054645538,1084.0274658203125,64.11442565917969,0.8461541533470154,1124.873046875,66.67025756835938,0.7707223296165466,989.1882934570312,440.42431640625,0.9857808947563171,1121.8931884765625,459.86676025390625,0.9729254245758057,971.349853515625,827.1995239257812,0.9868404865264893,1354.091796875,738.556640625,0.9791064262390137
120,4000,987.3754272460938,83.98553466796875,0.004192159045487642,988.5859375,60.081687927246094,0.0050043067894876,987.66748046875,71.90043640136719,0.0017785336822271347,1015.961669921875,46.59278869628906,0.015329685993492603,1027.1129150390625,65.77729797363281,0.0028806179761886597,1018.937255859375,9.277313232421875,0.017277047038078308,1075.6807861328125,1.6924896240234375,0.01279204897582531,1012.154296875,45.75407409667969,0.07493990659713745,1072.157958984375,51.01148986816406,0.051168106496334076,1024.49609375,81.04843139648438,0.12363889068365097,1015.8399047851562,70.73908996582031,0.08750081062316895,1078.71923828125,74.66148376464844,0.8287680745124817,1124.5081787109375,70.74723815917969,0.7914921045303345,997.3220825195312,466.9090576171875,0.9814311265945435,1095.402099609375,467.8111572265625,0.9717010855674744,1008.103515625,845.5314331054688,0.9830877184867859,1342.5333251953125,726.3701782226562,0.9774059653282166
121,4033,988.6172485351562,83.72364807128906,0.0050755515694618225,996.044189453125,62.88494110107422,0.005737112835049629,983.6251831054688,75.2329330444336,0.0024530442897230387,1035.3123779296875,47.51747131347656,0.017510229721665382,997.4837646484375,70.00110626220703,0.004207954276353121,1062.6983642578125,12.185623168945312,0.02298111468553543,1014.344482421875,7.787109375,0.024650149047374725,1058.781982421875,56.911468505859375,0.07043135166168213,1021.887451171875,65.67178344726562,0.07761627435684204,1037.7452392578125,123.74038696289062,0.09386942535638809,992.2328491210938,114.02760314941406,0.09892558306455612,1100.8292236328125,92.01585388183594,0.8707613348960876,1076.3759765625,92.6553955078125,0.8613820672035217,998.7730102539062,461.0027160644531,0.9812461733818054,1059.0938720703125,484.64337158203125,0.9745814800262451,1045.09130859375,848.1939697265625,0.9820855259895325,1316.2154541015625,716.6746215820312,0.9773975014686584
122,4066,1013.558349609375,80.93694305419922,0.0037882186006754637,1020.5410766601562,63.67350769042969,0.004178686533123255,1004.7587280273438,76.16651916503906,0.00200723041780293,1054.8311767578125,44.253662109375,0.0115111218765378,1003.048095703125,68.65827941894531,0.0030807924922555685,1075.4559326171875,6.9244537353515625,0.018358850851655006,1007.2059326171875,0.0,0.017756113782525063,1078.9139404296875,61.972320556640625,0.06891565024852753,1005.9674072265625,67.72251892089844,0.07731844484806061,1039.3472900390625,136.11703491210938,0.08844159543514252,973.8690185546875,127.62835693359375,0.10899726301431656,1105.794189453125,104.49403381347656,0.9010809659957886,1061.22216796875,107.8875732421875,0.8889455199241638,1006.9773559570312,479.3190612792969,0.9859550595283508,1031.81640625,503.4144287109375,0.9794573783874512,1097.30029296875,850.2039794921875,0.9876617193222046,1288.0869140625,696.123779296875,0.9839516282081604
123,4100,1009.1903686523438,76.87431335449219,0.006237826310098171,1019.0120239257812,54.287567138671875,0.00696577737107873,997.2356567382812,66.20924377441406,0.0032856848556548357,1052.1785888671875,36.036163330078125,0.021240996196866035,994.6661376953125,55.217010498046875,0.005034918896853924,1058.5526123046875,0.0,0.0386391207575798,994.4189453125,0.0,0.02074068784713745,1012.7699584960938,54.28276062011719,0.10250575095415115,981.7813720703125,56.867340087890625,0.05830967426300049,995.4695434570312,135.57371520996094,0.10786276310682297,964.5926513671875,121.31034851074219,0.08085289597511292,1106.3533935546875,116.64724731445312,0.8755634427070618,1049.9974365234375,115.74737548828125,0.8301449418067932,1009.072998046875,501.1451110839844,0.9761157631874084,978.5867309570312,480.99859619140625,0.9577539563179016,1159.581298828125,845.6304931640625,0.9733901023864746,1247.420654296875,690.0130004882812,0.9652565121650696
124,4133,891.2759399414062,51.368431091308594,0.0027737508062273264,901.1920166015625,31.095108032226562,0.0035858044866472483,890.4752197265625,49.66619110107422,0.0009491085656918585,961.8995361328125,18.869476318359375,0.018207238987088203,923.2952270507812,51.68833923339844,0.0017367349937558174,1002.494384765625,0.0,0.026876913383603096,961.0302124023438,0.0,0.020740365609526634,896.7590942382812,7.52911376953125,0.14020618796348572,919.5480346679688,18.52056884765625,0.1024240180850029,874.2451171875,4.8373260498046875,0.1621784120798111,869.920166015625,4.3385009765625,0.1302422285079956,1107.4141845703125,123.62631225585938,0.8755742311477661,1053.7119140625,120.30754852294922,0.8551603555679321,1047.7379150390625,500.75311279296875,0.9686638712882996,958.8765258789062,466.3854675292969,0.9529841542243958,1169.27392578125,840.0938110351562,0.9473227262496948,1202.7088623046875,696.8121948242188,0.9389591217041016
125,4166,960.0369873046875,86.9582748413086,0.001474910182878375,969.3486938476562,64.87843322753906,0.0025904877111315727,956.8218994140625,82.56381225585938,0.0008516191155649722,1019.0940551757812,47.70744323730469,0.024633334949612617,973.5963134765625,78.99259185791016,0.002856337232515216,1053.054931640625,16.438018798828125,0.022092623636126518,995.9241943359375,5.045448303222656,0.017128637060523033,990.7249145507812,54.72880554199219,0.04410542547702789,1015.400634765625,59.960060119628906,0.04191870242357254,962.9232788085938,83.75994873046875,0.024529578164219856,978.069091796875,92.23347473144531,0.025711221620440483,1118.4580078125,122.96163940429688,0.8818015456199646,1045.7408447265625,117.20704650878906,0.8705779314041138,1097.1627197265625,495.52020263671875,0.9745267033576965,933.7061157226562,448.7676086425781,0.9656529426574707,1238.27099609375,838.3038940429688,0.9728989601135254,1142.17578125,706.3092041015625,0.9710784554481506
126,4200,1019.3655395507812,83.4342269897461,0.006630214862525463,1032.0638427734375,61.070343017578125,0.009133112616837025,1012.1438598632812,74.93563842773438,0.004200404509902,1073.0545654296875,46.638885498046875,0.025503864511847496,1011.4039306640625,69.16857147216797,0.0064256638288497925,1094.4532470703125,4.2551422119140625,0.05099917948246002,1012.6578979492188,0.0,0.017216399312019348,1092.1512451171875,31.129302978515625,0.1250910609960556,1029.21533203125,52.01744842529297,0.042019061744213104,1109.0362548828125,75.91834259033203,0.09719956666231155,1056.552978515625,105.13941192626953,0.04296701028943062,1132.940185546875,111.87879180908203,0.8730501532554626,1043.9097900390625,107.72270965576172,0.7976385354995728,1134.6087646484375,471.81829833984375,0.9678060412406921,921.4553833007812,439.1506652832031,0.9404943585395813,1284.29296875,826.8582153320312,0.9554480314254761,1090.99853515625,747.4893188476562,0.9367364645004272
127,4233,979.1347045898438,87.13320922851562,0.003242065431550145,985.4163208007812,64.95728302001953,0.004177170805633068,978.448974609375,78.56973266601562,0.0024651121348142624,1017.3750610351562,52.811553955078125,0.018193839117884636,994.995849609375,76.00148010253906,0.006425103638321161,1050.1705322265625,13.277252197265625,0.016078732907772064,1013.3538818359375,11.878189086914062,0.02739573083817959,1030.555908203125,55.765342712402344,0.02891114167869091,1080.1229248046875,46.98573303222656,0.06882281601428986,1057.8255615234375,117.26886749267578,0.021663643419742584,1112.5260009765625,103.81718444824219,0.038674622774124146,1120.9404296875,93.8917007446289,0.8087701201438904,1053.7978515625,99.54952239990234,0.8486945629119873,1161.7342529296875,458.9499206542969,0.9575462937355042,941.0386962890625,431.4651794433594,0.9611939787864685,1310.954345703125,815.7896118164062,0.948759913444519,1012.390380859375,766.4799194335938,0.9585175514221191
128,4266,994.078857421875,87.3628921508789,0.002751604886725545,999.0238037109375,63.76739501953125,0.0035722546745091677,991.8938598632812,74.93952941894531,0.0017209280049428344,1029.0775146484375,53.32768249511719,0.012957938946783543,1003.8688354492188,73.19142150878906,0.0033770743757486343,1053.689208984375,23.43029022216797,0.011494535952806473,1016.4244995117188,21.920242309570312,0.015357176773250103,1023.7034912109375,77.92865753173828,0.02880331315100193,1086.166259765625,72.15428924560547,0.049633998423814774,1053.166259765625,128.75685119628906,0.024314098060131073,1091.375244140625,130.35882568359375,0.032753631472587585,1117.5457763671875,89.59652709960938,0.8396696448326111,1043.5301513671875,97.94467163085938,0.8608083128929138,1185.99169921875,455.2079772949219,0.9763951301574707,951.78369140625,437.3565673828125,0.9760075211524963,1364.9893798828125,811.7739868164062,0.9781842827796936,959.5576171875,789.224853515625,0.9814949631690979
129,4300,1006.569091796875,88.4505615234375,0.0031478372402489185,1010.2505493164062,65.34100341796875,0.0038818572647869587,1003.7620849609375,74.63479614257812,0.0020202507730573416,1033.8702392578125,58.05061340332031,0.010610990226268768,1012.9847412109375,74.65306091308594,0.003174331272020936,1043.108642578125,32.20220947265625,0.008594699203968048,1029.580810546875,29.83637237548828,0.012010065838694572,1012.7310791015625,84.34336853027344,0.025397174060344696,1110.4090576171875,70.89928436279297,0.04701778292655945,1037.65966796875,129.5543212890625,0.02655448019504547,1129.99853515625,118.44962310791016,0.03718128800392151,1104.8173828125,82.41535949707031,0.8020347356796265,1043.54736328125,93.65679931640625,0.8294497132301331,1190.5921630859375,448.2305603027344,0.9737887978553772,968.1286010742188,442.82366943359375,0.9741611480712891,1386.7689208984375,793.17626953125,0.9779857397079468,942.6370239257812,799.7783203125,0.9812187552452087
130,4333,1047.7706298828125,67.69303894042969,0.005384981166571379,1047.996337890625,49.35699462890625,0.006139272823929787,1044.968505859375,60.646339416503906,0.003849469358101487,1061.503173828125,44.530059814453125,0.01504775881767273,1051.556396484375,62.194976806640625,0.005510836374014616,1038.239990234375,21.197982788085938,0.021398883312940598,1087.819580078125,5.614173889160156,0.01254216767847538,1012.7779541015625,61.568389892578125,0.05823424085974693,1116.5130615234375,50.260780334472656,0.03870173916220665,1040.5670166015625,109.48638153076172,0.05075844004750252,1142.9947509765625,113.60391998291016,0.03578126057982445,1098.0469970703125,87.70147705078125,0.80864417552948,1080.237548828125,82.72073364257812,0.7671119570732117,1172.81787109375,455.802978515625,0.9639339447021484,985.0958862304688,443.97711181640625,0.9523269534111023,1399.500732421875,768.0604248046875,0.9602603912353516,940.9259643554688,793.5379028320312,0.9530802369117737
131,4366,1035.756591796875,68.35773468017578,0.006134032271802425,1043.114990234375,48.627708435058594,0.007777392864227295,1029.8135986328125,58.09703063964844,0.004484123084694147,1064.8646240234375,44.163230895996094,0.015916358679533005,1024.8544921875,57.95343017578125,0.00525820255279541,1049.5887451171875,22.655548095703125,0.019100775942206383,1033.880615234375,5.982627868652344,0.009357896633446217,1020.9805297851562,66.33805847167969,0.050795067101716995,1037.95458984375,56.46528625488281,0.026393059641122818,1026.6094970703125,114.05374145507812,0.045943208038806915,1041.959716796875,127.1850814819336,0.027739811688661575,1096.7586669921875,95.08724212646484,0.7650502920150757,1047.00927734375,92.81128692626953,0.703079879283905,1139.1591796875,461.00347900390625,0.955184280872345,983.72705078125,451.6479797363281,0.9376160502433777,1403.4632568359375,751.1969604492188,0.9549200534820557,988.158203125,798.6048583984375,0.9452736377716064
132,4400,1004.1192626953125,91.16759490966797,0.004091649316251278,1007.3366088867188,72.78034973144531,0.005322257988154888,997.0845336914062,79.6984634399414,0.002488236641511321,1033.6358642578125,60.03948211669922,0.009327179752290249,1006.8182983398438,70.6461410522461,0.002240169793367386,1033.677001953125,30.284591674804688,0.007743440102785826,1029.7891845703125,12.263626098632812,0.006047573406249285,1013.7705688476562,67.02140808105469,0.032361552119255066,1034.232666015625,70.69779968261719,0.02884479984641075,1017.4569091796875,132.58282470703125,0.041750628501176834,1005.8508911132812,126.39436340332031,0.03654273599386215,1082.3115234375,75.45932006835938,0.7646824717521667,1046.1641845703125,76.48265075683594,0.7433496713638306,1100.9871826171875,484.8905944824219,0.9707523584365845,997.6632080078125,468.6380310058594,0.9650565981864929,1403.21533203125,732.0075073242188,0.9812688231468201,1033.1173095703125,819.9356689453125,0.9801536798477173
133,4433,1007.5357055664062,91.2568588256836,0.0030339916702359915,1007.9915771484375,76.77603149414062,0.00380242383107543,1001.7515258789062,86.13329315185547,0.00179150584153831,1029.5714111328125,60.704132080078125,0.010607922449707985,1021.4086303710938,75.67698669433594,0.0024559921585023403,1013.3932495117188,23.234527587890625,0.010917790234088898,1064.737548828125,1.8690032958984375,0.009097490459680557,996.9166870117188,58.22135925292969,0.041723888367414474,1035.86669921875,61.48594665527344,0.039107128977775574,1004.0178833007812,143.0221710205078,0.043422408401966095,993.5348510742188,136.06068420410156,0.04112304747104645,1067.911865234375,93.31681823730469,0.8290818333625793,1079.4154052734375,93.80859375,0.81402188539505,1048.965087890625,498.4784851074219,0.9726510047912598,1013.6049194335938,493.2052307128906,0.9685575366020203,1377.8096923828125,723.5902099609375,0.9810059070587158,1067.9964599609375,830.54736328125,0.979649007320404
134,4466,1017.1524047851562,90.76595306396484,0.0028134325984865427,1013.7586669921875,78.42251586914062,0.0032175867818295956,1013.2985229492188,88.87186431884766,0.001738188206218183,1026.7646484375,61.49029541015625,0.013121111318469048,1042.81787109375,78.92694854736328,0.00385910808108747,1006.474365234375,21.43212890625,0.019145702943205833,1104.1302490234375,0.0,0.017586693167686462,1007.7279663085938,59.774688720703125,0.056853871792554855,1051.3160400390625,74.89237976074219,0.05867083743214607,1014.5317993164062,149.67205810546875,0.04616646468639374,995.2294921875,147.73159790039062,0.04948932304978371,1069.5106201171875,110.79702758789062,0.8747260570526123,1123.2796630859375,110.96575927734375,0.865763247013092,1014.6650390625,498.7786560058594,0.9730715155601501,1028.8905029296875,508.63421630859375,0.9709261655807495,1326.2615966796875,704.948974609375,0.9806546568870544,1098.179931640625,839.113037109375,0.9785511493682861
135,4500,901.0274047851562,58.75566101074219,0.0024077133275568485,902.438232421875,43.02937316894531,0.003181429347023368,906.7101440429688,60.88774108886719,0.0009490217198617756,950.5068969726562,33.56792449951172,0.02771633118391037,988.7664184570312,57.717933654785156,0.0037065185606479645,966.7333374023438,0.0,0.0486624613404274,1100.4649658203125,0.0,0.030100760981440544,954.0657348632812,6.5416717529296875,0.1414097547531128,1055.765380859375,24.519058227539062,0.0779331624507904,930.3482666015625,9.525009155273438,0.09924966841936111,948.2760009765625,14.670730590820312,0.059350866824388504,1076.0738525390625,110.37158203125,0.89909428358078,1164.3804931640625,103.37983703613281,0.8763284683227539,969.6015014648438,479.4139099121094,0.9727240800857544,1068.2894287109375,475.9704284667969,0.9620222449302673,1206.511962890625,754.96728515625,0.9614942073822021,1186.6907958984375,768.0748901367188,0.9533772468566895
136,4533,1008.777099609375,83.41845703125,0.00617793807759881,1008.8117065429688,56.30060577392578,0.00829029269516468,1013.31591796875,75.65359497070312,0.004023005720227957,1030.6109619140625,40.823638916015625,0.04060988128185272,1067.426513671875,70.71711730957031,0.009403519332408905,1019.121337890625,0.6658172607421875,0.04639652371406555,1137.521484375,6.6950225830078125,0.025889433920383453,1021.8070678710938,59.20477294921875,0.0710086077451706,1111.915283203125,68.442626953125,0.044196248054504395,1049.77587890625,145.0911865234375,0.060925520956516266,1051.26611328125,142.80996704101562,0.0457935705780983,1088.7408447265625,97.15990447998047,0.8198255300521851,1181.1151123046875,99.90323638916016,0.7714183330535889,944.8245849609375,441.0870666503906,0.9615596532821655,1120.653076171875,458.6594543457031,0.9470369219779968,1079.7623291015625,801.0,0.9554459452629089,1268.3837890625,801.1654052734375,0.9450753331184387
137,4566,1030.4031982421875,93.31249237060547,0.004331555217504501,1029.023681640625,72.3039779663086,0.004067427013069391,1026.4136962890625,82.03118133544922,0.0020907679572701454,1043.99853515625,57.758056640625,0.00915452279150486,1056.3775634765625,73.2898178100586,0.002916818717494607,1042.5465087890625,21.336318969726562,0.014016279019415379,1096.1158447265625,16.144775390625,0.010711337439715862,1033.44189453125,59.37364196777344,0.07494229823350906,1059.9996337890625,51.18727111816406,0.06008829176425934,1036.8497314453125,87.884765625,0.1554519683122635,1008.4725952148438,77.07325744628906,0.13586260378360748,1087.4134521484375,70.1436767578125,0.8220666646957397,1144.44921875,68.86505126953125,0.7872186899185181,986.8253173828125,442.9208984375,0.9827081561088562,1168.0966796875,454.5152893066406,0.9752435088157654,960.555908203125,824.0883178710938,0.9847416281700134,1339.2640380859375,769.7634887695312,0.9803582429885864
138,4600,1026.0635986328125,90.50475311279297,0.0038836889434605837,1024.55029296875,67.39798736572266,0.00404359633103013,1022.50146484375,76.32593536376953,0.0018124817870557308,1040.6246337890625,53.27947998046875,0.008838958106935024,1053.500244140625,67.24159240722656,0.002345466520637274,1041.7579345703125,18.229888916015625,0.01227307878434658,1088.47412109375,11.206924438476562,0.007040762342512608,1039.2928466796875,62.41621398925781,0.07078970968723297,1062.9300537109375,51.57691955566406,0.04023806378245354,1049.3482666015625,90.67080688476562,0.1512683629989624,1013.6663818359375,76.72695922851562,0.10225566476583481,1091.0068359375,57.357330322265625,0.8135865926742554,1141.0208740234375,56.560272216796875,0.7526009678840637,998.7703857421875,440.597900390625,0.9848063588142395,1160.68115234375,450.4032287597656,0.9749957323074341,955.0719604492188,827.461669921875,0.9877378940582275,1354.7581787109375,757.342529296875,0.9826028347015381
139,4633,1018.0761108398438,87.85697937011719,0.0041138832457363605,1018.254150390625,65.00518798828125,0.004142274614423513,1016.7191772460938,80.45265197753906,0.0017100988188758492,1038.728759765625,51.98705291748047,0.006164161022752523,1044.5235595703125,79.79212188720703,0.0014050811296328902,1036.9044189453125,7.882049560546875,0.007865208201110363,1087.0233154296875,1.5569000244140625,0.005995659157633781,1021.0316162109375,38.00477600097656,0.08818402141332626,1052.239013671875,39.86988830566406,0.07203669100999832,1021.3150634765625,75.10638427734375,0.26199421286582947,1003.0762939453125,79.05864715576172,0.25004443526268005,1094.1839599609375,66.08097839355469,0.8025479912757874,1138.8463134765625,68.14984130859375,0.759530246257782,998.3230590820312,438.3545837402344,0.98143470287323,1122.3209228515625,453.2086486816406,0.9723860025405884,975.9600219726562,817.456787109375,0.9830836057662964,1365.69873046875,742.3436279296875,0.9764156937599182
140,4666,1021.792236328125,96.33968353271484,0.004759582225233316,1019.1190795898438,74.44793701171875,0.004687064792960882,1020.61083984375,87.2815933227539,0.001909218030050397,1038.3050537109375,57.837615966796875,0.006832212675362825,1052.61767578125,80.51685333251953,0.0015615930315107107,1033.621826171875,14.041030883789062,0.010035570710897446,1093.0660400390625,4.591094970703125,0.006994773633778095,1026.6602783203125,45.98524475097656,0.10100580751895905,1074.458251953125,52.86479187011719,0.06976363062858582,1017.5055541992188,74.33148193359375,0.26697078347206116,1008.9637451171875,73.88603210449219,0.22237369418144226,1089.1605224609375,71.32685852050781,0.8254145383834839,1131.9776611328125,70.76966857910156,0.7745066285133362,1007.6004638671875,458.14483642578125,0.9849107265472412,1096.96875,469.87237548828125,0.9747205972671509,1020.0034790039062,841.2427368164062,0.9874792098999023,1347.70068359375,718.1001586914062,0.981717586517334
141,4700,1022.6746215820312,87.08770751953125,0.0034267790615558624,1024.3861083984375,66.53020477294922,0.003882858669385314,1018.8417358398438,79.92132568359375,0.0016132908640429378,1051.090576171875,49.89349365234375,0.008758790791034698,1034.635986328125,75.17120361328125,0.001967377495020628,1058.65185546875,12.06683349609375,0.011825762689113617,1048.9178466796875,1.402587890625,0.008442268706858158,1041.0732421875,54.92774963378906,0.07025305181741714,1044.008056640625,56.57501220703125,0.05287070572376251,1031.851318359375,79.71011352539062,0.12821336090564728,1008.712158203125,69.18104553222656,0.1136758103966713,1099.242919921875,74.74992370605469,0.8320228457450867,1092.2681884765625,78.15737915039062,0.7867357730865479,1007.0051879882812,455.8896789550781,0.9820051193237305,1060.106689453125,483.8509826660156,0.9701486825942993,1050.489990234375,843.285888671875,0.9855844378471375,1321.0347900390625,709.626220703125,0.9787706732749939
142,4733,1011.0111694335938,80.8136215209961,0.0035355198197066784,1014.5238647460938,63.57488250732422,0.0040299007669091225,1006.5444946289062,77.30445098876953,0.0017211140366271138,1047.020751953125,44.33697509765625,0.012620283290743828,1020.487060546875,70.24200439453125,0.002826317911967635,1060.651611328125,7.084991455078125,0.02073747105896473,1037.0816650390625,0.0,0.016806380823254585,1045.35498046875,55.4066162109375,0.08557041734457016,1023.9296875,62.91975402832031,0.07423470914363861,1025.852783203125,124.49079895019531,0.10955747216939926,991.2112426757812,118.93954467773438,0.10872948169708252,1109.7216796875,106.25143432617188,0.9005733132362366,1091.8995361328125,108.38021850585938,0.8789423108100891,1010.1028442382812,481.7054443359375,0.9854221343994141,1044.717529296875,502.9498291015625,0.9770062565803528,1103.5341796875,847.7807006835938,0.9866325855255127,1292.5755615234375,701.0267944335938,0.9816579818725586
143,4766,1009.0638427734375,78.49598693847656,0.0030804730486124754,1015.4180297851562,58.7904052734375,0.004006931092590094,999.4173583984375,74.18893432617188,0.0015157026937231421,1055.827880859375,39.346435546875,0.015980230644345284,1001.9143676757812,68.687255859375,0.0027779985684901476,1078.3385009765625,4.6432342529296875,0.022761942818760872,1004.7649536132812,0.0,0.01773185469210148,1047.763916015625,45.90980529785156,0.07605178654193878,999.6146850585938,62.11363220214844,0.06323229521512985,1022.02587890625,133.61801147460938,0.07930096983909607,979.1246948242188,136.59242248535156,0.07395285367965698,1121.81201171875,111.50537109375,0.9019912481307983,1062.2596435546875,109.86703491210938,0.8828324675559998,1020.7168579101562,499.8071594238281,0.9827741384506226,983.6383666992188,485.4501647949219,0.9732946753501892,1165.2989501953125,845.3811645507812,0.9830679297447205,1257.7542724609375,688.7576904296875,0.9788734912872314
144,4800,1015.1969604492188,95.1548080444336,0.009835073724389076,1029.85009765625,68.55095672607422,0.012019201181828976,1000.802490234375,82.8511962890625,0.005227358546108007,1074.523193359375,46.74147033691406,0.026495227590203285,991.6857299804688,69.84086608886719,0.006167553830891848,1085.70654296875,0.7652435302734375,0.048249710351228714,976.7443237304688,0.0,0.018713494762778282,983.62060546875,28.81475830078125,0.13926848769187927,937.4791870117188,27.912368774414062,0.047527872025966644,952.9332275390625,49.014862060546875,0.1484164446592331,930.48876953125,22.953414916992188,0.07475846260786057,1134.412353515625,115.61508178710938,0.8165322542190552,1038.70703125,116.83506774902344,0.7194955348968506,1044.8885498046875,489.7020263671875,0.9558249115943909,943.5758666992188,476.5697326660156,0.9077102541923523,1181.234375,837.18408203125,0.9466970562934875,1211.7537841796875,680.4035034179688,0.9200388789176941
145,4833,999.9338989257812,91.57930755615234,0.001851406297646463,1009.7575073242188,69.72468566894531,0.0029728435911238194,993.4544677734375,86.02825927734375,0.001053481362760067,1054.9736328125,50.78984069824219,0.01857791468501091,997.9854736328125,80.47551727294922,0.0025975198950618505,1088.1180419921875,19.53936767578125,0.01865137368440628,1006.8473510742188,6.56341552734375,0.014981214888393879,1064.724609375,64.36848449707031,0.04910038039088249,1024.9376220703125,70.4454574584961,0.04853976145386696,1046.9886474609375,134.485107421875,0.03671955689787865,1005.0824584960938,140.17401123046875,0.03833360970020294,1128.225830078125,127.17178344726562,0.8689547777175903,1045.8123779296875,121.39297485351562,0.8557475805282593,1097.4530029296875,498.85137939453125,0.9710046052932739,932.5726318359375,453.337646484375,0.9611437320709229,1236.0123291015625,825.9479370117188,0.9702113270759583,1139.953369140625,707.0830688476562,0.9674106240272522
146,4866,979.0799560546875,88.68452453613281,0.00257811788469553,986.6444091796875,63.9283447265625,0.0037570088170468807,974.976806640625,79.06503295898438,0.001391648780554533,1032.7056884765625,48.820953369140625,0.018294574692845345,990.7557373046875,77.07243347167969,0.0028740265406668186,1078.211669921875,21.314002990722656,0.014620793983340263,1005.6780395507812,14.183052062988281,0.020386818796396255,1078.0860595703125,57.445037841796875,0.03685437887907028,1051.8477783203125,62.60783386230469,0.06445903331041336,1089.0819091796875,105.78435516357422,0.032488130033016205,1048.6429443359375,115.1576156616211,0.044593874365091324,1125.096923828125,118.2564697265625,0.8523133993148804,1045.143310546875,115.50160217285156,0.8719257116317749,1125.9063720703125,486.0436706542969,0.9724971652030945,937.1619873046875,436.8804016113281,0.970397412776947,1282.7083740234375,852.51513671875,0.9683265686035156,1097.9830322265625,738.9164428710938,0.9725601077079773
147,4900,983.4786987304688,91.11646270751953,0.003405635477975011,989.6341552734375,68.31653594970703,0.0044667660258710384,983.27197265625,82.63909149169922,0.002411428140476346,1025.3375244140625,54.04710388183594,0.018396031111478806,1003.3104858398438,78.67705535888672,0.005647392012178898,1060.5985107421875,12.661262512207031,0.015882374718785286,1021.8268432617188,9.687698364257812,0.027641477063298225,1033.2769775390625,52.92741394042969,0.03223104774951935,1066.557373046875,41.56150817871094,0.0735328271985054,1042.0316162109375,118.37104797363281,0.025404511019587517,1069.0272216796875,107.09129333496094,0.04421132802963257,1132.157958984375,98.88496398925781,0.8152589201927185,1064.231689453125,102.90266418457031,0.8546452522277832,1161.9818115234375,465.6932373046875,0.9590355157852173,939.3146362304688,433.84600830078125,0.9617633819580078,1324.6820068359375,825.6256713867188,0.9476484656333923,1021.23046875,767.2772827148438,0.9574381709098816
148,4933,1002.4841918945312,87.35124206542969,0.0055578020401299,1007.83251953125,64.79814147949219,0.006235308479517698,1001.5598754882812,76.84291076660156,0.004091863054782152,1034.3880615234375,54.55476379394531,0.016792653128504753,1016.6629028320312,74.86656188964844,0.007742780260741711,1055.5189208984375,19.493247985839844,0.017880447208881378,1039.6868896484375,21.183448791503906,0.028650715947151184,1034.2135009765625,72.05941772460938,0.03743238002061844,1107.413818359375,58.62693786621094,0.07578767836093903,1045.024658203125,136.67161560058594,0.03318624943494797,1118.169677734375,126.91284942626953,0.05030873790383339,1130.9635009765625,94.58262634277344,0.800717830657959,1069.1865234375,103.10279846191406,0.8377645015716553,1195.3916015625,458.1319274902344,0.9582499265670776,950.4869384765625,437.2319030761719,0.9610450863838196,1366.609619140625,805.69189453125,0.9477319717407227,952.16455078125,790.814453125,0.957206666469574
149,4966,1022.0263061523438,98.47721099853516,0.003730050753802061,1024.58740234375,78.18134307861328,0.004533688072115183,1017.1162719726562,84.94038391113281,0.002105237217620015,1051.0810546875,67.78475189208984,0.010180136188864708,1026.513427734375,78.85420989990234,0.0025290953926742077,1056.8416748046875,47.30625915527344,0.011428073979914188,1052.6641845703125,30.13421630859375,0.00955920945852995,1008.0994262695312,96.65982055664062,0.04300159215927124,1111.97119140625,86.27568054199219,0.04097556695342064,1000.669921875,126.82786560058594,0.046013571321964264,1078.245849609375,127.86387634277344,0.0408131368458271,1125.5902099609375,84.77915954589844,0.839642345905304,1067.74267578125,82.84112548828125,0.8290486931800842,1197.0377197265625,458.9389343261719,0.9818182587623596,972.8152465820312,443.5535888671875,0.9773462414741516,1400.1217041015625,792.9202880859375,0.9867397546768188,941.7199096679688,802.7664184570312,0.986060380935669
150,5000,1047.5479736328125,70.00625610351562,0.005802217870950699,1050.192626953125,51.93736267089844,0.007014185655862093,1044.2164306640625,63.051795959472656,0.004257826134562492,1069.938720703125,49.36516571044922,0.0166119784116745,1049.232666015625,66.51475524902344,0.005939604714512825,1054.0870361328125,27.06543731689453,0.021842967718839645,1075.1671142578125,11.274375915527344,0.012607057578861713,1014.0577392578125,64.87889099121094,0.053538404405117035,1094.4954833984375,52.15242004394531,0.03415442258119583,1023.8999633789062,105.71070098876953,0.04344068467617035,1099.740966796875,108.0384292602539,0.029762662947177887,1111.880126953125,86.03620147705078,0.8027758598327637,1073.8731689453125,80.991943359375,0.7608129382133484,1185.28271484375,457.7687072753906,0.9637997150421143,981.5308837890625,444.5766906738281,0.9513609409332275,1409.19287109375,774.7328491210938,0.9601839780807495,939.5923461914062,794.485107421875,0.9529314637184143
151,5033,1038.5343017578125,74.32768249511719,0.007276797201484442,1044.4276123046875,53.84440612792969,0.00906267762184143,1032.2750244140625,63.90585708618164,0.00531330332159996,1066.8887939453125,50.01200866699219,0.01712005026638508,1029.4654541015625,65.4284896850586,0.0060242414474487305,1055.668212890625,29.125350952148438,0.02163206785917282,1045.615966796875,13.152900695800781,0.010850239545106888,1020.7362670898438,70.77337646484375,0.05645839869976044,1045.9532470703125,63.54627227783203,0.029386598616838455,1008.9180908203125,121.55554962158203,0.051353197544813156,1046.6705322265625,139.9700469970703,0.031090445816516876,1110.2117919921875,89.5813980102539,0.7726952433586121,1061.253662109375,87.16438293457031,0.7135385870933533,1154.3367919921875,462.9239501953125,0.9562016725540161,984.6658325195312,452.0580139160156,0.9389967322349548,1416.4395751953125,756.7685546875,0.954023003578186,986.5031127929688,805.2365112304688,0.9439151883125305
152,5066,1011.9000244140625,92.7282485961914,0.0037926698569208384,1014.6295776367188,73.21188354492188,0.00503028929233551,1006.2449951171875,80.17188262939453,0.002269992372021079,1041.538330078125,62.159156799316406,0.00995903555303812,1020.1415405273438,72.34403228759766,0.0022585606202483177,1042.3421630859375,31.418014526367188,0.008307532407343388,1043.6177978515625,11.492935180664062,0.006568388547748327,1017.0875854492188,69.585205078125,0.03299783542752266,1054.92333984375,70.46342468261719,0.029962139204144478,1024.5927734375,128.32571411132812,0.039376478642225266,1023.838623046875,120.40310668945312,0.03465276584029198,1093.861572265625,72.03639221191406,0.7797908186912537,1056.9971923828125,72.96144104003906,0.761224627494812,1119.867919921875,486.1265563964844,0.972088098526001,998.78759765625,470.0570068359375,0.9669914245605469,1414.5980224609375,733.9358520507812,0.9816043376922607,1028.2880859375,826.3372192382812,0.9805266857147217
153,5100,1011.5586547851562,95.90565490722656,0.003208130830898881,1012.1204833984375,79.80152893066406,0.004148602951318026,1005.284423828125,88.2948989868164,0.001961593283340335,1034.0692138671875,64.62057495117188,0.009705638512969017,1022.3977661132812,77.84152221679688,0.0022805389016866684,1024.6641845703125,27.284133911132812,0.007822846993803978,1062.8441162109375,7.533416748046875,0.007347321603447199,1015.847900390625,64.46722412109375,0.03070518746972084,1049.5111083984375,73.343994140625,0.033584754914045334,1008.719482421875,151.0521240234375,0.03651592135429382,999.3502807617188,157.13914489746094,0.03850647434592247,1079.58984375,77.15840148925781,0.7734091877937317,1079.949462890625,76.9072265625,0.7678622007369995,1062.14111328125,492.65277099609375,0.9675332307815552,1013.4249267578125,479.99481201171875,0.9645804762840271,1389.1060791015625,726.0054931640625,0.9789276123046875,1064.4375,827.1061401367188,0.9785417914390564
154,5133,1016.1732788085938,91.963623046875,0.0030261296778917313,1013.9512939453125,78.97073364257812,0.0033012276981025934,1010.7771606445312,89.32244110107422,0.0017200459260493517,1029.131103515625,61.148231506347656,0.010647290386259556,1034.76904296875,78.23117065429688,0.0029782052151858807,1012.283203125,20.542144775390625,0.016261037439107895,1091.3416748046875,0.0,0.01570531539618969,1012.2993774414062,56.83122253417969,0.0649871826171875,1043.8319091796875,65.02789306640625,0.070592001080513,1012.490478515625,140.4884033203125,0.06540890783071518,984.9357299804688,131.6231689453125,0.07301931083202362,1078.901611328125,102.01515197753906,0.8779938817024231,1117.787841796875,102.43798828125,0.8713448643684387,1028.4713134765625,497.0420837402344,0.9754485487937927,1027.915771484375,505.4636535644531,0.9735699892044067,1336.67041015625,705.6039428710938,0.981446385383606,1097.3333740234375,835.2171630859375,0.9796755313873291
155,5166,982.6007080078125,74.08330535888672,0.0021307191345840693,984.243896484375,58.17322540283203,0.0028300981502979994,979.1810302734375,73.67582702636719,0.0012960864696651697,1012.123779296875,42.39491271972656,0.015987467020750046,1012.390869140625,68.12809753417969,0.0033919038251042366,998.6096801757812,4.126739501953125,0.017927147448062897,1076.956298828125,0.0,0.018068984150886536,963.2962646484375,27.530136108398438,0.048877108842134476,1018.9708251953125,56.08673858642578,0.06039230525493622,981.8701782226562,86.56986236572266,0.03650557994842529,980.7449951171875,131.73321533203125,0.04863039776682854,1086.6236572265625,114.98680114746094,0.8752279281616211,1126.80908203125,115.75479125976562,0.8755018711090088,991.2852172851562,487.63818359375,0.9700877666473389,1018.5748901367188,492.79852294921875,0.9702648520469666,1288.0621337890625,707.8529052734375,0.9763641357421875,1121.911865234375,829.1810302734375,0.9753291606903076
156,5200,937.6459350585938,52.408721923828125,0.0029587254393845797,940.406494140625,36.863983154296875,0.003801076440140605,940.4196166992188,54.053924560546875,0.0012813560897484422,979.5972290039062,28.264892578125,0.030378080904483795,997.6201782226562,54.21075439453125,0.004971223883330822,984.16650390625,0.0,0.05783151835203171,1082.8997802734375,0.0,0.035308897495269775,969.1785278320312,9.292465209960938,0.1418451964855194,1025.2451171875,26.39007568359375,0.07407020777463913,972.8024291992188,15.637527465820312,0.09087232500314713,961.5867919921875,18.235427856445312,0.05032723397016525,1092.916259765625,115.78665161132812,0.9086343050003052,1157.5679931640625,111.07933044433594,0.8831925392150879,988.796630859375,488.72332763671875,0.9758006930351257,1058.849853515625,474.99676513671875,0.9629848003387451,1199.4595947265625,783.309326171875,0.9646266102790833,1201.3740234375,745.4126586914062,0.9553353786468506
157,5233,952.327392578125,65.2928237915039,0.002565103117376566,951.417724609375,48.08997344970703,0.0031921688932925463,953.5758056640625,66.98757934570312,0.001288070110604167,982.7957763671875,34.99140930175781,0.022850779816508293,1009.4038696289062,65.57048034667969,0.004912020638585091,986.4109497070312,0.03643798828125,0.03156396001577377,1092.417724609375,0.0,0.028184210881590843,974.713134765625,10.884933471679688,0.07357132434844971,1053.1336669921875,32.55921936035156,0.06648878753185272,1025.381103515625,37.219482421875,0.05517531558871269,1015.1544799804688,47.53239440917969,0.04784176126122475,1092.7760009765625,101.07879638671875,0.8749451041221619,1168.30615234375,100.92585754394531,0.8678947687149048,963.8802490234375,470.4193115234375,0.9735236763954163,1090.453125,476.2618103027344,0.9694319367408752,1176.7603759765625,771.1473999023438,0.9704994559288025,1234.085693359375,809.0363159179688,0.9668680429458618
158,5266,1002.3184204101562,87.44329833984375,0.00824219174683094,1004.0982055664062,59.41438293457031,0.01059908326715231,1002.5048217773438,79.31005096435547,0.00519200973212719,1028.611083984375,43.94739532470703,0.033583030104637146,1048.185302734375,75.49678802490234,0.00816901121288538,1019.8621215820312,6.7323760986328125,0.03730454668402672,1117.3521728515625,14.227066040039062,0.02182638831436634,1023.1475830078125,49.52167510986328,0.07549802213907242,1069.44970703125,55.53584289550781,0.04848126322031021,1043.322021484375,129.43260192871094,0.08650872856378555,1020.1957397460938,110.58776092529297,0.06721001863479614,1098.0084228515625,94.53652954101562,0.8021553754806519,1178.9652099609375,98.60311889648438,0.7544925212860107,945.964599609375,441.7027587890625,0.9608542323112488,1124.2403564453125,459.8074951171875,0.9473737478256226,1106.38330078125,795.3704833984375,0.9552398920059204,1263.20068359375,810.7553100585938,0.9459159970283508
159,5300,1047.3731689453125,88.53561401367188,0.009097502566874027,1044.53271484375,61.362396240234375,0.0074242702685296535,1041.7987060546875,77.06208801269531,0.00501858489587903,1046.3470458984375,45.70179748535156,0.010676493868231773,1060.5284423828125,74.23095703125,0.004574648104608059,1022.859619140625,1.3492813110351562,0.01706806942820549,1115.5489501953125,0.8851547241210938,0.015464263036847115,1015.12353515625,45.7122802734375,0.09112846851348877,1055.921630859375,39.900146484375,0.09687533229589462,1029.0035400390625,87.0172348022461,0.20775842666625977,1009.746826171875,77.34908294677734,0.24499359726905823,1087.131591796875,84.10029602050781,0.8166249990463257,1167.45263671875,88.07308959960938,0.7937198281288147,968.7880249023438,441.939453125,0.9772606492042542,1147.6156005859375,458.1196594238281,0.9706984162330627,1022.6951904296875,813.6458740234375,0.9766132831573486,1309.053955078125,785.8270263671875,0.9720763564109802
160,5333,1029.2420654296875,97.09231567382812,0.004957827739417553,1025.1890869140625,75.19068145751953,0.004260380286723375,1026.6986083984375,85.57463836669922,0.0020938899833709,1037.574462890625,58.203826904296875,0.006906512193381786,1063.5079345703125,74.14457702636719,0.002157722832635045,1033.9862060546875,13.996170043945312,0.012264410965144634,1110.5087890625,7.475738525390625,0.008718795143067837,1022.728271484375,44.468170166015625,0.1056174784898758,1069.1396484375,41.32914733886719,0.07497642189264297,1031.3363037109375,77.25810241699219,0.27590832114219666,1016.6683959960938,78.63221740722656,0.22532349824905396,1092.585205078125,63.466278076171875,0.8349453806877136,1161.957275390625,61.2696533203125,0.793129563331604,997.3154296875,442.7558288574219,0.9859707951545715,1170.7655029296875,450.8065185546875,0.9788396954536438,965.5676879882812,827.2886352539062,0.9873184561729431,1342.20703125,775.3209838867188,0.9830235838890076
161,5366,1027.234619140625,89.74138641357422,0.004608193878084421,1024.849853515625,65.99034118652344,0.004471329506486654,1024.2249755859375,75.05335235595703,0.0018289141589775681,1042.7750244140625,52.985870361328125,0.00703397486358881,1062.304443359375,66.2109603881836,0.001690178643912077,1045.141845703125,15.676162719726562,0.010570099577307701,1103.50048828125,8.456314086914062,0.005790913011878729,1031.0843505859375,50.59162902832031,0.09519372880458832,1070.12890625,45.49855041503906,0.04975039139389992,1040.3917236328125,68.59478759765625,0.2619740962982178,1019.691162109375,66.13819885253906,0.17170260846614838,1101.276123046875,55.6256103515625,0.8139113187789917,1157.982666015625,53.06781005859375,0.7471261024475098,1001.4479370117188,440.1080322265625,0.9868055582046509,1166.1156005859375,442.9865417480469,0.977505624294281,943.5133666992188,829.2421875,0.9889476299285889,1358.537841796875,762.4638671875,0.9840861558914185
162,5400,1000.6359252929688,82.6340560913086,0.003801000537350774,1005.9424438476562,58.382102966308594,0.004190895706415176,1001.4032592773438,73.021484375,0.001870307489298284,1032.0462646484375,43.197052001953125,0.010612532496452332,1033.3740234375,66.6954574584961,0.002704884624108672,1041.906494140625,0.0,0.00950668565928936,1070.7132568359375,0.0,0.012000981718301773,1033.7744140625,28.5333251953125,0.054519593715667725,1041.068115234375,28.227012634277344,0.07426001131534576,1053.30029296875,67.59693145751953,0.1278504729270935,1020.1887817382812,66.72129821777344,0.15327687561511993,1103.5174560546875,63.91564178466797,0.7703617215156555,1143.42822265625,63.11640930175781,0.7778009176254272,998.2542114257812,448.6961364746094,0.9710083603858948,1141.9150390625,439.8905944824219,0.968153178691864,957.595703125,815.9368896484375,0.9644525647163391,1379.8719482421875,747.3695068359375,0.9616407752037048
163,5433,1022.05810546875,93.55824279785156,0.004730407148599625,1023.5281372070312,70.79530334472656,0.0046493844129145145,1017.4944458007812,83.58345794677734,0.002084764651954174,1048.7027587890625,54.1607666015625,0.006669063586741686,1040.3851318359375,76.96240997314453,0.0017917626537382603,1049.8426513671875,8.351760864257812,0.009156015701591969,1070.5753173828125,1.706085205078125,0.0071334922686219215,1035.8209228515625,44.316009521484375,0.07886376976966858,1046.972900390625,46.808990478515625,0.06405611336231232,1033.1949462890625,69.34780883789062,0.2081390917301178,1013.3020629882812,68.43484497070312,0.1919156163930893,1100.4886474609375,63.169830322265625,0.8014970421791077,1122.9737548828125,65.16957092285156,0.7587057948112488,1010.0211181640625,448.8392333984375,0.9822001457214355,1111.8731689453125,467.4541931152344,0.9723997712135315,1012.2372436523438,834.5055541992188,0.9855880737304688,1362.2576904296875,727.081787109375,0.9797950983047485
164,5466,1019.5986938476562,85.8325424194336,0.003198713529855013,1021.826171875,64.22042083740234,0.003630329854786396,1017.2554931640625,75.3650894165039,0.0015616414602845907,1047.642822265625,47.550750732421875,0.009600126184523106,1040.614990234375,66.954345703125,0.0021564981434494257,1050.0758056640625,12.089950561523438,0.010848136618733406,1070.2239990234375,0.0,0.00953481625765562,1051.55615234375,59.473480224609375,0.05409708991646767,1075.503662109375,51.679962158203125,0.054504845291376114,1047.6441650390625,86.00138854980469,0.0958624854683876,1022.787109375,59.936370849609375,0.10215803235769272,1091.27685546875,80.30914306640625,0.8173528909683228,1107.034423828125,77.90821838378906,0.7921595573425293,1015.6192016601562,468.4288330078125,0.9806259870529175,1080.79736328125,473.46881103515625,0.9720744490623474,1039.54833984375,843.9588012695312,0.9844157099723816,1335.0794677734375,708.6363525390625,0.9799605011940002
165,5500,1015.2155151367188,83.89995574951172,0.0037397739943116903,1021.963623046875,65.87535095214844,0.004418906755745411,1008.0794677734375,78.42171478271484,0.001930138561874628,1059.002197265625,49.486907958984375,0.012733230367302895,1013.9557495117188,73.2432861328125,0.0029371529817581177,1079.9908447265625,14.31903076171875,0.017312275245785713,1023.1963500976562,4.40167236328125,0.015469694510102272,1076.5667724609375,59.10310363769531,0.06272176653146744,1023.2196044921875,59.917236328125,0.0642048716545105,1050.1171875,102.33645629882812,0.08210784196853638,1003.47802734375,88.72792053222656,0.09160646051168442,1113.9111328125,96.61111450195312,0.8750197887420654,1078.4351806640625,99.053466796875,0.8566384315490723,1012.26220703125,468.6795959472656,0.9831159710884094,1052.4876708984375,492.7863464355469,0.9750126600265503,1084.45068359375,847.2946166992188,0.9855706691741943,1306.9742431640625,701.9476928710938,0.9809855818748474
166,5533,972.0576782226562,58.94837951660156,0.004311929456889629,980.1328125,40.87174987792969,0.0040725464932620525,968.7288208007812,57.102699279785156,0.0018897752743214369,1025.1431884765625,24.528602600097656,0.011755730025470257,986.7982788085938,53.530677795410156,0.0028791569638997316,1046.1593017578125,0.0,0.016320250928401947,1015.79443359375,0.0,0.03360344469547272,1011.1707153320312,19.034500122070312,0.08480343967676163,1011.7589721679688,38.0068359375,0.18927031755447388,1013.4943237304688,62.161376953125,0.14048966765403748,993.0187377929688,132.90309143066406,0.2522279918193817,1116.55810546875,126.3109130859375,0.8962954878807068,1088.4140625,121.79724884033203,0.9174312353134155,1016.12353515625,494.7257385253906,0.98069828748703,1026.384521484375,477.325927734375,0.9800761342048645,1138.0458984375,847.8486328125,0.974245548248291,1277.267333984375,700.1804809570312,0.9750961661338806
167,5566,1002.9061889648438,79.87591552734375,0.008893780410289764,1015.0526733398438,54.5386962890625,0.010447501204907894,992.1050415039062,67.75733184814453,0.004162524361163378,1058.57568359375,37.135345458984375,0.024215415120124817,995.9498291015625,57.659454345703125,0.0044255428947508335,1072.0736083984375,0.0,0.0410798154771328,1001.5843505859375,0.0,0.02015482634305954,997.0823364257812,31.788665771484375,0.13760189712047577,984.1959228515625,34.50901794433594,0.0644686296582222,956.6431274414062,59.23292541503906,0.1603291630744934,937.6285400390625,30.252456665039062,0.10244394093751907,1126.901611328125,121.87985229492188,0.8546631932258606,1055.585205078125,119.13047790527344,0.7924116849899292,1038.703125,498.1065673828125,0.9699291586875916,947.1199951171875,472.296142578125,0.9425404071807861,1180.563232421875,836.4737548828125,0.964792013168335,1228.816162109375,669.9414672851562,0.9516034722328186
168,5600,1006.3597412109375,94.10845184326172,0.002633211202919483,1016.2938232421875,72.16751861572266,0.0038095051422715187,993.3051147460938,85.09684753417969,0.001183407031930983,1061.7919921875,51.21189880371094,0.019831357523798943,988.7393188476562,75.56845092773438,0.0022877815645188093,1095.9884033203125,18.894561767578125,0.027216622605919838,991.9613037109375,8.940261840820312,0.01800140179693699,1089.388916015625,62.65095520019531,0.08649060130119324,1014.5494995117188,76.43243408203125,0.06347434967756271,1061.9278564453125,132.03030395507812,0.07927262783050537,992.2266235351562,138.9839630126953,0.06265410780906677,1128.706787109375,119.02670288085938,0.85223388671875,1037.9315185546875,110.9560546875,0.82300865650177,1084.1951904296875,510.11492919921875,0.9598761200904846,939.0993041992188,455.9689025878906,0.9410635828971863,1207.0948486328125,823.2409057617188,0.9499529600143433,1167.01318359375,696.0640869140625,0.9437020421028137
169,5633,1003.7340698242188,94.45866394042969,0.002647204091772437,1010.5323486328125,71.13249206542969,0.003543028375133872,994.2225952148438,84.06330871582031,0.0012797437375411391,1051.1676025390625,50.842254638671875,0.014723963104188442,1000.1964721679688,74.3378677368164,0.0022241389378905296,1076.6710205078125,19.862686157226562,0.020156919956207275,1017.607177734375,5.628021240234375,0.01571221649646759,1061.8621826171875,66.9195556640625,0.0733121857047081,1039.606689453125,69.41084289550781,0.06557514518499374,1046.212158203125,121.5596923828125,0.0724864974617958,1007.5675048828125,123.59710693359375,0.06531660258769989,1127.2325439453125,112.14875793457031,0.8790542483329773,1054.840576171875,103.16729736328125,0.8647122383117676,1128.315673828125,496.65155029296875,0.9779199361801147,940.4484252929688,435.1614990234375,0.969505786895752,1267.048828125,836.9915771484375,0.9767575860023499,1111.00244140625,724.0650024414062,0.9756292700767517
170,5666,979.3890991210938,92.92692565917969,0.0034178735222667456,985.2191162109375,69.78717803955078,0.004443286918103695,978.8759765625,84.18228912353516,0.0023649490904062986,1018.995361328125,53.51774597167969,0.020824849605560303,998.6082153320312,78.44708251953125,0.0062090191058814526,1054.65869140625,11.525871276855469,0.0195331834256649,1020.6510009765625,9.5936279296875,0.03319856524467468,1037.78466796875,58.89891815185547,0.03718007728457451,1071.72802734375,53.590553283691406,0.08168142288923264,1040.9091796875,129.12709045410156,0.027539437636733055,1068.4810791015625,121.92640686035156,0.047035880386829376,1132.09326171875,103.93144226074219,0.8316245675086975,1069.9278564453125,107.06153869628906,0.8669659495353699,1154.6026611328125,466.96270751953125,0.9597144722938538,941.9801025390625,429.51654052734375,0.9620585441589355,1307.677734375,820.7421264648438,0.9463324546813965,1041.796875,751.8948364257812,0.956367552280426
171,5700,995.6687622070312,88.8328857421875,0.0050102295354008675,1000.5692138671875,65.99467468261719,0.0058502680622041225,994.6639404296875,78.74442291259766,0.0035897288471460342,1029.45654296875,55.523529052734375,0.016320619732141495,1011.5687866210938,77.3716049194336,0.0066554248332977295,1056.77880859375,18.22808074951172,0.016619941219687462,1032.289306640625,18.36859130859375,0.026467518880963326,1039.442138671875,64.07311248779297,0.0366591140627861,1096.2191162109375,48.04364776611328,0.07536870241165161,1064.5350341796875,120.43666076660156,0.03342084214091301,1113.207275390625,105.9129638671875,0.05138084664940834,1130.98486328125,89.8487319946289,0.8213547468185425,1066.4847412109375,97.66410827636719,0.854753315448761,1187.317626953125,455.7696533203125,0.9657189846038818,951.3933715820312,432.2419738769531,0.9677118062973022,1360.192138671875,810.0032958984375,0.9577553868293762,976.6171875,785.3474731445312,0.9654592275619507
172,5733,1006.4513549804688,81.75018310546875,0.005061868578195572,1008.7376098632812,59.71266174316406,0.005916616413742304,1006.8923950195312,70.6878662109375,0.003744427813217044,1027.779541015625,52.909881591796875,0.01488059014081955,1023.7337646484375,71.87873840332031,0.006501690950244665,1039.0579833984375,21.59619140625,0.013746068812906742,1048.3670654296875,21.95775604248047,0.019941799342632294,1009.1887817382812,68.48689270019531,0.03205491602420807,1111.9842529296875,49.118202209472656,0.058265332132577896,1011.3534545898438,126.75446319580078,0.03087838552892208,1118.2420654296875,103.38949584960938,0.04352055490016937,1114.8221435546875,78.07454681396484,0.7729345560073853,1068.22021484375,88.89424896240234,0.8067607283592224,1194.1700439453125,447.5408935546875,0.959274172782898,967.8056640625,435.4470520019531,0.9608052372932434,1380.9661865234375,792.0401611328125,0.9543298482894897,951.8419799804688,797.7151489257812,0.9611860513687134
173,5766,1029.515625,89.54935455322266,0.0037967830430716276,1031.2353515625,70.02813720703125,0.004556872881948948,1025.81787109375,76.30767059326172,0.0022212162148207426,1056.3458251953125,61.07086944580078,0.009533505886793137,1038.95361328125,70.70697784423828,0.0024887400213629007,1059.677001953125,43.15388488769531,0.009274364449083805,1066.17431640625,22.756759643554688,0.009070415049791336,1032.5391845703125,100.67678833007812,0.03386582061648369,1117.8193359375,82.86186218261719,0.040798962116241455,1054.1536865234375,130.28224182128906,0.0398593433201313,1101.7034912109375,111.97727966308594,0.04084475338459015,1116.2255859375,72.34364318847656,0.8028791546821594,1070.5125732421875,69.99220275878906,0.8026318550109863,1179.9671630859375,456.49969482421875,0.9777919054031372,985.8630981445312,441.87615966796875,0.9744025468826294,1404.556640625,769.9008178710938,0.9844581484794617,949.9937133789062,792.28369140625,0.9843622446060181
174,5800,1010.4021606445312,93.94015502929688,0.004415282979607582,1011.8174438476562,70.91974639892578,0.0059194862842559814,1005.33544921875,78.32441711425781,0.0026526404544711113,1039.8541259765625,63.488250732421875,0.009702770039439201,1023.6885375976562,75.1428451538086,0.0022549026180058718,1047.9102783203125,45.631072998046875,0.006761707831174135,1058.1492919921875,25.980056762695312,0.0059819710440933704,1018.3206176757812,104.24844360351562,0.026534883305430412,1081.8497314453125,102.67666625976562,0.02704443410038948,1004.7952880859375,151.6665802001953,0.03611617162823677,1036.379638671875,166.9522247314453,0.03416464105248451,1109.8465576171875,60.205902099609375,0.7324183583259583,1072.5284423828125,58.10540771484375,0.7230823040008545,1151.070556640625,461.3482666015625,0.9731533527374268,989.4078979492188,442.6900939941406,0.9680183529853821,1413.525146484375,756.6362915039062,0.9839407801628113,985.6661376953125,802.5975952148438,0.983199954032898
175,5833,1039.830322265625,71.59153747558594,0.006341748405247927,1048.011962890625,51.62269592285156,0.008194743655622005,1033.400390625,61.30048370361328,0.004535735119134188,1071.537353515625,45.52159881591797,0.016872433945536613,1028.0791015625,59.9542236328125,0.005264628678560257,1059.521484375,24.038978576660156,0.02079450525343418,1034.495849609375,8.687278747558594,0.009886905550956726,1044.655517578125,64.97747039794922,0.05632087215781212,1021.711669921875,60.290863037109375,0.027938224375247955,1040.18896484375,126.08983612060547,0.05180460959672928,1024.3955078125,143.91253662109375,0.030830953270196915,1097.7454833984375,102.35749053955078,0.7716811895370483,1050.4647216796875,101.71481323242188,0.7065927386283875,1111.611083984375,472.7642517089844,0.9506836533546448,991.9465942382812,465.17706298828125,0.9312941431999207,1401.1517333984375,738.0042114257812,0.9500612020492554,1031.140869140625,801.57421875,0.9389352202415466
176,5866,1010.713134765625,89.31099700927734,0.0028184899128973484,1011.2398681640625,74.34258270263672,0.0037047702353447676,1005.7476806640625,82.2337646484375,0.0016447195084765553,1034.100830078125,60.277015686035156,0.009605105966329575,1027.0052490234375,71.72403717041016,0.002007154980674386,1022.6028442382812,22.998001098632812,0.0081332353875041,1066.29931640625,1.659027099609375,0.007071555592119694,1009.298095703125,55.01380920410156,0.03399556502699852,1039.5977783203125,63.01460266113281,0.033172521740198135,1008.5886840820312,137.2481231689453,0.039091918617486954,996.9005126953125,141.27328491210938,0.03724485635757446,1077.131103515625,78.99334716796875,0.8009437322616577,1080.97705078125,77.82398986816406,0.7888734936714172,1065.9593505859375,492.0500793457031,0.972320556640625,1015.0762939453125,475.8815002441406,0.9683391451835632,1392.573486328125,726.9844970703125,0.9815027713775635,1059.700927734375,820.46630859375,0.9808896780014038
177,5900,1021.3736572265625,93.44771575927734,0.002505745505914092,1018.373291015625,80.23841857910156,0.002975149778649211,1017.8362426757812,90.80847930908203,0.0014805573737248778,1032.7451171875,61.329071044921875,0.012260685674846172,1046.6708984375,78.32936096191406,0.0031637840438634157,1013.1363525390625,18.837661743164062,0.01753894053399563,1102.780517578125,0.0,0.014529118314385414,1004.9046020507812,55.08673095703125,0.05945374816656113,1056.740234375,62.4781494140625,0.05356943979859352,1015.1975708007812,141.37815856933594,0.05000291019678116,998.9159545898438,135.8016815185547,0.047158364206552505,1077.493896484375,102.78451538085938,0.8810888528823853,1121.5379638671875,102.32418823242188,0.8671594262123108,1036.6395263671875,500.67095947265625,0.9763742089271545,1032.1627197265625,504.3280334472656,0.9727751612663269,1338.4339599609375,710.9469604492188,0.9824330806732178,1092.9302978515625,828.6502075195312,0.9801785349845886
178,5933,982.2861328125,73.9383544921875,0.0021097068674862385,986.16357421875,59.952850341796875,0.003041245276108384,978.9057006835938,74.68881225585938,0.0011615154799073935,1017.751708984375,42.78717041015625,0.017644943669438362,1009.8895263671875,67.83219909667969,0.0029724494088441133,1000.7556762695312,0.0,0.025534644722938538,1055.50634765625,0.0,0.01343346107751131,922.1959228515625,3.4069976806640625,0.08193395286798477,958.9574584960938,30.51983642578125,0.04114140570163727,956.8173217773438,22.671844482421875,0.05582118034362793,935.0196533203125,61.42218017578125,0.03473817929625511,1089.2169189453125,124.18441772460938,0.9067561626434326,1111.1417236328125,127.89887237548828,0.8747074604034424,998.7464599609375,489.443115234375,0.9781202673912048,1020.2510986328125,493.1922912597656,0.9699116945266724,1305.7093505859375,707.4847412109375,0.9808417558670044,1120.5091552734375,824.428955078125,0.9760465621948242
179,5966,956.1705932617188,65.28153991699219,0.003328515449538827,957.2987060546875,48.995269775390625,0.0040610553696751595,955.9142456054688,67.63087463378906,0.0015859493287280202,992.0430908203125,32.83323669433594,0.021053271368145943,1010.2626342773438,62.31903076171875,0.003938367124646902,977.1185913085938,0.0,0.044109243899583817,1090.57861328125,0.0,0.021704455837607384,915.9563598632812,3.089080810546875,0.1499357670545578,983.915771484375,22.439071655273438,0.06865202635526657,947.9912719726562,8.113906860351562,0.12166856974363327,943.0179443359375,19.253952026367188,0.06933176517486572,1082.0863037109375,115.449462890625,0.9220584034919739,1155.3704833984375,114.89689636230469,0.8896681666374207,962.478515625,483.9150695800781,0.9802280068397522,1059.185302734375,496.16436767578125,0.9717780947685242,1255.67578125,715.718994140625,0.9786900877952576,1150.365234375,824.669189453125,0.9722299575805664
180,6000,948.0349731445312,72.2255859375,0.002398938871920109,949.1471557617188,55.235801696777344,0.0029990016482770443,947.5261840820312,74.52763366699219,0.0012375240912660956,986.2833251953125,41.70135498046875,0.02298462763428688,1001.0121459960938,72.79472351074219,0.004979610908776522,989.7734985351562,2.4071502685546875,0.03312525153160095,1082.97314453125,0.0,0.030615365132689476,971.7854614257812,8.891098022460938,0.0737796351313591,1038.702880859375,42.115447998046875,0.07048579305410385,1014.7468872070312,40.293548583984375,0.05009071156382561,1002.953125,75.05690002441406,0.04659127816557884,1090.4375,105.21720886230469,0.8904330134391785,1157.56201171875,106.81571960449219,0.8859813809394836,964.921875,470.2030334472656,0.974478006362915,1087.7611083984375,483.8359680175781,0.971662700176239,1186.76953125,750.7449340820312,0.9720345735549927,1212.7474365234375,815.4701538085938,0.9689291715621948
181,6033,999.6539306640625,90.33391571044922,0.007468383759260178,1003.7816772460938,60.84085464477539,0.010123380459845066,998.4655151367188,81.9104232788086,0.0048724268563091755,1034.8717041015625,44.355194091796875,0.03826405853033066,1043.8953857421875,77.95051574707031,0.00892799161374569,1022.016357421875,6.069374084472656,0.040417835116386414,1114.970703125,17.107818603515625,0.023671887814998627,1018.48828125,54.12572479248047,0.06787436455488205,1074.3807373046875,71.91313934326172,0.044759489595890045,1043.7015380859375,151.4541473388672,0.06640441715717316,1028.3961181640625,152.8560028076172,0.05308428034186363,1096.5599365234375,95.13615417480469,0.788109302520752,1171.720458984375,101.28238677978516,0.739672839641571,950.7068481445312,442.3127746582031,0.9514216780662537,1115.116455078125,467.5208435058594,0.9364545345306396,1126.4088134765625,791.505126953125,0.9452611804008484,1263.7640380859375,817.2374267578125,0.9336581826210022
182,6066,1021.774169921875,89.84117889404297,0.00746633717790246,1026.1383056640625,61.15671157836914,0.008941752836108208,1020.5337524414062,80.34110260009766,0.004661010578274727,1052.6309814453125,46.18949890136719,0.02654261514544487,1058.508544921875,77.26670837402344,0.007098975125700235,1041.6910400390625,3.5467758178710938,0.030308032408356667,1113.781005859375,12.597427368164062,0.019935183227062225,1033.998046875,50.413124084472656,0.06968937069177628,1056.42431640625,53.235374450683594,0.05221276357769966,1041.4083251953125,121.65328216552734,0.08964614570140839,1006.9114379882812,105.12357330322266,0.07984128594398499,1094.529052734375,89.67306518554688,0.8085780739784241,1165.1256103515625,95.40898132324219,0.7688257098197937,954.8252563476562,441.891357421875,0.9672840237617493,1148.81201171875,462.1171875,0.9555683732032776,1041.5361328125,815.0925903320312,0.9602718949317932,1300.9307861328125,798.0260009765625,0.9519709348678589
183,6100,1031.89453125,92.62763214111328,0.003534857649356127,1030.3802490234375,71.46295166015625,0.0036514231469482183,1029.3458251953125,81.93388366699219,0.0016813547117635608,1048.54833984375,55.88713073730469,0.009968277998268604,1065.5955810546875,72.47087860107422,0.0026409330312162638,1044.4415283203125,18.721710205078125,0.013798329047858715,1108.9339599609375,12.990005493164062,0.009327043779194355,1035.04541015625,57.23533630371094,0.06919357925653458,1070.2159423828125,49.989990234375,0.047302138060331345,1041.3531494140625,96.73255920410156,0.13111242651939392,1017.1051635742188,84.98277282714844,0.1001693457365036,1088.8433837890625,68.19534301757812,0.8183300495147705,1152.8310546875,66.73191833496094,0.7730326652526855,988.0796508789062,445.0137634277344,0.9823253750801086,1172.983642578125,460.5154724121094,0.9733964800834656,981.4381713867188,837.1223754882812,0.9847597479820251,1344.8525390625,780.159912109375,0.9795956015586853
184,6133,1025.49365234375,85.51554107666016,0.004197926260530949,1025.178466796875,63.28692626953125,0.004314882215112448,1021.3339233398438,71.9490966796875,0.0019163934048265219,1044.4810791015625,51.415924072265625,0.008626172319054604,1052.1695556640625,64.62126159667969,0.0022327969782054424,1047.1947021484375,19.58587646484375,0.010989269241690636,1088.39453125,11.288314819335938,0.007336548529565334,1037.4979248046875,62.500396728515625,0.06508532911539078,1055.7259521484375,50.07179260253906,0.044595006853342056,1045.085205078125,95.21131896972656,0.14984272420406342,1010.7704467773438,79.84547424316406,0.11656452715396881,1099.3040771484375,61.73895263671875,0.8108997344970703,1145.8995361328125,60.01771545410156,0.7633275389671326,997.0443115234375,443.82879638671875,0.9853112697601318,1164.08349609375,452.5529479980469,0.9772551655769348,959.1421508789062,836.5762939453125,0.9882578253746033,1356.06591796875,764.5852661132812,0.9840991497039795
185,6166,1021.5877075195312,88.45733642578125,0.004859487991780043,1019.9722290039062,67.9972915649414,0.004543555434793234,1019.2207641601562,79.1799087524414,0.001796087482944131,1041.298095703125,53.92474365234375,0.006768449675291777,1053.6802978515625,72.2164535522461,0.0015551545657217503,1045.160888671875,7.2269439697265625,0.012784023769199848,1086.2010498046875,3.362274169921875,0.006541966460645199,1026.2603759765625,37.14312744140625,0.13571453094482422,1054.077392578125,41.9033203125,0.06435564160346985,1032.97998046875,75.62040710449219,0.35246026515960693,1013.6883544921875,80.39364624023438,0.2274501472711563,1098.15478515625,65.54978942871094,0.8445613384246826,1139.789794921875,66.86000061035156,0.7748870253562927,996.7135620117188,442.23687744140625,0.9867218732833862,1147.313720703125,459.59765625,0.9754632115364075,970.0973510742188,831.986083984375,0.9875927567481995,1370.7889404296875,745.1322021484375,0.9808021783828735
186,6200,993.4471435546875,78.68692016601562,0.0052696457132697105,995.6163940429688,55.4014892578125,0.005345022305846214,993.920166015625,70.4512939453125,0.0018629494588822126,1023.1412353515625,41.16755676269531,0.007591640576720238,1026.0655517578125,67.38890075683594,0.0014758805045858026,1031.979248046875,0.0,0.009720898233354092,1069.7177734375,0.0,0.007812388241291046,1016.238525390625,26.61090087890625,0.1156860813498497,1040.6112060546875,31.99493408203125,0.0841638594865799,1029.706787109375,76.49093627929688,0.3405122458934784,1013.1141357421875,83.6927490234375,0.27062347531318665,1102.8941650390625,73.63417053222656,0.8028960227966309,1137.166015625,70.83554077148438,0.7625318169593811,1000.8922119140625,457.11163330078125,0.9797490239143372,1105.298583984375,454.8555908203125,0.9693682193756104,1005.873779296875,843.605712890625,0.9776707887649536,1375.9805908203125,731.1654052734375,0.9696013927459717
187,6233,1018.4119873046875,88.38333892822266,0.004862294998019934,1017.4033813476562,68.20774841308594,0.004843634553253651,1016.458984375,82.74028015136719,0.0017637501005083323,1042.797119140625,50.85667419433594,0.006029386073350906,1040.9210205078125,77.50076293945312,0.0011723148636519909,1045.333740234375,3.8166961669921875,0.009946875274181366,1063.864990234375,0.0,0.0060236211866140366,1028.324462890625,36.845489501953125,0.12787869572639465,1040.7742919921875,42.6390380859375,0.07414723932743073,1019.3421020507812,81.08345031738281,0.3472752571105957,1007.4908447265625,81.15582275390625,0.2657057046890259,1099.5372314453125,72.22640991210938,0.8418801426887512,1111.81103515625,75.39949035644531,0.7791823744773865,1006.9541015625,460.4216613769531,0.9854710102081299,1077.3712158203125,486.6565246582031,0.9728395938873291,1046.021240234375,853.3768310546875,0.9870977997779846,1343.851318359375,712.6395874023438,0.9794480204582214
188,6266,1006.7283935546875,83.99496459960938,0.0043340385891497135,1010.5779418945312,66.03467559814453,0.0045110126957297325,1002.4165649414062,80.81961822509766,0.0018152323318645358,1046.3165283203125,46.92164611816406,0.009760214947164059,1016.693115234375,75.14087677001953,0.0019583464600145817,1062.403564453125,7.008087158203125,0.015249029733240604,1034.1998291015625,0.0,0.015334934927523136,1044.2091064453125,55.68621826171875,0.09506163746118546,1022.3463134765625,63.64906311035156,0.10579980164766312,1009.3803100585938,116.95692443847656,0.1746642291545868,985.8231811523438,113.01296997070312,0.20980843901634216,1109.7275390625,101.33541870117188,0.8864022493362427,1088.8482666015625,104.824951171875,0.8723744750022888,1008.0690307617188,472.8029479980469,0.9850043058395386,1047.138671875,499.4451904296875,0.9777671098709106,1090.944580078125,857.1220092773438,0.9856712222099304,1313.32275390625,697.0062255859375,0.9810531735420227
189,6300,969.3345336914062,65.75619506835938,0.002644794061779976,975.2391967773438,48.37163543701172,0.003548213979229331,967.2947998046875,66.05314636230469,0.0012080468004569411,1014.31591796875,32.100494384765625,0.019563721492886543,987.1778564453125,64.35905456542969,0.003082255832850933,1027.7940673828125,0.0,0.030292004346847534,1007.3595581054688,0.0,0.01897508092224598,972.3870849609375,7.845977783203125,0.11023944616317749,986.4161376953125,24.9737548828125,0.058307431638240814,1013.4244995117188,37.62153625488281,0.09931588917970657,988.0706176757812,72.59403991699219,0.05631726607680321,1107.97265625,126.88069152832031,0.9218380451202393,1084.662353515625,125.0222396850586,0.894541323184967,1016.6613159179688,504.2288818359375,0.9855126738548279,1020.8508911132812,481.981201171875,0.974580705165863,1146.306640625,856.874267578125,0.9808510541915894,1281.0030517578125,696.8988647460938,0.9742947816848755
190,6333,867.9334716796875,38.032928466796875,0.005277727730572224,882.2865600585938,14.454139709472656,0.00807426031678915,872.309326171875,39.217529296875,0.0021464405581355095,962.3317260742188,10.865570068359375,0.03128897026181221,921.7481689453125,48.730247497558594,0.002969176974147558,1012.2559204101562,0.0,0.03753320127725601,979.2108764648438,0.0,0.021362734958529472,933.7403564453125,7.995460510253906,0.12807399034500122,953.2069702148438,17.483802795410156,0.07289700210094452,914.8636474609375,9.752037048339844,0.13967515528202057,906.781005859375,2.2661361694335938,0.0985751673579216,1127.6929931640625,124.50068664550781,0.8760802745819092,1081.4288330078125,123.08045196533203,0.8405664563179016,1030.6385498046875,501.2215881347656,0.9706578850746155,969.592041015625,474.4566650390625,0.9502120614051819,1196.12158203125,857.0716552734375,0.9507496953010559,1240.22021484375,667.824951171875,0.9391561150550842
191,6366,935.541015625,80.2236328125,0.0021704258397221565,945.623291015625,59.94367218017578,0.0031787280458956957,934.09375,79.64664459228516,0.0011010675225406885,997.2236938476562,44.71893310546875,0.02226484753191471,955.1210327148438,78.82938385009766,0.0031966599635779858,1030.614990234375,0.0,0.028797628358006477,965.7755737304688,0.0,0.023153938353061676,931.3832397460938,2.4459915161132812,0.09379919618368149,951.0645141601562,11.053184509277344,0.06936416774988174,964.0230712890625,5.9475860595703125,0.07126839458942413,949.4990844726562,9.664604187011719,0.052843499928712845,1119.967529296875,127.42476654052734,0.8883131742477417,1048.9183349609375,128.38430786132812,0.8708102107048035,1067.3643798828125,503.5827941894531,0.9683216214179993,942.0820922851562,464.73486328125,0.9517636895179749,1225.8477783203125,850.5328369140625,0.9413860440254211,1175.99951171875,691.69384765625,0.9340547919273376
192,6400,996.9373168945312,95.90467071533203,0.0026717428117990494,1004.5735473632812,71.38494873046875,0.0037131167482584715,986.43701171875,85.72428131103516,0.001308898557908833,1050.1212158203125,52.49249267578125,0.014961878769099712,991.9172973632812,79.2879409790039,0.0021303582470864058,1080.8243408203125,23.817581176757812,0.0176077950745821,1007.6085205078125,12.257949829101562,0.014681102707982063,1072.2532958984375,68.7623291015625,0.05927296727895737,1037.23974609375,75.54286193847656,0.06009930372238159,1060.0513916015625,126.10908508300781,0.05835016444325447,1009.3584594726562,127.55264282226562,0.058558668941259384,1124.639404296875,112.45600891113281,0.8648244142532349,1042.4498291015625,106.1400146484375,0.8539363741874695,1128.0435791015625,500.1647033691406,0.9759083986282349,931.8270874023438,446.132080078125,0.968165934085846,1284.1748046875,848.4353637695312,0.9757497906684875,1119.6680908203125,746.5548706054688,0.9748349785804749
193,6433,976.8402099609375,97.36283874511719,0.0030536968261003494,984.554443359375,74.32239532470703,0.004150321241468191,974.3056640625,89.45587921142578,0.002153560519218445,1024.671142578125,57.49310302734375,0.019522208720445633,989.5199584960938,84.04863739013672,0.005434613209217787,1065.427490234375,13.493270874023438,0.017320137470960617,1001.6499633789062,9.635810852050781,0.028803639113903046,1044.0447998046875,49.80640411376953,0.03418128564953804,1053.7293701171875,41.16913604736328,0.0738145112991333,1061.217529296875,114.86288452148438,0.024974176660180092,1057.37109375,109.00653076171875,0.04141092672944069,1127.344970703125,108.48454284667969,0.8417676687240601,1046.2236328125,110.98141479492188,0.8733859062194824,1150.2608642578125,476.8975830078125,0.962454617023468,928.7052612304688,437.2500915527344,0.963773250579834,1321.6873779296875,833.066162109375,0.9492636919021606,1053.467041015625,755.2846069335938,0.9583960771560669
194,6466,1022.8075561523438,85.63682556152344,0.007861446589231491,1029.6500244140625,65.02931213378906,0.009888865984976292,1017.596435546875,76.67669677734375,0.005713814403861761,1058.9239501953125,55.72874450683594,0.023953378200531006,1020.3098754882812,73.55728912353516,0.008643352426588535,1068.393310546875,23.96967315673828,0.04211437702178955,1035.712646484375,8.039680480957031,0.018813084810972214,1033.50537109375,63.203224182128906,0.08732737600803375,1059.74853515625,54.249481201171875,0.04056820273399353,1031.03369140625,123.98139953613281,0.06187445670366287,1076.494384765625,126.03300476074219,0.03402348980307579,1130.533935546875,110.54759216308594,0.8442598581314087,1058.515869140625,102.944091796875,0.7881321310997009,1183.3013916015625,466.1173095703125,0.9637641310691833,936.608154296875,439.47747802734375,0.9453259706497192,1355.81982421875,805.5496826171875,0.9548388719558716,977.5903930664062,794.09130859375,0.9423157572746277
195,6500,1020.3638305664062,95.98956298828125,0.003404561197385192,1023.096923828125,76.20270538330078,0.003961015027016401,1015.6439208984375,83.3631591796875,0.0020269008819013834,1049.1165771484375,66.92207336425781,0.009227072820067406,1024.37548828125,78.64112091064453,0.0026602307334542274,1055.079345703125,43.761016845703125,0.010727832093834877,1048.5550537109375,27.110137939453125,0.009847206063568592,1014.0933837890625,88.43339538574219,0.038767412304878235,1124.596435546875,79.95794677734375,0.04378914460539818,1027.1383056640625,128.87200927734375,0.041078854352235794,1126.89453125,122.99034118652344,0.04056232050061226,1120.0936279296875,88.9478759765625,0.8402999639511108,1058.9293212890625,87.36488342285156,0.8365759253501892,1193.9951171875,462.2563781738281,0.9813018441200256,961.6565551757812,444.6871337890625,0.977984607219696,1400.990966796875,798.101806640625,0.9864555597305298,939.4312133789062,811.762451171875,0.9862348437309265
196,6533,1043.33984375,72.44144439697266,0.006174861919134855,1044.136474609375,53.80902099609375,0.007185792550444603,1040.447021484375,65.94583129882812,0.004367359448224306,1060.271240234375,51.54066467285156,0.015683826059103012,1046.8414306640625,71.15994262695312,0.005790452007204294,1039.9200439453125,26.874755859375,0.023840365931391716,1078.794189453125,14.248443603515625,0.011343511752784252,997.5192260742188,59.94891357421875,0.06717146933078766,1115.7957763671875,54.103179931640625,0.03344382345676422,999.2576293945312,104.83781433105469,0.057177282869815826,1133.8629150390625,113.7107162475586,0.0321592353284359,1100.7811279296875,90.78804016113281,0.8181177377700806,1069.527099609375,86.72163391113281,0.7609037756919861,1189.241455078125,461.30450439453125,0.9681416153907776,971.8903198242188,447.7090759277344,0.9537509679794312,1414.64990234375,781.8063354492188,0.9641446471214294,931.628173828125,806.9019165039062,0.9551224112510681
197,6566,1032.703857421875,74.71504211425781,0.007839486002922058,1036.986328125,54.8199462890625,0.009346834383904934,1026.686767578125,65.15184020996094,0.005771877709776163,1055.829345703125,51.16786193847656,0.01694330759346485,1022.4050903320312,67.45912170410156,0.006552127189934254,1041.2281494140625,28.526962280273438,0.024548331275582314,1031.1590576171875,14.301727294921875,0.010950184427201748,1005.1806030273438,63.719329833984375,0.06483147293329239,1034.123291015625,59.02935791015625,0.02898046374320984,1011.8615112304688,112.2344741821289,0.05751028284430504,1047.4652099609375,135.8915557861328,0.0303075909614563,1098.420654296875,95.96312713623047,0.7966180443763733,1045.362548828125,94.3912353515625,0.7293313145637512,1159.2183837890625,467.7622375488281,0.9616506099700928,969.3477783203125,454.0262451171875,0.9434750080108643,1420.8580322265625,761.7276000976562,0.9581424593925476,967.8446044921875,807.7686767578125,0.9473693370819092
198,6600,1001.5208740234375,95.22113800048828,0.004341415129601955,1004.0070190429688,76.85588836669922,0.00546853756532073,995.36083984375,83.67647552490234,0.002504325471818447,1029.240478515625,64.31121826171875,0.009408566169440746,1006.333984375,74.59009552001953,0.0021870960481464863,1030.0797119140625,32.06817626953125,0.008735398761928082,1030.5029296875,11.584487915039062,0.00685895886272192,997.7467041015625,62.048675537109375,0.03928953409194946,1045.52490234375,58.32957458496094,0.03515610098838806,1003.5164794921875,121.28736877441406,0.04899479076266289,1005.0979614257812,99.8448486328125,0.04264635965228081,1087.66748046875,85.21554565429688,0.8063451647758484,1045.1507568359375,84.9254150390625,0.7892444729804993,1126.0234375,491.2273254394531,0.9760069251060486,979.7757568359375,468.772705078125,0.9715121388435364,1419.7774658203125,735.4847412109375,0.9837667942047119,1004.0903930664062,826.7559814453125,0.9829742908477783
199,6633,999.4132690429688,100.28473663330078,0.003764950670301914,1002.7619018554688,83.18879699707031,0.004716215189546347,991.3130493164062,91.28455352783203,0.0022140603978186846,1028.180419921875,65.68988800048828,0.008611040189862251,999.1444702148438,78.6987075805664,0.0020314655266702175,1023.17236328125,27.15692138671875,0.007602429483085871,1025.4844970703125,8.803619384765625,0.006587240379303694,996.281982421875,61.748748779296875,0.036166317760944366,1016.5645751953125,66.03359985351562,0.03567663952708244,979.080322265625,138.42613220214844,0.04770827665925026,966.7904663085938,133.72265625,0.047215208411216736,1077.0435791015625,87.26957702636719,0.7861606478691101,1048.6256103515625,88.80180358886719,0.7742878198623657,1070.0521240234375,496.3424377441406,0.9707080125808716,993.7813110351562,483.2159118652344,0.9668627977371216,1398.5589599609375,729.2620849609375,0.9805739521980286,1053.08203125,835.3539428710938,0.9798999428749084
200,6666,976.978271484375,85.88182067871094,0.002832885133102536,974.9476928710938,72.36039733886719,0.003231321694329381,973.5311279296875,83.12459564208984,0.0014535533264279366,996.4405517578125,54.66847229003906,0.011110668070614338,1009.2696533203125,71.46219635009766,0.0023153529036790133,976.9220581054688,10.934280395507812,0.015044273808598518,1070.8004150390625,0.0,0.013171943835914135,932.096923828125,34.37548828125,0.06741692870855331,1017.8064575195312,59.78398132324219,0.06519929319620132,942.5775146484375,112.13369750976562,0.07152031362056732,952.5111694335938,114.02522277832031,0.07376983016729355,1063.2740478515625,106.25312805175781,0.8747838139533997,1103.639892578125,107.42985534667969,0.864262044429779,1021.2874755859375,501.10565185546875,0.9761537909507751,1015.8834228515625,502.5738830566406,0.9736875295639038,1342.093505859375,707.3172607421875,0.981399655342102,1086.205078125,840.360595703125,0.9800437688827515
201,6700,889.5408325195312,43.801002502441406,0.002896198071539402,894.0220336914062,27.682273864746094,0.003927788231521845,890.4710083007812,44.53765869140625,0.0012273862957954407,944.2493286132812,19.48095703125,0.02083059400320053,954.65283203125,44.20097351074219,0.0025534494780004025,948.3400268554688,0.0,0.03750959038734436,1033.8067626953125,0.0,0.01670754700899124,882.7208862304688,9.547119140625,0.13810338079929352,925.3914184570312,22.709060668945312,0.060881659388542175,911.531494140625,14.058563232421875,0.11617166548967361,905.6256103515625,13.762893676757812,0.06736251711845398,1071.032958984375,123.13124084472656,0.9187016487121582,1112.769775390625,123.9781723022461,0.8836624026298523,987.3822021484375,489.6836242675781,0.9793174266815186,1013.1866455078125,497.4551696777344,0.971091091632843,1284.78076171875,707.4349365234375,0.9784598350524902,1112.621337890625,841.35498046875,0.9725974202156067
202,6733,847.793701171875,30.0479736328125,0.005299681797623634,851.5982666015625,11.109832763671875,0.006792481988668442,850.2341918945312,30.17120361328125,0.0018530461238697171,906.8902587890625,5.314842224121094,0.04119196906685829,930.7261962890625,32.36457824707031,0.00488415639847517,926.855224609375,0.0,0.08888281136751175,1040.1697998046875,0.0,0.0374709889292717,882.1727294921875,5.19598388671875,0.21593739092350006,977.0328369140625,24.4434814453125,0.0785704255104065,898.1731567382812,5.620880126953125,0.15711501240730286,913.5393676757812,12.890487670898438,0.06858912855386734,1070.2392578125,110.52264404296875,0.9075385928153992,1142.2373046875,108.20599365234375,0.8641400337219238,965.5657348632812,479.5501403808594,0.9729115962982178,1049.4166259765625,486.4771728515625,0.9564801454544067,1213.206298828125,751.304443359375,0.9591565728187561,1172.451904296875,797.8162231445312,0.9442793726921082
203,6766,943.404052734375,85.1631088256836,0.0019168922444805503,941.1158447265625,66.47982788085938,0.002851933240890503,945.9390258789062,84.72885131835938,0.0010953460587188601,968.0379638671875,47.64289855957031,0.030877843499183655,1008.5538940429688,75.4977035522461,0.005191808566451073,958.4982299804688,4.498146057128906,0.041710782796144485,1097.2930908203125,0.0,0.02231341227889061,915.9358520507812,24.71832275390625,0.07731848955154419,1069.4771728515625,52.543304443359375,0.04157353192567825,929.9344482421875,56.849945068359375,0.04327377676963806,1007.9853515625,110.6443862915039,0.0288810096681118,1060.2847900390625,116.82449340820312,0.9026979804039001,1155.646240234375,111.01235961914062,0.8731164932250977,923.771728515625,470.50286865234375,0.9776167869567871,1070.6278076171875,475.22607421875,0.9701897501945496,1157.50048828125,766.8997192382812,0.9792678356170654,1219.4039306640625,812.9234619140625,0.9745998382568359
204,6800,968.5574340820312,83.0860366821289,0.007889867760241032,970.1326904296875,54.74285888671875,0.010295538231730461,972.2974243164062,73.5289077758789,0.005388624034821987,990.115966796875,39.109474182128906,0.045069389045238495,1021.453125,67.7094955444336,0.011754272505640984,979.618896484375,0.0,0.05431194603443146,1093.853515625,4.96966552734375,0.027595821768045425,965.698486328125,41.22148132324219,0.07857479155063629,1072.301513671875,57.224098205566406,0.04353270307183266,1002.97265625,106.77477264404297,0.06600174307823181,1034.3076171875,120.73452758789062,0.04734056070446968,1073.3572998046875,98.37041473388672,0.8141908049583435,1159.640380859375,104.49526977539062,0.7567341327667236,924.7564086914062,434.2935791015625,0.9569680690765381,1101.6123046875,460.1759948730469,0.9399711489677429,1082.2486572265625,780.0079345703125,0.950953483581543,1255.89990234375,804.5145874023438,0.9380202293395996
205,6833,983.970703125,76.9764404296875,0.0062111676670610905,986.6452026367188,49.66960144042969,0.007434137165546417,985.7322387695312,66.14482116699219,0.0039818123914301395,1006.0217895507812,36.88169860839844,0.030002696439623833,1026.5794677734375,62.21186828613281,0.007952441461384296,1002.8206787109375,0.0,0.034773845225572586,1082.06787109375,0.0,0.02319306507706642,995.579833984375,48.60447692871094,0.06425582617521286,1041.9305419921875,48.663848876953125,0.051617659628391266,1012.437255859375,121.4256820678711,0.06869541853666306,994.231201171875,105.46742248535156,0.06763672828674316,1079.0220947265625,90.67131042480469,0.8053523302078247,1151.987548828125,97.68255615234375,0.7694256901741028,932.5872802734375,431.8245849609375,0.9624793529510498,1129.521484375,456.7629089355469,0.9502362012863159,1006.134033203125,804.7349853515625,0.9539252519607544,1303.3018798828125,787.214599609375,0.9447226524353027
206,6866,972.8093872070312,81.89776611328125,0.002232773695141077,973.6432495117188,58.638519287109375,0.002708498854190111,974.858154296875,71.36672973632812,0.0010695868404582143,992.7120361328125,45.67247772216797,0.009665039367973804,1013.9149169921875,66.17179870605469,0.002007914474233985,999.7410278320312,7.141960144042969,0.008142211474478245,1066.31591796875,3.304412841796875,0.007357663940638304,993.834228515625,49.92931365966797,0.04132937267422676,1038.3612060546875,46.55076599121094,0.040379419922828674,1015.7518310546875,96.44178771972656,0.08049466460943222,987.0775146484375,79.98213958740234,0.07831212878227234,1069.4725341796875,64.15512084960938,0.7671571373939514,1136.2564697265625,63.443756103515625,0.748172402381897,958.7158813476562,437.33917236328125,0.9776662588119507,1138.1234130859375,444.5575866699219,0.9720681309700012,915.6354370117188,813.4193115234375,0.9811346530914307,1336.9508056640625,771.0076904296875,0.9769909977912903
207,6900,1010.822998046875,94.19867706298828,0.004480889067053795,1010.5330810546875,72.17642211914062,0.004493163898587227,1005.2598266601562,80.49446868896484,0.002102130325511098,1029.1278076171875,59.83937072753906,0.008136210031807423,1031.5770263671875,72.83589935302734,0.0022588325664401054,1031.650146484375,19.887771606445312,0.010997428558766842,1053.1201171875,15.192626953125,0.006920983083546162,1011.324462890625,55.077850341796875,0.06707467883825302,1011.3552856445312,45.688751220703125,0.04416844993829727,1018.7078247070312,79.69413757324219,0.15788395702838898,973.5798950195312,63.864349365234375,0.12460341304540634,1073.3057861328125,64.53414916992188,0.8069778084754944,1108.6632080078125,67.27317810058594,0.7517479658126831,965.166015625,430.28887939453125,0.9846786260604858,1139.168701171875,450.25628662109375,0.9754400849342346,899.810546875,816.3856811523438,0.9880402684211731,1337.889404296875,754.6992797851562,0.9831987023353577
208,6933,1006.6551513671875,99.12348175048828,0.005252748262137175,1006.1061401367188,76.19618225097656,0.005126274656504393,1000.469482421875,85.97266387939453,0.0024932825472205877,1023.1587524414062,63.97261047363281,0.0072164093144237995,1020.7083129882812,80.80938720703125,0.0021620781626552343,1025.919921875,20.343612670898438,0.00925829354673624,1038.2744140625,16.451339721679688,0.006621276959776878,1001.5175170898438,54.252777099609375,0.06488975137472153,1004.72119140625,48.42498779296875,0.04961727559566498,1003.2573852539062,76.09378051757812,0.1733664572238922,968.7698364257812,63.73768615722656,0.1573156714439392,1072.7537841796875,60.97187805175781,0.794724702835083,1095.908203125,65.72328186035156,0.7452354431152344,967.0816040039062,427.20281982421875,0.9848009347915649,1109.2745361328125,451.6022644042969,0.9756700396537781,917.4407958984375,823.8133544921875,0.9887621998786926,1343.5006103515625,732.2678833007812,0.9840615391731262
209,6966,965.3552856445312,85.91377258300781,0.0023864870890975,968.606689453125,61.631378173828125,0.0031154584139585495,966.7175903320312,78.50269317626953,0.00124573044013232,997.1541748046875,47.462059020996094,0.011321020312607288,1000.340576171875,77.07705688476562,0.002219689777120948,1000.0257568359375,7.7615203857421875,0.007406896911561489,1043.4171142578125,0.7492904663085938,0.009817633777856827,985.5750732421875,47.189186096191406,0.030514666810631752,1027.259521484375,47.05165100097656,0.0501222237944603,1010.9038696289062,80.91151428222656,0.052948933094739914,974.2211303710938,67.96018981933594,0.08105159550905228,1058.6939697265625,70.98184204101562,0.7691870927810669,1098.1842041015625,71.69087219238281,0.778979480266571,960.7103271484375,440.4134521484375,0.9752997756004333,1066.5255126953125,451.7115783691406,0.9717758297920227,942.3056640625,819.7813110351562,0.9808040261268616,1332.9815673828125,717.9801635742188,0.9776685237884521
210,7000,964.2488403320312,85.93384552001953,0.005958003457635641,964.2741088867188,65.93122100830078,0.006351431366056204,962.9163208007812,81.60523223876953,0.0022521011997014284,994.613037109375,45.41258239746094,0.012055470608174801,991.5546264648438,74.20083618164062,0.002086969092488289,1005.4142456054688,0.0,0.016115374863147736,1019.483642578125,0.0,0.015095814131200314,986.3582763671875,35.64372253417969,0.10511850565671921,997.53662109375,37.531768798828125,0.09871602058410645,980.2933959960938,81.77627563476562,0.21707706153392792,960.0243530273438,65.8026123046875,0.20850035548210144,1058.279296875,82.55323791503906,0.8777433633804321,1070.76025390625,83.18348693847656,0.8589745759963989,957.8641357421875,456.17742919921875,0.9871178269386292,1032.705810546875,470.45135498046875,0.9806604981422424,988.2404174804688,844.3079223632812,0.9879012107849121,1278.96533203125,701.7272338867188,0.9840875267982483
211,7033,929.3765869140625,74.90961456298828,0.002765958895906806,928.2147216796875,57.937408447265625,0.003699755761772394,932.0965576171875,73.31369018554688,0.0010968559654429555,961.2791748046875,40.96211242675781,0.01882498525083065,977.7346801757812,67.7764663696289,0.002461446914821863,967.5646362304688,0.0,0.031674571335315704,1016.9024658203125,0.0,0.014576391316950321,914.4207153320312,17.282913208007812,0.1260809302330017,1002.0399780273438,37.0517578125,0.05026873201131821,951.4136962890625,49.041046142578125,0.13053402304649353,957.4260864257812,52.017059326171875,0.06422404199838638,1051.061279296875,104.59858703613281,0.9186558723449707,1076.43408203125,106.15333557128906,0.8737260699272156,956.7923583984375,466.8148498535156,0.9889770150184631,1011.4136352539062,485.4931945800781,0.978067934513092,1031.6663818359375,840.43212890625,0.9895183444023132,1238.475830078125,710.5671997070312,0.9833948612213135
212,7066,907.1277465820312,64.24935150146484,0.0018317002104595304,911.8515014648438,47.272247314453125,0.0028700935654342175,911.1875610351562,66.27664947509766,0.0005745249218307436,961.7495727539062,31.657928466796875,0.020265044644474983,960.3441162109375,64.15791320800781,0.0015562522457912564,987.4389038085938,0.0,0.05796588584780693,1012.216796875,0.0,0.009574553929269314,894.46533203125,17.336929321289062,0.323331743478775,959.9780883789062,30.563140869140625,0.03650584816932678,805.0398559570312,6.8851318359375,0.2859225571155548,880.1248779296875,47.71824645996094,0.05332129821181297,1062.2369384765625,127.70892333984375,0.9528213739395142,1068.2003173828125,121.53609466552734,0.8840229511260986,955.9165649414062,482.999755859375,0.9915378093719482,986.4661254882812,476.597900390625,0.9738340973854065,1075.0306396484375,840.2371215820312,0.9884079098701477,1187.75830078125,715.2808227539062,0.9766407608985901
213,7100,873.4136352539062,89.20179748535156,0.0020881728269159794,885.556884765625,68.68400573730469,0.003768838942050934,875.9617309570312,91.69229125976562,0.0005146173061802983,954.5563354492188,54.61427307128906,0.019893191754817963,920.3714599609375,91.77629089355469,0.0007829935057088733,1002.7972412109375,0.0,0.0548056997358799,971.6815795898438,0.0,0.0061080870218575,909.4287109375,11.023567199707031,0.47495684027671814,939.2842407226562,28.233261108398438,0.0418223962187767,806.9924926757812,25.132232666015625,0.5411168932914734,848.9073486328125,34.782920837402344,0.09610959142446518,1077.1417236328125,124.43401336669922,0.8823274970054626,1032.0003662109375,119.97647094726562,0.7080052495002747,962.2095947265625,494.4474792480469,0.9606307148933411,888.1653442382812,472.7402648925781,0.8749596476554871,1100.5118408203125,852.6668701171875,0.9064697623252869,1094.69384765625,761.4614868164062,0.8206475377082825
214,7133,833.4737548828125,87.28848266601562,0.005442727357149124,839.8575439453125,64.28363800048828,0.006716334261000156,834.0972290039062,86.43404388427734,0.0016160819213837385,911.8758544921875,36.81129455566406,0.026461629197001457,887.5845947265625,75.40919494628906,0.0022366384509950876,963.9459228515625,3.6822738647460938,0.06516122072935104,955.5407104492188,0.0,0.030553726479411125,843.6748046875,33.44636535644531,0.31089872121810913,931.477294921875,39.48609924316406,0.14444541931152344,818.6873168945312,30.0985107421875,0.3409150540828705,849.8076782226562,37.179290771484375,0.18893009424209595,1066.3685302734375,148.8953399658203,0.9471065402030945,1020.1696166992188,135.5054168701172,0.9242435097694397,1001.4417114257812,516.484375,0.9870370626449585,864.241943359375,448.12353515625,0.9767974019050598,1165.042724609375,841.3386840820312,0.97501140832901,1027.0616455078125,721.098876953125,0.9701817035675049
215,7166,912.4373168945312,78.92861938476562,0.0036226247902959585,922.16748046875,60.79595947265625,0.0034359151031821966,910.48828125,76.76394653320312,0.0013409944949671626,975.0950927734375,41.22807312011719,0.01103906985372305,933.4545288085938,69.66698455810547,0.0019005673239007592,1000.4912719726562,5.946624755859375,0.027538824826478958,962.516845703125,0.0,0.030851293355226517,871.6403198242188,39.81683349609375,0.19762414693832397,895.0799560546875,48.539337158203125,0.21747054159641266,828.1585693359375,15.023757934570312,0.25810760259628296,828.1106567382812,16.329849243164062,0.27023792266845703,1064.526123046875,145.2119903564453,0.9297083616256714,997.5785522460938,134.15859985351562,0.9302852153778076,1022.123291015625,507.3407897949219,0.9832426309585571,853.1001586914062,441.7430419921875,0.9788306355476379,1201.423828125,838.8807373046875,0.9684974551200867,949.7791137695312,757.25830078125,0.9697721004486084
216,7200,944.75390625,83.75585174560547,0.008443031460046768,950.9727172851562,67.41606903076172,0.006411274429410696,935.8939819335938,76.64179229736328,0.0033105008769780397,984.67236328125,47.866973876953125,0.010598777793347836,942.3652954101562,61.31879425048828,0.003139967331662774,991.8045654296875,5.68359375,0.04475945979356766,974.2371826171875,0.0,0.030002105981111526,911.690185546875,24.955123901367188,0.29072579741477966,946.6173706054688,30.968994140625,0.1835462599992752,863.5409545898438,20.50653076171875,0.36052563786506653,859.9478759765625,10.373062133789062,0.24455590546131134,1066.79638671875,149.41781616210938,0.9202495217323303,1001.3776245117188,130.26100158691406,0.9002066254615784,1064.13427734375,508.4501037597656,0.9789861440658569,828.368408203125,441.6500244140625,0.9686991572380066,1245.9656982421875,831.0162963867188,0.9641609191894531,845.3701171875,784.1959228515625,0.9596835970878601
217,7233,914.5581665039062,69.03192901611328,0.00343513791449368,919.1868896484375,55.38404846191406,0.0031097503378987312,911.4375,63.6910400390625,0.0012817895039916039,957.2493896484375,43.224517822265625,0.007483236491680145,931.1869506835938,56.10511779785156,0.0015778141096234322,969.4072265625,8.561187744140625,0.023986950516700745,969.1015014648438,1.5618438720703125,0.016271300613880157,901.6124267578125,13.7589111328125,0.18847160041332245,971.053955078125,31.011154174804688,0.11944422125816345,906.2272338867188,34.22080993652344,0.21912045776844025,915.2347412109375,44.0877685546875,0.1326543539762497,1051.64990234375,133.45115661621094,0.9374459981918335,992.0516967773438,123.75942993164062,0.9237403273582458,1096.4659423828125,501.26727294921875,0.9880291819572449,842.086669921875,449.9437255859375,0.9823406934738159,1287.7388916015625,811.1927490234375,0.9831066131591797,776.441162109375,788.7756958007812,0.9817726016044617
218,7266,947.5512084960938,89.05517578125,0.0032763159833848476,949.8878173828125,76.5721435546875,0.0027229059487581253,945.4332275390625,81.37440490722656,0.0015729541191831231,976.916015625,62.929344177246094,0.005304510705173016,958.6813354492188,69.3178482055664,0.0018637946341186762,980.7852783203125,33.81001281738281,0.011178495362401009,994.216796875,12.579666137695312,0.016973474994301796,922.6937866210938,73.40089416503906,0.07940756529569626,1008.5568237304688,53.80641174316406,0.1315104067325592,894.2921142578125,111.72244262695312,0.102621890604496,938.6787109375,92.74273681640625,0.13167120516300201,1044.6243896484375,122.7733154296875,0.9111928343772888,992.0855712890625,110.33358764648438,0.9254976511001587,1115.5675048828125,485.14324951171875,0.9868518710136414,855.3997802734375,444.89007568359375,0.9864979982376099,1323.917724609375,793.13818359375,0.9860158562660217,737.9304809570312,780.0276489257812,0.9878673553466797
219,7300,942.0533447265625,90.96688842773438,0.003343094140291214,943.3866577148438,77.53216552734375,0.0031664471607655287,940.6820678710938,82.37358856201172,0.0018294773763045669,968.2437744140625,68.76589965820312,0.006166162900626659,955.1285400390625,75.60216522216797,0.0022312975488603115,966.0888671875,42.68174743652344,0.00996655598282814,990.6419677734375,23.860519409179688,0.0113067626953125,907.0504760742188,85.25820922851562,0.053689680993556976,1058.7703857421875,74.88340759277344,0.06990723311901093,902.7973022460938,128.1474609375,0.0635371133685112,1071.3916015625,129.68646240234375,0.06445546448230743,1034.5294189453125,107.29801940917969,0.8903307318687439,983.1273803710938,100.22648620605469,0.8964096903800964,1113.3175048828125,471.23876953125,0.9870757460594177,854.1608276367188,446.13555908203125,0.9855340719223022,1346.0693359375,770.4457397460938,0.9895665645599365,738.3621826171875,784.3841552734375,0.9900237917900085
220,7333,933.3411254882812,93.84683990478516,0.0037901464384049177,934.5152587890625,77.78276824951172,0.0041917189955711365,929.0592651367188,84.5057373046875,0.001859681447967887,961.8170166015625,66.662841796875,0.006529251113533974,940.885986328125,77.61055755615234,0.0016208513407036662,963.5987548828125,42.108123779296875,0.009973733685910702,970.938720703125,21.630661010742188,0.006806106772273779,886.8971557617188,81.810791015625,0.06989265233278275,991.4075317382812,71.21823120117188,0.04480075091123581,835.733154296875,123.99884033203125,0.0879867747426033,930.3248291015625,118.37892150878906,0.05590339004993439,1023.6842651367188,98.37391662597656,0.882505476474762,965.7999267578125,92.52763366699219,0.8602423667907715,1093.145263671875,470.0257873535156,0.9873979091644287,846.5738525390625,452.7535705566406,0.9821918606758118,1347.1134033203125,752.82373046875,0.9906527996063232,763.6749877929688,792.9270629882812,0.9891167283058167
221,7366,927.9105834960938,103.14424896240234,0.005841483362019062,931.0228271484375,85.96101379394531,0.005528963170945644,920.5881958007812,93.93955993652344,0.0024307705461978912,962.4459228515625,73.13658142089844,0.0041711158119142056,928.2365112304688,85.905029296875,0.0010374230332672596,961.5203247070312,39.692230224609375,0.007346828002482653,956.9203491210938,14.984710693359375,0.005517648067325354,898.438720703125,62.60943603515625,0.10723876953125,938.6145629882812,50.797027587890625,0.07670662552118301,841.8901977539062,96.31768798828125,0.2259126454591751,867.6553344726562,81.13087463378906,0.16809184849262238,1005.6622924804688,91.563720703125,0.8725149035453796,947.6760864257812,86.45466613769531,0.8495064973831177,1062.7825927734375,484.0615539550781,0.9862915873527527,844.2716674804688,468.3791198730469,0.9813557267189026,1347.5362548828125,735.210205078125,0.9888695478439331,803.2293701171875,816.2616577148438,0.9868925213813782
222,7400,944.4815063476562,93.44696044921875,0.009748538956046104,944.9236450195312,78.89859008789062,0.007710808888077736,935.1123657226562,85.1663589477539,0.004901764448732138,962.7916259765625,62.738868713378906,0.006446593441069126,935.4061889648438,71.28273010253906,0.00281652994453907,943.0728149414062,27.867965698242188,0.01802160032093525,969.3869018554688,2.8267822265625,0.009227583184838295,880.7161254882812,70.86790466308594,0.14490708708763123,930.4238891601562,59.919525146484375,0.06771863996982574,838.51611328125,98.1708984375,0.22267714142799377,855.4228515625,81.02412414550781,0.12739932537078857,984.9229125976562,118.34934997558594,0.86415034532547,951.2803344726562,105.2523193359375,0.8131348490715027,1028.5389404296875,497.7942810058594,0.979989230632782,850.3383178710938,477.7129211425781,0.9702743887901306,1319.429443359375,732.3587036132812,0.9821427464485168,830.9271240234375,820.3899536132812,0.9769870042800903
223,7433,905.8575439453125,103.32623291015625,0.0050586205907166,909.5839233398438,88.1455307006836,0.005261813290417194,898.5004272460938,96.09221649169922,0.0027382569387555122,938.2210693359375,69.0135269165039,0.007511686068028212,909.224365234375,80.90753173828125,0.0022627487778663635,929.9571533203125,26.09912109375,0.011675680987536907,942.6930541992188,5.4463348388671875,0.00865044817328453,873.3942260742188,46.452392578125,0.07513225078582764,918.393310546875,52.11442565917969,0.05842963606119156,852.0798950195312,85.78253173828125,0.10341233015060425,857.4038696289062,69.23263549804688,0.0832744687795639,967.9228515625,99.04783630371094,0.8430460095405579,936.4083862304688,93.24957275390625,0.8199071884155273,979.8563232421875,505.1261901855469,0.9748993515968323,852.41748046875,484.5680236816406,0.9699128270149231,1270.220703125,704.6691284179688,0.9803280234336853,863.1201782226562,828.4179077148438,0.9782294631004333
224,7466,864.6194458007812,108.16790771484375,0.002296930178999901,868.4638061523438,91.5769271850586,0.0031150749418884516,861.7623291015625,103.77472686767578,0.0012399322586134076,903.3076171875,70.15127563476562,0.010672686621546745,891.76708984375,89.28488159179688,0.0019096957985311747,905.9544677734375,21.909324645996094,0.009202701970934868,943.6799926757812,0.601593017578125,0.010951454751193523,866.8331909179688,43.089271545410156,0.04339639097452164,908.326171875,42.19269561767578,0.06245385482907295,854.9082641601562,100.01554870605469,0.046499162912368774,856.846435546875,91.85755920410156,0.05977572873234749,959.1312255859375,114.64118957519531,0.8343533873558044,958.270751953125,112.33035278320312,0.8492546677589417,908.5499877929688,501.1976623535156,0.9668853282928467,859.0763549804688,480.5810241699219,0.9687612056732178,1205.0911865234375,697.1011962890625,0.9720548391342163,894.8516845703125,827.54248046875,0.9738894104957581
225,7500,855.1336669921875,93.51571655273438,0.002114738104864955,857.4446411132812,78.88362121582031,0.0027826097793877125,853.0536499023438,93.2135009765625,0.0010733165545389056,890.70263671875,57.72990417480469,0.014208867214620113,893.020751953125,80.76622009277344,0.0025622013490647078,884.5610961914062,8.5902099609375,0.0198452640324831,955.3062744140625,0.0,0.016648005694150925,842.8026733398438,14.479843139648438,0.0759367048740387,882.9324340820312,31.617691040039062,0.06815595179796219,864.7665405273438,53.147735595703125,0.059628553688526154,850.8470458984375,70.95620727539062,0.05459153652191162,961.92724609375,136.60006713867188,0.9026776552200317,993.5350341796875,135.91360473632812,0.8946070671081543,868.469482421875,496.6209716796875,0.9783055186271667,870.2078857421875,492.5400085449219,0.9753011465072632,1141.23193359375,718.5028076171875,0.9802688956260681,923.9646606445312,831.9743041992188,0.978245198726654
226,7533,820.0933837890625,63.648353576660156,0.004378745332360268,822.7069702148438,45.304779052734375,0.005424153991043568,817.6470947265625,65.12713623046875,0.0020126248709857464,865.2951049804688,32.584075927734375,0.020207194611430168,865.8241577148438,65.41447448730469,0.003792525501921773,873.760986328125,6.416313171386719,0.032838694751262665,938.3333129882812,0.0,0.02410588227212429,839.120361328125,11.204086303710938,0.10914076119661331,859.5170288085938,26.33367919921875,0.08363381028175354,849.9871215820312,45.59349060058594,0.10231240838766098,843.2666015625,55.53021240234375,0.08518259227275848,968.975830078125,123.99787902832031,0.8918891549110413,1003.5277099609375,122.32882690429688,0.8747857809066772,836.2174072265625,481.5548400878906,0.9756198525428772,863.58251953125,483.0174255371094,0.9697331786155701,1074.5927734375,736.64501953125,0.9763010144233704,953.8623657226562,811.9931030273438,0.9716998338699341
227,7566,847.7565307617188,81.38459014892578,0.002624270971864462,844.0184326171875,62.11278533935547,0.002930318471044302,843.2880859375,82.68294525146484,0.0011972840875387192,878.8046264648438,43.9493408203125,0.01750376634299755,901.0093383789062,78.37964630126953,0.003921234514564276,870.2199096679688,1.1570892333984375,0.03521064668893814,986.87060546875,0.0,0.0273489598184824,846.8990478515625,5.479339599609375,0.11054546386003494,931.2328491210938,34.10856628417969,0.08462171256542206,857.2725219726562,52.01641845703125,0.09618864953517914,877.0481567382812,61.9793701171875,0.07852950692176819,953.7123413085938,107.86830139160156,0.8640738725662231,1034.981689453125,108.12002563476562,0.8420583605766296,789.0518188476562,459.7980651855469,0.9650774002075195,902.0377807617188,494.66290283203125,0.9554437398910522,1008.288818359375,764.7155151367188,0.9657375812530518,1011.217041015625,822.7564086914062,0.9563158750534058
228,7600,817.1151733398438,81.51873779296875,0.0025248611345887184,818.483642578125,59.37629699707031,0.0027097961865365505,817.1314697265625,81.27259826660156,0.0011694412678480148,863.2556762695312,40.98225402832031,0.014003750868141651,881.2527465820312,77.63044738769531,0.003745222929865122,875.5228271484375,0.0,0.018092814832925797,980.0903930664062,0.0,0.027536921203136444,862.95068359375,14.41845703125,0.060905952006578445,939.4230346679688,33.11956787109375,0.10560058802366257,876.3490600585938,60.323822021484375,0.07304553687572479,880.620361328125,64.50787353515625,0.10753701627254486,957.77197265625,111.550048828125,0.8429301977157593,1037.44921875,113.15478515625,0.8655781745910645,775.2978515625,440.9859313964844,0.9720475673675537,928.5886840820312,485.94964599609375,0.9741038084030151,901.8369750976562,776.3243408203125,0.9736368656158447,1043.5599365234375,839.7440185546875,0.9712936878204346
229,7633,862.8832397460938,108.78362274169922,0.006372583098709583,869.13818359375,77.070556640625,0.008719367906451225,859.4203491210938,101.54397583007812,0.004093165043741465,914.2670288085938,57.32794189453125,0.03135155513882637,906.7868041992188,99.11180877685547,0.008166315034031868,922.68701171875,11.189414978027344,0.036110054701566696,969.6199951171875,24.95830535888672,0.023720137774944305,889.6446533203125,45.433204650878906,0.0669306218624115,904.0479736328125,49.452003479003906,0.04958264157176018,867.0067749023438,121.20471954345703,0.06553923338651657,852.04833984375,99.8671875,0.06020955368876457,975.8516235351562,103.73213195800781,0.80858314037323,1030.0521240234375,114.55052947998047,0.7688525915145874,762.688232421875,432.7337951660156,0.9598109722137451,947.0546875,485.5547790527344,0.9457096457481384,810.6035766601562,796.4059448242188,0.9575397968292236,1106.9251708984375,824.0136108398438,0.9421904683113098
230,7666,859.146240234375,96.89566040039062,0.0028960013296455145,858.2166748046875,72.50056457519531,0.0030219664331525564,856.4486083984375,88.73030090332031,0.0012617931934073567,894.203125,53.970703125,0.01190911140292883,911.329833984375,82.1360092163086,0.0027662995271384716,905.009765625,15.980758666992188,0.01689309813082218,980.1925659179688,19.704849243164062,0.016113029792904854,887.85498046875,53.001617431640625,0.0661335363984108,947.3016357421875,59.13725280761719,0.07207545638084412,887.4024047851562,110.34873962402344,0.10210409015417099,863.4173583984375,73.96426391601562,0.11280000954866409,950.396728515625,91.85069274902344,0.8542026281356812,1023.429931640625,96.64384460449219,0.8414904475212097,788.2911987304688,436.5786437988281,0.9831908345222473,991.932861328125,488.6030578613281,0.9787241220474243,751.6786499023438,818.7047119140625,0.9860321283340454,1143.9464111328125,811.3298950195312,0.9816966652870178
231,7700,884.786865234375,95.4261245727539,0.0029075322672724724,882.2180786132812,71.445556640625,0.00260433298535645,880.8001708984375,82.89207458496094,0.0013402182376012206,898.7157592773438,54.089630126953125,0.008143840357661247,920.1195068359375,74.0430679321289,0.0027584878262132406,902.9833374023438,12.200454711914062,0.013551449403166771,977.8399658203125,15.317413330078125,0.012648193165659904,888.8384399414062,50.591766357421875,0.07008159905672073,946.47802734375,51.7818603515625,0.07080008834600449,885.6126708984375,107.348876953125,0.13396044075489044,871.071533203125,76.34490966796875,0.1371333748102188,948.2627563476562,83.85617065429688,0.8475260734558105,1024.4462890625,86.30799865722656,0.8311972618103027,794.9229125976562,446.129638671875,0.9849439263343811,1014.3206787109375,472.7911682128906,0.9802725911140442,702.6085205078125,814.2044677734375,0.9868218302726746,1177.9051513671875,791.484375,0.9829778075218201
232,7733,888.0851440429688,89.1269760131836,0.0026471763849258423,888.594970703125,67.3143310546875,0.0024589132517576218,885.783935546875,80.03997802734375,0.0011696505825966597,906.6286010742188,51.85249328613281,0.005389209371060133,913.7193603515625,75.17587280273438,0.0015276449266821146,913.5320434570312,7.623023986816406,0.006582950707525015,959.7229614257812,5.05792236328125,0.007730795070528984,891.9176025390625,41.14649963378906,0.05908386409282684,923.0494995117188,34.794158935546875,0.08201203495264053,887.4276733398438,84.03067016601562,0.16620884835720062,860.7986450195312,71.34210205078125,0.21904750168323517,951.7505493164062,80.01141357421875,0.8194103837013245,1008.2568969726562,81.978515625,0.8168743252754211,808.12158203125,443.7364501953125,0.9837934374809265,1010.7825317382812,462.978515625,0.9808618426322937,691.0296020507812,805.7786865234375,0.9852263331413269,1212.5772705078125,779.6709594726562,0.981895923614502
233,7766,877.7642211914062,89.55860137939453,0.0026503608096390963,879.3711547851562,66.4972915649414,0.0027994716074317694,879.1608276367188,82.72473907470703,0.0012692423770204186,900.7534790039062,52.842018127441406,0.008461550809442997,915.4121704101562,80.38556671142578,0.002014189725741744,904.5813598632812,0.5733489990234375,0.00802923645824194,963.7342529296875,4.752777099609375,0.010983165353536606,886.3771362304688,36.53917694091797,0.052085407078266144,927.13037109375,30.51995086669922,0.08626352250576019,882.0575561523438,92.78519439697266,0.1258353590965271,862.516357421875,72.51409149169922,0.1885174810886383,947.3174438476562,78.83489227294922,0.7957813143730164,1012.8598022460938,81.210205078125,0.8082741498947144,799.2431030273438,450.53448486328125,0.9757170081138611,1002.9833374023438,459.0992736816406,0.9733952283859253,717.4314575195312,820.1363525390625,0.9706750512123108,1220.7698974609375,764.5398559570312,0.9674022197723389
234,7800,919.5101318359375,88.05535125732422,0.003535711206495762,916.6364135742188,63.58680725097656,0.0037186951376497746,911.2069702148438,77.87026977539062,0.0024289858993142843,911.3373413085938,47.658599853515625,0.012231741100549698,912.9180908203125,78.08116149902344,0.005849555134773254,889.1629028320312,13.334564208984375,0.01475854218006134,943.09423828125,14.653152465820312,0.012605211697518826,875.124755859375,59.6085205078125,0.038982875645160675,947.5875244140625,63.76853942871094,0.034115176647901535,888.1078491210938,119.55290222167969,0.04976188763976097,897.3929443359375,118.32916259765625,0.04537111148238182,918.113525390625,69.6807861328125,0.8085141777992249,965.8258666992188,73.32957458496094,0.7760033011436462,814.6279907226562,454.7531433105469,0.9804081916809082,949.4492797851562,465.3791198730469,0.9709140658378601,797.79345703125,827.1834106445312,0.9861753582954407,1195.0418701171875,714.931396484375,0.9810630679130554
235,7833,849.6651000976562,86.12541961669922,0.0018617113819345832,851.0167846679688,64.65724182128906,0.002642179373651743,851.5046997070312,78.2870864868164,0.0008760914788581431,885.3492431640625,46.13594055175781,0.014710973016917706,894.0703125,69.88062286376953,0.0020520887337625027,887.1156005859375,8.904373168945312,0.011983665637671947,939.9781494140625,0.0,0.009777147322893143,884.5982666015625,56.17442321777344,0.03859134018421173,970.5035400390625,59.91796875,0.036617130041122437,906.8955688476562,118.79429626464844,0.04865751788020134,943.4821166992188,104.47343444824219,0.04549725353717804,926.2013549804688,88.19219970703125,0.8430303335189819,963.759765625,85.05010986328125,0.8194999694824219,829.4511108398438,477.4026794433594,0.9839037656784058,920.4188842773438,476.9257507324219,0.9761558771133423,835.9638061523438,857.4970092773438,0.987500011920929,1173.3193359375,697.9580078125,0.9840601682662964
236,7866,836.6234130859375,86.47480773925781,0.0023212225642055273,838.5654296875,66.85755157470703,0.0032883044332265854,835.0662841796875,80.4583969116211,0.0011099729454144835,872.634033203125,48.331512451171875,0.015615418553352356,863.682861328125,73.21000671386719,0.002278068568557501,886.3189086914062,15.63812255859375,0.014957704581320286,895.8063354492188,2.7095489501953125,0.011710302904248238,876.5985717773438,65.82838439941406,0.0474529042840004,909.5166015625,62.39122009277344,0.04133164882659912,876.8134155273438,119.12301635742188,0.05467737466096878,862.4791259765625,88.67912292480469,0.05047551915049553,933.1187133789062,92.29920959472656,0.8653663396835327,939.04052734375,90.09654235839844,0.8402503132820129,824.272216796875,475.4246520996094,0.9849505424499512,884.4910278320312,483.3259582519531,0.9764388799667358,869.851318359375,858.7654418945312,0.9879927635192871,1135.2188720703125,691.9017333984375,0.9840483665466309
237,7900,840.425048828125,86.48387145996094,0.002598977880552411,842.2291870117188,66.99581909179688,0.0035047174897044897,836.1180419921875,82.13813781738281,0.0013542358065024018,875.2706909179688,45.90779113769531,0.01655770279467106,858.2613525390625,73.90164184570312,0.003143925219774246,893.4006958007812,12.010208129882812,0.02097330428659916,888.0653686523438,2.1401824951171875,0.015338893979787827,894.5841674804688,66.87162780761719,0.059431467205286026,888.1571044921875,75.85496520996094,0.045417170971632004,880.51171875,147.48426818847656,0.058519620448350906,841.61669921875,141.02481079101562,0.048497069627046585,943.9422607421875,97.14646911621094,0.8885964155197144,941.195068359375,95.32557678222656,0.8635479807853699,826.7817993164062,481.449462890625,0.9848758578300476,878.384765625,488.4723205566406,0.9761905074119568,921.4063110351562,851.91943359375,0.9871942400932312,1095.27490234375,715.3865356445312,0.9829630851745605
238,7933,848.2088012695312,81.8287124633789,0.002842250047251582,852.09814453125,59.782745361328125,0.003828649641945958,839.7017211914062,77.08982849121094,0.001415989245288074,894.0392456054688,39.39990234375,0.01608251966536045,854.5263671875,71.94783782958984,0.0028559716884046793,922.004150390625,10.0382080078125,0.020714128389954567,877.60986328125,0.180084228515625,0.01654137298464775,903.4840087890625,58.507049560546875,0.06557788699865341,870.6303100585938,65.54379272460938,0.05440839007496834,853.7329711914062,140.61927795410156,0.06819505989551544,815.9368286132812,125.93023681640625,0.060338180512189865,959.7156372070312,95.35610961914062,0.8714665174484253,925.3504028320312,91.53913879394531,0.850216269493103,826.2396850585938,485.1264953613281,0.9785051345825195,833.7588500976562,484.17498779296875,0.968159019947052,972.2260131835938,842.4373168945312,0.9803953766822815,1054.7879638671875,730.0065307617188,0.9751523733139038
239,7966,809.596435546875,82.99040222167969,0.0023972440976649523,817.3458251953125,57.9173583984375,0.0030378480441868305,804.712158203125,79.79750061035156,0.0011581226717680693,870.5930786132812,41.07774353027344,0.018052663654088974,828.5963745117188,80.70764923095703,0.0031822265591472387,913.7247314453125,9.798225402832031,0.019116729497909546,859.2495727539062,2.7509994506835938,0.02813686616718769,865.3613891601562,30.626495361328125,0.05782484635710716,852.0844116210938,38.71563720703125,0.09447252005338669,839.51171875,93.3031997680664,0.058928072452545166,829.3231201171875,90.8983154296875,0.07802844047546387,966.8413696289062,113.96182250976562,0.8018845915794373,914.4169921875,106.74531555175781,0.8270618319511414,856.4508056640625,497.06890869140625,0.9462913870811462,788.6144409179688,459.6624755859375,0.9432451128959656,990.8761596679688,854.5647583007812,0.9202522039413452,981.4795532226562,775.82080078125,0.9239402413368225
240,8000,788.0270385742188,54.7423095703125,0.005923873279243708,792.4790649414062,33.017669677734375,0.0068277399986982346,784.3599853515625,49.626617431640625,0.0019452982814982533,847.6639404296875,25.09661865234375,0.025381334125995636,821.4563598632812,54.356414794921875,0.0030173612758517265,885.9989013671875,0.680328369140625,0.045035816729068756,860.9102783203125,0.0,0.037383779883384705,829.0547485351562,7.5446319580078125,0.16148044168949127,862.1599731445312,22.792510986328125,0.12344730645418167,841.2030029296875,25.647491455078125,0.16895678639411926,835.724853515625,24.979019165039062,0.11319221556186676,959.0812377929688,132.1907958984375,0.9219378232955933,911.0081176757812,123.40214538574219,0.9133517742156982,900.7113647460938,511.3856506347656,0.9844385981559753,763.7565307617188,444.639892578125,0.9775535464286804,1060.762939453125,858.2266845703125,0.9755585193634033,917.8767700195312,745.6880493164062,0.9754992723464966
241,8033,859.2254028320312,90.17571258544922,0.00905558094382286,864.9973754882812,69.9332275390625,0.010541950352489948,856.7817993164062,84.2332763671875,0.005665990058332682,896.2937622070312,53.744842529296875,0.022130440920591354,872.6100463867188,76.31836700439453,0.006906424183398485,909.9452514648438,19.334014892578125,0.03574582561850548,907.4262084960938,4.6778411865234375,0.02577262371778488,855.7827758789062,55.185630798339844,0.10746436566114426,905.45068359375,39.24884033203125,0.0822332426905632,825.4444580078125,115.529296875,0.11005069315433502,852.5093994140625,95.46075439453125,0.09066295623779297,970.6951904296875,134.2549591064453,0.8518249988555908,927.0406494140625,120.01705169677734,0.8295034170150757,938.0560913085938,487.2120666503906,0.9642521739006042,763.249267578125,444.6277160644531,0.9525026679039001,1107.94677734375,834.1666870117188,0.9506148099899292,842.5272216796875,777.7857055664062,0.9442358016967773
242,8066,872.6341552734375,101.72341918945312,0.006568093318492174,874.9407348632812,84.1482925415039,0.005787468980997801,864.765380859375,93.68671417236328,0.0030696529429405928,904.3079833984375,64.11380767822266,0.010281442664563656,874.5763549804688,78.23494720458984,0.003138780826702714,913.6535034179688,26.335739135742188,0.02548607625067234,910.3551635742188,6.512054443359375,0.021255506202578545,846.4074096679688,63.704498291015625,0.14153972268104553,905.426513671875,46.654815673828125,0.12095791846513748,785.7141723632812,108.35220336914062,0.18089300394058228,827.4908447265625,93.11494445800781,0.1543167531490326,971.40185546875,132.43016052246094,0.8914684057235718,917.239013671875,111.75508117675781,0.8805584907531738,984.64111328125,492.2214660644531,0.9795785546302795,765.0144653320312,436.7923278808594,0.9736533761024475,1149.24169921875,832.7109985351562,0.9759735465049744,766.3980102539062,791.9490966796875,0.9745324850082397
243,8100,868.8021850585938,91.32371520996094,0.0029424838721752167,872.0755004882812,74.953125,0.003083454677835107,865.2283325195312,82.08265686035156,0.0013470632256940007,902.4032592773438,58.2227783203125,0.00798045564442873,876.8782348632812,69.66858673095703,0.0018475402612239122,910.7137451171875,26.820465087890625,0.0149436816573143,900.87841796875,10.80120849609375,0.012877978384494781,838.6744995117188,62.549560546875,0.08982332795858383,903.2490234375,54.39642333984375,0.07466533780097961,798.0196533203125,107.94268798828125,0.10018325597047806,841.0662231445312,102.91905212402344,0.07572279125452042,967.284912109375,115.52206420898438,0.9000021815299988,906.9244995117188,105.57545471191406,0.8918854594230652,1012.7982788085938,488.88409423828125,0.9851207733154297,778.5172729492188,445.40130615234375,0.9801517128944397,1191.877197265625,822.9536743164062,0.9839563965797424,715.4060668945312,789.0759887695312,0.9836452007293701
244,8133,869.918701171875,88.84613800048828,0.0033407513983547688,871.1036376953125,73.47264862060547,0.0031710441689938307,867.7568359375,79.553466796875,0.0015276886988431215,895.0779418945312,59.98663330078125,0.005935389082878828,882.2041625976562,69.36669158935547,0.0016736509278416634,896.2623291015625,32.44720458984375,0.01030389778316021,919.2943725585938,14.471145629882812,0.010903154499828815,814.44873046875,73.93634033203125,0.0787184089422226,938.617919921875,55.325225830078125,0.08269254863262177,752.6614990234375,115.97291564941406,0.10969957709312439,853.680908203125,93.77810668945312,0.10133828967809677,964.149169921875,104.46043395996094,0.8840740919113159,918.4974975585938,95.75715637207031,0.8857641220092773,1031.5233154296875,477.7011413574219,0.985882043838501,790.6988525390625,441.5228576660156,0.9829586148262024,1230.0369873046875,801.970703125,0.986461341381073,701.2467041015625,789.5313720703125,0.9869468212127686
245,8166,859.9368896484375,84.43498992919922,0.0031932175625115633,861.8174438476562,69.12714385986328,0.00301819178275764,858.510498046875,75.10688781738281,0.0016812984831631184,885.0487670898438,57.59303283691406,0.00724386190995574,871.027099609375,67.56017303466797,0.0024405953008681536,883.6922607421875,32.5224609375,0.011653032153844833,904.9125366210938,20.25567626953125,0.013890022411942482,804.1829223632812,81.06340026855469,0.05745016410946846,997.3898315429688,79.03857421875,0.0800827220082283,774.0227661132812,131.4404296875,0.06659422814846039,1031.5302734375,126.29489135742188,0.07257521897554398,958.1525268554688,102.89959716796875,0.8885133266448975,905.2841186523438,101.34800720214844,0.8969587683677673,1030.111083984375,470.583251953125,0.9858377575874329,788.5704956054688,448.3814697265625,0.9842788577079773,1255.178466796875,781.8062133789062,0.9876201748847961,711.9074096679688,784.368408203125,0.9885059595108032
246,8200,847.1321411132812,88.71812438964844,0.003908788785338402,850.1525268554688,69.45634460449219,0.0044538164511322975,843.1763305664062,76.52206420898438,0.0020024231635034084,880.258544921875,58.98023986816406,0.008020101115107536,857.1849975585938,70.06212615966797,0.001916867564432323,885.5570678710938,39.54624938964844,0.008589374832808971,890.066162109375,18.767807006835938,0.008437400683760643,813.0180053710938,91.75520324707031,0.04413003474473953,962.73193359375,74.72410583496094,0.05037391558289528,780.7732543945312,147.3578338623047,0.0584697350859642,985.9226684570312,132.6321258544922,0.05555946007370949,954.5570068359375,87.80941772460938,0.8463285565376282,895.768798828125,84.93722534179688,0.8477506637573242,1010.4174194335938,472.6000671386719,0.9835098385810852,783.16357421875,450.5561218261719,0.9809448719024658,1266.837158203125,760.8895263671875,0.9881289601325989,732.4850463867188,801.9694213867188,0.9882369637489319
247,8233,831.8115844726562,95.83403778076172,0.003484284970909357,834.9174194335938,76.15132141113281,0.004664670675992966,826.9755249023438,84.44219970703125,0.001677418127655983,869.2584838867188,61.565345764160156,0.011188365519046783,845.8983764648438,74.79961395263672,0.0018016957910731435,877.9171142578125,34.0096435546875,0.011918659321963787,879.2633666992188,15.089813232421875,0.00806434080004692,797.4364013671875,74.42912292480469,0.05677281692624092,912.6233520507812,78.21002197265625,0.03872013837099075,739.4452514648438,139.26292419433594,0.05997341871261597,879.5870361328125,148.98953247070312,0.040799595415592194,939.0072021484375,85.19503784179688,0.8676942586898804,885.3604125976562,82.82418823242188,0.8469479084014893,982.2474975585938,487.61444091796875,0.9833071231842041,789.4429321289062,462.19207763671875,0.9779070615768433,1264.442138671875,740.477783203125,0.9871463775634766,772.9076538085938,809.9571533203125,0.985929548740387
248,8266,837.1046142578125,94.97543334960938,0.0037135579623281956,839.6444091796875,76.63799285888672,0.005157002247869968,832.6573486328125,84.91447448730469,0.0018724075052887201,872.9458618164062,61.27910614013672,0.011799917556345463,854.7718505859375,73.96273040771484,0.0018788992892950773,876.4114379882812,28.966964721679688,0.011338336393237114,884.4820556640625,7.4707489013671875,0.0076197246089577675,820.851806640625,61.60285949707031,0.05176815390586853,877.8812255859375,66.488525390625,0.03513071686029434,794.6466674804688,129.36927795410156,0.055655114352703094,822.6262817382812,132.19166564941406,0.03789130225777626,918.1068115234375,86.45787048339844,0.8481371998786926,880.7516479492188,83.40119934082031,0.8227894306182861,940.7467041015625,504.73583984375,0.9789866805076599,800.229736328125,475.44488525390625,0.9727233648300171,1252.1300048828125,727.5455932617188,0.9840266704559326,818.900390625,820.0169677734375,0.982517421245575
249,8300,846.1708374023438,101.20919036865234,0.003131151432171464,850.8677368164062,86.11271667480469,0.0042124586179852486,839.609130859375,93.70525360107422,0.0018424743320792913,883.4725341796875,66.26612091064453,0.012319136410951614,855.9291381835938,77.47624969482422,0.002619282342493534,883.3246459960938,27.066192626953125,0.012871208600699902,882.4559936523438,7.659210205078125,0.010091458447277546,839.785400390625,56.86015319824219,0.04346034675836563,866.1639404296875,74.00523376464844,0.03686580806970596,833.8995361328125,146.24102783203125,0.03850053623318672,821.0387573242188,173.7742919921875,0.03182924911379814,911.2205200195312,105.00173950195312,0.8576228618621826,880.2392578125,101.38888549804688,0.8441618084907532,886.8035888671875,513.2233276367188,0.9756301045417786,807.1068115234375,486.31658935546875,0.9718181490898132,1212.836669921875,708.8873291015625,0.982501745223999,849.2210693359375,827.022216796875,0.9818838834762573
250,8333,842.3408813476562,102.72452545166016,0.0024761869572103024,842.56787109375,89.29376220703125,0.0028773255180567503,837.2411499023438,100.08917999267578,0.0013740399153903127,868.1486206054688,66.92559814453125,0.012151112779974937,867.2391357421875,84.35323333740234,0.0029488294385373592,852.626953125,22.448959350585938,0.019310560077428818,923.5982666015625,2.36737060546875,0.017610518261790276,837.1974487304688,53.70808410644531,0.06822201609611511,860.3468627929688,74.85781860351562,0.06734657287597656,825.3558349609375,153.6771240234375,0.056274328380823135,791.609130859375,165.93472290039062,0.05655073747038841,896.3541870117188,117.88238525390625,0.8927729725837708,929.2800903320312,115.61283874511719,0.8850006461143494,835.9144287109375,506.4452209472656,0.9747546911239624,823.8541870117188,506.4132385253906,0.972112774848938,1153.14306640625,703.448486328125,0.9797878861427307,877.1203002929688,833.4373779296875,0.9778981804847717
251,8366,804.62109375,68.41987609863281,0.006404719315469265,802.692626953125,52.47477722167969,0.006591388490051031,799.0834350585938,68.48583984375,0.0029915301129221916,835.1145629882812,35.87388610839844,0.021949639543890953,846.3999633789062,62.769859313964844,0.005443313159048557,831.338623046875,8.4290771484375,0.05195217579603195,926.7760620117188,0.0,0.040773723274469376,820.05615234375,33.20233154296875,0.14403265714645386,865.5274658203125,58.99127197265625,0.12041690945625305,819.36474609375,94.7574462890625,0.12312956154346466,809.874755859375,113.558349609375,0.11231668293476105,904.8468627929688,129.0601043701172,0.9243448376655579,960.725341796875,126.22462463378906,0.9126561880111694,795.47998046875,496.9115295410156,0.979058563709259,821.66259765625,506.9136047363281,0.975927472114563,1082.4840087890625,696.6266479492188,0.9816257953643799,906.7449340820312,832.387939453125,0.9784033298492432
252,8400,752.7762451171875,34.98472595214844,0.011153769679367542,752.2817993164062,18.291641235351562,0.011938223615288734,752.9256591796875,36.3365478515625,0.003858877345919609,792.0047607421875,7.876556396484375,0.042810045182704926,818.4188232421875,37.495513916015625,0.007536590099334717,810.1729125976562,0.0,0.12383230030536652,907.1530151367188,0.0,0.06337868422269821,779.2124633789062,11.441848754882812,0.29544225335121155,828.3682861328125,28.840850830078125,0.13687075674533844,794.2758178710938,14.828933715820312,0.23986895382404327,783.290283203125,17.69879150390625,0.12375116348266602,916.6525268554688,139.16921997070312,0.9415116310119629,978.6630859375,137.74888610839844,0.9166370034217834,781.2777099609375,483.7004089355469,0.9831732511520386,848.1354370117188,492.7113037109375,0.9741736054420471,997.9235229492188,725.4738159179688,0.976961076259613,929.5887451171875,801.7988891601562,0.9680390357971191
253,8433,770.3524169921875,84.48037719726562,0.0025253298226743937,769.1683959960938,66.54597473144531,0.002905107568949461,771.338623046875,88.76715087890625,0.0009813766228035092,810.168701171875,49.093963623046875,0.017001574859023094,840.08349609375,85.12326049804688,0.0031354243401437998,813.8977661132812,2.8513870239257812,0.041161637753248215,931.5765380859375,0.0,0.02268834412097931,767.0564575195312,0.917999267578125,0.1742594689130783,848.7324829101562,18.170974731445312,0.08735087513923645,827.75634765625,14.060302734375,0.16419152915477753,830.9456787109375,24.935394287109375,0.089863121509552,916.00927734375,119.9560546875,0.9125458598136902,997.7589111328125,119.46194458007812,0.8823752999305725,765.3189697265625,469.1681213378906,0.9801104068756104,890.4466552734375,491.1273193359375,0.9710538387298584,957.1364135742188,765.9138793945312,0.9748930931091309,1002.486572265625,829.8297729492188,0.9655090570449829
254,8466,777.6510009765625,84.900146484375,0.0017251610988751054,778.6708374023438,64.37830352783203,0.0023103796411305666,778.8228149414062,87.01899719238281,0.0009007537737488747,821.98486328125,45.867462158203125,0.02112727239727974,844.991455078125,82.99301147460938,0.004503909032791853,830.3509521484375,1.8912734985351562,0.026867946609854698,941.7910766601562,0.0,0.02421308495104313,804.1723022460938,16.328887939453125,0.057176221162080765,901.1076049804688,42.629539489746094,0.054320890456438065,821.5433959960938,53.59455871582031,0.03962317481637001,839.4822387695312,78.55135345458984,0.037115808576345444,910.152099609375,110.29600524902344,0.8908318281173706,997.08544921875,109.37347412109375,0.8855741024017334,735.3477172851562,448.6343078613281,0.9811236262321472,906.3607177734375,479.30621337890625,0.9786550998687744,885.2349243164062,777.5004272460938,0.9837009310722351,1032.1607666015625,828.3746337890625,0.9806430339813232
255,8500,837.7769775390625,102.32052612304688,0.005479877348989248,839.3818969726562,70.6968002319336,0.00738215958699584,840.6223754882812,94.8948745727539,0.0035624834708869457,873.1912231445312,48.423728942871094,0.04050690308213234,901.069580078125,88.5494613647461,0.009792380034923553,868.3526000976562,0.0,0.04948524013161659,975.8983154296875,16.543350219726562,0.030466698110103607,859.4784545898438,46.44481658935547,0.0719715803861618,939.5963745117188,71.05888366699219,0.05185284838080406,869.493408203125,152.31698608398438,0.05707903951406479,884.3558959960938,165.5869140625,0.050020091235637665,920.5010375976562,105.7188720703125,0.8328422904014587,1013.1214599609375,115.73645782470703,0.792871356010437,733.5341186523438,434.9605712890625,0.9595649838447571,936.9252319335938,478.2689514160156,0.9456764459609985,799.3408813476562,789.5958251953125,0.9539930820465088,1087.494873046875,810.3052978515625,0.9399430155754089
256,8533,830.02294921875,93.01565551757812,0.0022911340929567814,826.2971801757812,69.21784973144531,0.0026981423143297434,828.1087646484375,83.91366577148438,0.0011339837219566107,853.7552490234375,49.98957824707031,0.01718149147927761,888.2822265625,74.52607727050781,0.003925766330212355,859.46630859375,14.748870849609375,0.02513696439564228,960.2583618164062,18.705780029296875,0.014949691481888294,852.8207397460938,66.26884460449219,0.06103082001209259,949.5488891601562,77.98127746582031,0.038846660405397415,867.635009765625,148.10092163085938,0.06374670565128326,878.4168090820312,143.39071655273438,0.046281322836875916,906.988037109375,88.13690185546875,0.8669272065162659,998.8733520507812,92.04025268554688,0.8276483416557312,755.5521850585938,436.4376525878906,0.9839392900466919,985.1255493164062,480.44378662109375,0.9760234355926514,724.0882568359375,812.162841796875,0.9871187210083008,1127.6048583984375,801.693603515625,0.981724739074707
257,8566,851.6973876953125,91.20469665527344,0.0022197794169187546,847.4804077148438,66.5236587524414,0.002423068042844534,849.466552734375,78.65533447265625,0.0011156060500070453,864.4666137695312,50.603668212890625,0.013670233078300953,901.0142211914062,70.95661926269531,0.003699958324432373,865.8138427734375,16.194854736328125,0.020686212927103043,964.98291015625,20.560821533203125,0.012081499211490154,862.6228637695312,70.2864990234375,0.05883760377764702,954.794189453125,77.09303283691406,0.035888127982616425,887.4057006835938,146.8889923095703,0.07243289798498154,876.5443725585938,151.43353271484375,0.05013911798596382,909.1952514648438,81.068115234375,0.8607768416404724,1003.1826782226562,84.2677001953125,0.8178609013557434,768.0238647460938,439.3763427734375,0.985775351524353,1007.41552734375,467.5221252441406,0.9781584739685059,674.74462890625,808.6318359375,0.9884666204452515,1162.598876953125,786.4450073242188,0.983633816242218
258,8600,844.1558227539062,85.90953826904297,0.0021494717802852392,841.272216796875,62.97539520263672,0.002331295283511281,843.6564331054688,71.90753173828125,0.0009836775716394186,859.3831787109375,48.482757568359375,0.012669081799685955,895.1788330078125,61.644126892089844,0.0029763139318674803,862.6900634765625,12.322677612304688,0.020303452387452126,950.215576171875,12.472640991210938,0.010770570486783981,851.8504638671875,63.42549133300781,0.07034555822610855,941.5794067382812,62.600921630859375,0.0379335954785347,867.7991333007812,125.35688781738281,0.09518251568078995,880.9302978515625,112.58963012695312,0.059913210570812225,910.2664184570312,75.97471618652344,0.8684058785438538,995.9203491210938,77.33372497558594,0.8206518292427063,777.362548828125,439.8278503417969,0.9870116710662842,1014.4222412109375,459.2358703613281,0.9790053367614746,667.310546875,805.1276245117188,0.9886524081230164,1186.0489501953125,768.5592651367188,0.9837297797203064
259,8633,844.7553100585938,78.21725463867188,0.002415862400084734,843.7294921875,56.170806884765625,0.00279230042360723,843.8624267578125,66.44904327392578,0.001066266093403101,866.5599975585938,43.414398193359375,0.012413830496370792,888.9366455078125,60.026390075683594,0.0024985240306705236,872.8529663085938,8.277008056640625,0.01790035329759121,932.9412841796875,11.357666015625,0.008507232181727886,852.4081420898438,57.02787780761719,0.07110423594713211,921.83154296875,59.58457946777344,0.03222820907831192,861.2857055664062,107.04020690917969,0.10569894313812256,862.9232177734375,93.76666259765625,0.058074649423360825,911.2802734375,66.2603759765625,0.8523217439651489,976.3656616210938,69.45913696289062,0.7887052893638611,783.7857055664062,435.711181640625,0.9862655997276306,1006.2627563476562,460.37109375,0.9757001996040344,699.4703979492188,810.3157348632812,0.9882209897041321,1202.9619140625,748.7987060546875,0.982128381729126
260,8666,817.7378540039062,84.66634368896484,0.0025998062919825315,820.0314331054688,57.77387237548828,0.0035234817769378424,823.6659545898438,76.7182388305664,0.001418796950019896,842.7647705078125,43.2813720703125,0.01794290356338024,872.0526733398438,74.64324951171875,0.003821802791208029,850.2881469726562,0.0,0.01204463467001915,929.40771484375,5.880592346191406,0.012178536504507065,827.5944213867188,41.742645263671875,0.037342000752687454,905.6856079101562,51.318992614746094,0.03694216534495354,807.842529296875,132.55262756347656,0.05567576736211777,831.1810913085938,124.3293685913086,0.052470918744802475,912.3041381835938,63.59385681152344,0.7585787177085876,988.60986328125,65.07156372070312,0.7504607439041138,781.67236328125,444.5246887207031,0.9709036946296692,973.4143676757812,442.2228698730469,0.9642756581306458,740.8094482421875,819.97119140625,0.9681819081306458,1207.27490234375,736.4869995117188,0.9630137085914612
261,8700,816.6090087890625,80.16597747802734,0.0026003243401646614,818.6455078125,53.482269287109375,0.0035640897694975138,824.991455078125,72.6914291381836,0.0013751147780567408,845.8372192382812,37.20929718017578,0.020091019570827484,881.0101928710938,67.87039947509766,0.004060189705342054,847.3306274414062,0.0,0.015563755296170712,943.1742553710938,0.0,0.014359763823449612,842.0630493164062,36.85748291015625,0.047316353768110275,931.073974609375,44.779632568359375,0.04190904274582863,860.6123657226562,119.23363494873047,0.06440961360931396,866.8844604492188,104.80609130859375,0.053084585815668106,907.1492309570312,76.78131866455078,0.8009462356567383,986.3694458007812,73.58544158935547,0.784554660320282,796.280517578125,466.8824157714844,0.9736725687980652,940.796630859375,448.50970458984375,0.9651393294334412,778.137451171875,839.0374755859375,0.9680895209312439,1193.2337646484375,713.5656127929688,0.9622968435287476
262,8733,821.84033203125,88.83209228515625,0.0021330593153834343,822.2164306640625,65.8190689086914,0.002827004762366414,833.941650390625,84.34774017333984,0.0012651784345507622,843.4055786132812,46.08174133300781,0.023443128913640976,891.6334228515625,75.494140625,0.005740402732044458,839.7139892578125,0.0,0.020609581843018532,946.484130859375,0.0,0.023620562627911568,835.5950317382812,42.768402099609375,0.04722697287797928,962.84765625,50.463111877441406,0.056282442063093185,871.1852416992188,138.54620361328125,0.048052843660116196,929.4014282226562,122.9161376953125,0.049681875854730606,903.4427490234375,106.4923324584961,0.8348402380943298,979.714599609375,102.99847412109375,0.8342276811599731,805.9710083007812,479.35748291015625,0.9715617299079895,904.0258178710938,459.4483337402344,0.9648067951202393,803.415771484375,846.04248046875,0.9641650319099426,1170.497802734375,696.54931640625,0.9596871137619019
263,8766,834.3001708984375,89.00104522705078,0.0022555366158485413,833.3582763671875,70.13758850097656,0.0029324328061193228,835.2896118164062,84.49612426757812,0.0010201532859355211,859.4237060546875,48.65501403808594,0.013271750882267952,867.8706665039062,75.38243865966797,0.0021329992450773716,864.075439453125,7.0634765625,0.018992839381098747,895.0274047851562,0.0,0.010358605533838272,841.3148803710938,54.70298767089844,0.08116906136274338,882.28857421875,61.340057373046875,0.042554400861263275,829.5,118.51556396484375,0.09754830598831177,827.9853515625,110.17474365234375,0.06313661485910416,906.769775390625,99.79765319824219,0.8951497673988342,927.21826171875,100.20204162597656,0.8495499491691589,811.3253784179688,474.7213439941406,0.9878836274147034,876.1724853515625,488.317138671875,0.9769265055656433,843.6304931640625,853.658935546875,0.9896960258483887,1125.6727294921875,690.4843139648438,0.9841130375862122
264,8800,831.9937133789062,88.5845947265625,0.003313352819532156,834.7435913085938,68.56013488769531,0.003980511333793402,826.498046875,83.619140625,0.0016402830369770527,868.4482421875,45.30656433105469,0.012674165889620781,843.3129272460938,73.94609069824219,0.0027475031092762947,887.2908325195312,8.504058837890625,0.018980547785758972,865.9434814453125,0.235198974609375,0.014069095253944397,877.1987915039062,64.45010375976562,0.07569848001003265,852.433837890625,69.24192810058594,0.05837969854474068,839.0220336914062,138.83843994140625,0.09690770506858826,802.6970825195312,127.25340270996094,0.0850013792514801,927.8600463867188,103.60922241210938,0.889550507068634,915.0379638671875,102.974853515625,0.8627409338951111,808.4326782226562,477.7192687988281,0.9856777787208557,854.781982421875,488.76904296875,0.9767250418663025,878.0512084960938,845.3492431640625,0.9878057241439819,1087.171630859375,700.1475830078125,0.9832188487052917
265,8833,828.4114379882812,82.99356079101562,0.0030825489666312933,831.3442993164062,61.36864471435547,0.0038137163501232862,820.4943237304688,77.95854949951172,0.0015384693397209048,866.4811401367188,38.48451232910156,0.014575899578630924,835.8926391601562,69.59651184082031,0.002970888512209058,884.8538818359375,3.4861907958984375,0.022268736734986305,862.0961303710938,0.0,0.017102574929594994,859.773193359375,55.541839599609375,0.07761159539222717,837.8916015625,73.47029113769531,0.06059395521879196,812.9853515625,145.93446350097656,0.08374907076358795,760.6928100585938,153.15032958984375,0.07445529103279114,937.5831909179688,103.623046875,0.8953646421432495,918.2887573242188,102.82228088378906,0.8735690116882324,813.4345092773438,479.843994140625,0.9839347004890442,830.2042236328125,485.37249755859375,0.9752091765403748,938.03466796875,840.1329345703125,0.9859191179275513,1041.02734375,728.350830078125,0.9814974069595337
266,8866,766.7883911132812,63.325469970703125,0.002551357727497816,774.2206420898438,41.02899169921875,0.0035661060828715563,763.5064086914062,62.60753631591797,0.0010430891998112202,828.34716796875,29.84300994873047,0.023645810782909393,797.4049072265625,67.93112182617188,0.0029752005357295275,855.7670288085938,3.3831253051757812,0.03841378912329674,831.735595703125,0.0,0.020593564957380295,757.8836669921875,7.5680694580078125,0.12660250067710876,787.0913696289062,22.475509643554688,0.05994289368391037,811.4227905273438,16.219894409179688,0.10842198133468628,797.2388916015625,35.69219970703125,0.054517097771167755,942.16259765625,116.82701110839844,0.8583840727806091,906.4920654296875,111.37582397460938,0.8108001351356506,841.5574951171875,484.2244567871094,0.9627754092216492,783.1915893554688,449.9150390625,0.9391347765922546,953.6266479492188,832.3521118164062,0.9434448480606079,974.8324584960938,751.4642944335938,0.9277159571647644
267,8900,767.4363403320312,49.80931091308594,0.004403750877827406,770.9168701171875,28.798301696777344,0.004923515021800995,768.9672241210938,47.856353759765625,0.001514750299975276,817.5726928710938,19.1546630859375,0.01781611703336239,813.8540649414062,52.39100646972656,0.002522894646972418,842.89013671875,0.0,0.036695901304483414,862.2632446289062,0.0,0.024862563237547874,757.512451171875,11.342559814453125,0.1840868592262268,823.31396484375,22.560699462890625,0.11548919975757599,812.937255859375,5.848388671875,0.21923041343688965,814.2469482421875,18.412078857421875,0.13557316362857819,947.257568359375,124.03175354003906,0.9190925359725952,925.20703125,115.47482299804688,0.9001765847206116,885.0927124023438,496.240478515625,0.9856011271476746,760.149169921875,430.0961608886719,0.9770956039428711,1016.1782836914062,847.6089477539062,0.9765642881393433,897.0062255859375,730.628173828125,0.9738605618476868
268,8933,749.2398071289062,43.427467346191406,0.0054003088735044,754.7850952148438,25.970809936523438,0.005850251764059067,750.6659545898438,41.420814514160156,0.0019120840588584542,801.2428588867188,19.481895446777344,0.021281173452734947,790.18798828125,45.54780578613281,0.003315997775644064,840.08349609375,0.0,0.0524393729865551,839.3245239257812,0.0,0.03351595997810364,775.0831298828125,12.460830688476562,0.2032468467950821,828.1344604492188,23.168289184570312,0.12426028400659561,826.1141967773438,7.9802398681640625,0.20025424659252167,829.2586669921875,26.253570556640625,0.11709912121295929,953.1275024414062,128.09739685058594,0.9309837818145752,911.3001708984375,123.104736328125,0.9150120615959167,923.033203125,490.2320251464844,0.9856050610542297,755.9407348632812,430.3272399902344,0.9777541160583496,1067.4429931640625,841.218017578125,0.9747398495674133,811.9906005859375,756.5635986328125,0.9733343124389648
269,8966,817.3818969726562,69.1281967163086,0.003854222595691681,823.7061767578125,53.48451232910156,0.0041301497258245945,812.6287231445312,63.765655517578125,0.001551376422867179,866.4111938476562,41.5924072265625,0.012380408123135567,830.5089111328125,57.955352783203125,0.0022309229243546724,889.0792846679688,10.954696655273438,0.03264690563082695,857.488037109375,2.2967376708984375,0.017488643527030945,817.01318359375,19.593246459960938,0.17003677785396576,845.8500366210938,24.337371826171875,0.08437575399875641,818.7819213867188,19.72393798828125,0.17449989914894104,815.4785766601562,17.185317993164062,0.08597030490636826,956.479248046875,122.59121704101562,0.9263074398040771,888.031494140625,109.39933776855469,0.9017722010612488,965.9952392578125,495.5028076171875,0.9865037202835083,757.7077026367188,430.7705383300781,0.9782141447067261,1116.3974609375,837.8822021484375,0.9813869595527649,742.910888671875,784.5438232421875,0.9792594909667969
270,9000,858.507568359375,94.21570587158203,0.0030300654470920563,862.8682861328125,78.8840103149414,0.002902442589402199,854.79296875,85.85684967041016,0.001399090513586998,896.1061401367188,61.563148498535156,0.008588387630879879,866.8526611328125,72.03016662597656,0.002261368092149496,908.3827514648438,30.795639038085938,0.01817377284169197,894.6431274414062,11.587554931640625,0.019774463027715683,811.0777587890625,69.30281066894531,0.09911365807056427,902.8963623046875,48.98368835449219,0.11043150722980499,738.5626831054688,105.32492065429688,0.10555506497621536,839.9617919921875,79.65861511230469,0.10200944542884827,960.458740234375,120.34588623046875,0.9132832288742065,895.4027709960938,104.03379821777344,0.9168844819068909,1002.9492797851562,493.1651916503906,0.9853246808052063,768.4010620117188,436.66424560546875,0.9827407002449036,1160.185546875,828.5924072265625,0.9818914532661438,691.5106201171875,781.4745483398438,0.9834927320480347
271,9033,870.1923217773438,91.98710632324219,0.0030632156413048506,873.6859741210938,77.95941925048828,0.0030223699286580086,868.25927734375,83.5213394165039,0.001449728268198669,903.5477294921875,63.080108642578125,0.007430777419358492,881.1333618164062,71.14322662353516,0.0020273455884307623,908.2556762695312,32.042816162109375,0.014108910225331783,909.6707763671875,16.139511108398438,0.01384629774838686,815.5222778320312,70.05088806152344,0.08454002439975739,922.4598999023438,56.72190856933594,0.08059389889240265,747.9263305664062,108.64549255371094,0.09403706341981888,850.80419921875,92.84637451171875,0.0788295567035675,962.8517456054688,114.4046630859375,0.9013778567314148,904.1810913085938,102.21913146972656,0.899989902973175,1024.540771484375,479.99468994140625,0.9861443042755127,779.783203125,437.03997802734375,0.9825807213783264,1194.958740234375,812.3853149414062,0.9854117035865784,673.7142333984375,771.7813110351562,0.9859310388565063
272,9066,870.9002075195312,85.65614318847656,0.003704705275595188,873.7443237304688,71.00305938720703,0.003726961789652705,868.7715454101562,76.29299926757812,0.0017339709447696805,899.714599609375,57.669708251953125,0.007639208808541298,879.6522827148438,65.47652435302734,0.0020795362070202827,899.9249267578125,31.974609375,0.014141340740025043,907.3157958984375,14.314453125,0.011700648814439774,788.0687866210938,75.37394714355469,0.08925890922546387,923.6748657226562,62.5660400390625,0.06652583926916122,693.2488403320312,113.4920654296875,0.1018253043293953,840.8414306640625,109.38395690917969,0.07251723110675812,962.0316162109375,104.40179443359375,0.8961955308914185,903.68505859375,94.4322509765625,0.8863816857337952,1032.2315673828125,472.94287109375,0.986772358417511,783.1053466796875,436.4744567871094,0.9821289777755737,1226.892822265625,790.2788696289062,0.9872815012931824,680.1763916015625,772.89990234375,0.986882746219635
273,9100,858.02880859375,84.0135269165039,0.003390684025362134,860.6072387695312,67.81352233886719,0.0032111392356455326,856.9916381835938,73.5010986328125,0.0016825179336592555,887.0787963867188,56.851409912109375,0.00682001281529665,872.131591796875,65.6260986328125,0.0020484153646975756,886.439453125,32.795013427734375,0.010059337131679058,906.731201171875,16.884292602539062,0.012518886476755142,806.2647094726562,83.89242553710938,0.0572982095181942,1003.4024658203125,74.05833435058594,0.08516228944063187,770.0704345703125,129.87387084960938,0.07784706354141235,1050.7957763671875,121.61714172363281,0.08714065700769424,954.9981079101562,99.01638793945312,0.876763105392456,900.6220092773438,94.45216369628906,0.8886240124702454,1025.4678955078125,465.48211669921875,0.9852279424667358,779.058349609375,434.9535827636719,0.9839869737625122,1253.3167724609375,777.2379150390625,0.9872685670852661,711.9186401367188,778.1578369140625,0.9884939789772034
274,9133,841.3667602539062,89.21417999267578,0.003814336145296693,844.9019165039062,70.37175750732422,0.00458291731774807,837.409423828125,77.883544921875,0.0018341578543186188,877.968994140625,58.273223876953125,0.00978850107640028,852.63134765625,70.3699951171875,0.0018763167317956686,888.7820434570312,34.84254455566406,0.011050283908843994,880.6126098632812,17.688217163085938,0.009541505947709084,811.2361450195312,78.35183715820312,0.05393711477518082,950.9742431640625,74.62261962890625,0.05220618098974228,770.9967041015625,137.89727783203125,0.06431051343679428,978.6629028320312,133.83888244628906,0.05417698994278908,952.0547485351562,94.437744140625,0.8674540519714355,885.8665161132812,91.79759216308594,0.86173415184021,1004.8994750976562,474.73095703125,0.9840294718742371,776.7268676757812,445.6327819824219,0.9805884957313538,1264.7889404296875,757.1884155273438,0.9876285791397095,752.7611694335938,795.4667358398438,0.9875665903091431
275,9166,841.2158203125,96.57723999023438,0.0038261807058006525,843.8386840820312,77.61225128173828,0.00511670159175992,836.9945678710938,85.36388397216797,0.0018115391721948981,877.1478881835938,63.570762634277344,0.011050487868487835,857.6690063476562,75.58094787597656,0.001764981308951974,885.8787841796875,36.74949645996094,0.012531458400189877,888.8829956054688,15.477035522460938,0.007787075825035572,827.3486938476562,71.94007873535156,0.06407839804887772,899.0608520507812,72.2061767578125,0.038714248687028885,791.1654052734375,127.80281066894531,0.07131899893283844,845.0388793945312,128.2766876220703,0.043414633721113205,933.3228759765625,85.99305725097656,0.867500901222229,885.99462890625,82.16322326660156,0.8395841717720032,973.6959228515625,491.2776794433594,0.9829133152961731,792.0792846679688,460.7391357421875,0.9764183163642883,1264.6761474609375,734.5250244140625,0.9865607619285583,789.4822998046875,809.8531494140625,0.9848537445068359
276,9200,840.7687377929688,94.4410629272461,0.0036017815582454205,842.5865478515625,76.95657348632812,0.004638575483113527,837.1009521484375,85.37276458740234,0.001707257586531341,875.8187255859375,60.526634216308594,0.009833959862589836,863.9421997070312,72.97929382324219,0.001574253081344068,876.3697509765625,24.131698608398438,0.009710540063679218,900.200927734375,2.64312744140625,0.008034734055399895,826.80029296875,47.42857360839844,0.05525834858417511,888.4494018554688,51.11943054199219,0.049149882048368454,809.0147705078125,116.80650329589844,0.07081583887338638,822.3817749023438,101.59918212890625,0.060178883373737335,915.9741821289062,89.12722778320312,0.8469669222831726,891.026611328125,85.74412536621094,0.8348463773727417,932.5737915039062,507.47967529296875,0.9779732823371887,807.8331909179688,478.2471618652344,0.9740414023399353,1244.7982177734375,723.9517211914062,0.9826549887657166,835.318359375,824.4406127929688,0.9821074604988098
277,9233,843.1615600585938,95.004638671875,0.0030965199694037437,845.623779296875,81.34375762939453,0.0035248883068561554,838.7119140625,89.6700210571289,0.0016184996347874403,875.212646484375,60.37939453125,0.008795098401606083,862.7772827148438,72.39189147949219,0.0020360334310680628,871.5298461914062,17.475997924804688,0.011249678209424019,902.7799072265625,0.0,0.011384477838873863,831.4599609375,44.74964904785156,0.059248365461826324,874.2327270507812,51.96368408203125,0.06686040014028549,812.4464721679688,125.02532958984375,0.07071834057569504,810.2750854492188,118.32774353027344,0.07479534298181534,909.3360595703125,102.71461486816406,0.8633660674095154,901.4063110351562,97.67431640625,0.863136351108551,879.3444213867188,510.7900085449219,0.9755315780639648,816.2528686523438,485.2994384765625,0.9739760160446167,1201.459716796875,707.8504028320312,0.9802132248878479,860.9566650390625,819.9196166992188,0.9805194735527039
278,9266,832.7938842773438,96.4412841796875,0.0024050655774772167,832.3685302734375,84.24263763427734,0.0027440430130809546,828.4673461914062,95.25762176513672,0.0012279616203159094,858.5277099609375,62.64228057861328,0.012495282106101513,864.9229125976562,80.64131927490234,0.0027845159638673067,843.3233642578125,17.085662841796875,0.023655328899621964,924.7572021484375,0.0,0.018804382532835007,813.4244995117188,31.338592529296875,0.09108460694551468,862.6832885742188,57.548583984375,0.07517305761575699,826.1375122070312,95.44294738769531,0.07353127002716064,813.4651489257812,117.507568359375,0.06338012218475342,902.0446166992188,134.58984375,0.9145510792732239,940.7801513671875,132.89053344726562,0.9025998711585999,831.7633666992188,506.0123596191406,0.9795618057250977,829.6792602539062,503.74969482421875,0.9758727550506592,1151.0615234375,704.440185546875,0.9827092885971069,892.4105224609375,827.7726440429688,0.980595052242279
279,9300,788.279296875,61.830230712890625,0.04595416039228439,785.8311767578125,40.85160827636719,0.0541725791990757,785.8839111328125,61.532501220703125,0.019049927592277527,823.1283569335938,19.258255004882812,0.0957806408405304,842.7672729492188,56.951202392578125,0.015013027004897594,828.9503784179688,10.3905029296875,0.13201312720775604,938.5157470703125,0.0,0.11582442373037338,822.073486328125,41.154693603515625,0.18210703134536743,886.7955322265625,59.30097198486328,0.17709529399871826,830.9031372070312,74.06263732910156,0.15618295967578888,825.8580932617188,89.2492904663086,0.15978986024856567,918.0060424804688,141.18348693847656,0.9211438298225403,982.11767578125,138.0633544921875,0.9154583811759949,795.8922729492188,491.7740478515625,0.9775197505950928,818.1727905273438,488.46820068359375,0.9755792617797852,1082.14208984375,717.1554565429688,0.9765722155570984,918.6304321289062,816.3424072265625,0.9743922352790833
280,9333,760.8731079101562,44.88825988769531,0.013112116605043411,761.3802490234375,27.281478881835938,0.011791124939918518,762.8748168945312,46.07478332519531,0.0038017083425074816,808.6419677734375,13.537857055664062,0.03277590498328209,834.8474731445312,44.18316650390625,0.005583389662206173,825.4217529296875,0.0,0.08961418271064758,940.4575805664062,0.0,0.0780123919248581,796.7131958007812,10.2095947265625,0.32139286398887634,889.1951293945312,35.849945068359375,0.26327836513519287,795.1972045898438,15.171295166015625,0.38481855392456055,807.8225708007812,28.063201904296875,0.32139360904693604,926.3720092773438,142.44732666015625,0.9191911220550537,998.9608154296875,138.21400451660156,0.9101348519325256,784.7091064453125,481.6319580078125,0.9757709503173828,867.2571411132812,482.8558044433594,0.968788206577301,987.31201171875,751.2372436523438,0.9585467576980591,984.134765625,765.02734375,0.9508320093154907
281,9366,781.3485717773438,68.15629577636719,0.0031675687059760094,782.0155029296875,51.14909362792969,0.003336007706820965,782.3296508789062,72.48399353027344,0.0011260889004915953,827.8250122070312,36.13957214355469,0.01662634126842022,849.5110473632812,71.07222747802734,0.0031853271648287773,838.5807495117188,0.0,0.04783445969223976,934.9453735351562,0.0,0.027302511036396027,773.691162109375,0.0,0.2174118608236313,844.8583374023438,17.786270141601562,0.11021596193313599,801.9863891601562,2.5446624755859375,0.22334831953048706,808.5968627929688,15.4423828125,0.12600792944431305,930.0210571289062,127.10321044921875,0.9291020631790161,999.9545288085938,126.0387954711914,0.9041209816932678,759.5048828125,461.3360900878906,0.9847936034202576,900.5526123046875,488.669677734375,0.9773231744766235,933.4841918945312,774.7239990234375,0.980150580406189,1013.0289916992188,828.2125854492188,0.9722182154655457
282,9400,803.52783203125,93.9041748046875,0.0027539385482668877,804.8706665039062,71.58392333984375,0.0039251139387488365,807.5502319335938,96.70452880859375,0.0014129314804449677,851.4827270507812,51.5313720703125,0.023736651986837387,878.8854370117188,92.11563110351562,0.004124511033296585,860.70654296875,0.0,0.03087538108229637,960.3037719726562,4.114288330078125,0.020810307934880257,823.3108520507812,15.990669250488281,0.08439826220273972,907.672119140625,35.32225799560547,0.061197925359010696,846.6826171875,59.94316864013672,0.07871996611356735,855.531005859375,74.50353240966797,0.06469779461622238,929.5753784179688,116.2891845703125,0.87326979637146,1011.8731079101562,119.49971008300781,0.8487308025360107,727.4029541015625,437.09173583984375,0.9737538695335388,920.0178833007812,479.5338134765625,0.966463565826416,866.8160400390625,780.3410034179688,0.9722851514816284,1054.7164306640625,821.7460327148438,0.9645270109176636
283,9433,1018.2171630859375,91.39629364013672,0.016489697620272636,1008.6181640625,69.64203643798828,0.010793772526085377,1001.8441772460938,81.95450592041016,0.015420033596456051,965.7511596679688,53.58233642578125,0.016128482297062874,963.4157104492188,86.00436401367188,0.029447093605995178,902.9678344726562,27.03680419921875,0.038042787462472916,980.6839599609375,38.17195129394531,0.04808126017451286,876.2308959960938,58.98779296875,0.06114783138036728,915.7529296875,76.35067749023438,0.07372745871543884,893.0138549804688,127.06462097167969,0.07016385346651077,843.2193603515625,126.1358642578125,0.08487764745950699,911.0637817382812,97.59452819824219,0.8539276719093323,989.1394653320312,110.02647399902344,0.8413031697273254,754.3890380859375,433.57757568359375,0.9816681742668152,967.5413818359375,489.5857849121094,0.9763633012771606,783.36279296875,806.0987548828125,0.9875789284706116,1102.647705078125,802.7927856445312,0.9826269745826721
284,9466,985.1846923828125,90.28498077392578,0.0072366842068731785,976.8494262695312,67.6915054321289,0.005366056691855192,974.5148315429688,78.3475341796875,0.00526068452745676,945.147216796875,50.83099365234375,0.012193425558507442,958.8677368164062,77.24235534667969,0.011823472566902637,899.90576171875,19.792144775390625,0.02598898485302925,982.8453979492188,30.994766235351562,0.024568654596805573,873.9571533203125,61.90104675292969,0.06342234462499619,928.6224975585938,71.07096862792969,0.05596880987286568,886.8191528320312,128.5206298828125,0.08392161130905151,853.2918701171875,118.4630126953125,0.07857080549001694,915.6013793945312,88.04814147949219,0.8570207953453064,1000.491943359375,99.88265991210938,0.8290566802024841,766.9854736328125,440.2640075683594,0.9850316047668457,1008.7687377929688,490.7064514160156,0.9782310128211975,721.0620727539062,822.3001098632812,0.9886263012886047,1152.1883544921875,798.8106689453125,0.9832779765129089
285,9500,856.0140380859375,91.72361755371094,0.002336254809051752,853.3831787109375,69.5320816040039,0.002235247055068612,856.936767578125,79.9174575805664,0.0009984361240640283,874.1233520507812,52.11378479003906,0.00934302993118763,910.9097900390625,67.95494842529297,0.0024062718730419874,877.3028564453125,11.404266357421875,0.015968237072229385,970.6624145507812,11.386688232421875,0.011769326403737068,861.781005859375,55.00556945800781,0.07933410257101059,938.5838012695312,51.54808044433594,0.06128321960568428,862.1885375976562,105.46023559570312,0.13652174174785614,851.7904052734375,79.13236999511719,0.11426843702793121,918.49072265625,83.27449035644531,0.8705174326896667,1009.2352294921875,83.91755676269531,0.8424690961837769,781.5604858398438,446.436767578125,0.9873905181884766,1024.0528564453125,471.61334228515625,0.9816902279853821,686.3320922851562,821.4454345703125,0.9881673455238342,1183.0421142578125,783.3353271484375,0.9840856790542603
286,9533,857.13818359375,83.4939193725586,0.0023130651097744703,854.5891723632812,61.85577392578125,0.0021703720558434725,858.1348266601562,73.07640838623047,0.0008880213717930019,875.2179565429688,46.218475341796875,0.007658833172172308,906.7036743164062,64.92247009277344,0.0017382418736815453,885.7642822265625,4.557220458984375,0.013944322243332863,957.373046875,7.2189788818359375,0.009638462215662003,862.9222412109375,51.01634216308594,0.09422224760055542,929.5992431640625,52.36381530761719,0.06614364683628082,854.322021484375,94.92434692382812,0.18672601878643036,843.6508178710938,75.2362060546875,0.15039680898189545,931.5098876953125,75.87648010253906,0.8811192512512207,1004.5513916015625,80.93138122558594,0.8479538559913635,791.9454345703125,446.5879211425781,0.9893865585327148,1023.0841064453125,484.5942077636719,0.9833828806877136,681.8760375976562,824.8958129882812,0.9897922277450562,1202.1265869140625,777.4428100585938,0.9851850271224976
287,9566,845.64208984375,79.06450653076172,0.002851826371625066,847.4873657226562,55.397369384765625,0.003199730534106493,852.6815185546875,70.72760772705078,0.0013675412628799677,865.9552612304688,38.43109130859375,0.015012577176094055,902.302978515625,62.218299865722656,0.0037297208327800035,869.6235961914062,0.0,0.015995826572179794,962.8299560546875,0.0,0.015332428738474846,863.677001953125,34.466468811035156,0.06513147801160812,942.180419921875,35.36322784423828,0.058845534920692444,868.1295776367188,100.4450912475586,0.11137992888689041,870.782958984375,85.3135757446289,0.09322874248027802,922.4338989257812,74.55789184570312,0.8063358068466187,1012.59619140625,73.4831314086914,0.7941235303878784,786.9976196289062,455.28076171875,0.9742117524147034,1013.518798828125,452.4791564941406,0.9678512811660767,723.3007202148438,823.7620239257812,0.9637124538421631,1215.510986328125,755.9928588867188,0.9577314853668213
288,9600,831.2542114257812,80.73696899414062,0.003846995998173952,835.3883666992188,54.336753845214844,0.004770141560584307,834.8168334960938,73.35631561279297,0.002137628383934498,859.06591796875,37.56756591796875,0.020736414939165115,876.0450439453125,69.41445922851562,0.0055557782761752605,867.3488159179688,0.0,0.018595615401864052,929.7491455078125,0.9211807250976562,0.016140570864081383,859.858154296875,38.636878967285156,0.05411292240023613,933.2821655273438,49.36029052734375,0.0429040752351284,869.3076782226562,126.94065856933594,0.0797385424375534,901.4608154296875,120.9378662109375,0.05862452834844589,924.4559326171875,75.6383285522461,0.7840114831924438,988.0742797851562,77.15155792236328,0.7596672773361206,791.3899536132812,461.0818176269531,0.9695770144462585,974.2172241210938,456.9533386230469,0.9590612053871155,766.491943359375,836.08447265625,0.9608432054519653,1221.7611083984375,735.1652221679688,0.9522678256034851
289,9633,822.8468627929688,79.09801483154297,0.0027456851676106453,824.9271850585938,54.814247131347656,0.003600847441703081,831.0275268554688,73.22804260253906,0.0015139427268877625,848.59375,37.424903869628906,0.022546133026480675,883.0596313476562,66.91779327392578,0.005353887565433979,852.7987060546875,0.0,0.0200029406696558,943.2967529296875,0.0,0.019129958003759384,845.900634765625,41.30065155029297,0.05278441309928894,951.3121948242188,49.46839141845703,0.047266747802495956,851.26025390625,147.71572875976562,0.06257183849811554,902.578125,131.0448455810547,0.05169065296649933,925.710205078125,90.29120635986328,0.8166325688362122,998.6563720703125,87.8785171508789,0.8032956719398499,802.455322265625,471.134521484375,0.972392201423645,941.8316040039062,456.5461120605469,0.9633532166481018,793.155029296875,844.0016479492188,0.9649299383163452,1202.436767578125,710.3616943359375,0.9584222435951233
290,9666,832.1417236328125,91.70429992675781,0.0019497907487675548,830.5188598632812,70.20845031738281,0.002783070784062147,834.2695922851562,84.88142395019531,0.0009461146546527743,859.2254028320312,49.831695556640625,0.015531321056187153,878.4808959960938,76.36896514892578,0.002338519785553217,861.0407104492188,15.112289428710938,0.014189223758876324,928.8565673828125,6.0804290771484375,0.010168078355491161,853.8400268554688,71.94007873535156,0.04367588832974434,943.4806518554688,76.73236083984375,0.03361554071307182,851.6807250976562,155.9292755126953,0.049743350595235825,882.1674194335938,140.88565063476562,0.04226035624742508,920.43701171875,93.51292419433594,0.8657082915306091,967.3739013671875,92.66500854492188,0.8343762159347534,815.5735473632812,472.5469055175781,0.9869580864906311,909.4425659179688,483.57916259765625,0.9787783622741699,839.9678344726562,861.2653198242188,0.9905707836151123,1160.6630859375,697.0997314453125,0.9868775010108948
291,9700,835.677978515625,89.38286590576172,0.0024444886948913336,835.4478149414062,70.50725555419922,0.0034604689572006464,834.9602661132812,85.97250366210938,0.0010873593855649233,869.1533203125,50.382110595703125,0.016289912164211273,867.780029296875,79.42263793945312,0.0021433725487440825,883.0860595703125,13.445846557617188,0.01796436682343483,901.5349731445312,4.748382568359375,0.012369836680591106,875.2205810546875,55.614990234375,0.06324569135904312,905.3892211914062,65.02793884277344,0.04554947093129158,870.5777587890625,129.58145141601562,0.072931207716465,851.814697265625,112.01811218261719,0.0589023195207119,932.95703125,101.35404968261719,0.8898371458053589,945.1153564453125,101.49302673339844,0.85932856798172,811.4505615234375,475.6983337402344,0.9869220852851868,877.2936401367188,491.60137939453125,0.9779559373855591,870.2173461914062,855.1312866210938,0.9893460869789124,1127.6534423828125,695.2523803710938,0.9848883152008057
292,9733,765.690673828125,73.33529663085938,0.0021965359337627888,770.0277099609375,52.355918884277344,0.00312038348056376,769.5785522460938,71.22782135009766,0.0010531091829761863,816.5249633789062,35.43736267089844,0.021865876391530037,819.838623046875,66.9437255859375,0.003480237675830722,842.216552734375,1.0506362915039062,0.02271152101457119,883.5097045898438,0.0,0.021599406376481056,796.0328979492188,29.803115844726562,0.06264173239469528,853.0112915039062,57.50807189941406,0.05529986321926117,776.19140625,60.60585021972656,0.05296428129076958,769.9494018554688,120.01110076904297,0.04782812297344208,933.80712890625,119.56471252441406,0.8924755454063416,958.32666015625,112.71867370605469,0.8841157555580139,820.8883666992188,491.1713562011719,0.9843400716781616,873.0807495117188,478.3373107910156,0.9778991937637329,909.9027099609375,861.4398803710938,0.9831152558326721,1098.4141845703125,709.605712890625,0.9795814156532288
293,9766,774.5095825195312,71.87796020507812,0.005602951627224684,784.8513793945312,49.50691223144531,0.007117505185306072,770.6907348632812,71.40174865722656,0.0019493855070322752,845.266357421875,34.390228271484375,0.013972404412925243,797.167236328125,73.25997161865234,0.0017740372568368912,884.8928833007812,0.0,0.03147060424089432,837.5004272460938,0.0,0.011087227612733841,852.5816040039062,8.612091064453125,0.24104425311088562,776.2396240234375,13.369033813476562,0.0710727795958519,771.6807861328125,2.534454345703125,0.36197948455810547,740.4447021484375,10.355575561523438,0.16321693360805511,962.57470703125,108.09535217285156,0.9160647392272949,924.2979125976562,107.32777404785156,0.8563562631607056,823.8047485351562,478.6167297363281,0.9868625402450562,827.222412109375,472.0683288574219,0.970681369304657,974.4863891601562,849.1410522460938,0.9828532338142395,1047.919921875,721.5011596679688,0.9723663926124573
294,9800,782.0614624023438,68.45516967773438,0.003626168705523014,792.0971069335938,47.4913330078125,0.005118855275213718,780.5619506835938,68.60103607177734,0.0009728492586873472,856.1290283203125,34.07679748535156,0.01725521683692932,819.4239501953125,70.12078857421875,0.0011249062372371554,906.72314453125,0.0,0.04612761735916138,878.0654296875,0.0,0.010448122397065163,866.5823364257812,5.5868682861328125,0.3688521087169647,839.7156982421875,18.8785400390625,0.07123218476772308,745.7470703125,2.3255767822265625,0.4636884033679962,728.0094604492188,11.492385864257812,0.14482051134109497,961.71337890625,120.68659973144531,0.8843427300453186,921.4332885742188,110.89082336425781,0.7791517972946167,858.3523559570312,498.3351745605469,0.9681887626647949,783.0672607421875,459.236572265625,0.9238577485084534,1016.2861328125,855.24755859375,0.9398404359817505,956.7293701171875,772.4411010742188,0.9043852090835571
295,9833,832.4298706054688,87.7353286743164,0.002474395092576742,837.0466918945312,66.87549591064453,0.0031018059235066175,831.2640991210938,86.61149597167969,0.0012781188124790788,878.9669189453125,46.46104431152344,0.015576524659991264,858.1109619140625,81.8177490234375,0.0028826140332967043,898.5465087890625,10.009689331054688,0.02007334493100643,900.1983032226562,0.0,0.023352324962615967,830.0364990234375,27.10052490234375,0.07314126193523407,897.8827514648438,36.74652099609375,0.10024844855070114,839.7918090820312,51.752655029296875,0.07066118717193604,843.8881225585938,71.24370574951172,0.08930028975009918,960.2975463867188,130.423095703125,0.8889365792274475,923.3672485351562,120.48223114013672,0.8938594460487366,912.9990844726562,506.1211853027344,0.9766130447387695,763.4782104492188,449.2630920410156,0.9723590016365051,1067.0087890625,853.6221923828125,0.9706438779830933,912.90087890625,752.6361694335938,0.9712080955505371
296,9866,867.8252563476562,90.7584228515625,0.00996866449713707,872.6618041992188,71.52931213378906,0.011238486506044865,866.7507934570312,86.03170013427734,0.0060998862609267235,902.565185546875,54.36268615722656,0.02185736782848835,885.2051391601562,77.56448364257812,0.0069609167985618114,913.2936401367188,18.49102020263672,0.03646741807460785,921.1992797851562,3.2987136840820312,0.027999041602015495,856.7807006835938,51.25547790527344,0.11774548888206482,909.350341796875,36.38932800292969,0.09529808163642883,820.4445190429688,111.13048553466797,0.12696756422519684,853.7957153320312,90.98030090332031,0.10958310961723328,970.620849609375,138.860595703125,0.8570524454116821,933.5674438476562,123.76055145263672,0.8383753895759583,940.8162231445312,489.7021179199219,0.9649781584739685,765.4279174804688,443.96044921875,0.9543945789337158,1110.9368896484375,832.67578125,0.950736403465271,844.600341796875,777.4478759765625,0.9451366066932678
297,9900,855.8619384765625,99.35371398925781,0.0035235504619777203,859.253173828125,82.18267822265625,0.0031130542047321796,851.6174926757812,91.47029113769531,0.0014465248677879572,896.411376953125,63.01039123535156,0.006205996032804251,870.4085693359375,78.19596862792969,0.0014815242029726505,916.4527587890625,27.432174682617188,0.011454231105744839,908.357177734375,7.821258544921875,0.01870851404964924,873.5614013671875,54.95256042480469,0.09636929631233215,911.4719848632812,38.03141784667969,0.1774488091468811,841.494873046875,100.50146484375,0.1623283177614212,847.4492797851562,87.34945678710938,0.22778628766536713,966.3864135742188,126.01295471191406,0.8970667123794556,912.7460327148438,111.43547058105469,0.9159659147262573,985.6771240234375,496.9295959472656,0.9835264086723328,772.0750122070312,438.04058837890625,0.9834263324737549,1164.97607421875,836.8925170898438,0.9800854325294495,762.6480712890625,793.1240844726562,0.9833557605743408
298,9933,876.9856567382812,89.55045318603516,0.0032557176891714334,879.1293334960938,73.98921203613281,0.002783682197332382,874.88525390625,81.01517486572266,0.0014661498134955764,907.8966674804688,57.20068359375,0.00578567199409008,892.0825805664062,68.10225677490234,0.0017418880015611649,912.4765014648438,25.55255126953125,0.010591684840619564,931.3702392578125,7.82135009765625,0.018001282587647438,850.3233642578125,60.65826416015625,0.07889997214078903,934.597412109375,47.15153503417969,0.14802338182926178,811.7711791992188,104.9168701171875,0.11577650904655457,855.8540649414062,84.48687744140625,0.16566291451454163,968.0887451171875,116.78370666503906,0.9010962843894958,925.8790893554688,105.30647277832031,0.920472264289856,1020.2902221679688,495.102294921875,0.9857873916625977,793.1178588867188,448.5815734863281,0.9857898354530334,1203.6165771484375,824.5404052734375,0.9838617444038391,716.989013671875,788.0255737304688,0.9865825772285461
299,9966,875.3325805664062,90.90813446044922,0.00347664556466043,877.6005859375,75.12185668945312,0.0034341521095484495,872.4684448242188,81.27225494384766,0.0016518866177648306,903.6806030273438,61.7098388671875,0.005876119248569012,884.345947265625,71.18241119384766,0.001648712088353932,907.3035278320312,33.22618103027344,0.009136686101555824,915.334228515625,16.073043823242188,0.009588811546564102,837.7474365234375,69.48605346679688,0.06730497628450394,931.4017333984375,51.97087097167969,0.07141423225402832,800.4368286132812,107.66047668457031,0.09579368680715561,863.4596557617188,88.62483215332031,0.08667251467704773,970.9099731445312,102.22586059570312,0.8742350339889526,918.4281005859375,95.1514892578125,0.8755143880844116,1033.324462890625,479.2210693359375,0.9855479598045349,798.7528076171875,444.97222900390625,0.9825239777565002,1237.5364990234375,801.8146362304688,0.9868583679199219,707.6961059570312,795.2391357421875,0.9873108863830566
300,10000,864.1566162109375,84.75430297851562,0.003271710127592087,866.9793701171875,68.20857238769531,0.0036709688138216734,862.9757690429688,74.8139877319336,0.001488570007495582,896.7832641601562,57.23844909667969,0.008652852848172188,883.1253662109375,67.44049072265625,0.0018658911576494575,897.085205078125,31.425521850585938,0.013547427952289581,924.6954345703125,17.472610473632812,0.009642581455409527,807.16552734375,69.82113647460938,0.07900805026292801,972.3006591796875,68.11820983886719,0.05194287374615669,740.093994140625,119.0240478515625,0.08745221048593521,913.3328857421875,122.63278198242188,0.055113524198532104,965.6929321289062,98.42262268066406,0.8949231505393982,921.1945190429688,94.56724548339844,0.8782919049263,1033.128173828125,470.7353210449219,0.9876587986946106,801.0217895507812,445.8141174316406,0.9826270937919617,1261.58544921875,785.32275390625,0.9892687201499939,724.8702392578125,794.8233032226562,0.9883634448051453
301,10033,874.3255004882812,91.20165252685547,0.004401059355586767,874.1337890625,74.44610595703125,0.004902401473373175,868.8131103515625,82.4784164428711,0.002164785284548998,901.8734130859375,62.437110900878906,0.008804123848676682,885.2080078125,74.6934585571289,0.002152279019355774,899.3701782226562,35.57670593261719,0.015498793683946133,927.07763671875,12.927017211914062,0.006791844964027405,807.4699096679688,81.28038024902344,0.09107936173677444,976.141357421875,81.81367492675781,0.03684636950492859,740.653564453125,123.06889343261719,0.10655960440635681,970.5162963867188,150.34364318847656,0.05002879351377487,961.832763671875,96.36776733398438,0.869178056716919,916.9976806640625,84.906005859375,0.8173162341117859,1014.5215454101562,475.3102111816406,0.9845423698425293,803.2577514648438,451.185546875,0.9754199981689453,1266.29296875,762.7293090820312,0.9879769682884216,763.5340576171875,804.5092163085938,0.9844399690628052
302,10066,842.5457763671875,97.82164764404297,0.0033520415890961885,844.8567504882812,77.37602233886719,0.004307740833610296,840.3164672851562,85.42829132080078,0.0017136705573648214,878.9337768554688,64.63776397705078,0.010754264891147614,868.9918823242188,76.04315185546875,0.0020218067802488804,882.0574951171875,34.42689514160156,0.009895745664834976,911.8130493164062,15.235748291015625,0.008455798961222172,808.37939453125,76.25523376464844,0.043645698577165604,964.0775756835938,73.26649475097656,0.04225343465805054,757.5134887695312,139.7097930908203,0.05069110915064812,971.072265625,125.66070556640625,0.04360804334282875,938.5303955078125,75.17692565917969,0.8390851616859436,905.1530151367188,73.28910827636719,0.8327372670173645,980.9170532226562,486.42950439453125,0.9806482195854187,818.693115234375,460.67535400390625,0.9774167537689209,1269.9969482421875,742.6395263671875,0.9855718612670898,805.2918090820312,819.0,0.9855799674987793
303,10100,843.6544189453125,93.02762603759766,0.0034095465671271086,847.6102294921875,73.51332092285156,0.004872068762779236,839.2789306640625,82.18416595458984,0.0018747563008219004,884.264892578125,59.594696044921875,0.01199057325720787,862.5396118164062,72.76171875,0.0020910107996314764,890.4739990234375,28.013442993164062,0.009963814169168472,890.3750610351562,12.060470581054688,0.0072786747477948666,843.1414184570312,67.39869689941406,0.037649769335985184,898.9378051757812,82.557861328125,0.029567275196313858,832.8955688476562,137.3881072998047,0.03917707875370979,860.3245849609375,155.93128967285156,0.029488200321793556,921.6806640625,76.47550964355469,0.825859546661377,882.3527221679688,76.72480773925781,0.8050203323364258,942.5425415039062,495.4193115234375,0.9774117469787598,823.3646850585938,474.40533447265625,0.9720484614372253,1255.77294921875,727.4851684570312,0.9842005372047424,843.9137573242188,822.95361328125,0.9831878542900085
304,10133,848.086181640625,95.29325866699219,0.003255910938605666,851.9346923828125,79.66017150878906,0.004244240000844002,841.9819946289062,88.56056213378906,0.0017959877150133252,885.3554077148438,62.62696838378906,0.00979333184659481,864.3165893554688,75.74807739257812,0.0020323346834629774,882.8731079101562,20.185317993164062,0.009840136393904686,900.8427124023438,1.8310089111328125,0.007896962575614452,852.5714721679688,46.394439697265625,0.04512936621904373,869.2295532226562,61.40789794921875,0.03845038264989853,838.5078735351562,129.3910675048828,0.05124003812670708,817.869140625,142.81443786621094,0.0428646057844162,913.1686401367188,87.95411682128906,0.8405688405036926,899.376220703125,87.30738830566406,0.8245438933372498,889.8653564453125,500.2599792480469,0.9762039184570312,834.9386596679688,487.81475830078125,0.9720611572265625,1220.545166015625,709.5511474609375,0.9835225939750671,873.9754028320312,831.78955078125,0.9823523163795471
305,10166,838.2189331054688,96.732421875,0.0022453812416642904,839.3583984375,82.52297973632812,0.003015390830114484,834.55322265625,94.39077758789062,0.0014177542179822922,862.6383056640625,64.13184356689453,0.012104888446629047,860.3805541992188,83.09742736816406,0.0027195261791348457,851.7953491210938,23.384719848632812,0.010734234936535358,919.8319702148438,0.0,0.013096225447952747,850.154296875,57.201324462890625,0.03505093231797218,871.7481689453125,57.60740661621094,0.055329516530036926,846.3951416015625,143.41197204589844,0.030917750671505928,823.4776611328125,122.60680389404297,0.046609435230493546,911.4512329101562,111.03607177734375,0.8473800420761108,943.337646484375,111.41175842285156,0.8599077463150024,840.6021118164062,490.08013916015625,0.9686022400856018,845.2044067382812,496.4217529296875,0.9712022542953491,1158.1234130859375,687.4592895507812,0.9780994057655334,898.0025024414062,832.0484619140625,0.9783631563186646
306,10200,848.047119140625,100.30052947998047,0.0024116565473377705,843.6632690429688,85.09185791015625,0.002670253859832883,841.7918701171875,98.7594223022461,0.0014935665531083941,860.6915283203125,64.15631103515625,0.014140083454549313,876.7017211914062,86.63534545898438,0.004630786366760731,845.5887451171875,23.790939331054688,0.023961007595062256,950.3324584960938,0.0,0.02679087035357952,844.92431640625,49.69596862792969,0.060633908957242966,889.3751831054688,66.53109741210938,0.08028728514909744,848.629638671875,143.8622589111328,0.043727923184633255,831.5460205078125,138.7994842529297,0.05809883400797844,909.1725463867188,101.96763610839844,0.8964564204216003,973.6558227539062,98.62174987792969,0.8985311985015869,811.376953125,485.221435546875,0.9751578569412231,846.8375244140625,496.1567077636719,0.9757286906242371,1098.7362060546875,692.2017211914062,0.98201584815979,929.7605590820312,834.1406860351562,0.9807132482528687
307,10233,786.77734375,71.6026611328125,0.002639015903696418,785.1310424804688,52.74458312988281,0.0029958824161440134,789.929443359375,71.86278533935547,0.0012093766126781702,817.1694946289062,36.33311462402344,0.022436831146478653,852.3309326171875,66.95230865478516,0.004986124113202095,815.8798828125,1.2120895385742188,0.0359632633626461,950.0973510742188,0.0,0.03882439434528351,811.844970703125,21.405349731445312,0.09595051407814026,914.4322509765625,51.91548156738281,0.10296577215194702,840.2151489257812,73.60711669921875,0.07846550643444061,854.6883544921875,100.01930236816406,0.07759372889995575,923.5208740234375,111.13568115234375,0.8808644413948059,1009.2885131835938,107.4678955078125,0.8818344473838806,798.021484375,476.5815124511719,0.9718143343925476,875.6911010742188,470.21429443359375,0.9662801027297974,987.3902587890625,778.4733276367188,0.962983250617981,993.3838500976562,746.187744140625,0.9589897990226746
308,10266,794.1524047851562,82.39066314697266,0.0017892339965328574,792.4462280273438,61.48590087890625,0.002302265726029873,795.0386352539062,83.00692749023438,0.0009839971316978335,829.223876953125,43.09442138671875,0.021892372518777847,860.9229736328125,78.64693450927734,0.005236491560935974,842.6277465820312,3.966796875,0.023262737318873405,964.121337890625,4.241180419921875,0.030252790078520775,852.7035522460938,45.39299011230469,0.0418182909488678,957.8582153320312,80.09257507324219,0.06475154310464859,856.105224609375,154.74176025390625,0.029475316405296326,888.8399047851562,163.97451782226562,0.04005800932645798,923.5310668945312,105.17019653320312,0.8587642312049866,1011.744384765625,107.58448791503906,0.8758283853530884,764.287353515625,451.6377868652344,0.9709832668304443,911.6268920898438,483.9668884277344,0.9734436869621277,964.0197143554688,737.2219848632812,0.9753343462944031,1018.4331665039062,832.453857421875,0.9742990732192993
309,10300,843.1869506835938,99.48934936523438,0.005693924147635698,843.57666015625,71.10028839111328,0.00810328684747219,846.7879028320312,95.78105163574219,0.0035359649918973446,879.5679931640625,50.6912841796875,0.03740132972598076,910.641357421875,90.97373962402344,0.008030178025364876,873.4674682617188,5.824676513671875,0.04456653073430061,986.8401489257812,17.3690185546875,0.025730812922120094,858.7998046875,40.11799621582031,0.08071138709783554,930.179443359375,54.16703796386719,0.05046501010656357,861.2794189453125,121.37168884277344,0.07040513306856155,861.6370849609375,101.89862823486328,0.05459955707192421,930.5484619140625,105.5562744140625,0.8342075943946838,1021.9881591796875,112.33000946044922,0.7887431979179382,739.884521484375,431.4588317871094,0.9608404636383057,927.5795288085938,477.6573791503906,0.9470899701118469,900.788818359375,774.21533203125,0.9595998525619507,1066.5721435546875,821.84912109375,0.9464319944381714
310,10333,842.2392578125,96.16912841796875,0.00577982934191823,844.9193725585938,67.0561294555664,0.007188340649008751,842.5364379882812,89.8809814453125,0.003463363740593195,880.449462890625,50.36908721923828,0.027820298448204994,895.5214233398438,88.22230529785156,0.006850855890661478,881.360107421875,3.1354751586914062,0.03298606723546982,962.9564819335938,16.89239501953125,0.02545355260372162,859.0559692382812,40.506317138671875,0.07056546956300735,900.3113403320312,48.63823699951172,0.06516654789447784,849.6964111328125,115.45330810546875,0.07821902632713318,834.9248657226562,90.31395721435547,0.08590149879455566,938.9530029296875,97.36365509033203,0.8230040669441223,1018.0335083007812,107.6817855834961,0.797826886177063,747.9786987304688,429.7358093261719,0.9636967182159424,964.0464477539062,481.1105651855469,0.9543817639350891,810.5343017578125,792.8529663085938,0.9584855437278748,1118.4752197265625,813.67919921875,0.9476515650749207
311,10366,850.863525390625,92.05252075195312,0.0025895945727825165,848.1455078125,67.85474395751953,0.002739334013313055,849.7994995117188,81.19210052490234,0.0012230356223881245,871.5335083007812,51.797698974609375,0.011992848478257656,902.8609008789062,73.70045471191406,0.003121189307421446,873.9307861328125,16.850692749023438,0.0174326803535223,968.5446166992188,17.4404296875,0.012446892447769642,859.663330078125,62.748138427734375,0.06318174302577972,934.2418212890625,59.08648681640625,0.04741344228386879,868.94921875,117.22801208496094,0.09180149435997009,851.7557983398438,84.34085083007812,0.07544949650764465,925.3496704101562,77.64505004882812,0.8440594673156738,1014.5411376953125,80.81497192382812,0.8099987506866455,785.1829833984375,438.1689453125,0.9838443398475647,1011.4995727539062,478.7150573730469,0.9767459630966187,734.6884155273438,822.2671508789062,0.986535370349884,1160.877197265625,800.7513427734375,0.9813031554222107
312,10400,864.4096069335938,90.5914306640625,0.0036341554950922728,862.516845703125,68.01123046875,0.003011870663613081,861.5291748046875,78.19633483886719,0.0014458403456956148,882.83056640625,52.359375,0.006331725977361202,902.5960693359375,68.52177429199219,0.0019103150116279721,890.3109741210938,9.084182739257812,0.011418774724006653,953.6611328125,7.988800048828125,0.010274146683514118,875.6556396484375,45.49470520019531,0.09379036724567413,910.0748291015625,41.87992858886719,0.08951818197965622,865.4092407226562,88.39448547363281,0.2407446801662445,839.9317016601562,72.72496032714844,0.2386726289987564,932.7904052734375,70.86410522460938,0.8550203442573547,1003.5203247070312,71.47782897949219,0.8345791697502136,795.2106323242188,445.16510009765625,0.9873461127281189,1020.8177490234375,467.584716796875,0.9827725887298584,694.782958984375,814.8155517578125,0.987995445728302,1191.45556640625,782.3843994140625,0.9843830466270447
313,10433,864.9188232421875,87.28912353515625,0.002530109602957964,863.565185546875,65.65702056884766,0.0025712933856993914,871.196044921875,80.64256286621094,0.001119237975217402,880.489990234375,53.1866455078125,0.009149814955890179,922.4420166015625,77.0427474975586,0.002075002994388342,876.8370361328125,1.0875091552734375,0.010911282151937485,985.0446166992188,3.231903076171875,0.012107005342841148,859.4432373046875,39.344581604003906,0.07278430461883545,940.8922729492188,37.341522216796875,0.09372767806053162,861.6522827148438,89.11404418945312,0.16248945891857147,848.957763671875,73.9438247680664,0.20563124120235443,928.7741088867188,79.71354675292969,0.8421803116798401,1027.876953125,81.50255584716797,0.8393703699111938,794.250244140625,450.8775329589844,0.9817447066307068,1017.3468627929688,460.2911682128906,0.9787371158599854,686.3829956054688,806.5047607421875,0.9769420623779297,1216.12353515625,777.4249877929688,0.9729112386703491
314,10466,840.9816284179688,68.8503189086914,0.003977264743298292,842.3216552734375,46.105796813964844,0.0039002541452646255,847.90234375,61.91919708251953,0.0015487506752833724,865.0588989257812,30.652496337890625,0.011420497670769691,899.82861328125,55.784339904785156,0.002701246878132224,872.195068359375,0.0,0.016392042860388756,961.9345092773438,0.0,0.015022986568510532,858.2825927734375,19.591049194335938,0.11470980942249298,925.1522827148438,31.231544494628906,0.09469069540500641,859.2762451171875,83.0998306274414,0.2589036822319031,848.0707397460938,79.60430145263672,0.21363484859466553,930.0494995117188,75.30226135253906,0.827889621257782,1014.33642578125,75.77483367919922,0.8080246448516846,796.9124145507812,445.940185546875,0.977026641368866,1002.8897094726562,453.41876220703125,0.9694607257843018,732.1084594726562,816.828369140625,0.9649024605751038,1212.5687255859375,748.6593017578125,0.9562206268310547
315,10500,826.4512939453125,75.21157836914062,0.0036406381987035275,827.7225952148438,50.498199462890625,0.004263304173946381,833.1398315429688,68.74282836914062,0.0017818501219153404,851.6229858398438,35.32928466796875,0.015852924436330795,884.6401977539062,65.31729125976562,0.003923121374100447,858.5902099609375,0.0,0.015577598474919796,944.2835083007812,0.0,0.015226139687001705,853.436279296875,21.91710662841797,0.06523223221302032,923.0698852539062,34.32151794433594,0.05953843146562576,881.1304931640625,73.52796936035156,0.11556218564510345,864.3900146484375,71.17030334472656,0.09859373420476913,925.3394775390625,75.69900512695312,0.7884920835494995,1001.2258911132812,75.16310119628906,0.7732313871383667,796.7883911132812,455.33807373046875,0.9712939262390137,963.4758911132812,450.596923828125,0.9627209305763245,774.015625,830.26611328125,0.9624008536338806,1207.893310546875,727.8385620117188,0.954730749130249
316,10533,832.8759765625,93.0560302734375,0.0014621176524087787,830.7837524414062,70.42996215820312,0.0021128503140062094,840.4531860351562,88.66831970214844,0.000804261420853436,855.2678833007812,51.42565155029297,0.016105366870760918,896.404541015625,82.71176147460938,0.002863024128600955,845.8167724609375,8.949920654296875,0.01363429520279169,965.1095581054688,1.4406280517578125,0.010950567200779915,834.6849975585938,43.38782501220703,0.03939944505691528,967.5963745117188,56.759239196777344,0.03631288558244705,865.2579956054688,112.94581604003906,0.041453320533037186,902.2135620117188,109.73567962646484,0.04122050106525421,911.5354614257812,90.85821533203125,0.8499146103858948,996.11669921875,89.16279602050781,0.8258200883865356,812.6129150390625,462.4254455566406,0.9822923541069031,925.6948852539062,461.93353271484375,0.9744082093238831,803.1062622070312,829.4669189453125,0.9857583045959473,1186.9033203125,696.0574951171875,0.9811683893203735
317,10566,837.4671020507812,95.11969757080078,0.0018947138451039791,834.4651489257812,75.72306060791016,0.0026412219740450382,841.7289428710938,90.2449722290039,0.0008918244857341051,861.674560546875,54.0260009765625,0.01799212209880352,891.838134765625,80.31047058105469,0.0026516567450016737,860.8599853515625,14.058746337890625,0.019753897562623024,943.810546875,6.4704437255859375,0.013645336963236332,849.5767822265625,56.45603942871094,0.05725245550274849,964.752197265625,72.68257141113281,0.041999451816082,861.7860717773438,132.59971618652344,0.057397179305553436,913.5833129882812,132.01437377929688,0.046334218233823776,917.5399169921875,107.93783569335938,0.8891679644584656,971.9216918945312,107.17314147949219,0.859656572341919,811.99609375,474.5563049316406,0.9869066476821899,899.5933837890625,484.7479248046875,0.9783045053482056,837.7529296875,848.6702270507812,0.9896316528320312,1146.8682861328125,685.8287353515625,0.9854572415351868
318,10600,817.0679321289062,84.42718505859375,0.0024720432702451944,817.2280883789062,64.87760925292969,0.0033629199024289846,816.446044921875,80.26199340820312,0.0011684757191687822,852.2905883789062,45.06239318847656,0.018475310876965523,854.829345703125,72.73562622070312,0.0028131427243351936,862.3088989257812,9.205490112304688,0.020863719284534454,901.3070678710938,1.7374420166015625,0.01680263690650463,835.6106567382812,50.38096618652344,0.05978808552026749,906.0089721679688,64.54518127441406,0.052276384085416794,827.0310668945312,123.83001708984375,0.059814926236867905,835.2421875,110.4993896484375,0.05748550221323967,929.3743896484375,108.24407958984375,0.8932364583015442,952.01904296875,106.6951904296875,0.8743492364883423,808.2530517578125,476.887939453125,0.9861655235290527,870.916259765625,484.2916564941406,0.9785869717597961,870.345703125,844.5265502929688,0.9885742664337158,1111.9608154296875,684.725830078125,0.9850126504898071
319,10633,773.2147216796875,75.24700927734375,0.001967023592442274,778.6990356445312,55.484230041503906,0.0027812118642032146,775.1779174804688,74.56338500976562,0.0009619412012398243,824.754150390625,38.0731201171875,0.02152726612985134,818.3258666992188,70.5278549194336,0.00360320252366364,842.7786254882812,0.0,0.027521511539816856,872.6643676757812,0.0,0.02135583758354187,781.0060424804688,18.340988159179688,0.07532409578561783,823.695068359375,35.533538818359375,0.05153633654117584,784.8287353515625,36.626220703125,0.05572102218866348,770.2667236328125,73.92530822753906,0.04008275270462036,933.8325805664062,119.81661987304688,0.9077105522155762,951.1338500976562,114.66348266601562,0.8905948996543884,814.9085693359375,484.0508728027344,0.9852309226989746,867.4356689453125,473.62554931640625,0.9772306084632874,914.0875854492188,844.9868774414062,0.9835589528083801,1074.85107421875,707.2197875976562,0.9789734482765198
320,10666,800.6278076171875,66.3149642944336,0.004389180336147547,807.1004028320312,45.85707092285156,0.0041311029344797134,804.5731811523438,69.80024719238281,0.0016244116704910994,862.3460083007812,32.22754669189453,0.009744962677359581,850.5841064453125,73.11079406738281,0.0017693780828267336,891.2023315429688,0.0,0.016219161450862885,914.0101318359375,0.0,0.03146990388631821,819.39208984375,12.927474975585938,0.15105324983596802,877.9876708984375,39.746910095214844,0.3029803931713104,744.690185546875,31.344085693359375,0.30437055230140686,754.957763671875,34.48102569580078,0.5020212531089783,960.6577758789062,131.07675170898438,0.9016539454460144,954.50537109375,124.99321746826172,0.9198670387268066,828.9215698242188,476.8618469238281,0.9801415205001831,782.2890014648438,457.2630615234375,0.9787704348564148,965.3385009765625,840.9298706054688,0.9693191647529602,1026.8572998046875,697.602294921875,0.9694926738739014
321,10700,783.2371826171875,61.27789306640625,0.004865020513534546,787.0858764648438,42.1651611328125,0.004147718194872141,783.712646484375,60.389488220214844,0.00141998496837914,837.529052734375,29.049087524414062,0.010765883140265942,829.1451416015625,61.814048767089844,0.0017260127933695912,874.06640625,0.9177932739257812,0.021257510408759117,899.4611206054688,0.0,0.037024788558483124,814.8898315429688,20.622711181640625,0.19644935429096222,894.02197265625,42.45311737060547,0.31367209553718567,764.1487426757812,24.958969116210938,0.37434086203575134,768.1491088867188,35.135833740234375,0.4743529260158539,946.424560546875,132.41310119628906,0.8693116307258606,932.3959350585938,121.61341094970703,0.8924807906150818,854.3944702148438,489.1552734375,0.9695920348167419,772.7719116210938,435.88714599609375,0.9669229984283447,1006.8944702148438,841.5155639648438,0.9397034645080566,927.5856323242188,726.5469360351562,0.9455748796463013
322,10733,802.6576538085938,62.403785705566406,0.009302736259996891,804.7402954101562,42.168914794921875,0.0076752169989049435,798.9505615234375,56.881072998046875,0.002572897356003523,851.4171752929688,29.512115478515625,0.013477674685418606,835.8341674804688,56.09880065917969,0.002224743366241455,875.8292236328125,0.9395599365234375,0.034641824662685394,893.6759643554688,0.0,0.03888548165559769,812.9515380859375,20.8604736328125,0.26830586791038513,898.8697509765625,44.046661376953125,0.2652311325073242,795.5363159179688,27.757919311523438,0.4505428969860077,804.489990234375,28.409271240234375,0.39552584290504456,948.1829223632812,129.30990600585938,0.9202185869216919,920.9722290039062,117.24330139160156,0.9207577109336853,896.4657592773438,504.6573486328125,0.985977053642273,756.1201171875,423.6235656738281,0.9811992645263672,1062.2320556640625,844.3914794921875,0.974232017993927,874.314208984375,724.78515625,0.976264238357544
323,10766,766.7256469726562,34.01161193847656,0.03665931150317192,775.4749755859375,13.854148864746094,0.039243392646312714,764.4686279296875,32.1405029296875,0.017149964347481728,830.5380859375,11.60760498046875,0.05267687514424324,799.6165161132812,40.591941833496094,0.012908067554235458,867.4953002929688,3.3353118896484375,0.1375066190958023,865.4703979492188,5.0065155029296875,0.05519232526421547,814.5716552734375,23.34466552734375,0.2912060618400574,853.138916015625,31.55694580078125,0.11196672916412354,794.6973876953125,24.33673095703125,0.287262499332428,807.7892456054688,27.67852020263672,0.13521708548069,965.5272216796875,138.4071807861328,0.9002513885498047,919.6532592773438,125.61231994628906,0.8507280945777893,937.1927490234375,481.7978210449219,0.9708470702171326,756.5572509765625,434.33929443359375,0.9504708051681519,1107.81982421875,821.7125244140625,0.9451297521591187,808.0927734375,767.52685546875,0.9304469227790833
324,10800,829.7887573242188,77.81568145751953,0.0037020116578787565,833.1815795898438,61.86231994628906,0.003560386598110199,825.8607788085938,71.09342193603516,0.001533210277557373,869.2793579101562,46.52508544921875,0.008457922376692295,845.6513671875,61.29924774169922,0.0018695296021178365,883.7294311523438,12.830612182617188,0.01935560815036297,882.72216796875,3.506195068359375,0.01616513729095459,825.52294921875,29.988372802734375,0.12740515172481537,885.41259765625,40.61878967285156,0.10648591071367264,824.3460083007812,58.476470947265625,0.1616363376379013,836.1697998046875,70.11717224121094,0.12282070517539978,953.245849609375,116.69357299804688,0.9133636951446533,902.324951171875,105.29910278320312,0.9047281742095947,977.203125,487.6879577636719,0.9861302971839905,766.7403564453125,433.72247314453125,0.9814937114715576,1148.2137451171875,822.8073120117188,0.9832111597061157,729.1629638671875,785.9594116210938,0.9830524921417236
325,10833,858.1754760742188,93.9466781616211,0.003383313538506627,860.6187744140625,78.54183197021484,0.0032886876724660397,854.9796752929688,85.19851684570312,0.0016205188585445285,889.88037109375,62.490760803222656,0.007116817869246006,869.3515014648438,72.36753845214844,0.0019905781373381615,896.4314575195312,30.289352416992188,0.012699968181550503,901.9290161132812,11.5169677734375,0.013663689605891705,823.4130249023438,67.71578979492188,0.07930420339107513,911.2351684570312,49.816680908203125,0.08825556933879852,781.6800537109375,109.54110717773438,0.09914703667163849,841.6446533203125,91.28741455078125,0.09488728642463684,955.2708129882812,107.40238952636719,0.8923456072807312,903.5674438476562,95.79753112792969,0.894938051700592,1006.4163208007812,478.28192138671875,0.9851299524307251,779.1854248046875,437.20257568359375,0.9823834896087646,1188.7757568359375,802.915283203125,0.9850910902023315,697.4320678710938,782.4717407226562,0.9857901334762573
326,10866,859.5723876953125,84.58877563476562,0.003295788075774908,861.6431274414062,69.85631561279297,0.0033016689121723175,857.7266235351562,75.6947250366211,0.0016683960566297174,887.4967041015625,57.45982360839844,0.0088023217394948,873.5455322265625,66.24856567382812,0.0025884248316287994,888.8759765625,32.0650634765625,0.015324756503105164,911.1119995117188,17.296829223632812,0.013998675160109997,811.0439453125,75.97503662109375,0.07189371436834335,981.7238159179688,72.40306091308594,0.06909121572971344,773.4879150390625,121.39810180664062,0.07660447806119919,990.1494140625,129.03904724121094,0.0615433007478714,956.9517211914062,104.28153991699219,0.8922168016433716,909.84375,96.31832885742188,0.8889840245246887,1015.3588256835938,473.5528564453125,0.9854110479354858,789.48876953125,435.07342529296875,0.9819542169570923,1220.2301025390625,788.6592407226562,0.9861800074577332,701.42578125,779.1853637695312,0.9865624308586121
327,10900,850.4774780273438,84.3460922241211,0.0034445517230778933,852.3389892578125,67.33660125732422,0.0037405944894999266,847.4278564453125,74.38407897949219,0.0017259740270674229,880.027587890625,56.135650634765625,0.008247950114309788,863.7660522460938,67.58518981933594,0.0020871965680271387,884.6559448242188,33.10798645019531,0.011502167209982872,900.7787475585938,15.69305419921875,0.010154194198548794,814.1978759765625,74.88212585449219,0.059740375727415085,977.4371337890625,66.02947998046875,0.05734509974718094,784.8704833984375,118.07734680175781,0.07190349698066711,984.0086669921875,124.83682250976562,0.05941854789853096,951.303955078125,95.72616577148438,0.8698071241378784,900.2180786132812,91.50325012207031,0.8638907670974731,1007.5548706054688,462.7471008300781,0.9842494130134583,782.47412109375,438.34716796875,0.9804731607437134,1241.216796875,767.1135864257812,0.9874774217605591,729.1514892578125,785.5650024414062,0.9871927499771118
328,10933,859.0519409179688,87.9228286743164,0.005011057015508413,858.689453125,70.66358184814453,0.005865980871021748,851.7808227539062,79.2132339477539,0.002415766939520836,886.9124145507812,57.40631103515625,0.010885047726333141,865.9111328125,70.86886596679688,0.0023014575708657503,887.415771484375,32.81721496582031,0.018965929746627808,902.4174194335938,10.775344848632812,0.007416944019496441,806.7378540039062,83.27806091308594,0.09792055189609528,916.0761108398438,84.03511047363281,0.03375697508454323,744.4406127929688,123.3336181640625,0.10591527819633484,871.8165893554688,151.2191619873047,0.04517839476466179,947.3807983398438,96.47506713867188,0.8603039383888245,901.119873046875,85.40084838867188,0.7960951328277588,987.9069213867188,475.354248046875,0.9812077283859253,791.5935668945312,452.5700988769531,0.9688984155654907,1247.6229248046875,748.5682983398438,0.9849604964256287,776.9989013671875,799.5899658203125,0.9798464775085449
329,10966,833.4111328125,91.14827728271484,0.0036992270033806562,836.9419555664062,71.68061828613281,0.00507411640137434,828.50830078125,80.1254653930664,0.0019186018034815788,872.201171875,57.90614318847656,0.012263793498277664,850.2515869140625,70.71849060058594,0.0021435113158077,879.5288696289062,27.075164794921875,0.01262868195772171,882.3468017578125,10.40936279296875,0.008152330294251442,816.3290405273438,63.842193603515625,0.05267687514424324,888.4581298828125,73.28704833984375,0.034059926867485046,776.4927978515625,128.90277099609375,0.053621336817741394,834.509033203125,135.67172241210938,0.035442158579826355,926.7306518554688,76.73899841308594,0.8522989153862,884.973876953125,76.06137084960938,0.8250181674957275,954.7659301757812,486.95672607421875,0.9802313446998596,812.6100463867188,467.7087707519531,0.9738441705703735,1244.122314453125,724.6287231445312,0.9853307008743286,812.9302978515625,816.0192260742188,0.9835962057113647
330,11000,835.1973876953125,97.23369598388672,0.003497055033221841,839.1302490234375,79.14850616455078,0.004503428470343351,830.2050170898438,87.65837860107422,0.0018722719978541136,872.7407836914062,60.93214416503906,0.009599155746400356,851.83544921875,73.18444061279297,0.0019210511818528175,872.0396118164062,22.148895263671875,0.00883438903838396,887.4110107421875,2.5706634521484375,0.007475179620087147,807.5687255859375,56.663177490234375,0.04440617188811302,877.42919921875,62.243408203125,0.03998517617583275,760.3275146484375,127.94984436035156,0.05502490699291229,810.6174926757812,119.63140869140625,0.048329442739486694,913.4075317382812,79.26347351074219,0.8179536461830139,887.0311889648438,76.30169677734375,0.8067312240600586,916.7034301757812,499.94451904296875,0.975229799747467,821.9910278320312,474.0009460449219,0.9710062146186829,1230.768310546875,724.6492919921875,0.9817478060722351,849.25439453125,817.9768676757812,0.9813277125358582
331,11033,834.2077026367188,95.1082534790039,0.0030611183028668165,836.3303833007812,81.10189819335938,0.0036288797855377197,829.5097045898438,91.31769561767578,0.0015596991870552301,866.8408813476562,60.73548889160156,0.010053848847746849,854.8292236328125,77.30223083496094,0.002073756419122219,864.277099609375,16.828948974609375,0.013206230476498604,896.941650390625,1.6847076416015625,0.011825221590697765,834.1166381835938,40.48374938964844,0.06443154811859131,862.7730102539062,60.22618103027344,0.0627908855676651,815.288818359375,123.06211853027344,0.07227103412151337,800.8367309570312,123.28834533691406,0.07012174278497696,908.190185546875,101.0057373046875,0.8703507781028748,906.7236938476562,101.79716491699219,0.8610393404960632,871.4588623046875,496.8931579589844,0.976434588432312,830.6378784179688,494.7087097167969,0.9730662703514099,1181.019287109375,713.0489501953125,0.9813097715377808,879.174560546875,823.9323120117188,0.9799469113349915
332,11066,834.6641845703125,90.88968658447266,0.0030982266180217266,832.4896240234375,76.96311950683594,0.0032621286809444427,828.994140625,89.24313354492188,0.0016802377067506313,852.8761596679688,56.821563720703125,0.013639900833368301,862.5060424804688,77.12901306152344,0.003924705553799868,839.1489868164062,16.1546630859375,0.027025431394577026,929.6613159179688,0.0,0.025992438197135925,818.2736206054688,37.94938659667969,0.08930095285177231,867.6087036132812,63.25080871582031,0.09301028400659561,817.527099609375,108.2728271484375,0.0737161934375763,798.3182373046875,119.31500244140625,0.07985710352659225,912.3722534179688,113.89535522460938,0.9108353853225708,961.1334228515625,112.97177124023438,0.9056849479675293,832.6239624023438,490.00469970703125,0.9789943695068359,843.7440185546875,498.8203125,0.9772400259971619,1118.2203369140625,695.5111083984375,0.9829482436180115,909.0557250976562,828.0555419921875,0.9810355305671692
333,11100,784.6088256835938,71.2401351928711,0.0575956292450428,782.0859375,49.58624267578125,0.06881456822156906,782.2190551757812,66.48284912109375,0.02116687223315239,815.0222778320312,25.046470642089844,0.1391342580318451,837.192626953125,56.40403747558594,0.019448814913630486,831.7789306640625,11.120132446289062,0.1654842346906662,927.9490356445312,2.4537277221679688,0.18288017809391022,836.8028564453125,33.007415771484375,0.1848948448896408,897.0595703125,55.223533630371094,0.21404606103897095,833.269775390625,59.06950378417969,0.1422363668680191,830.00927734375,54.443939208984375,0.15302500128746033,931.2173461914062,131.12635803222656,0.9210846424102783,986.7510375976562,130.8858184814453,0.9251645803451538,813.0049438476562,481.97222900390625,0.977801501750946,831.7275390625,475.0450134277344,0.9770320653915405,1046.6422119140625,712.3880004882812,0.9722630977630615,928.5169067382812,790.5650024414062,0.9712977409362793
334,11133,779.2963256835938,68.24386596679688,0.004812201950699091,779.162109375,51.36785888671875,0.004333863500505686,778.9614868164062,71.6663818359375,0.0016578653594478965,819.803466796875,35.35810089111328,0.01499502919614315,839.7565307617188,69.09127807617188,0.0033039147965610027,828.1437377929688,0.0,0.04068135842680931,935.4154052734375,0.0,0.03715553507208824,792.2437744140625,14.084014892578125,0.22468562424182892,869.094970703125,39.41889953613281,0.1945170760154724,796.7269287109375,19.725082397460938,0.2910822331905365,807.6729125976562,32.05201721191406,0.25352248549461365,920.9788208007812,117.02934265136719,0.9004164338111877,991.7927856445312,116.54219055175781,0.8914368748664856,784.5232543945312,469.0683288574219,0.9741978049278259,888.1007080078125,486.05731201171875,0.9683712720870972,983.15478515625,742.6435546875,0.9607030153274536,976.9905395507812,791.4478149414062,0.9532840847969055
335,11166,783.9442749023438,60.96977233886719,0.004214611370116472,786.0447387695312,44.43518829345703,0.0038246868643909693,783.7291259765625,64.26324462890625,0.001492602750658989,828.6152954101562,29.94898223876953,0.013107397593557835,839.8289794921875,63.04973602294922,0.0030626056250184774,844.0257568359375,0.0,0.03660033270716667,922.4093627929688,0.0,0.03297574073076248,796.1380004882812,7.0507049560546875,0.2054559886455536,836.846435546875,22.986053466796875,0.17152579128742218,764.6937255859375,2.752716064453125,0.26784855127334595,757.248291015625,9.79083251953125,0.23598885536193848,926.1085205078125,116.8267822265625,0.9265456795692444,988.697021484375,116.05146789550781,0.9181320667266846,759.866943359375,451.8750915527344,0.9856562614440918,911.5512084960938,485.1625671386719,0.9823596477508545,915.7966918945312,773.3067626953125,0.9816648364067078,1031.87060546875,830.4674072265625,0.9769750833511353
336,11200,822.822021484375,91.44196319580078,0.006658312398940325,828.2391357421875,63.29651641845703,0.00850408710539341,821.471923828125,86.77727508544922,0.0040174550376832485,867.7639770507812,45.256324768066406,0.03411450982093811,869.6802978515625,84.11156463623047,0.008573002181947231,864.971923828125,0.0,0.05258864909410477,928.9891357421875,9.473739624023438,0.02829497866332531,818.1929321289062,17.81041717529297,0.1063162162899971,840.7899780273438,31.278648376464844,0.059249334037303925,834.1259765625,47.06261444091797,0.10132353752851486,825.91064453125,59.959877014160156,0.07484594732522964,936.4828491210938,101.43321990966797,0.856506884098053,999.3239135742188,112.17652130126953,0.8072962164878845,738.0321044921875,434.3680114746094,0.9659115076065063,931.2025146484375,481.64715576171875,0.9491164088249207,844.9622192382812,793.5679931640625,0.9560661911964417,1084.9844970703125,812.5270385742188,0.9393315315246582
337,11233,806.7685546875,79.93089294433594,0.0017653475515544415,810.0421142578125,57.23229217529297,0.0021927778143435717,808.9647216796875,75.00727844238281,0.0008489203755743802,844.2752075195312,38.931610107421875,0.017652563750743866,861.5995483398438,67.90157318115234,0.0036592897959053516,859.8521118164062,0.0,0.020524058490991592,939.1084594726562,0.235015869140625,0.01895594410598278,856.9862060546875,38.753265380859375,0.052650585770606995,931.1700439453125,49.7314453125,0.05215386673808098,877.7308959960938,119.091796875,0.05356656014919281,867.2598876953125,101.20628356933594,0.05060284212231636,922.1900024414062,93.90618896484375,0.856043815612793,998.82080078125,95.2613525390625,0.8474992513656616,763.1805419921875,441.7190856933594,0.9789320826530457,968.3961181640625,473.2349853515625,0.9749957323074341,749.8494262695312,805.3397827148438,0.9794620871543884,1133.623291015625,799.0499267578125,0.9748060703277588
338,11266,958.4029541015625,89.57089233398438,0.005052883177995682,950.8233032226562,67.98321533203125,0.0037579494528472424,949.8666381835938,77.40543365478516,0.003155205864459276,926.2186889648438,52.325592041015625,0.010088091716170311,946.840087890625,73.62606811523438,0.007262767292559147,890.7467651367188,15.3603515625,0.021740203723311424,979.78125,19.919082641601562,0.02087906002998352,870.650390625,55.59974670410156,0.07285168766975403,934.043212890625,51.80387878417969,0.06909479945898056,895.2017211914062,110.94818115234375,0.11072589457035065,858.5152587890625,88.96481323242188,0.1073579341173172,912.7981567382812,90.05735778808594,0.867388129234314,1000.9480590820312,95.863037109375,0.8467743396759033,780.7222290039062,452.80078125,0.9857341051101685,1016.6532592773438,478.1025085449219,0.9803451895713806,699.6146850585938,818.1033935546875,0.9873768091201782,1166.7579345703125,789.5848999023438,0.9830858707427979
339,11300,927.712890625,86.44054412841797,0.0043057408183813095,923.1838989257812,65.75967407226562,0.003164554014801979,921.3818359375,73.50130462646484,0.002122633857652545,914.5131225585938,53.328460693359375,0.006712466478347778,931.2273559570312,69.13668823242188,0.003495417069643736,899.7294311523438,13.09222412109375,0.01515029463917017,962.0156860351562,16.753555297851562,0.013468977995216846,877.9680786132812,47.68693542480469,0.09427669644355774,917.9447021484375,50.16847229003906,0.0823311135172844,876.8384399414062,86.27064514160156,0.20236177742481232,845.3883056640625,79.41755676269531,0.1878206431865692,925.26953125,85.72489929199219,0.874182403087616,995.89990234375,89.57455444335938,0.8504779934883118,789.6442260742188,452.8466491699219,0.988528311252594,1023.5465698242188,471.3069763183594,0.9835642576217651,671.2545776367188,812.5878295898438,0.9892037510871887,1196.7003173828125,777.4927978515625,0.9853876233100891
340,11333,877.2951049804688,80.91487884521484,0.003026349935680628,875.1073608398438,61.046104431152344,0.0025527048856019974,874.5826416015625,70.7208480834961,0.0012205534148961306,886.0584106445312,47.47837829589844,0.006293881684541702,903.6621704101562,64.75463104248047,0.0018675971077755094,893.5046997070312,5.86029052734375,0.012797612696886063,939.1419677734375,8.471237182617188,0.009417285211384296,872.53125,45.009979248046875,0.1035463884472847,908.430419921875,47.09037780761719,0.07559838145971298,859.3409423828125,88.114013671875,0.23642799258232117,835.7554931640625,81.48545837402344,0.1963651180267334,927.979248046875,79.5765380859375,0.8837090134620667,984.9229125976562,83.08209228515625,0.8529592156410217,795.5526123046875,454.02166748046875,0.9899508357048035,1019.9546508789062,477.0907287597656,0.9844447374343872,687.0115966796875,819.8930053710938,0.9901903867721558,1215.404296875,765.3622436523438,0.9862049221992493
341,11366,842.603271484375,80.70140075683594,0.0027529054787009954,845.6119995117188,56.74205017089844,0.003340613329783082,848.8085327148438,72.5831298828125,0.0013956676702946424,864.6917724609375,39.417503356933594,0.018646342679858208,894.7838745117188,64.48983764648438,0.004395784344524145,869.535888671875,0.0,0.019704356789588928,949.3422241210938,0.0,0.01598975621163845,867.631591796875,35.64978790283203,0.06425845623016357,945.0862426757812,40.725013732910156,0.04781564697623253,880.0122680664062,105.67206573486328,0.09027020633220673,894.3243408203125,98.278564453125,0.06378569453954697,918.5023193359375,81.10851287841797,0.8233072757720947,997.746826171875,80.88583374023438,0.799098551273346,789.158935546875,458.7713317871094,0.9747545719146729,998.332763671875,454.8868103027344,0.9662376046180725,730.2802124023438,820.2492065429688,0.9656051397323608,1221.3427734375,743.3906860351562,0.9581546783447266
342,11400,829.03564453125,85.94483947753906,0.003026382764801383,832.5188598632812,61.496360778808594,0.003851415356621146,835.9248046875,78.68209075927734,0.0016764129977673292,854.4002075195312,44.80572509765625,0.021123623475432396,882.9410400390625,72.00508117675781,0.0052124918438494205,856.086181640625,0.0,0.018480384722352028,936.689453125,0.0,0.01784508489072323,854.5159301757812,42.70372009277344,0.051004376262426376,934.7884521484375,48.99334716796875,0.04756627604365349,876.6798706054688,139.17262268066406,0.06690613925457001,888.7669067382812,118.73538208007812,0.05699022859334946,914.4671630859375,86.21495819091797,0.8075275421142578,987.6286010742188,84.93798065185547,0.7950597405433655,790.804931640625,467.77642822265625,0.9715127944946289,960.9629516601562,455.1909484863281,0.9635492563247681,761.4542236328125,828.414794921875,0.9637964963912964,1210.5887451171875,716.7694702148438,0.9578537344932556
343,11433,815.824951171875,89.48632049560547,0.002125953324139118,815.8670654296875,68.60913848876953,0.0028266580775380135,827.3919067382812,86.7392349243164,0.001097691128961742,839.0435180664062,48.04529571533203,0.024569807574152946,888.5242919921875,76.73735809326172,0.004992748145014048,842.0132446289062,0.0,0.026139551773667336,951.7235107421875,0.0,0.02392251044511795,839.2394409179688,43.059791564941406,0.06908812373876572,968.072998046875,53.35668182373047,0.05997674912214279,858.0961303710938,161.57904052734375,0.07081126421689987,916.9940185546875,146.63818359375,0.05769483745098114,915.7835083007812,114.20045471191406,0.8646964430809021,997.752197265625,112.21293640136719,0.8509739637374878,789.6260986328125,470.7680969238281,0.9756914973258972,923.5167846679688,463.81195068359375,0.9666780829429626,793.5584106445312,834.0384521484375,0.9678425788879395,1185.3603515625,696.5733032226562,0.9606339335441589
344,11466,830.9783935546875,93.43965911865234,0.0019266721792519093,826.8845825195312,74.7594223022461,0.002647296991199255,834.5887451171875,90.02991485595703,0.0008534525404684246,852.8659057617188,51.89703369140625,0.017843538895249367,885.0260009765625,79.85430908203125,0.00248589925467968,854.3930053710938,9.819122314453125,0.024037403985857964,936.8076782226562,3.482574462890625,0.013619118370115757,839.6764526367188,52.642181396484375,0.07839547097682953,948.8489379882812,70.40235900878906,0.04377670958638191,841.5927124023438,145.91207885742188,0.07814886420965195,885.7921142578125,144.46636962890625,0.05164353549480438,910.6212158203125,115.66122436523438,0.9134832620620728,965.4378662109375,115.00634765625,0.8787760138511658,795.6029663085938,475.2642517089844,0.9894238114356995,888.5511474609375,486.7393798828125,0.9805939793586731,832.3766479492188,847.822998046875,0.9913163185119629,1138.824462890625,686.442626953125,0.9869935512542725
345,11500,822.1367797851562,89.66212463378906,0.0023055593483150005,822.1954345703125,70.04429626464844,0.0032750284299254417,820.662841796875,86.71353149414062,0.0011214760597795248,858.48486328125,46.99713134765625,0.018540073186159134,855.8906860351562,78.03153991699219,0.002845465438440442,870.888427734375,7.958953857421875,0.024029776453971863,890.3794555664062,1.6750030517578125,0.014556064270436764,839.6119995117188,53.040618896484375,0.06833235919475555,875.162353515625,71.02468872070312,0.04109444096684456,829.1973876953125,136.62730407714844,0.06191568821668625,815.3033447265625,145.94631958007812,0.04466734454035759,920.3992919921875,112.11964416503906,0.9014036059379578,933.1708374023438,112.36216735839844,0.8669360280036926,791.8643188476562,474.35321044921875,0.9863907098770142,857.7001342773438,492.119140625,0.9760199189186096,867.9113159179688,842.900390625,0.9890495538711548,1102.8497314453125,696.5407104492188,0.9839008450508118
346,11533,797.9946899414062,91.17127990722656,0.0022170678712427616,802.3138427734375,68.07051086425781,0.003396294079720974,796.4476318359375,90.41445922851562,0.0013529066927731037,842.7572631835938,46.75762939453125,0.021484404802322388,828.6255493164062,86.67345428466797,0.004045234993100166,854.6937255859375,9.878700256347656,0.021774323657155037,879.3259887695312,5.360115051269531,0.016332250088453293,815.7140502929688,45.85334014892578,0.04832565411925316,843.73828125,59.77052307128906,0.0387294664978981,790.4222412109375,97.58628845214844,0.03607432544231415,789.110595703125,128.9761962890625,0.033750180155038834,927.922119140625,113.50126647949219,0.8821744918823242,942.4884033203125,113.06639099121094,0.8610044717788696,800.065673828125,476.70684814453125,0.9815940856933594,851.472900390625,480.9114074707031,0.9726788401603699,914.7709350585938,841.7195434570312,0.9841873645782471,1054.1671142578125,720.1881103515625,0.9796422719955444
347,11566,801.1386108398438,71.07926177978516,0.00447405781596899,809.7081909179688,50.91966247558594,0.0045859902165830135,804.2056274414062,73.85064697265625,0.0015324077103286982,868.740234375,37.84112548828125,0.011238190345466137,847.0762939453125,76.30192565917969,0.0016038990579545498,902.1380004882812,0.0,0.020916974171996117,905.192138671875,0.0,0.026143888011574745,829.9669189453125,12.145843505859375,0.19692598283290863,883.809326171875,39.69126892089844,0.2530798614025116,749.5654907226562,21.43347930908203,0.3627271056175232,764.2172241210938,29.42596435546875,0.44939661026000977,957.0767211914062,134.90322875976562,0.8937727808952332,935.9691162109375,127.12120056152344,0.8958842158317566,824.4943237304688,483.7322692871094,0.9748983979225159,759.5956420898438,459.9352111816406,0.9690771698951721,956.5940551757812,842.2664794921875,0.9576747417449951,997.6959228515625,726.0020751953125,0.9536973237991333
348,11600,791.7637939453125,60.87657165527344,0.005457278806716204,795.8200073242188,42.50397491455078,0.004329558927565813,791.127197265625,60.70591735839844,0.0017280185129493475,842.771728515625,27.494293212890625,0.009732119739055634,827.0720825195312,61.482421875,0.0019818225409835577,877.4432373046875,0.0,0.020401129499077797,888.0280151367188,0.0,0.04220951721072197,816.3880615234375,16.41082763671875,0.1851363629102707,887.1507568359375,43.803611755371094,0.34815725684165955,766.3035278320312,17.874114990234375,0.3522324860095978,770.7636108398438,31.809402465820312,0.4963979423046112,950.2994384765625,143.75762939453125,0.9079814553260803,924.0800170898438,134.0727996826172,0.9298531413078308,856.7045288085938,504.05035400390625,0.9815245270729065,759.9246826171875,445.6161804199219,0.9809256196022034,1010.0037231445312,844.4921264648438,0.9657049775123596,911.8262939453125,721.9273071289062,0.9706146717071533
349,11633,776.3057250976562,61.16798400878906,0.005678215064108372,780.5712890625,43.7384033203125,0.00510809663683176,775.8911743164062,60.010597229003906,0.0018460206920281053,825.7520141601562,30.555953979492188,0.012612519785761833,812.0070190429688,59.969947814941406,0.0023095421493053436,865.6598510742188,0.22354888916015625,0.0333561897277832,866.7955322265625,0.0,0.03413541242480278,799.8871459960938,18.286880493164062,0.2316616177558899,857.0870971679688,33.468292236328125,0.22296403348445892,788.2359619140625,15.887786865234375,0.33034002780914307,793.8157348632812,27.524917602539062,0.2901628017425537,954.6198120117188,140.8672637939453,0.928297221660614,915.4751586914062,133.26622009277344,0.9269049167633057,888.2890014648438,497.8348388671875,0.985824704170227,749.26318359375,436.80596923828125,0.9811351895332336,1060.6717529296875,844.6364135742188,0.9735194444656372,828.8402709960938,762.6970825195312,0.9741218090057373
350,11666,769.4349975585938,41.064239501953125,0.016640497371554375,776.1885375976562,21.39898681640625,0.018256576731801033,765.0848388671875,38.53955841064453,0.0075777494348585606,828.7174072265625,16.18425750732422,0.04066679999232292,797.4882202148438,43.8804931640625,0.008180930279195309,867.7598876953125,8.940788269042969,0.09457854926586151,862.1070556640625,7.437171936035156,0.04774798825383186,826.8973999023438,34.751129150390625,0.1990925818681717,852.3111572265625,35.12232971191406,0.10185559839010239,806.5979614257812,34.338592529296875,0.16386231780052185,798.0120849609375,23.195755004882812,0.09231915324926376,960.290283203125,145.937255859375,0.896979808807373,911.6402587890625,131.06954956054688,0.8640198707580566,938.4611206054688,490.5538330078125,0.9696035981178284,753.5623779296875,445.2496032714844,0.9547056555747986,1112.0491943359375,829.9857788085938,0.9511487483978271,770.2174682617188,786.2147827148438,0.9431761503219604
351,11700,838.8820190429688,87.85562896728516,0.0027819776441901922,841.5479736328125,73.97552490234375,0.0027570112142711878,836.2207641601562,81.45675659179688,0.0013079465134069324,871.8378295898438,55.482513427734375,0.00991446990519762,854.1714477539062,67.03642272949219,0.0024844903964549303,881.744384765625,19.41632080078125,0.022148922085762024,889.5379028320312,6.77435302734375,0.020120108500123024,803.7603149414062,46.65065002441406,0.10406847298145294,903.1168212890625,49.75762939453125,0.09433289617300034,777.8079223632812,103.23005676269531,0.0952727198600769,847.6521606445312,103.99703979492188,0.07623227685689926,951.0211181640625,134.15025329589844,0.9210770726203918,902.09423828125,120.85368347167969,0.9177282452583313,979.0845947265625,496.4780578613281,0.9854869842529297,765.5878295898438,443.19207763671875,0.9814836382865906,1156.634521484375,823.0845336914062,0.9823625683784485,691.9524536132812,781.843505859375,0.9828323721885681
352,11733,836.8599853515625,77.74056243896484,0.003550630761310458,837.9269409179688,60.2471923828125,0.003255298128351569,835.716796875,66.69669342041016,0.001647320226766169,863.6515502929688,46.08709716796875,0.008536920882761478,859.8934936523438,54.99847412109375,0.0027301202062517405,873.639404296875,10.26031494140625,0.014160032384097576,907.9801025390625,4.319732666015625,0.01961997151374817,817.0142211914062,70.17430114746094,0.065618135035038,960.4559326171875,57.68055725097656,0.09530702233314514,782.25,135.57211303710938,0.0754689946770668,934.3267822265625,115.98033142089844,0.08065132051706314,955.575439453125,102.23226928710938,0.8820592761039734,918.5333862304688,100.82972717285156,0.8996520042419434,1008.104736328125,479.88720703125,0.9838896989822388,780.2974243164062,442.7735900878906,0.982986330986023,1195.11279296875,810.4915161132812,0.9824406504631042,678.752197265625,786.501220703125,0.9857566952705383
353,11766,871.3978881835938,69.8331069946289,0.006462029181420803,868.2511596679688,53.05439758300781,0.006527785211801529,871.6258544921875,64.49869537353516,0.004301723558455706,878.4014892578125,47.18174743652344,0.015621011145412922,888.7835083007812,64.46900939941406,0.0063415709882974625,854.2197875976562,19.858657836914062,0.026506472378969193,947.5933837890625,3.9808273315429688,0.018894650042057037,809.0198364257812,59.71797180175781,0.08155667781829834,1001.3219604492188,46.909080505371094,0.06452281028032303,823.724365234375,110.16918182373047,0.07486977428197861,1040.655029296875,107.28778839111328,0.05547938495874405,935.3787841796875,99.4397964477539,0.8328472375869751,931.8519897460938,88.1133041381836,0.8098551630973816,1014.9192504882812,473.2310485839844,0.9639937281608582,783.7833251953125,443.0665283203125,0.9542552828788757,1215.328125,792.7981567382812,0.9503291845321655,682.9788818359375,781.4625244140625,0.9448931217193604
354,11800,841.2665405273438,85.34312438964844,0.003071781247854233,843.32470703125,67.8120346069336,0.0033486962784081697,838.9259033203125,74.43063354492188,0.001568509149365127,870.185546875,55.85115051269531,0.00857462640851736,855.7695922851562,66.1380386352539,0.0021678507328033447,870.952392578125,32.75093078613281,0.01145816221833229,892.0592651367188,14.676406860351562,0.010952518321573734,778.9813842773438,80.92144775390625,0.05416558310389519,970.6150512695312,71.20138549804688,0.058456990867853165,725.8702392578125,128.11532592773438,0.05926060676574707,986.827392578125,116.34169006347656,0.05550524964928627,948.4365234375,95.21269226074219,0.8769071698188782,897.7908325195312,91.82052612304688,0.8767886757850647,1010.3424682617188,470.8167419433594,0.9851335287094116,782.6904296875,447.781982421875,0.9825830459594727,1247.9619140625,773.5616455078125,0.9880820512771606,727.5411987304688,801.0831298828125,0.9882447719573975
355,11833,836.5519409179688,93.55998229980469,0.003742645960301161,839.0997314453125,74.20365142822266,0.004748763516545296,831.6630249023438,82.78179931640625,0.001805522944778204,871.4073486328125,60.044219970703125,0.010329131968319416,848.7581787109375,74.47398376464844,0.0018546042265370488,880.7667846679688,36.275115966796875,0.012348143383860588,881.2760009765625,17.888259887695312,0.008750991895794868,815.4149780273438,76.62812805175781,0.06117599457502365,904.8536376953125,72.47250366210938,0.04383691027760506,772.4389038085938,130.5863800048828,0.06692809611558914,847.5679321289062,125.91426086425781,0.04753033071756363,937.6561889648438,90.14424133300781,0.871735692024231,885.1309814453125,88.50508117675781,0.8523572087287903,987.9461059570312,478.0699768066406,0.9839242100715637,786.9796752929688,460.25445556640625,0.9785804748535156,1256.466796875,751.9989624023438,0.9875494241714478,764.5529174804688,810.6871948242188,0.9861376881599426
356,11866,838.7836303710938,97.44193267822266,0.004390441346913576,841.4278564453125,79.0129165649414,0.005187187343835831,833.1002807617188,86.99297332763672,0.0021396097727119923,872.155029296875,64.36992645263672,0.007911893539130688,847.72216796875,77.1855239868164,0.0016054360894486308,879.3739013671875,34.70558166503906,0.008790477178990841,875.6268310546875,12.494842529296875,0.007607914041727781,826.1259765625,65.17607116699219,0.05854389816522598,874.9418334960938,57.9862060546875,0.054481811821460724,784.2786865234375,123.021240234375,0.0863175168633461,812.4397583007812,103.88008117675781,0.07803945988416672,922.9693603515625,84.85276794433594,0.845639169216156,875.41796875,83.49078369140625,0.8346203565597534,958.1229858398438,492.1954650878906,0.9803157448768616,799.6954345703125,474.7373962402344,0.9764947295188904,1248.6436767578125,726.6968994140625,0.9851443767547607,805.2442626953125,818.8203735351562,0.9842122197151184
357,11900,825.3095092773438,91.3490982055664,0.003123768838122487,828.0010986328125,74.42967224121094,0.004363148473203182,821.3410034179688,81.92674255371094,0.0016405985224992037,860.4860229492188,58.610870361328125,0.011817061342298985,847.8366088867188,68.96141052246094,0.001984603004530072,862.1730346679688,22.618743896484375,0.011015902273356915,884.5852661132812,2.649627685546875,0.007435326464474201,798.3126220703125,53.27215576171875,0.0466768741607666,886.3394775390625,65.6700439453125,0.032448362559080124,768.4834594726562,132.0249481201172,0.0480542927980423,825.4342041015625,136.70018005371094,0.03409536927938461,909.5723876953125,86.646240234375,0.8414015173912048,884.52099609375,82.76724243164062,0.817492663860321,916.5986938476562,502.7152404785156,0.9779648780822754,811.3135986328125,471.2377624511719,0.9723829030990601,1230.8658447265625,721.6636962890625,0.9840466380119324,844.878173828125,822.5209350585938,0.9830023646354675
358,11933,825.1430053710938,90.89522552490234,0.003227034816518426,825.6112060546875,77.12496185302734,0.0036270543932914734,820.5966796875,86.73957824707031,0.0015989054227247834,853.9583740234375,57.01918029785156,0.009207864291965961,851.7485961914062,72.04811096191406,0.001987834693863988,847.03857421875,17.301589965820312,0.01216141413897276,906.0595703125,0.0,0.012034783139824867,819.0271606445312,45.43574523925781,0.06452082097530365,863.1069946289062,63.48106384277344,0.07039371877908707,804.4091186523438,129.9437713623047,0.07949639856815338,794.16357421875,136.89125061035156,0.08476752787828445,901.3778686523438,107.66606140136719,0.862690269947052,917.3743896484375,105.43070983886719,0.8593326807022095,856.7838134765625,496.4041748046875,0.9756098985671997,820.0254516601562,487.2181091308594,0.9735288619995117,1182.11962890625,707.8123779296875,0.981272280216217,871.0739135742188,824.1292114257812,0.9806171655654907
359,11966,813.9959716796875,80.95328521728516,0.004315205849707127,813.319580078125,66.94603729248047,0.004512021783739328,808.8822021484375,80.4671401977539,0.002036456950008869,841.9717407226562,50.412506103515625,0.01348799280822277,846.90185546875,73.28324890136719,0.003271778579801321,829.300048828125,14.987503051757812,0.029952803626656532,916.8233642578125,0.0,0.021539898589253426,812.5411987304688,30.725189208984375,0.12620359659194946,850.9732055664062,49.189178466796875,0.09220633655786514,824.3530883789062,58.363494873046875,0.12543606758117676,800.2714233398438,45.427093505859375,0.0985167995095253,903.211669921875,113.2672119140625,0.9106709361076355,948.6685791015625,113.11912536621094,0.8919392824172974,823.96728515625,490.341552734375,0.9804044365882874,829.2114868164062,496.5237121582031,0.9754995107650757,1129.4527587890625,701.7379760742188,0.9828525185585022,902.6343994140625,825.5072021484375,0.9795001745223999
360,12000,759.5806274414062,56.788238525390625,0.0033525179605931044,759.16650390625,40.059539794921875,0.003605550155043602,760.109619140625,60.61006164550781,0.0013179138768464327,797.9779052734375,28.915328979492188,0.02178020216524601,825.3898315429688,61.96202087402344,0.004481324926018715,804.7391967773438,0.0,0.05784444510936737,920.7777709960938,0.0,0.0349324531853199,775.88232421875,2.6348419189453125,0.19184061884880066,842.6006469726562,20.451873779296875,0.10598690807819366,815.6806640625,8.337753295898438,0.16051898896694183,811.1288452148438,14.603073120117188,0.09473010897636414,916.9341430664062,113.72479248046875,0.8985702395439148,995.798583984375,113.8868408203125,0.8696398735046387,782.4747314453125,468.9815368652344,0.9702961444854736,881.7259521484375,487.4521484375,0.9580148458480835,985.5682983398438,748.950439453125,0.9570847153663635,972.4400634765625,808.0794067382812,0.9431569576263428
361,12033,781.404296875,80.79464721679688,0.0020866321865469217,782.5888061523438,62.48357391357422,0.002568268682807684,780.39404296875,83.77722930908203,0.0010208309395238757,821.3933715820312,44.802154541015625,0.01912173256278038,833.7257690429688,80.86024475097656,0.004272017627954483,836.1016845703125,0.0,0.032286833971738815,913.2713623046875,0.0,0.02706509456038475,812.89453125,8.543609619140625,0.08493153750896454,859.0105590820312,30.363555908203125,0.0709734633564949,826.2236938476562,36.9224853515625,0.0634394958615303,819.3563842773438,60.595916748046875,0.05449337512254715,924.8291625976562,107.28465270996094,0.898040235042572,987.6639404296875,110.34521484375,0.8869537115097046,751.4449462890625,448.10113525390625,0.9785929322242737,902.8819580078125,490.7560729980469,0.9744914770126343,918.1161499023438,768.7453002929688,0.9787570834159851,1033.06689453125,836.3864135742188,0.9731056690216064
362,12066,817.324462890625,79.73075866699219,0.008019834756851196,821.0458374023438,50.382591247558594,0.010975031182169914,817.5741577148438,75.26026153564453,0.004991372115910053,864.7434692382812,34.60114288330078,0.04729331657290459,876.3812255859375,75.7155532836914,0.01131925918161869,869.8795166015625,0.0,0.06585031747817993,946.96533203125,9.764991760253906,0.033586472272872925,837.4839477539062,25.875205993652344,0.09351824969053268,890.9983520507812,44.57123565673828,0.05065472051501274,848.5299682617188,83.84674072265625,0.07333830744028091,839.5936889648438,83.09607696533203,0.0517214760184288,934.1268310546875,106.06874084472656,0.8509111404418945,1002.6151123046875,115.63215637207031,0.7990103960037231,732.7667236328125,433.0895080566406,0.9641909599304199,917.8722534179688,480.1357727050781,0.946966290473938,844.43115234375,794.6865234375,0.9583359956741333,1087.435791015625,816.0005493164062,0.9420202970504761
363,12100,822.7738647460938,86.8589859008789,0.0024164498317986727,820.1481323242188,63.35765075683594,0.002878800965845585,819.6808471679688,79.92613220214844,0.0011898940429091454,852.7236938476562,43.856597900390625,0.018275747075676918,878.5985107421875,72.1497802734375,0.004042104817926884,860.2886962890625,7.64794921875,0.026821106672286987,951.6398315429688,11.078659057617188,0.01750721037387848,844.3780517578125,56.39396667480469,0.06242608651518822,937.7677001953125,71.46652221679688,0.04427018016576767,855.0569458007812,144.85459899902344,0.06120262295007706,864.2084350585938,146.16769409179688,0.04968230426311493,915.3218994140625,92.50588989257812,0.8726317286491394,997.7032470703125,97.85206604003906,0.8402794599533081,759.3445434570312,432.8683166503906,0.9829025268554688,971.411865234375,487.6035461425781,0.9754717350006104,759.758544921875,811.40869140625,0.9866173267364502,1125.9349365234375,807.4652709960938,0.981028139591217
364,12133,870.4407348632812,91.01609802246094,0.0026634091045707464,865.5734252929688,68.7348403930664,0.002595402067527175,866.8665771484375,81.71379089355469,0.001407786039635539,873.4429321289062,50.98210144042969,0.01281070988625288,904.3949584960938,74.79240417480469,0.004490317311137915,865.045166015625,11.538619995117188,0.02351347915828228,963.58544921875,16.314651489257812,0.0164391677826643,853.3954467773438,55.539459228515625,0.07155090570449829,946.80029296875,60.44856262207031,0.05153967812657356,878.2119140625,128.74740600585938,0.08684288710355759,868.510986328125,111.68142700195312,0.06942052394151688,911.7218627929688,92.00550842285156,0.8824400305747986,1002.4264526367188,97.67243957519531,0.8518711924552917,770.27294921875,448.39178466796875,0.9863119721412659,1002.8902587890625,486.2696533203125,0.9797558784484863,714.9691772460938,819.0047607421875,0.9881254434585571,1164.675048828125,792.808837890625,0.9832606911659241
365,12166,841.61572265625,84.62287902832031,0.0017695253482088447,838.79541015625,63.842559814453125,0.0020134872756898403,842.7769775390625,73.56360626220703,0.0007573878392577171,862.1441040039062,47.47613525390625,0.014282798394560814,899.6241455078125,62.46910858154297,0.002740191062912345,872.4906005859375,11.853378295898438,0.02366170473396778,956.5427856445312,12.118698120117188,0.012835313566029072,859.8069458007812,64.03353881835938,0.07680786401033401,967.5645141601562,69.88261413574219,0.04300601780414581,874.7180786132812,140.9010772705078,0.0911693349480629,907.2530517578125,131.5056610107422,0.059053145349025726,923.6801147460938,91.707275390625,0.890769898891449,1001.8291625976562,93.78831481933594,0.8513628244400024,783.3299560546875,447.2588195800781,0.9876563549041748,1005.090087890625,474.8119812011719,0.9801436066627502,696.6366577148438,817.9810791015625,0.9886893630027771,1188.4840087890625,774.3330688476562,0.9836710691452026
366,12200,845.8121337890625,88.55303192138672,0.0026067853905260563,845.5618286132812,66.6430892944336,0.002880730200558901,850.6655883789062,83.69922637939453,0.0011468786979094148,868.7193603515625,52.2755126953125,0.010654978454113007,899.828857421875,80.23285675048828,0.0020506877917796373,872.4526977539062,0.0,0.011906462721526623,958.779296875,2.1497268676757812,0.012550572864711285,851.7163696289062,39.65007019042969,0.07334891706705093,918.3521118164062,37.88074493408203,0.08910736441612244,829.3803100585938,106.86199951171875,0.15030795335769653,838.763916015625,83.25503540039062,0.18769603967666626,923.8550415039062,84.37982940673828,0.8426644206047058,1005.099853515625,86.85298919677734,0.8361135125160217,784.966552734375,452.19708251953125,0.9799380898475647,985.7008666992188,466.7377624511719,0.9754326939582825,710.984375,817.7086181640625,0.9747688174247742,1211.828369140625,759.744140625,0.9694618582725525
367,12233,829.8087768554688,82.9980239868164,0.0033982540480792522,832.8801879882812,59.031898498535156,0.0041390047408640385,836.56005859375,76.87049102783203,0.0015790037577971816,860.2152709960938,39.94688415527344,0.0188312791287899,887.6707763671875,68.71989440917969,0.003998289350420237,867.3854370117188,0.0,0.02231425605714321,942.3319702148438,0.0,0.016321001574397087,849.8632202148438,23.128143310546875,0.08855956792831421,916.556640625,34.46564483642578,0.05627202242612839,863.9473266601562,87.50516510009766,0.13255588710308075,860.1693115234375,86.75299072265625,0.08515624701976776,921.6441650390625,88.31694030761719,0.8400190472602844,992.9961547851562,87.05509185791016,0.8070893287658691,789.9365844726562,465.2742004394531,0.9760292172431946,967.323486328125,459.3652038574219,0.9653409123420715,751.1246337890625,825.5381469726562,0.9659321904182434,1208.9744873046875,737.9888305664062,0.9560994505882263
368,12266,819.7531127929688,87.49431610107422,0.003180171363055706,821.7372436523438,63.24488067626953,0.004173437599092722,828.7965087890625,82.5217056274414,0.0015666716499254107,851.7470092773438,42.27268981933594,0.02206573076546192,887.277099609375,73.41677856445312,0.004549636505544186,857.1377563476562,0.0,0.02355332300066948,947.2822875976562,0.0,0.01813574694097042,842.9345092773438,25.270980834960938,0.0785539373755455,926.2642822265625,42.56419372558594,0.05298866331577301,864.5679931640625,101.15945434570312,0.10067770630121231,860.6640014648438,107.38792419433594,0.06821874529123306,919.4520263671875,98.38819885253906,0.8441847562789917,993.7569580078125,96.50635528564453,0.814476490020752,796.1398315429688,470.5791320800781,0.9755154848098755,935.2234497070312,463.53179931640625,0.9640309810638428,777.474853515625,832.2369384765625,0.9675970673561096,1196.62841796875,711.9559326171875,0.9577429294586182
369,12300,827.1099243164062,91.90653991699219,0.003202006919309497,824.2034912109375,71.89411926269531,0.003752979217097163,828.7866821289062,88.37784576416016,0.0011813314631581306,854.7713012695312,51.1878662109375,0.011392820626497269,874.25048828125,81.74761962890625,0.001688062329776585,859.9190063476562,4.57489013671875,0.019263099879026413,920.2211303710938,0.0,0.010246429592370987,841.6751098632812,28.597686767578125,0.1257639229297638,905.4779663085938,44.83396911621094,0.06298123300075531,851.2556762695312,81.84512329101562,0.2065049409866333,843.4304809570312,79.26246643066406,0.133436381816864,923.8573608398438,99.15193176269531,0.8967674970626831,965.7889404296875,103.52975463867188,0.8465188145637512,805.3528442382812,460.18011474609375,0.9884678721427917,897.180419921875,494.01434326171875,0.9772784113883972,824.9584350585938,845.9631958007812,0.9898560047149658,1164.4720458984375,702.1181640625,0.9830187559127808
370,12333,783.7901000976562,51.79216003417969,0.005145321600139141,788.5962524414062,31.244613647460938,0.007526386063545942,783.6397705078125,49.12518310546875,0.001907353405840695,845.8720092773438,21.6148681640625,0.029156923294067383,828.1328125,52.983123779296875,0.002775533590465784,869.504150390625,2.704376220703125,0.03561478853225708,870.9256591796875,0.0,0.018189547583460808,824.671875,34.611968994140625,0.09876193106174469,848.5632934570312,53.22235107421875,0.04878595471382141,826.8029174804688,69.01103210449219,0.10493393242359161,808.5972900390625,86.77317810058594,0.0653747022151947,935.5661010742188,105.67497253417969,0.9057563543319702,936.6766357421875,108.40708923339844,0.8626099228858948,802.0068969726562,464.9158935546875,0.987873375415802,868.6893920898438,493.5384521484375,0.9764742255210876,852.3457641601562,844.264404296875,0.9892650842666626,1123.6854248046875,688.1698608398438,0.9831174612045288
371,12366,757.5013427734375,49.18336486816406,0.006482272408902645,768.085693359375,31.058212280273438,0.007383032701909542,757.423583984375,49.27967834472656,0.0018423058791086078,830.0204467773438,18.883621215820312,0.017590917646884918,791.757568359375,50.349334716796875,0.0019384364131838083,886.3217163085938,0.0,0.03814167529344559,852.1494750976562,0.0,0.02045699954032898,883.0638427734375,3.0611114501953125,0.267433762550354,859.5026245117188,19.046401977539062,0.12121003121137619,766.7893676757812,6.453826904296875,0.414188951253891,767.8544311523438,13.1832275390625,0.23728083074092865,952.226318359375,116.56338500976562,0.9296201467514038,928.5958251953125,111.67758178710938,0.8974703550338745,812.490966796875,477.2484130859375,0.9885727167129517,861.9926147460938,484.7388000488281,0.9782764315605164,898.7109375,843.2036743164062,0.9831083416938782,1095.439453125,706.1921997070312,0.9745340943336487
372,12400,789.0875244140625,65.01608276367188,0.005802146624773741,797.900390625,43.2784423828125,0.0068800561130046844,786.3171997070312,66.57957458496094,0.0024110188242048025,853.4868774414062,26.20287322998047,0.021411413326859474,815.0900268554688,68.36054992675781,0.0039625465869903564,865.5587768554688,0.0,0.05127755552530289,849.6813354492188,0.0,0.022126467898488045,741.6475219726562,0.0,0.20930270850658417,764.67333984375,18.746063232421875,0.076670803129673,739.0006713867188,5.297607421875,0.232147678732872,751.9967651367188,11.190811157226562,0.11552010476589203,960.4055786132812,121.91990661621094,0.9373044967651367,938.0645751953125,123.35069274902344,0.8990373015403748,821.1702270507812,480.3845520019531,0.9891586303710938,837.1560668945312,474.573974609375,0.9775381684303284,955.8389892578125,836.8082885742188,0.9860535264015198,1052.8238525390625,710.3366088867188,0.9785827398300171
373,12433,838.2711181640625,79.9072494506836,0.007260340265929699,851.1106567382812,53.62847900390625,0.009596064686775208,825.0020751953125,70.51171875,0.0030106697231531143,904.6443481445312,37.125091552734375,0.027809742838144302,831.4541625976562,65.56084442138672,0.004021503962576389,929.5005493164062,0.0,0.06056193634867668,841.4443969726562,7.3927001953125,0.016212938353419304,834.2470703125,12.059005737304688,0.2082187384366989,817.9794311523438,41.547271728515625,0.04468117281794548,750.3286743164062,32.05101013183594,0.21453164517879486,771.0302124023438,55.54252624511719,0.07256747782230377,983.8603515625,114.05479431152344,0.8191589713096619,906.7205200195312,114.22247314453125,0.6919381618499756,850.2052001953125,478.0321044921875,0.9488925933837891,787.908935546875,464.5984802246094,0.8867291808128357,983.6148071289062,830.4193725585938,0.932582676410675,1002.8843994140625,740.8062744140625,0.8936951756477356
374,12466,837.2106323242188,82.55976104736328,0.002747371094301343,842.7905883789062,59.987274169921875,0.0032300425227731466,826.9351196289062,76.628173828125,0.0012379392283037305,886.8986206054688,41.779541015625,0.012676187790930271,837.5189819335938,71.84232330322266,0.0021689608693122864,920.8790283203125,8.602706909179688,0.018405182287096977,862.4426879882812,0.0,0.020734230056405067,866.6810302734375,35.23480224609375,0.08018709719181061,874.4558715820312,41.33367919921875,0.1054547131061554,835.7604370117188,94.72457885742188,0.09615027159452438,833.3200073242188,84.32807922363281,0.11687066406011581,980.275146484375,110.17414855957031,0.8821055889129639,911.3526000976562,101.50108337402344,0.886223316192627,910.7814331054688,496.66314697265625,0.9774070978164673,779.4058227539062,447.8479919433594,0.9730982184410095,1041.1754150390625,839.9375610351562,0.9747478365898132,935.9767456054688,750.24755859375,0.9752532839775085
375,12500,847.1585083007812,89.84806823730469,0.0028919586911797523,852.3050537109375,69.40841674804688,0.003415596904233098,844.5234985351562,85.51361846923828,0.0015393572393804789,888.4784545898438,51.28363037109375,0.012784384191036224,861.164306640625,80.1240234375,0.002848925767466426,918.0430297851562,21.02105712890625,0.01620936393737793,894.6661376953125,7.148277282714844,0.022122157737612724,870.1788940429688,58.68321990966797,0.06400104612112045,909.0158081054688,51.73512268066406,0.10955463349819183,839.8707275390625,104.48922729492188,0.07269468903541565,850.6723022460938,95.04771423339844,0.11102559417486191,976.8475341796875,119.33509826660156,0.8838716745376587,925.5337524414062,112.07817077636719,0.8973250389099121,951.0089721679688,477.4754638671875,0.9794893264770508,799.44384765625,437.359130859375,0.9778984189033508,1071.2066650390625,834.5770263671875,0.9777314066886902,893.62890625,755.9415893554688,0.9791480302810669
376,12533,863.84326171875,97.55877685546875,0.0034442341420799494,868.5199584960938,76.46928405761719,0.004082697443664074,856.8799438476562,87.6800765991211,0.0017537593375891447,903.3528442382812,59.389434814453125,0.012684252113103867,869.4137573242188,78.74585723876953,0.0028124910313636065,929.6143798828125,32.1676025390625,0.01815759763121605,895.9090576171875,17.27178955078125,0.017230233177542686,890.0161743164062,75.63597106933594,0.0672600194811821,904.3536987304688,67.29885864257812,0.07139017432928085,856.8448486328125,118.17338562011719,0.07266030460596085,861.794677734375,102.65176391601562,0.0710526555776596,981.1199340820312,94.79411315917969,0.8794806003570557,927.59765625,88.99497985839844,0.8757263422012329,967.5020751953125,471.71722412109375,0.9826434254646301,831.4310913085938,444.50750732421875,0.9786186218261719,1112.6011962890625,824.5673217773438,0.9837781190872192,857.264892578125,797.6416625976562,0.9834802746772766
377,12566,862.5470581054688,99.50949096679688,0.003523769788444042,868.6831665039062,77.70275115966797,0.004596304148435593,855.5130615234375,87.5445785522461,0.0017330748960375786,909.1483764648438,61.3245849609375,0.013428942300379276,870.80859375,77.36549377441406,0.0023168481420725584,937.0263671875,33.46211242675781,0.01380474679172039,896.8916015625,20.881576538085938,0.013763747178018093,886.1805419921875,82.2696533203125,0.05131762847304344,901.0611572265625,81.02197265625,0.05664847046136856,826.7144775390625,139.03939819335938,0.057879094034433365,835.1182250976562,132.1476287841797,0.05834377184510231,983.734130859375,83.95660400390625,0.8437886238098145,925.3167114257812,79.97048950195312,0.8444771766662598,976.2196655273438,469.16070556640625,0.9786094427108765,847.8389282226562,446.75811767578125,0.9745594263076782,1155.63671875,805.7281494140625,0.9809344410896301,852.9614868164062,799.3397827148438,0.9812430739402771
378,12600,878.8451538085938,68.45457458496094,0.003031550906598568,884.4035034179688,49.286659240722656,0.0038771769031882286,875.6976928710938,62.107818603515625,0.001857693656347692,917.0886840820312,36.89728546142578,0.012072401121258736,886.8070678710938,59.59716796875,0.0029250166844576597,940.9457397460938,12.500747680664062,0.009752074256539345,906.7298583984375,2.7461929321289062,0.014908785000443459,909.9619140625,54.28759002685547,0.03221939504146576,925.0244750976562,51.42755126953125,0.06371080875396729,889.74853515625,111.79142761230469,0.03583601117134094,875.468994140625,93.74665832519531,0.05774131417274475,981.20654296875,85.97621154785156,0.8079066872596741,927.0460205078125,87.40104675292969,0.8378247618675232,971.6492309570312,462.2245178222656,0.9688625931739807,862.1654663085938,445.69500732421875,0.9689354300498962,1170.927734375,776.0599365234375,0.9711695313453674,889.32568359375,759.9827270507812,0.9741594791412354
379,12633,877.8945922851562,90.26245880126953,0.0055770897306501865,881.1692504882812,69.3962631225586,0.006686218548566103,870.1873779296875,81.62910461425781,0.002853676211088896,917.3225708007812,56.316192626953125,0.011064221151173115,887.9763793945312,77.0965347290039,0.002579120919108391,935.468505859375,19.3040771484375,0.010397975333034992,921.8826293945312,13.406341552734375,0.011060277931392193,876.5279541015625,49.2418212890625,0.05046240985393524,920.0380249023438,60.72175598144531,0.05647880956530571,811.3868408203125,129.22137451171875,0.07732603698968887,862.9744262695312,93.39033508300781,0.07821249216794968,986.9389038085938,62.858917236328125,0.8038436770439148,949.0900268554688,65.01219177246094,0.8059384822845459,952.0720825195312,467.0334167480469,0.9761980175971985,880.1155395507812,455.4289855957031,0.9723091721534729,1194.5048828125,753.6145629882812,0.9814023375511169,915.659912109375,793.1671752929688,0.9810909032821655
380,12666,881.186279296875,83.4502944946289,0.005763112101703882,881.4239501953125,64.98074340820312,0.005915116053074598,873.9130249023438,77.2587661743164,0.00297685619443655,910.515625,53.258331298828125,0.009970570914447308,899.8773193359375,73.86163330078125,0.003206858178600669,917.1678466796875,12.723037719726562,0.013782389461994171,952.46923828125,4.288238525390625,0.015296697616577148,916.7413330078125,42.507110595703125,0.06735783070325851,920.669921875,61.07313537597656,0.07849697023630142,905.0740356445312,118.87705993652344,0.09928639233112335,878.9810180664062,93.79119873046875,0.10376293957233429,983.3602294921875,72.5299072265625,0.8281747102737427,990.5888671875,77.22166442871094,0.8285281658172607,928.2900390625,466.35882568359375,0.9744585752487183,904.7124633789062,473.5078125,0.9710754156112671,1193.049072265625,734.0226440429688,0.9789957404136658,962.089599609375,807.2810668945312,0.9772870540618896
381,12700,871.0355224609375,82.32044219970703,0.0034193452447652817,872.51904296875,64.50796508789062,0.0037522378843277693,865.8803100585938,79.5611572265625,0.002031199634075165,901.38720703125,50.32122802734375,0.011086286045610905,889.9777221679688,76.77781677246094,0.0035767981316894293,916.3617553710938,16.759140014648438,0.01222094427794218,945.202880859375,3.1073684692382812,0.02189871482551098,917.256103515625,46.29956817626953,0.043801989406347275,926.7946166992188,53.71263885498047,0.10222380608320236,909.9387817382812,118.18858337402344,0.05048004910349846,889.679443359375,93.83182525634766,0.09836076945066452,990.904052734375,95.79254150390625,0.8427907228469849,995.66552734375,99.66563415527344,0.8753259778022766,908.382080078125,469.3403625488281,0.969707190990448,903.184814453125,476.10552978515625,0.9741722345352173,1173.1339111328125,720.0408325195312,0.9738731384277344,997.7990112304688,811.77197265625,0.975685715675354
382,12733,854.5166625976562,73.05155181884766,0.002186670433729887,852.25341796875,57.517547607421875,0.0025064966175705194,853.4947509765625,73.82821655273438,0.0012013819068670273,879.4677124023438,43.1279296875,0.01801958680152893,908.123291015625,69.192626953125,0.004785478115081787,873.8508911132812,6.5154876708984375,0.026228833943605423,999.61474609375,0.0,0.03417358919978142,855.326904296875,14.673568725585938,0.06183534860610962,944.8001098632812,47.44750213623047,0.09519028663635254,902.3886108398438,70.30073547363281,0.04102364927530289,905.822265625,94.16574096679688,0.0586542971432209,985.9274291992188,116.38558959960938,0.9030051231384277,1062.3797607421875,117.41853332519531,0.9141408205032349,877.9362182617188,475.6736755371094,0.9773069620132446,936.5435180664062,480.12176513671875,0.9787082076072693,1142.912109375,702.7134399414062,0.9787255525588989,1016.4429931640625,808.2702026367188,0.9787985682487488
383,12766,806.30810546875,24.63439178466797,0.008901979774236679,811.9973754882812,7.5505828857421875,0.010045784525573254,803.33056640625,27.117782592773438,0.004168355371803045,861.4755249023438,3.2529373168945312,0.05135418474674225,857.425048828125,34.98577880859375,0.011732086539268494,887.961181640625,0.0,0.09647227823734283,950.8668823242188,0.0,0.090934619307518,874.96728515625,10.350814819335938,0.12898880243301392,893.2772827148438,25.3883056640625,0.1258285939693451,846.975830078125,14.104888916015625,0.0734122097492218,827.827392578125,6.720794677734375,0.07514524459838867,1004.2491455078125,115.12486267089844,0.9114021062850952,1055.2261962890625,118.65458679199219,0.9089714288711548,861.968994140625,454.48663330078125,0.9714363217353821,977.2955932617188,493.6964111328125,0.9689128398895264,1087.9302978515625,702.6293334960938,0.9668753743171692,1075.3673095703125,795.643310546875,0.9617133140563965
384,12800,811.446533203125,49.70384216308594,0.004010224714875221,814.768798828125,32.842872619628906,0.0045164055190980434,809.7529907226562,52.875640869140625,0.0017116356175392866,860.864501953125,23.893524169921875,0.02525135688483715,870.9957275390625,55.44561767578125,0.005308474879711866,873.2388305664062,0.0,0.05633199214935303,965.2084350585938,0.0,0.03619060292840004,839.2542114257812,4.106781005859375,0.14610975980758667,903.5447998046875,23.1654052734375,0.08875618875026703,889.3165283203125,13.50604248046875,0.11554747819900513,893.6404418945312,33.35508728027344,0.07584784924983978,1006.5484008789062,116.52607727050781,0.9274504780769348,1076.6451416015625,117.73887634277344,0.9094436168670654,853.6258544921875,456.5797119140625,0.9846940040588379,1002.41748046875,482.4532775878906,0.9792596101760864,1050.219482421875,755.1381225585938,0.9824642539024353,1128.16259765625,802.8795776367188,0.9774209856987
385,12833,864.37060546875,65.5063247680664,0.0025833183899521828,866.2665405273438,48.92571258544922,0.002948631765320897,865.2955322265625,67.48764038085938,0.0009951560059562325,905.8695068359375,33.58417510986328,0.015749486163258553,921.82177734375,64.24296569824219,0.0027430278714746237,929.10009765625,0.0,0.02980649657547474,1000.3646850585938,0.0,0.023056190460920334,890.9287719726562,7.4787139892578125,0.13280045986175537,923.3551025390625,19.219757080078125,0.09045647829771042,828.7728881835938,7.913543701171875,0.14025399088859558,818.24853515625,5.34503173828125,0.10534105449914932,1020.660888671875,108.71823120117188,0.9120379686355591,1084.5638427734375,107.949462890625,0.8976256847381592,858.149658203125,443.2841796875,0.9851562976837158,1032.0426025390625,474.44232177734375,0.9806399345397949,995.3093872070312,783.2757568359375,0.98350590467453,1174.9052734375,816.9412231445312,0.9788685441017151
386,12866,911.59130859375,74.1609878540039,0.0037146166432648897,908.2632446289062,53.88519287109375,0.0038559383247047663,909.87255859375,70.54534149169922,0.0017417537746950984,934.4804077148438,38.626007080078125,0.014791903086006641,964.1049194335938,66.07003784179688,0.00392910186201334,935.0767822265625,0.0,0.027737077325582504,1033.46630859375,0.0,0.017869748175144196,907.7385864257812,26.69989013671875,0.10024136304855347,999.0029296875,43.13255310058594,0.06336795538663864,918.2230224609375,65.4385986328125,0.12705253064632416,931.988037109375,65.44367980957031,0.09285648912191391,1011.5169677734375,86.27101135253906,0.8862842917442322,1091.614990234375,88.53062438964844,0.8530590534210205,881.2100830078125,430.9014892578125,0.9858428835868835,1057.6221923828125,466.9875183105469,0.9788839817047119,933.886474609375,808.3619384765625,0.9881331324577332,1212.98486328125,791.6461181640625,0.9835688471794128
387,12900,902.2249145507812,65.94197845458984,0.0036968498025089502,900.7998046875,46.9075927734375,0.003866960061714053,902.7301635742188,60.309425354003906,0.0013430407270789146,936.1417236328125,33.3900146484375,0.014716917648911476,965.9396362304688,53.4027099609375,0.0027161671314388514,945.5505981445312,0.0,0.0342264361679554,1033.525634765625,0.0,0.015059140510857105,906.4110717773438,12.552886962890625,0.16752657294273376,1001.069091796875,31.3916015625,0.06592537462711334,928.8611450195312,29.971435546875,0.23566603660583496,941.26708984375,46.163360595703125,0.1199103519320488,1030.6534423828125,90.12139892578125,0.8931377530097961,1102.1488037109375,88.99557495117188,0.8373527526855469,902.1480102539062,439.090576171875,0.9859170317649841,1070.16796875,461.1249694824219,0.9744563102722168,911.7808837890625,816.878173828125,0.9852477312088013,1252.84814453125,773.5525512695312,0.9773911237716675
388,12933,900.3251953125,67.74215698242188,0.004803117364645004,902.1397705078125,47.295318603515625,0.0046173324808478355,897.5870971679688,61.86852264404297,0.001826865249313414,944.5047607421875,35.862213134765625,0.013819731771945953,950.995849609375,57.71429443359375,0.002834233921021223,959.1486206054688,0.0,0.02366887778043747,1014.9984741210938,0.0,0.02275964245200157,939.860595703125,27.097915649414062,0.10952430963516235,988.3519287109375,33.758880615234375,0.11877727508544922,956.7473754882812,79.0931396484375,0.1914261132478714,944.0557250976562,69.43016052246094,0.208784818649292,1037.247802734375,79.59823608398438,0.8666198253631592,1089.6170654296875,78.73979187011719,0.8572806119918823,914.5029296875,436.45147705078125,0.9804470539093018,1064.91259765625,455.97119140625,0.9760070443153381,918.8463745117188,791.083740234375,0.9801293015480042,1261.052734375,757.9669189453125,0.9764565229415894
389,12966,892.2010498046875,49.827667236328125,0.010422305203974247,896.607666015625,29.028671264648438,0.011748962104320526,888.4698486328125,43.77099609375,0.0033512876834720373,947.7026977539062,25.669830322265625,0.018664199858903885,934.150634765625,48.94610595703125,0.0023161484859883785,976.3875732421875,2.9044189453125,0.022132888436317444,995.4095458984375,0.0,0.017559196799993515,976.8756103515625,37.95524597167969,0.11287806183099747,986.6484375,36.874603271484375,0.09501364827156067,974.7833862304688,80.35469055175781,0.24259749054908752,946.110595703125,72.46083068847656,0.21852128207683563,1060.3155517578125,73.81471252441406,0.8378511667251587,1081.114501953125,71.80513000488281,0.8109753131866455,935.865478515625,440.17950439453125,0.9814373254776001,1035.750732421875,458.0643310546875,0.973337709903717,975.7410278320312,826.6142578125,0.9827316403388977,1268.134033203125,736.810791015625,0.9775969386100769
390,13000,910.3773803710938,55.701507568359375,0.006353219039738178,913.6267700195312,37.67353820800781,0.0073281461372971535,909.7219848632812,52.14372253417969,0.0021036211401224136,957.93603515625,30.13970947265625,0.018396707251667976,952.6285400390625,53.41241455078125,0.002460140734910965,977.8798828125,0.0,0.03740210831165314,1000.2510375976562,0.0,0.017328888177871704,948.311279296875,16.9306640625,0.1969856470823288,980.0482177734375,34.18574523925781,0.08044511079788208,935.7491455078125,29.150115966796875,0.2877666652202606,943.1405639648438,49.874542236328125,0.1548420935869217,1059.1473388671875,90.64558410644531,0.9095873236656189,1073.3089599609375,89.84170532226562,0.8606560826301575,963.2315063476562,457.9040222167969,0.9874810576438904,1025.500244140625,474.6722106933594,0.9759642481803894,1034.203369140625,828.4156494140625,0.9866158962249756,1252.502685546875,727.4010009765625,0.9790880680084229
391,13033,852.8648681640625,16.497779846191406,0.02428595907986164,863.0674438476562,0.0,0.03474978357553482,858.140869140625,14.593780517578125,0.006034474819898605,933.519287109375,0.0,0.10095623880624771,923.2794799804688,21.199996948242188,0.005129439290612936,964.533203125,0.0,0.14490129053592682,1014.6537475585938,0.0,0.06558775156736374,917.0402221679688,13.678482055664062,0.3046911656856537,994.6774291992188,30.757186889648438,0.12837040424346924,889.4130859375,10.925674438476562,0.3133361041545868,941.0928955078125,55.00099182128906,0.1663399189710617,1061.3062744140625,128.29940795898438,0.9489175081253052,1089.81005859375,121.22140502929688,0.9211358428001404,975.5824584960938,480.2234191894531,0.9895054697990417,1025.3209228515625,474.875244140625,0.9806429147720337,1078.5731201171875,825.148681640625,0.9840925931930542,1226.8355712890625,711.9907836914062,0.97748863697052
392,13066,816.4061279296875,19.95783233642578,0.01804969646036625,830.1835327148438,0.0,0.033397648483514786,819.044921875,17.410125732421875,0.0043298713862895966,917.8050537109375,0.0,0.13730722665786743,869.5301513671875,31.21900177001953,0.00338974641636014,978.2354736328125,5.6141510009765625,0.09527842700481415,938.7687377929688,7.460151672363281,0.0669904351234436,922.9129028320312,24.401229858398438,0.14995324611663818,965.247314453125,44.119285583496094,0.11779956519603729,920.1930541992188,30.892822265625,0.13728761672973633,934.3859252929688,67.44422149658203,0.11507415771484375,1082.1876220703125,138.0234375,0.9020951390266418,1033.6171875,133.4186553955078,0.8875012993812561,1007.1318969726562,489.4725036621094,0.9739239811897278,933.2738037109375,459.3768615722656,0.9627755880355835,1123.6063232421875,833.6746215820312,0.9579744935035706,1178.0167236328125,676.4639892578125,0.9544150829315186
393,13100,890.6920776367188,68.190673828125,0.002243276685476303,901.7990112304688,49.65666961669922,0.002569997450336814,883.818603515625,65.11550903320312,0.0009421917493455112,948.609619140625,33.8961181640625,0.016536906361579895,889.0468139648438,62.39872741699219,0.0026503819972276688,979.1694946289062,1.6455001831054688,0.037785883992910385,897.1393432617188,0.0,0.02743883617222309,874.1187744140625,29.916183471679688,0.15889158844947815,877.3223876953125,38.10667419433594,0.1181604340672493,913.0730590820312,14.679519653320312,0.15187735855579376,922.1834716796875,31.934097290039062,0.12262294441461563,1088.3719482421875,131.95602416992188,0.9120215177536011,1002.8937377929688,129.59353637695312,0.8947799801826477,1036.833740234375,510.4881591796875,0.9724190831184387,904.1468505859375,454.4217224121094,0.9582338333129883,1151.4805908203125,831.7937622070312,0.9472882747650146,1134.4517822265625,677.1135864257812,0.9416648149490356
394,13133,896.6358642578125,46.491119384765625,0.0031709582544863224,904.740966796875,29.503440856933594,0.003159107407554984,894.6458740234375,44.327728271484375,0.0011907160514965653,946.8715209960938,16.702056884765625,0.018277466297149658,914.9960327148438,44.110015869140625,0.0032163357827812433,974.8273315429688,0.0,0.06409239768981934,930.3462524414062,0.0,0.041568007320165634,833.0454711914062,24.6185302734375,0.26191267371177673,847.53173828125,33.00947570800781,0.15741871297359467,824.9789428710938,2.36480712890625,0.2313646376132965,811.9808349609375,3.9410247802734375,0.15406633913516998,1086.2259521484375,140.07801818847656,0.9577777981758118,1019.4373779296875,135.5279541015625,0.9457829594612122,1060.1781005859375,503.6075439453125,0.9885815978050232,901.4742431640625,435.8216857910156,0.9814950823783875,1205.9366455078125,835.5706787109375,0.9766495227813721,1056.5072021484375,731.8768920898438,0.9742403626441956
395,13166,887.1157836914062,41.18195343017578,0.006757325027137995,892.5258178710938,24.87279510498047,0.005777829792350531,885.786865234375,36.328330993652344,0.0023827131371945143,929.7323608398438,13.681663513183594,0.017619652673602104,911.6082153320312,34.47967529296875,0.004109847359359264,966.6829833984375,0.0,0.056488968431949615,932.4613647460938,0.0,0.05745983496308327,840.2720947265625,9.959701538085938,0.248549222946167,867.7739868164062,16.570724487304688,0.21571776270866394,815.371826171875,9.032638549804688,0.2458219677209854,810.3010864257812,3.568084716796875,0.20531362295150757,1084.36962890625,139.84771728515625,0.9438892602920532,1022.1718139648438,140.42410278320312,0.9426792860031128,1079.677001953125,492.9391784667969,0.9853082299232483,907.03662109375,438.2940979003906,0.981058657169342,1249.814697265625,815.524658203125,0.9694496393203735,997.9223022460938,760.6598510742188,0.9717909097671509
396,13200,925.0040283203125,103.27487182617188,0.01412393432110548,928.7944946289062,82.6182861328125,0.015489782206714153,915.6813354492188,91.92974853515625,0.005085600074380636,974.5717163085938,68.68121337890625,0.029214458540081978,946.494140625,77.00006103515625,0.004690427333116531,1006.2854614257812,24.73553466796875,0.06934407353401184,972.6456298828125,17.703964233398438,0.03704729303717613,927.9715576171875,48.503814697265625,0.23633386194705963,942.3838500976562,52.79969787597656,0.10423967987298965,878.45068359375,62.378814697265625,0.24175047874450684,881.0292358398438,58.10600280761719,0.11711259186267853,1100.539306640625,120.04920959472656,0.9058108329772949,1039.994384765625,116.44345092773438,0.8739746809005737,1081.689453125,491.45947265625,0.9813529253005981,918.2776489257812,453.0150146484375,0.9698262214660645,1288.1092529296875,792.8421630859375,0.9779024720191956,964.6891479492188,799.801025390625,0.9745445847511292
397,13233,951.7080688476562,87.25973510742188,0.004254788625985384,957.2657470703125,67.99424743652344,0.005518270656466484,943.9949340820312,77.27803802490234,0.002091229660436511,995.6986083984375,54.80072021484375,0.018742553889751434,956.5206909179688,69.96526336669922,0.0032193504739552736,1026.1810302734375,23.965621948242188,0.02411932498216629,973.8684692382812,14.247482299804688,0.021498283371329308,1009.039306640625,52.3597412109375,0.06652279943227768,1005.352294921875,58.01069641113281,0.06666359305381775,1017.5980224609375,122.3236083984375,0.05657320097088814,1002.6886596679688,114.45639038085938,0.049918726086616516,1088.4114990234375,103.08966064453125,0.8892840147018433,1019.4397583007812,103.89033508300781,0.8858623504638672,1077.121337890625,479.7012634277344,0.9792487621307373,930.0855102539062,449.54656982421875,0.9753247499465942,1309.8544921875,769.489990234375,0.9795966148376465,972.3134765625,796.1033935546875,0.980158805847168
398,13266,997.5914306640625,75.14472198486328,0.014810718595981598,1009.1156616210938,53.43665313720703,0.017999252304434776,987.3058471679688,64.00763702392578,0.011110522784292698,1035.9173583984375,41.24750518798828,0.02899504452943802,974.0635986328125,57.91083526611328,0.011989024467766285,1040.8121337890625,16.95201873779297,0.051016632467508316,970.0697631835938,10.461158752441406,0.017847726121544838,1018.027587890625,57.449134826660156,0.10065868496894836,964.9494018554688,58.6029052734375,0.03310571610927582,1017.5103759765625,139.60675048828125,0.08604445308446884,978.8634033203125,145.59381103515625,0.03676905855536461,1091.939208984375,123.5657730102539,0.8097679615020752,1020.309326171875,121.06320190429688,0.7231464385986328,1037.5894775390625,475.79400634765625,0.9473496675491333,936.685791015625,461.7838439941406,0.9169498085975647,1306.367431640625,747.5783081054688,0.9400325417518616,1013.1791381835938,790.2775268554688,0.9206655025482178
399,13300,953.3814697265625,87.57591247558594,0.00430884538218379,953.2379760742188,70.57122802734375,0.005089321173727512,947.1427612304688,80.45576477050781,0.0025643615517765284,976.8978881835938,57.948760986328125,0.014039942063391209,969.90478515625,73.4879379272461,0.004224350210279226,984.9021606445312,17.926712036132812,0.017625659704208374,1010.1809692382812,2.8737030029296875,0.01722826436161995,994.4758911132812,50.18046569824219,0.051131341606378555,1008.19482421875,64.51130676269531,0.05533764138817787,1023.4686279296875,134.56068420410156,0.04827858880162239,986.6301879882812,121.72654724121094,0.04824914038181305,1066.673828125,86.386962890625,0.8548122644424438,1064.5933837890625,90.96556091308594,0.8513897061347961,1015.0574340820312,479.7395324707031,0.9756762981414795,983.1033935546875,480.8119812011719,0.9727047681808472,1295.5328369140625,730.6688232421875,0.9812299013137817,1059.9246826171875,816.57568359375,0.9799878597259521
400,13333,920.5279541015625,87.66888427734375,0.0048730927519500256,919.3013305664062,71.34873962402344,0.005198153667151928,916.4102783203125,81.91401672363281,0.002838218817487359,937.4002685546875,58.760467529296875,0.015277689322829247,947.6358032226562,74.549560546875,0.005036510061472654,943.7470092773438,27.48479461669922,0.01962033100426197,1025.3609619140625,2.79473876953125,0.028924645856022835,969.4466552734375,60.43810272216797,0.0601719431579113,1003.6390380859375,62.97686004638672,0.1106041967868805,979.6351318359375,124.78298950195312,0.06300223618745804,948.8322143554688,107.31706237792969,0.10733665525913239,1066.540283203125,107.30836486816406,0.8608752489089966,1108.9254150390625,106.60020446777344,0.881804347038269,984.0311889648438,473.47796630859375,0.9716417789459229,994.071533203125,472.3578186035156,0.9749817252159119,1239.9619140625,705.7650756835938,0.9756451845169067,1085.07275390625,811.3907470703125,0.9765672087669373
401,13366,872.1995239257812,62.21296691894531,0.004056512378156185,873.8281860351562,45.53553771972656,0.004965262021869421,872.8585205078125,63.11066436767578,0.0016530966386198997,916.0272216796875,32.985191345214844,0.027653230354189873,934.0021362304688,60.29106903076172,0.0043382421135902405,933.7075805664062,0.0,0.055298615247011185,1024.8243408203125,0.0,0.03332939371466637,912.244140625,7.0922698974609375,0.17122428119182587,965.5988159179688,26.51824951171875,0.09541594237089157,898.3361206054688,12.133209228515625,0.14320673048496246,905.9642944335938,15.086471557617188,0.09209957718849182,1063.1114501953125,114.21652221679688,0.8749258518218994,1120.600341796875,111.54922485351562,0.8424575328826904,948.5333862304688,466.9717102050781,0.9614899754524231,1012.4337158203125,467.3077087402344,0.9448754191398621,1167.40576171875,747.2880249023438,0.946069061756134,1144.4085693359375,751.4842529296875,0.9325347542762756
402,13400,882.791015625,58.34367370605469,0.0031166374683380127,887.896240234375,41.03279113769531,0.004202303476631641,882.1324462890625,60.54542541503906,0.0014214151306077838,936.0862426757812,32.05192565917969,0.02767140418291092,940.4989013671875,61.898529052734375,0.004530095960944891,938.4823608398438,0.0,0.04902392625808716,1025.3570556640625,0.0,0.02366812899708748,891.0501708984375,2.3956146240234375,0.12239153683185577,970.1763305664062,22.174530029296875,0.05420559272170067,937.1680908203125,12.379119873046875,0.08848772943019867,948.1116943359375,26.577392578125,0.046151306480169296,1059.6756591796875,111.74835205078125,0.9013070464134216,1121.4443359375,111.95901489257812,0.8631936311721802,924.91796875,459.0557556152344,0.9776445627212524,1048.3260498046875,477.6014099121094,0.9668318033218384,1128.171142578125,755.4864501953125,0.9757063388824463,1183.158447265625,802.3350830078125,0.9673375487327576
403,13433,897.71923828125,67.38336181640625,0.002340857172384858,900.9403076171875,49.01520538330078,0.003416265593841672,898.4531860351562,68.9234619140625,0.0011742791393771768,947.3812866210938,37.433807373046875,0.024720028042793274,960.041748046875,68.62733459472656,0.00398628506809473,958.2166137695312,2.8688278198242188,0.028520874679088593,1040.8553466796875,0.0,0.019526682794094086,917.28955078125,14.783065795898438,0.06275912374258041,991.5048217773438,31.987106323242188,0.04452288895845413,951.8464965820312,38.07673645019531,0.046899594366550446,950.1648559570312,54.87034606933594,0.03665316104888916,1062.0599365234375,107.59698486328125,0.8822041153907776,1126.6099853515625,106.01596069335938,0.8612290024757385,912.75146484375,449.718017578125,0.9803445339202881,1060.622802734375,470.8157958984375,0.9747752547264099,1061.873779296875,786.7506103515625,0.9829376339912415,1222.0718994140625,806.2861328125,0.97879958152771
404,13466,934.0015869140625,79.60011291503906,0.0018394424114376307,935.3862915039062,59.42127227783203,0.0025246210861951113,935.3853759765625,77.24615478515625,0.001017029513604939,967.572021484375,43.82917785644531,0.018383456394076347,984.7313842773438,73.19922637939453,0.003705762792378664,976.0170288085938,5.382476806640625,0.01744799315929413,1055.1292724609375,0.0,0.017443431541323662,977.2554931640625,43.403480529785156,0.03882056102156639,1045.84716796875,49.472991943359375,0.04712877795100212,1019.43310546875,109.21350860595703,0.035003017634153366,1000.2017211914062,96.36611938476562,0.04179316386580467,1063.985595703125,97.64570617675781,0.8579854965209961,1129.99755859375,97.25715637207031,0.8552365899085999,925.32373046875,444.8822021484375,0.9804682731628418,1070.9085693359375,464.5616455078125,0.9773780703544617,977.0084838867188,819.0463256835938,0.9840594530105591,1257.346435546875,781.6275024414062,0.9813647866249084
405,13500,937.6349487304688,69.758056640625,0.003654928645119071,943.6663208007812,47.38215637207031,0.004175350535660982,936.5968017578125,58.7684326171875,0.0016700830310583115,976.1782836914062,31.928466796875,0.019911259412765503,970.3988037109375,49.51789855957031,0.004734476562589407,1006.789306640625,0.0,0.02621663361787796,1014.737548828125,0.0,0.024764060974121094,1020.1417236328125,48.028175354003906,0.07304925471544266,1017.9144287109375,46.592994689941406,0.06639192998409271,1050.9188232421875,111.41423034667969,0.0909818559885025,1003.428955078125,88.22071838378906,0.07390711456537247,1077.1390380859375,94.26100158691406,0.8433994054794312,1102.225341796875,90.44517517089844,0.8327887058258057,934.0519409179688,450.5124206542969,0.9751141667366028,1068.990478515625,456.95819091796875,0.9692294001579285,930.3958740234375,827.1489868164062,0.9704087376594543,1275.69482421875,761.564208984375,0.9652552604675293
406,13533,966.5652465820312,80.64566802978516,0.003665114985778928,971.4715576171875,58.904571533203125,0.004375802353024483,960.2294311523438,70.0191650390625,0.0016358651919290423,1004.173095703125,46.082244873046875,0.01354063581675291,982.71826171875,65.39552307128906,0.0027843492571264505,1022.84619140625,11.330429077148438,0.01815323904156685,1015.2100219726562,3.9436798095703125,0.012454753741621971,1029.2147216796875,52.37956237792969,0.06919850409030914,1012.4901733398438,50.293853759765625,0.04781748354434967,1058.2486572265625,104.80325317382812,0.10192744433879852,996.8958129882812,79.47395324707031,0.07514471560716629,1089.0780029296875,82.30755615234375,0.8438677787780762,1097.415283203125,83.31463623046875,0.8053542971611023,949.1033935546875,444.9443664550781,0.9822439551353455,1054.85205078125,466.40716552734375,0.9723844528198242,942.9598999023438,836.3878784179688,0.9851480722427368,1288.4000244140625,745.2919921875,0.9790394902229309
407,13566,953.21923828125,78.43714141845703,0.0043272534385323524,955.9663696289062,57.73919677734375,0.005526802968233824,948.4413452148438,71.76383972167969,0.0017989571206271648,989.893798828125,45.203338623046875,0.016885045915842056,973.9317626953125,70.215087890625,0.0026267259381711483,1008.4326782226562,7.1811676025390625,0.020178429782390594,1009.6163330078125,0.0,0.014537027105689049,1016.7484741210938,46.015411376953125,0.07745933532714844,1011.5363159179688,46.12371826171875,0.05551403760910034,1031.3094482421875,104.47906494140625,0.11077588051557541,984.98876953125,78.23561096191406,0.08543994277715683,1083.834716796875,79.68626403808594,0.8554432392120361,1090.8607177734375,81.57792663574219,0.8207830786705017,952.6000366210938,452.5940856933594,0.9823009967803955,1033.6767578125,476.693115234375,0.9718413352966309,996.7437744140625,845.2717895507812,0.9843975901603699,1283.246337890625,722.6468505859375,0.977929413318634
408,13600,973.1089477539062,76.430419921875,0.01073295995593071,979.8541259765625,47.16773986816406,0.012335349805653095,972.4235229492188,65.14421844482422,0.006787693127989769,1001.4548950195312,30.599716186523438,0.032934144139289856,992.0213623046875,60.6880989074707,0.009679993614554405,1002.290283203125,0.0,0.046608176082372665,1019.1451416015625,0.0,0.028599711135029793,982.9955444335938,45.13794708251953,0.09750757366418839,982.6648559570312,51.1585693359375,0.06727436184883118,1000.2526245117188,110.5832748413086,0.1103491559624672,970.972412109375,92.37023162841797,0.10237566381692886,1081.7198486328125,108.3109359741211,0.8416805863380432,1093.799560546875,118.50244903564453,0.7942843437194824,952.8263549804688,462.1195068359375,0.9664344191551208,1005.5079956054688,476.6016540527344,0.9446912407875061,1038.835693359375,834.9218139648438,0.9539744257926941,1260.2078857421875,705.7666625976562,0.9373561143875122
409,13633,902.679931640625,60.32128143310547,0.0021119064185768366,905.7577514648438,45.22540283203125,0.002779474714770913,905.1319580078125,62.397422790527344,0.0009072440443560481,941.3192749023438,31.052627563476562,0.020219560712575912,946.1305541992188,60.19642639160156,0.0030463181901723146,950.6673583984375,0.0,0.04350227862596512,993.087158203125,0.0,0.019950922578573227,890.37109375,4.398834228515625,0.15394167602062225,938.9959716796875,19.092681884765625,0.060909003019332886,941.7171020507812,15.44879150390625,0.1228279396891594,931.5119018554688,32.832550048828125,0.0600920245051384,1073.417236328125,128.36074829101562,0.9437100291252136,1093.3511962890625,128.51528930664062,0.9130012392997742,971.9189453125,485.0336608886719,0.989679217338562,1016.3361206054688,482.2237548828125,0.9799240231513977,1087.587646484375,837.2911376953125,0.9870262742042542,1227.702392578125,705.45947265625,0.9806422591209412
410,13666,894.5909423828125,70.75827026367188,0.0019122733501717448,901.4484252929688,52.46488952636719,0.0030366135761141777,895.8585815429688,72.32943725585938,0.0008922715787775815,943.8532104492188,38.69682312011719,0.02524944208562374,925.7510986328125,72.44747161865234,0.002929988084360957,967.2506713867188,0.0,0.03823969513177872,948.2188720703125,0.0,0.018345560878515244,875.4176025390625,0.0,0.1250746250152588,898.5685424804688,15.084915161132812,0.05206069350242615,943.6598510742188,5.093353271484375,0.09456593543291092,921.1744995117188,16.36688232421875,0.04712503403425217,1097.354248046875,130.0688934326172,0.8842665553092957,1060.4949951171875,132.11573791503906,0.8343855142593384,989.0271606445312,488.88592529296875,0.9677779078483582,918.35302734375,457.7821960449219,0.940555214881897,1122.9158935546875,840.2089233398438,0.946206271648407,1160.570068359375,694.7962646484375,0.9272233247756958
411,13700,912.7186889648438,106.05697631835938,0.0013875423464924097,918.6522216796875,84.64807891845703,0.0024636925663799047,907.948486328125,103.65367126464844,0.0007778102299198508,966.3168334960938,60.84283447265625,0.025811461731791496,926.1113891601562,95.75601196289062,0.002821939066052437,1012.4024658203125,25.18659210205078,0.01952343061566353,955.10107421875,16.764724731445312,0.021390246227383614,986.5595092773438,65.79231262207031,0.03581713140010834,999.1345825195312,71.58135223388672,0.05034038424491882,988.1698608398438,152.27230834960938,0.020507974550127983,978.5054321289062,152.16622924804688,0.026399821043014526,1093.091552734375,134.89926147460938,0.877923309803009,1027.4595947265625,130.00625610351562,0.8858465552330017,1024.3260498046875,502.09149169921875,0.9726190567016602,901.5860595703125,451.69354248046875,0.9674091339111328,1179.46142578125,845.2731323242188,0.9696826338768005,1099.4132080078125,700.8887329101562,0.9711391925811768
412,13733,915.243408203125,100.67037963867188,0.0022133083548396826,922.3746337890625,80.87539672851562,0.0033599885646253824,910.6675415039062,95.55166625976562,0.0012006086762994528,964.8021850585938,63.77959442138672,0.020321542397141457,925.7847290039062,90.0926742553711,0.0028848901856690645,1015.6702880859375,34.03916931152344,0.018595868721604347,958.3173217773438,22.797683715820312,0.02204793691635132,989.2191162109375,79.38201141357422,0.04635511711239815,1002.8959350585938,73.14411163330078,0.06860118359327316,937.9907836914062,136.52500915527344,0.03439987823367119,942.1773071289062,132.45150756835938,0.04624512419104576,1094.738525390625,140.54238891601562,0.8909749984741211,1021.3582763671875,133.1969757080078,0.9030023217201233,1056.907470703125,497.0319519042969,0.9795619249343872,896.875,437.9271545410156,0.9774326086044312,1216.51318359375,838.9541015625,0.9778416156768799,1026.5594482421875,744.6820678710938,0.9804198145866394
413,13766,992.9928588867188,92.75234985351562,0.009947298094630241,998.6353149414062,71.9546127319336,0.01090889610350132,985.5111694335938,82.66268920898438,0.006428245455026627,1022.2146606445312,53.10454559326172,0.02701292373239994,985.9714965820312,69.09626770019531,0.009636295959353447,1031.043212890625,18.287818908691406,0.0608518086373806,1012.0902099609375,2.0710601806640625,0.026229746639728546,1001.1429443359375,75.44297790527344,0.12608610093593597,1021.636962890625,65.87271881103516,0.053306061774492264,1002.1026000976562,146.39703369140625,0.09296489506959915,1003.4796752929688,152.47509765625,0.04623035714030266,1097.2745361328125,137.40188598632812,0.8624002933502197,1046.097412109375,121.28533172607422,0.8079230785369873,1070.0489501953125,488.5208435058594,0.9623211026191711,907.4044189453125,444.1505126953125,0.9417969584465027,1275.112060546875,810.7761840820312,0.9530091881752014,965.2463989257812,784.4364624023438,0.9415755867958069
414,13800,980.1765747070312,98.03128051757812,0.0040414175018668175,982.2723999023438,81.5928955078125,0.004678359720855951,972.150390625,90.5163803100586,0.0021475437097251415,1012.4639282226562,65.35832977294922,0.01168337557464838,985.9846801757812,79.19799041748047,0.0027589197270572186,1025.611083984375,34.12678527832031,0.018291950225830078,1027.0792236328125,13.579376220703125,0.012741096317768097,990.2015991210938,74.80238342285156,0.07560304552316666,1033.564697265625,66.62640380859375,0.05557975545525551,968.5618286132812,124.20162963867188,0.07923639565706253,980.8760986328125,122.74937438964844,0.058703500777482986,1090.4613037109375,114.84324645996094,0.8702419996261597,1051.6923828125,102.26504516601562,0.8503531813621521,1082.9168701171875,488.21044921875,0.97920161485672,935.0238647460938,449.5419616699219,0.9730477929115295,1300.4154052734375,785.6036376953125,0.9817947149276733,940.8760986328125,807.6992797851562,0.9802699089050293
415,13833,1006.5560302734375,71.60482025146484,0.013370958156883717,1017.2219848632812,50.470436096191406,0.01577116549015045,998.8627319335938,61.07834243774414,0.009759564884006977,1043.702880859375,38.62305450439453,0.028560535982251167,991.6221923828125,54.56419372558594,0.01145110558718443,1043.927001953125,14.199462890625,0.05150820314884186,1000.6968383789062,3.2419281005859375,0.020561687648296356,1013.2957763671875,60.64336395263672,0.10380303114652634,990.3656616210938,55.417877197265625,0.038685817271471024,1002.7804565429688,126.82026672363281,0.08466508984565735,988.9739379882812,128.78623962402344,0.03855491429567337,1095.6246337890625,116.61900329589844,0.802946150302887,1035.4361572265625,108.76961517333984,0.7256215810775757,1061.874755859375,470.24554443359375,0.9431784152984619,931.5712890625,449.9819641113281,0.9126229882240295,1307.2554931640625,762.6090087890625,0.927696943283081,962.6155395507812,780.5297241210938,0.9071597456932068
416,13866,963.5222778320312,83.54505157470703,0.0045141917653381824,967.9090576171875,64.48345184326172,0.005591751076281071,954.036865234375,75.25373840332031,0.0025520618073642254,1001.7770385742188,51.537506103515625,0.013672079890966415,964.3929443359375,69.83502960205078,0.0033540953882038593,1022.6035766601562,14.66510009765625,0.015317726880311966,985.5199584960938,6.10162353515625,0.014945421367883682,999.3211669921875,46.52531433105469,0.04850888252258301,997.9920654296875,60.57069396972656,0.052902910858392715,1006.9469604492188,125.7864990234375,0.04937666654586792,977.6713256835938,115.88223266601562,0.047455888241529465,1077.1890869140625,85.22506713867188,0.8589868545532227,1024.9537353515625,88.19403076171875,0.8579703569412231,1039.04931640625,482.45965576171875,0.9783517718315125,950.0850219726562,462.7751770019531,0.9755725860595703,1309.0096435546875,743.7415161132812,0.982610285282135,1007.3908081054688,814.9623413085938,0.9827036261558533
417,13900,957.8668823242188,84.58085632324219,0.004510649014264345,958.0633544921875,67.15473175048828,0.005096961744129658,951.4149780273438,78.73958587646484,0.0024304757826030254,985.5092163085938,54.3394775390625,0.012256153859198093,978.1292724609375,72.96908569335938,0.0033949450589716434,984.7560424804688,12.891952514648438,0.016519714146852493,1027.7657470703125,0.0,0.016050301492214203,979.9252319335938,41.498748779296875,0.061852890998125076,996.9356689453125,58.682647705078125,0.06414513289928436,997.4597778320312,120.28898620605469,0.0675479844212532,965.4741821289062,102.82452392578125,0.06593048572540283,1064.751708984375,80.84651184082031,0.8660120964050293,1075.8798828125,85.57278442382812,0.8601704239845276,1007.3140869140625,477.9189453125,0.9791781902313232,984.5255126953125,484.4183349609375,0.976134717464447,1289.9366455078125,731.3330078125,0.9837152361869812,1047.552490234375,828.2516479492188,0.9821001291275024
418,13933,953.5382690429688,83.26011657714844,0.002572523895651102,953.0823364257812,66.43343353271484,0.003215300850570202,949.6065673828125,80.5887451171875,0.0017482407856732607,973.4008178710938,51.3453369140625,0.015195569954812527,977.2320556640625,75.36932373046875,0.004630126990377903,970.9323120117188,13.570930480957031,0.014617525041103363,1038.32080078125,0.0,0.022846059873700142,979.2050170898438,43.52112579345703,0.03263092413544655,995.965087890625,54.523040771484375,0.06860160082578659,998.52392578125,123.89675903320312,0.02457243949174881,959.6660766601562,103.90747833251953,0.04656803980469704,1060.426025390625,99.23117065429688,0.8428698182106018,1096.0172119140625,102.53938293457031,0.8693689703941345,974.7193603515625,471.09149169921875,0.9669799208641052,987.8236694335938,480.569091796875,0.9719269275665283,1236.1878662109375,708.934326171875,0.9752784371376038,1076.024169921875,827.1651000976562,0.9762771725654602
419,13966,944.9928588867188,90.38671875,0.002537983702495694,946.8252563476562,72.91424560546875,0.003006255952641368,942.2964477539062,89.31816101074219,0.0014518490061163902,972.4772338867188,53.562355041503906,0.01767817512154579,970.415283203125,81.23826599121094,0.004431618843227625,975.5531616210938,17.960105895996094,0.022080738097429276,1033.7237548828125,3.827728271484375,0.031462036073207855,991.8021850585938,56.365997314453125,0.058424875140190125,1010.758544921875,63.359962463378906,0.09893442690372467,979.4035034179688,132.5120086669922,0.05105876922607422,960.0952758789062,111.4109115600586,0.08037498593330383,1059.7803955078125,115.10577392578125,0.8559452891349792,1098.557861328125,113.87461853027344,0.8717476725578308,956.4290771484375,472.557861328125,0.9646482467651367,1011.8904418945312,478.0754699707031,0.9633264541625977,1153.4044189453125,784.4547729492188,0.9615052938461304,1150.984130859375,749.546142578125,0.9605100750923157
420,14000,936.3739624023438,88.24658203125,0.0017585810273885727,939.3029174804688,69.56185913085938,0.002424613106995821,930.8140869140625,88.04212188720703,0.0010812145192176104,971.033447265625,51.01799011230469,0.018152881413698196,960.5228271484375,82.24779510498047,0.004009931348264217,981.90234375,12.752723693847656,0.01782054826617241,1025.632568359375,2.281951904296875,0.022048667073249817,994.8455200195312,54.558448791503906,0.03635368123650551,1003.1583251953125,58.37651824951172,0.05626464635133743,991.1665649414062,138.80027770996094,0.026712598279118538,959.6446533203125,121.57630920410156,0.03946660831570625,1066.103759765625,98.53843688964844,0.8498514890670776,1104.0438232421875,99.27822875976562,0.8622651100158691,933.0514526367188,455.9814453125,0.9697514772415161,1038.01953125,477.7289733886719,0.9698427319526672,1120.4530029296875,784.8345336914062,0.9736974239349365,1182.3563232421875,807.269775390625,0.9724400043487549
421,14033,949.1094970703125,88.2271728515625,0.0029445423278957605,947.87255859375,67.9017105102539,0.003621556330472231,941.523193359375,84.15799713134766,0.0015548259252682328,976.476806640625,51.117095947265625,0.0186125747859478,979.6005249023438,78.67499542236328,0.004439356736838818,988.9992065429688,17.740631103515625,0.023923221975564957,1042.8876953125,10.811325073242188,0.021334271878004074,997.9942626953125,63.0765380859375,0.05331145599484444,1027.099365234375,65.32516479492188,0.052267830818891525,1015.134521484375,131.1950225830078,0.04997054114937782,985.7562255859375,114.29013061523438,0.04901450499892235,1067.0218505859375,86.93838500976562,0.8499270081520081,1117.3756103515625,87.85354614257812,0.8385201096534729,917.8405151367188,433.95062255859375,0.9769355058670044,1062.6337890625,470.4915466308594,0.9726746678352356,1054.7244873046875,795.3688354492188,0.9826449751853943,1217.5548095703125,817.9524536132812,0.9790039658546448
422,14066,945.6400146484375,86.22505187988281,0.0018156090518459678,946.1836547851562,64.72174072265625,0.0024316043127328157,945.9166870117188,81.05227661132812,0.0010465701343491673,971.1449584960938,47.67375183105469,0.014881785959005356,988.0775756835938,74.79176330566406,0.003396898042410612,979.5833129882812,7.1266937255859375,0.013825563713908195,1052.2994384765625,0.0,0.013286896049976349,991.8388061523438,55.896583557128906,0.03558661788702011,1041.2890625,49.95348358154297,0.04180698096752167,1035.5155029296875,127.22566223144531,0.0375375933945179,1004.7799072265625,102.58515930175781,0.0430605374276638,1059.5439453125,85.36061096191406,0.8218657374382019,1122.9034423828125,83.71495056152344,0.8153765797615051,933.7786254882812,442.26177978515625,0.9767696261405945,1068.9554443359375,455.7488098144531,0.9729520678520203,959.9810180664062,820.9769897460938,0.9813971519470215,1251.078857421875,790.3824462890625,0.9780808091163635
423,14100,943.4426879882812,69.14456176757812,0.004606133792549372,949.655517578125,45.734779357910156,0.00494553754106164,941.8244018554688,56.984619140625,0.002159035298973322,980.4249267578125,30.568130493164062,0.017816884443163872,972.5343017578125,47.99217224121094,0.005024647805839777,1013.7584838867188,0.0,0.023973768576979637,1010.8929443359375,0.0,0.02340725250542164,1019.3062133789062,50.12079620361328,0.07400989532470703,1001.7301635742188,47.272499084472656,0.06930389255285263,1038.2021484375,112.32433319091797,0.10800749808549881,992.8511352539062,86.84161376953125,0.09038747847080231,1077.6529541015625,84.51118469238281,0.8132033944129944,1097.558349609375,81.52491760253906,0.8023273944854736,936.2860107421875,439.09149169921875,0.9709097743034363,1073.444580078125,449.14300537109375,0.9647761583328247,923.8260498046875,818.5105590820312,0.9663477540016174,1274.998046875,768.5557861328125,0.9603976011276245
424,14133,956.040771484375,78.37165832519531,0.0022369439247995615,958.4248046875,56.73353576660156,0.0027782695833593607,955.9566650390625,71.3492431640625,0.0011104128789156675,983.8887329101562,43.34619140625,0.011692716740071774,991.005859375,68.07170104980469,0.0024470260832458735,990.9735717773438,3.8870773315429688,0.011798100546002388,1042.5682373046875,0.0,0.01114718709141016,993.2113037109375,47.513763427734375,0.04791611433029175,1025.245849609375,46.15562438964844,0.05291684716939926,1031.4158935546875,109.44477081298828,0.0713299959897995,987.449951171875,89.62451934814453,0.08005425333976746,1066.981689453125,81.20310974121094,0.8133602738380432,1113.8426513671875,81.33091735839844,0.7990719079971313,946.7180786132812,438.9518737792969,0.9766181707382202,1060.2908935546875,452.86322021484375,0.9705169796943665,923.4984741210938,809.94580078125,0.9802180528640747,1287.9437255859375,749.95458984375,0.974980890750885
425,14166,953.0182495117188,81.84825897216797,0.006742408499121666,953.4906005859375,61.496337890625,0.007057901006191969,948.2794799804688,75.50949096679688,0.0025168193969875574,981.9591674804688,47.143890380859375,0.01141439937055111,973.2171020507812,72.09949493408203,0.0021590618416666985,997.3319091796875,6.6215057373046875,0.0162827055901289,1008.7749633789062,0.0,0.013591933064162731,994.684814453125,47.604217529296875,0.11117564886808395,994.6923217773438,45.06642150878906,0.0901494100689888,996.381591796875,89.8538818359375,0.24306853115558624,965.5365600585938,78.99211120605469,0.21299387514591217,1078.7735595703125,74.28900146484375,0.8383796811103821,1091.84765625,75.8170166015625,0.8077623248100281,950.4657592773438,443.50408935546875,0.9817950129508972,1038.5789794921875,468.1588439941406,0.9723182916641235,1010.0813598632812,835.3271484375,0.9832758903503418,1287.1451416015625,728.209716796875,0.9768272042274475
426,14200,952.9118041992188,82.84249877929688,0.0053443280048668385,952.2777099609375,64.62700653076172,0.005838308017700911,950.6904296875,79.04548645019531,0.00215280638076365,979.683349609375,46.28265380859375,0.015133043751120567,977.5361938476562,72.0479507446289,0.0027816775254905224,993.2770385742188,2.57061767578125,0.023566344752907753,1006.5558471679688,0.0,0.021418802440166473,985.843505859375,39.32286071777344,0.11362525075674057,995.5924072265625,48.03680419921875,0.10373736172914505,986.9912109375,97.839111328125,0.17583443224430084,965.2127075195312,90.64274597167969,0.16747704148292542,1068.9840087890625,93.7379150390625,0.8983935713768005,1076.5850830078125,94.58601379394531,0.8826746344566345,970.1768188476562,464.4454650878906,0.986049473285675,1020.2378540039062,478.4004821777344,0.9797676801681519,1049.2227783203125,832.8176879882812,0.9863522052764893,1256.66455078125,718.09521484375,0.9823282957077026
427,14233,942.439453125,76.39347839355469,0.002469297032803297,944.03173828125,60.46197509765625,0.003116562031209469,943.6536254882812,75.57293701171875,0.0011234648991376162,970.4801025390625,40.36981201171875,0.015131260268390179,970.7108154296875,66.62297058105469,0.0024133515544235706,980.6868896484375,3.3212814331054688,0.019540710374712944,1006.8292236328125,0.0,0.019174735993146896,980.3772583007812,48.58140563964844,0.08321059495210648,999.515625,46.277732849121094,0.08701066672801971,990.8551635742188,101.35558319091797,0.0963812991976738,968.16796875,94.76863861083984,0.10185201466083527,1065.6712646484375,124.36770629882812,0.9070242047309875,1077.0433349609375,121.40455627441406,0.8996432423591614,974.1586303710938,486.42498779296875,0.9845628142356873,1006.8659057617188,476.0933532714844,0.9790533185005188,1094.110595703125,833.8059692382812,0.9831545352935791,1226.1195068359375,699.0511474609375,0.9802371859550476
428,14266,1000.2650756835938,87.80062866210938,0.016691384837031364,1013.5017700195312,60.72631072998047,0.016720876097679138,984.52685546875,72.22180938720703,0.00948821846395731,1042.083740234375,42.222564697265625,0.02483811229467392,965.38330078125,59.92094421386719,0.008555842563509941,1054.1370849609375,7.47235107421875,0.050365813076496124,948.6820678710938,0.0,0.02349419705569744,1013.0496826171875,80.21969604492188,0.13275985419750214,944.7393188476562,60.10748291015625,0.06082963943481445,966.7144775390625,156.6742401123047,0.16709661483764648,928.6100463867188,122.34915161132812,0.10566932708024979,1082.000732421875,128.1910858154297,0.7982630729675293,997.5860595703125,125.49064636230469,0.7181355357170105,987.9369506835938,478.7472839355469,0.953837513923645,917.6082153320312,458.63592529296875,0.914560854434967,1141.7244873046875,815.1981811523438,0.9493567943572998,1176.7093505859375,672.1866455078125,0.9302939176559448
429,14300,936.4933471679688,91.73011779785156,0.0018516752170398831,945.941162109375,73.16267395019531,0.0027403580024838448,924.8873291015625,85.68152618408203,0.0008651966345496476,995.2183837890625,52.014129638671875,0.019620124250650406,923.26611328125,76.03287506103516,0.0023000151850283146,1041.219482421875,19.465484619140625,0.026125645264983177,928.9251708984375,2.5524444580078125,0.022048326209187508,1026.5079345703125,67.17787170410156,0.07285768538713455,959.3326416015625,58.03175354003906,0.06741718202829361,988.7924194335938,155.26597595214844,0.05414567142724991,936.6196899414062,139.0752410888672,0.04801776632666588,1084.7828369140625,128.16458129882812,0.9013233184814453,986.5617065429688,117.96510314941406,0.8929799199104309,1035.30029296875,515.07568359375,0.9748272895812988,886.86767578125,455.369384765625,0.9645471572875977,1176.225830078125,837.539794921875,0.9678722620010376,1104.158935546875,676.7108154296875,0.9666933417320251
430,14333,931.4776611328125,97.71478271484375,0.0014094561338424683,938.6923828125,79.40084838867188,0.0022131167352199554,926.4636840820312,93.71900939941406,0.0008474526111967862,977.929931640625,61.43064880371094,0.02123199589550495,935.0929565429688,87.09537506103516,0.0031569055281579494,1018.8935546875,25.876075744628906,0.020786991342902184,949.2750244140625,9.476097106933594,0.025053365156054497,999.2183227539062,60.81147766113281,0.039972297847270966,988.350830078125,53.72522735595703,0.06491713970899582,992.6979370117188,132.2431182861328,0.021929457783699036,967.7424926757812,122.86067962646484,0.031639162451028824,1078.2919921875,133.6317596435547,0.9098767042160034,999.7284545898438,126.40386199951172,0.9198499321937561,1054.99267578125,505.01678466796875,0.9786791205406189,884.4769287109375,443.8791809082031,0.9771243929862976,1212.0032958984375,827.5626220703125,0.9761305451393127,1045.07958984375,737.9346923828125,0.9789059162139893
431,14366,988.1942138671875,85.0513687133789,0.010244022123515606,996.6392211914062,65.29678344726562,0.01134492363780737,978.39111328125,74.53914642333984,0.006632442586123943,1023.9281616210938,47.86976623535156,0.0260983407497406,970.7195434570312,61.37461853027344,0.009426533244550228,1038.28125,17.1405029296875,0.060816701501607895,978.6683349609375,0.0,0.023579370230436325,1007.2379760742188,77.37178802490234,0.1271229386329651,983.3505859375,63.207115173339844,0.04822489619255066,1000.7523193359375,153.53546142578125,0.09459919482469559,978.8818359375,155.82028198242188,0.04394473508000374,1087.6060791015625,141.02157592773438,0.8558529019355774,1010.7009887695312,124.68209838867188,0.7919239401817322,1065.507568359375,488.66015625,0.9591641426086426,890.0390625,442.4253845214844,0.9344765543937683,1270.9200439453125,793.6060180664062,0.9501572847366333,973.0510864257812,764.5664672851562,0.9365819692611694
432,14400,975.952392578125,93.69316864013672,0.005266442429274321,980.4716186523438,77.80538177490234,0.005816059652715921,965.4767456054688,86.1756820678711,0.0028601314406841993,1011.888427734375,60.424461364746094,0.01163110788911581,967.6653442382812,73.77751922607422,0.003132243873551488,1029.878662109375,31.819107055664062,0.0201720017939806,991.646728515625,12.09246826171875,0.014308149926364422,997.08203125,73.33341979980469,0.08225377649068832,982.1947631835938,61.636505126953125,0.0609891451895237,958.216064453125,128.96841430664062,0.08844417333602905,934.8602294921875,121.93359375,0.0675012618303299,1083.0228271484375,122.49247741699219,0.8776023983955383,1021.0995483398438,110.58119201660156,0.8588338494300842,1070.0291748046875,489.0954895019531,0.9793981909751892,914.10498046875,450.54339599609375,0.9731456637382507,1295.166259765625,775.3883056640625,0.9819623827934265,934.2638549804688,794.490966796875,0.9803861975669861
433,14433,997.7869873046875,79.98367309570312,0.011307050473988056,1007.5331420898438,60.97393798828125,0.01136740855872631,984.954345703125,69.99444580078125,0.007077356334775686,1034.38671875,43.305816650390625,0.017670342698693275,970.1337890625,56.647247314453125,0.007161259185522795,1043.510009765625,13.484596252441406,0.04078469052910805,980.8460083007812,0.0,0.018396837636828423,1008.80517578125,68.05831146240234,0.12214335054159164,960.135009765625,50.66736602783203,0.05346391350030899,965.2772827148438,132.923583984375,0.11895770579576492,928.5303955078125,123.24018859863281,0.06336784362792969,1082.2562255859375,132.0684814453125,0.8305192589759827,1009.6213989257812,117.62429809570312,0.7717837691307068,1043.05029296875,477.8689270019531,0.9548495411872864,909.9684448242188,448.1744384765625,0.9334269165992737,1294.51318359375,752.5130004882812,0.9492942094802856,943.1268310546875,773.4918823242188,0.937530517578125
434,14466,951.5247802734375,90.80506896972656,0.003849014174193144,960.197021484375,73.88246154785156,0.005029262974858284,938.7908935546875,83.53495788574219,0.0021465711761265993,1001.1677856445312,55.586517333984375,0.013494135811924934,937.675048828125,71.67214965820312,0.0029112810734659433,1038.28955078125,16.590179443359375,0.017583396285772324,945.97265625,3.1002044677734375,0.015183522365987301,1035.721923828125,45.95613098144531,0.056146688759326935,962.584228515625,53.66377258300781,0.05463442951440811,1033.7603759765625,130.10865783691406,0.05097198486328125,945.0657958984375,129.97032165527344,0.04548992961645126,1076.466796875,101.99336242675781,0.8937326669692993,991.2023315429688,102.1318359375,0.8881852626800537,1022.1062622070312,491.61639404296875,0.9806610345840454,920.0684204101562,469.3618469238281,0.9775295257568359,1292.3514404296875,728.2664794921875,0.9841898083686829,990.260986328125,801.8650512695312,0.9839833974838257
435,14500,945.228759765625,95.13166809082031,0.004068425390869379,949.158203125,80.42644500732422,0.0044964756816625595,935.7140502929688,91.07274627685547,0.0022057772148400545,980.5935668945312,63.861534118652344,0.010206558741629124,950.6672973632812,80.93978118896484,0.002852985868230462,992.4697875976562,18.981216430664062,0.015311559662222862,992.5324096679688,1.78729248046875,0.0161166749894619,1009.1753540039062,41.73980712890625,0.06630546599626541,971.1826782226562,49.74861145019531,0.07853181660175323,1003.4645385742188,122.48876953125,0.07653386145830154,941.7756958007812,103.81228637695312,0.08430422097444534,1054.32568359375,99.69241333007812,0.8838019371032715,1040.3363037109375,101.61396789550781,0.8836575746536255,979.323486328125,487.32110595703125,0.9791810512542725,956.2500610351562,490.29986572265625,0.9775117635726929,1270.69140625,718.146240234375,0.9834924936294556,1023.2311401367188,818.3143310546875,0.9827286601066589
436,14533,937.8651733398438,88.68960571289062,0.0022212457843124866,937.359375,74.66791534423828,0.002513251267373562,934.9069213867188,86.74015045166016,0.0013542474480345845,955.1035766601562,55.89356231689453,0.010783550329506397,962.4661254882812,75.13833618164062,0.0030547641217708588,953.2556762695312,15.920265197753906,0.011482303962111473,1024.957763671875,0.0,0.022421469911932945,961.3422241210938,47.62873077392578,0.039440371096134186,989.38330078125,43.37493896484375,0.10940060019493103,968.146240234375,114.51212310791016,0.038787905126810074,944.540771484375,91.27239990234375,0.09445022791624069,1041.3966064453125,122.85795593261719,0.8654133081436157,1077.933837890625,121.81487274169922,0.898749828338623,950.9295043945312,480.1733093261719,0.9711707830429077,965.9895629882812,484.4067077636719,0.9776847958564758,1209.6666259765625,706.4843139648438,0.9778779745101929,1055.04638671875,810.80224609375,0.9803699254989624
437,14566,918.4193725585938,97.95037078857422,0.0028167066629976034,920.0626831054688,79.70590209960938,0.0030305725522339344,914.2081298828125,96.04733276367188,0.0015267854323610663,944.8494873046875,56.46638488769531,0.01548241637647152,941.6521606445312,83.57785034179688,0.00408446229994297,947.9183349609375,13.883834838867188,0.02303430065512657,1009.49951171875,0.0,0.034711580723524094,966.744873046875,48.819580078125,0.07573758065700531,972.2276611328125,43.289222717285156,0.13853557407855988,957.77490234375,109.656005859375,0.07786882668733597,942.7547607421875,92.0569839477539,0.13394035398960114,1043.182373046875,113.21818542480469,0.8267561793327332,1086.391845703125,110.513671875,0.8492071032524109,918.6082763671875,467.4627685546875,0.9447537064552307,978.9596557617188,474.75018310546875,0.9465429186820984,1125.528564453125,766.2998657226562,0.9336403012275696,1115.2999267578125,763.6798095703125,0.933439314365387
438,14600,936.2341918945312,84.14932250976562,0.003239263780415058,936.1052856445312,66.38667297363281,0.0034921367187052965,927.5592651367188,82.73190307617188,0.0017350063426420093,965.0504760742188,47.28021240234375,0.01562364399433136,958.7938842773438,74.92332458496094,0.004563409835100174,968.4722900390625,9.472732543945312,0.028381820768117905,1021.0270385742188,0.0,0.0289993267506361,980.5484619140625,47.40692138671875,0.0793447270989418,987.98388671875,43.29267883300781,0.08927720785140991,970.56884765625,116.24308776855469,0.07455042749643326,946.348388671875,93.39170837402344,0.08427903056144714,1038.771728515625,106.25765991210938,0.8889190554618835,1085.02294921875,105.01913452148438,0.8855260014533997,886.43994140625,456.1892395019531,0.976518452167511,1006.20361328125,485.4163818359375,0.9737303256988525,1096.3338623046875,758.9659423828125,0.9803386926651001,1153.836181640625,800.5827026367188,0.9774079918861389
439,14633,921.427734375,92.73097229003906,0.0031112893484532833,921.7559204101562,74.2078857421875,0.0032995291985571384,919.9053955078125,92.84161376953125,0.001526417676359415,954.6522827148438,53.347137451171875,0.01174861378967762,967.825439453125,84.49635314941406,0.0029745460487902164,962.1082763671875,9.487998962402344,0.01579340174794197,1046.8944091796875,0.0,0.02155054546892643,964.3427124023438,45.94642639160156,0.069216787815094,1017.7847900390625,41.405982971191406,0.11716339737176895,963.1199340820312,96.37815856933594,0.10215166211128235,948.5036010742188,83.3038330078125,0.1616440713405609,1033.8489990234375,117.98368835449219,0.8723698258399963,1103.405029296875,114.68449401855469,0.884787917137146,878.3309936523438,442.95977783203125,0.979215145111084,1032.10498046875,468.7695007324219,0.979947566986084,1010.039794921875,779.7189331054688,0.9822251200675964,1189.225341796875,807.7581176757812,0.9812245965003967
440,14666,930.1770629882812,90.32489776611328,0.0020010685548186302,930.347412109375,69.65267944335938,0.002631462411954999,930.551513671875,85.31552124023438,0.0010224971920251846,957.7606811523438,51.93370056152344,0.015055343508720398,979.232666015625,77.25336456298828,0.002959027886390686,964.1954956054688,10.325889587402344,0.0174676813185215,1051.4937744140625,0.0,0.012807153165340424,977.805419921875,55.419639587402344,0.05549720302224159,1039.266845703125,49.029258728027344,0.04623103514313698,1011.9859008789062,141.18727111816406,0.06305909901857376,977.8555908203125,109.28814697265625,0.05581730604171753,1036.6688232421875,103.7911376953125,0.8625549077987671,1111.0777587890625,100.64854431152344,0.8398979306221008,897.9451904296875,445.1891784667969,0.9816931486129761,1050.4833984375,457.5955810546875,0.9760101437568665,919.4300537109375,807.0703125,0.9848455190658569,1226.9578857421875,783.7966918945312,0.9808110594749451
441,14700,947.8304443359375,86.7000732421875,0.003264700062572956,947.4790649414062,66.45101165771484,0.0036108370404690504,943.9034423828125,76.63121795654297,0.0013459743931889534,975.1491088867188,49.223052978515625,0.012880475260317326,983.98779296875,65.4902572631836,0.0025165718980133533,989.7360229492188,13.739456176757812,0.020134346559643745,1031.461181640625,5.407745361328125,0.013498860411345959,989.94384765625,56.387603759765625,0.08884846419095993,1016.6287231445312,48.0062255859375,0.060551632195711136,1001.9729614257812,118.94073486328125,0.1397882103919983,960.3858032226562,91.40556335449219,0.10441406816244125,1048.99853515625,88.56816101074219,0.853868842124939,1094.177490234375,86.27265930175781,0.8177326321601868,911.2421875,440.6199645996094,0.9819322824478149,1064.651123046875,458.552978515625,0.9729647040367126,897.097412109375,815.6664428710938,0.9836254715919495,1255.0465087890625,762.7661743164062,0.9777856469154358
442,14733,944.8165283203125,90.94706726074219,0.005068827886134386,946.002685546875,70.5695571899414,0.0048113297671079636,938.7132568359375,81.83219146728516,0.0019713016226887703,976.6849975585938,54.220184326171875,0.008734511211514473,969.9403076171875,73.02626037597656,0.0020707498770207167,994.5070190429688,9.293106079101562,0.014623927883803844,1010.1639404296875,1.8846588134765625,0.012590359896421432,985.125,42.40086364746094,0.10667659342288971,983.1306762695312,38.64678955078125,0.09565100818872452,976.2023315429688,99.44682312011719,0.24590441584587097,947.699951171875,88.26333618164062,0.23357237875461578,1058.0855712890625,80.43154907226562,0.8448843359947205,1084.784912109375,79.190185546875,0.8213274478912354,914.4613037109375,436.2979736328125,0.9827203750610352,1051.4410400390625,454.0033264160156,0.9757943153381348,896.9912109375,808.4769287109375,0.9843586683273315,1265.111328125,749.194580078125,0.9794958233833313
443,14766,933.6699829101562,86.32745361328125,0.005356793291866779,934.3440551757812,66.54908752441406,0.005146364215761423,929.8643188476562,79.00943756103516,0.002068508416414261,962.570068359375,51.0545654296875,0.008918722160160542,959.5382080078125,72.53608703613281,0.001983260503038764,976.6553344726562,11.877548217773438,0.013437151908874512,1005.12109375,0.2968597412109375,0.013674251735210419,977.37744140625,53.85246276855469,0.09976407885551453,995.5443115234375,49.42131042480469,0.1080884039402008,968.590087890625,93.29164123535156,0.23369647562503815,943.5343017578125,79.22236633300781,0.2556714415550232,1054.7801513671875,80.1851806640625,0.8459603786468506,1081.2064208984375,78.85061645507812,0.8320724368095398,925.1278076171875,448.3488464355469,0.9834988713264465,1027.2091064453125,465.58953857421875,0.977270781993866,949.4769287109375,831.1611328125,0.9850179553031921,1262.9591064453125,725.8906860351562,0.9807637929916382
444,14800,932.500732421875,84.41768646240234,0.005280351731926203,931.8973999023438,65.62625885009766,0.005253632552921772,929.2451171875,79.093505859375,0.0020719573367387056,956.29833984375,48.4705810546875,0.009694091975688934,953.445556640625,72.43057250976562,0.00199248013086617,971.3265380859375,8.55340576171875,0.014538154006004333,992.064208984375,0.0,0.01455968152731657,981.6397705078125,54.16996765136719,0.10560882836580276,995.6618041992188,52.132598876953125,0.11190415918827057,963.42333984375,94.71725463867188,0.22892773151397705,941.0621948242188,82.62615966796875,0.2457215040922165,1043.8316650390625,82.04548645019531,0.8569320440292358,1056.9310302734375,79.81361389160156,0.8427765369415283,944.1707763671875,466.1223449707031,0.9829073548316956,1002.41455078125,471.49493408203125,0.9759465456008911,1002.699462890625,841.4784545898438,0.9831042289733887,1235.037353515625,707.8219604492188,0.9789278507232666
445,14833,925.2035522460938,76.15553283691406,0.005218449514359236,923.8533935546875,61.253929138183594,0.004897598177194595,925.3096313476562,73.06256103515625,0.0019396251300349832,945.3728637695312,43.48823547363281,0.011884353123605251,954.318115234375,63.775543212890625,0.0024652339052408934,958.3020629882812,7.7886199951171875,0.028614535927772522,992.7836303710938,0.0,0.02393248677253723,965.9207763671875,58.11378479003906,0.18247747421264648,995.5515747070312,55.36756896972656,0.15161962807178497,959.965576171875,98.03681945800781,0.2953435182571411,943.3652954101562,89.00637817382812,0.2673281133174896,1041.8392333984375,113.73106384277344,0.9290989637374878,1058.9139404296875,110.76882934570312,0.9138501286506653,956.2650146484375,477.20489501953125,0.9895881414413452,993.9995727539062,480.8733215332031,0.9837205410003662,1054.071533203125,835.664794921875,0.9881855249404907,1210.0947265625,694.08251953125,0.9845821261405945
446,14866,922.5225830078125,75.93370056152344,0.006349099334329367,925.654541015625,58.79109191894531,0.005646243691444397,912.4830322265625,72.98048400878906,0.0023996946401894093,960.3150024414062,38.44203186035156,0.010445869527757168,916.3008422851562,65.70460510253906,0.0023479603696614504,994.9630737304688,1.2314300537109375,0.024813292548060417,930.6980590820312,0.0,0.03132673725485802,987.6893920898438,45.46549987792969,0.16517862677574158,937.8983154296875,41.36759948730469,0.2238769680261612,959.6654663085938,113.09596252441406,0.2919853627681732,936.0025634765625,103.95341491699219,0.3693735599517822,1071.054931640625,114.2684326171875,0.9329283237457275,1014.8789672851562,111.14653015136719,0.9337543249130249,966.2531127929688,483.7618103027344,0.9881631731987,921.0009155273438,466.4610900878906,0.9848355650901794,1102.901611328125,831.5619506835938,0.9857709407806396,1181.523193359375,690.7939453125,0.9843847751617432
447,14900,921.3931884765625,83.50911712646484,0.0023156770039349794,927.5861206054688,63.19354248046875,0.002777974819764495,909.6768188476562,77.51383209228516,0.0009261911036446691,973.1871337890625,42.669891357421875,0.013226646929979324,914.9855346679688,69.8602066040039,0.0017074357019737363,1012.1698608398438,8.704925537109375,0.019165627658367157,933.179443359375,0.0,0.02216053195297718,986.9214477539062,49.26493835449219,0.09201423823833466,958.861083984375,41.856719970703125,0.12483176589012146,949.46337890625,110.64363098144531,0.1167779415845871,922.5004272460938,92.53193664550781,0.14907653629779816,1065.8763427734375,110.92680358886719,0.8378411531448364,990.7086181640625,102.80506896972656,0.843511164188385,994.153076171875,495.4352722167969,0.9538686275482178,884.2185668945312,454.7925109863281,0.9444926977157593,1127.4140625,834.1525268554688,0.9360069036483765,1120.9830322265625,703.5952758789062,0.9356737732887268
448,14933,933.5321044921875,90.74004364013672,0.0030866046436131,939.6919555664062,72.24625396728516,0.0033600672613829374,923.94873046875,84.17790985107422,0.0014252632390707731,976.32666015625,52.517852783203125,0.011998980306088924,926.2658081054688,74.1269302368164,0.002381975529715419,1007.068359375,17.826187133789062,0.020942367613315582,943.8223266601562,0.603973388671875,0.025198476389050484,985.1907958984375,59.252105712890625,0.09547510743141174,969.4039916992188,47.36531066894531,0.13399197161197662,947.0414428710938,120.71086120605469,0.11321626603603363,924.75244140625,101.44706726074219,0.14282983541488647,1059.6566162109375,125.1214599609375,0.9099715352058411,986.6343383789062,113.34297180175781,0.9159232974052429,1028.9342041015625,504.2911376953125,0.9817160964012146,872.6437377929688,436.7404479980469,0.9785317182540894,1173.1806640625,825.0025634765625,0.9779794812202454,1038.126708984375,710.09228515625,0.9797547459602356
449,14966,934.763916015625,94.31062316894531,0.003725694492459297,939.13720703125,76.21536254882812,0.003919878974556923,927.0792846679688,87.2669677734375,0.0018076632404699922,972.7601318359375,58.621307373046875,0.012147919274866581,936.7503662109375,77.92728424072266,0.0027813585475087166,1000.3634643554688,27.009841918945312,0.020194340497255325,961.7759399414062,10.114151000976562,0.026607267558574677,973.539794921875,60.83070373535156,0.08356539160013199,979.9995727539062,48.29228210449219,0.1330115646123886,946.78662109375,112.14317321777344,0.09649776667356491,931.9882202148438,94.87921142578125,0.1325603723526001,1056.8580322265625,118.72023010253906,0.8960375189781189,996.281982421875,109.75845336914062,0.908007800579071,1044.0863037109375,486.7376403808594,0.9797217845916748,884.4937133789062,434.0977478027344,0.9785897135734558,1218.8138427734375,810.2457275390625,0.9776883125305176,971.4756469726562,771.5200805664062,0.980256199836731
450,15000,934.2368774414062,94.83064270019531,0.004070398397743702,937.9500732421875,77.54718017578125,0.004203231539577246,927.7447509765625,86.5645751953125,0.0019099066266790032,971.0255126953125,60.36064910888672,0.009648357518017292,941.7474975585938,74.9651870727539,0.0022051013074815273,993.60009765625,25.786285400390625,0.014977065846323967,971.6572875976562,8.211685180664062,0.018184207379817963,967.4156494140625,58.05757141113281,0.0795767530798912,986.2044677734375,45.860870361328125,0.11414774507284164,949.4506225585938,106.36656188964844,0.10859636962413788,934.2305297851562,85.15983581542969,0.1328144371509552,1049.6231689453125,106.64364624023438,0.8808077573776245,998.5116577148438,99.01268005371094,0.8905213475227356,1051.008056640625,484.09423828125,0.9802182912826538,902.0638427734375,442.2279052734375,0.9789618849754333,1247.9427490234375,786.6361694335938,0.9798121452331543,926.8746337890625,792.2423095703125,0.9817306995391846
451,15033,934.2227783203125,97.17214965820312,0.007634608540683985,936.7511596679688,80.22944641113281,0.0068091764114797115,926.5097045898438,89.73351287841797,0.0032854615710675716,969.4456787109375,64.0744857788086,0.0065426696091890335,939.841552734375,79.65728759765625,0.001771849929355085,992.7069091796875,31.688507080078125,0.009701876901090145,979.685302734375,12.933700561523438,0.014106224291026592,974.4456176757812,66.52931213378906,0.08939073234796524,990.8300170898438,53.001068115234375,0.1493098884820938,922.8585205078125,123.1593017578125,0.20471994578838348,933.9774169921875,109.87568664550781,0.27563735842704773,1048.3765869140625,94.97731018066406,0.8546349406242371,1004.062744140625,88.72993469238281,0.8730846047401428,1037.0526123046875,474.5735778808594,0.9813158512115479,911.8342895507812,447.02618408203125,0.9811067581176758,1268.7735595703125,765.6564331054688,0.9829475283622742,916.4968872070312,795.7919311523438,0.984522819519043
452,15066,990.9532470703125,67.92288208007812,0.016935549676418304,999.2180786132812,46.81134796142578,0.014836491085588932,977.9335327148438,56.134483337402344,0.010930572636425495,1014.5006713867188,32.85852813720703,0.012563847936689854,958.1994018554688,46.80780029296875,0.006619978696107864,1012.4216918945312,5.31536865234375,0.024280400946736336,970.4599609375,0.0,0.012952840887010098,978.7763671875,63.199012756347656,0.09988300502300262,955.3914184570312,50.395362854003906,0.054219748824834824,946.59619140625,118.9017105102539,0.15058352053165436,907.9349365234375,94.44962310791016,0.09922884404659271,1044.870361328125,121.05816650390625,0.7284218668937683,988.10546875,108.66522216796875,0.6637072563171387,997.6792602539062,470.6540222167969,0.9393037557601929,900.8489379882812,452.7218933105469,0.9166614413261414,1264.6072998046875,746.6878051757812,0.9405021667480469,948.4454956054688,778.0316162109375,0.927875816822052
453,15100,938.0941772460938,90.9840316772461,0.005641554947942495,939.2380981445312,76.28382110595703,0.004998751915991306,929.7595825195312,87.72631072998047,0.002780692186206579,964.7572631835938,61.11943817138672,0.00617431802675128,944.9264526367188,80.197998046875,0.002099168486893177,968.4754028320312,16.976303100585938,0.009594714269042015,994.9689331054688,0.0,0.013958624564111233,962.0269775390625,47.01539611816406,0.07685230672359467,977.7796020507812,51.74079895019531,0.12998880445957184,935.8279418945312,106.24639892578125,0.15195788443088531,923.2412719726562,88.35713195800781,0.2197001725435257,1025.7735595703125,81.49314880371094,0.855508029460907,1021.4170532226562,82.17636108398438,0.8707365393638611,973.0200805664062,482.04193115234375,0.9786370992660522,938.597900390625,483.5137939453125,0.9790334105491638,1264.91162109375,729.8201293945312,0.9821741580963135,985.9412841796875,816.4277954101562,0.9826650023460388
454,15133,927.7732543945312,84.36369323730469,0.003910033032298088,928.76220703125,70.28233337402344,0.0038441941142082214,922.0731811523438,82.17228698730469,0.0023605094756931067,946.2173461914062,56.0438232421875,0.008152260445058346,936.0372314453125,75.69786071777344,0.0028796906117349863,943.5892333984375,20.60932159423828,0.008700878359377384,996.6500854492188,0.0,0.019223403185606003,956.2247924804688,56.076759338378906,0.04231937229633331,967.9190063476562,49.36164093017578,0.13237549364566803,940.7809448242188,111.6661376953125,0.06378738582134247,922.4320678710938,88.85803985595703,0.16435663402080536,1022.9667358398438,100.4981689453125,0.8407285809516907,1045.17626953125,100.53359985351562,0.8835567831993103,942.0249633789062,481.2565612792969,0.9709560871124268,950.9580688476562,487.22845458984375,0.978029191493988,1229.2779541015625,711.17626953125,0.9769462943077087,1014.7002563476562,815.3640747070312,0.9801850318908691
455,15166,924.100341796875,91.7830581665039,0.003983026370406151,919.3057250976562,78.47900390625,0.0032391762360930443,918.8351440429688,90.11677551269531,0.0022874907590448856,929.770263671875,62.17449188232422,0.010424085892736912,950.833740234375,80.23258209228516,0.004910580348223448,914.999267578125,29.09637451171875,0.02257261611521244,1036.4515380859375,4.214630126953125,0.039876438677310944,940.7849731445312,60.13700866699219,0.08379504084587097,987.6376342773438,61.95497131347656,0.17976106703281403,936.40283203125,114.71992492675781,0.09583008289337158,925.6259765625,88.776123046875,0.18358029425144196,997.06640625,110.08241271972656,0.8940234780311584,1077.044677734375,105.47538757324219,0.913681149482727,903.7960205078125,480.5530090332031,0.9750180840492249,965.958251953125,491.71142578125,0.9790584444999695,1183.748291015625,704.0882568359375,0.9783855080604553,1043.2210693359375,813.7115478515625,0.9796502590179443
456,15200,880.6256713867188,86.62735748291016,0.0019732839427888393,880.5499877929688,70.85234069824219,0.002369177294895053,878.5458984375,87.91397094726562,0.0011147551704198122,907.0288696289062,53.23114013671875,0.023126522079110146,923.591552734375,81.032958984375,0.0059256344102323055,912.6940307617188,11.051902770996094,0.030834484845399857,1009.421142578125,0.7822036743164062,0.043211959302425385,935.9306030273438,51.295005798339844,0.056053485721349716,999.1807861328125,61.301055908203125,0.09513925015926361,955.4943237304688,144.4292449951172,0.03431420400738716,945.2842407226562,114.26028442382812,0.05170438438653946,1011.2669677734375,122.56645202636719,0.869574248790741,1079.1873779296875,125.04208374023438,0.8891092538833618,881.1156616210938,467.3453369140625,0.9597890377044678,989.142578125,491.1868591308594,0.9640689492225647,1087.046630859375,706.26416015625,0.9579460620880127,1086.77783203125,790.208740234375,0.9582341909408569
457,15233,879.9935913085938,81.18141174316406,0.0018765684217214584,879.3561401367188,61.39112091064453,0.002468196675181389,880.9161987304688,80.45823669433594,0.001019375049509108,911.7498779296875,43.293914794921875,0.02433607168495655,938.5712280273438,74.3924560546875,0.005265627987682819,925.5388793945312,8.621429443359375,0.025685034692287445,1027.6573486328125,5.527862548828125,0.03178984671831131,952.2611083984375,58.069129943847656,0.043177530169487,1032.0989990234375,72.83191680908203,0.06414972990751266,973.7924194335938,158.3978729248047,0.030352087691426277,975.3308715820312,145.45236206054688,0.03976285085082054,1010.0965576171875,115.41522216796875,0.864754855632782,1089.7093505859375,116.02006530761719,0.8781648874282837,859.1162719726562,452.18096923828125,0.9726613759994507,1012.1104125976562,479.1834716796875,0.9738661050796509,1020.7005615234375,769.3632202148438,0.9754979014396667,1145.299560546875,818.1591796875,0.9744099974632263
458,15266,909.599853515625,80.3155517578125,0.003368137404322624,905.371826171875,59.498748779296875,0.0038659682031720877,905.606689453125,75.54883575439453,0.0017125189770013094,930.6064453125,42.98931884765625,0.01690027303993702,958.7137451171875,69.3892822265625,0.004251261241734028,937.7728271484375,13.590957641601562,0.025213614106178284,1032.5482177734375,5.623992919921875,0.018069177865982056,951.491455078125,69.69012451171875,0.06659108400344849,1027.5538330078125,63.05072021484375,0.052515435963869095,979.2740478515625,134.32571411132812,0.07475404441356659,962.9127197265625,110.074951171875,0.0635576844215393,1006.4925537109375,97.69619750976562,0.8686841130256653,1086.0660400390625,96.83843994140625,0.8433305621147156,853.9850463867188,435.9712829589844,0.9828936457633972,1034.6280517578125,473.6939392089844,0.9771561622619629,952.1787109375,807.18310546875,0.9875562787055969,1190.372314453125,805.9833984375,0.9838125109672546
459,15300,929.1697998046875,88.19737243652344,0.004541599191725254,927.9541625976562,66.9982681274414,0.003952166065573692,923.2862548828125,80.40332794189453,0.0021733047906309366,950.5899047851562,50.214111328125,0.008559539914131165,957.04248046875,72.96697998046875,0.0030369730666279793,958.188232421875,13.17864990234375,0.013725449331104755,1011.8474731445312,5.6002349853515625,0.016640786081552505,964.4652099609375,62.91270446777344,0.07091082632541656,987.4959106445312,46.46369934082031,0.10257895290851593,968.135009765625,114.697265625,0.14837908744812012,928.5150146484375,86.36100769042969,0.2010955661535263,1015.5557250976562,84.32135009765625,0.841759979724884,1070.0478515625,83.47366333007812,0.842921257019043,877.591064453125,439.7917175292969,0.9824059009552002,1045.58056640625,465.604248046875,0.9793820381164551,890.6416625976562,825.9166259765625,0.9849796891212463,1220.405029296875,778.3843383789062,0.9824977517127991
460,15333,937.3077392578125,90.85343170166016,0.0035419175401329994,937.3074340820312,69.56522369384766,0.0033666412346065044,931.9610595703125,80.7322769165039,0.0016317174304276705,960.0432739257812,52.22808837890625,0.00865557324141264,960.7105102539062,71.44161987304688,0.0024575404822826385,969.0510864257812,16.9189453125,0.012811210937798023,1001.6643676757812,9.956954956054688,0.013086275197565556,974.042724609375,64.29006958007812,0.06652120500802994,985.8023681640625,48.24298095703125,0.07935775071382523,978.5073852539062,119.91357421875,0.13388632237911224,929.0931396484375,87.68101501464844,0.15775305032730103,1017.5965576171875,84.48550415039062,0.8406408429145813,1057.6666259765625,84.16781616210938,0.8301864266395569,887.0260620117188,444.7797546386719,0.9830042123794556,1044.70458984375,464.3099670410156,0.9779065847396851,864.1534423828125,834.2076416015625,0.9851142168045044,1241.9886474609375,757.8988037109375,0.981748640537262
461,15366,936.3754272460938,88.67644500732422,0.004412395879626274,938.8123168945312,67.35960388183594,0.004217986483126879,927.8984985351562,79.36907958984375,0.001996916951611638,964.5845947265625,52.79164123535156,0.007670522201806307,943.471435546875,74.5187759399414,0.0022192050237208605,980.2908325195312,12.350784301757812,0.011654158122837543,970.0902709960938,5.920257568359375,0.010621938854455948,983.258056640625,56.90203857421875,0.07471299171447754,949.996826171875,44.7216796875,0.07558358460664749,975.4771728515625,111.55563354492188,0.172321155667305,923.8333740234375,84.37202453613281,0.18126054108142853,1029.8887939453125,72.69168090820312,0.8282070159912109,1039.7215576171875,74.25430297851562,0.8060134649276733,888.8084716796875,446.6507263183594,0.9822841882705688,1020.7732543945312,466.3843688964844,0.9747663140296936,880.8876342773438,839.9005737304688,0.984305202960968,1251.38525390625,743.8434448242188,0.9794769883155823
462,15400,920.7415161132812,83.1034927368164,0.0032469292636960745,921.4303588867188,60.63530731201172,0.0036619037855416536,916.424560546875,74.97702026367188,0.0015778171364217997,947.508056640625,45.10986328125,0.010625642724335194,942.4984741210938,70.68630981445312,0.0024895663373172283,953.7901611328125,8.080307006835938,0.01353029627352953,981.6339111328125,0.0,0.011424362659454346,957.94580078125,60.722900390625,0.060626398772001266,971.4696044921875,51.474151611328125,0.05666955187916756,961.2322998046875,115.0645751953125,0.09827601909637451,927.7401733398438,85.92292785644531,0.09893572330474854,1017.5711669921875,78.78341674804688,0.8365815877914429,1042.16162109375,78.87698364257812,0.8103621602058411,903.4788818359375,460.4152526855469,0.9817174673080444,988.530029296875,474.3995361328125,0.9727201461791992,935.8094482421875,849.920654296875,0.9849339723587036,1235.6026611328125,718.2222900390625,0.9798635840415955
463,15433,915.9426879882812,82.35653686523438,0.003299640491604805,918.5518798828125,61.623619079589844,0.003741783555597067,911.3493041992188,75.23888397216797,0.0016228819731622934,950.9795532226562,44.253753662109375,0.01102599035948515,932.820556640625,68.84529876708984,0.0024817665107548237,967.7509155273438,11.806915283203125,0.013303253799676895,964.7444458007812,0.429473876953125,0.014739703387022018,968.4622802734375,64.13438415527344,0.05629193037748337,962.830810546875,62.52410888671875,0.07364332675933838,940.080322265625,119.2320556640625,0.08690769970417023,906.217041015625,94.554931640625,0.11499135196208954,1021.7554931640625,95.92057800292969,0.8470548987388611,1020.2290649414062,93.52409362792969,0.8417864441871643,904.9224853515625,470.5960693359375,0.9806320667266846,953.7296142578125,477.365234375,0.9741966724395752,974.9887084960938,849.4854736328125,0.9837936758995056,1205.2542724609375,705.6969604492188,0.9804474115371704
464,15466,888.7891845703125,76.98973846435547,0.0035148069728165865,893.46044921875,58.081695556640625,0.0036018365062773228,886.8762817382812,74.44839477539062,0.0017894419142976403,926.0931396484375,38.197288513183594,0.013272206299006939,906.9166870117188,68.08133697509766,0.003852652385830879,949.6776123046875,6.1072540283203125,0.017614196985960007,944.6167602539062,0.0,0.03175394609570503,955.1104125976562,50.98777770996094,0.06661741435527802,949.2936401367188,53.31529998779297,0.13435512781143188,943.7296752929688,115.83313751220703,0.09070347249507904,916.2360229492188,104.13226318359375,0.15174540877342224,1026.33984375,127.4901123046875,0.8792569637298584,1021.2764892578125,125.00848388671875,0.8989624381065369,908.80078125,483.66851806640625,0.9790077209472656,950.2733154296875,479.2450866699219,0.9771539568901062,1019.073486328125,850.87744140625,0.9753308296203613,1183.734130859375,702.432373046875,0.9745821952819824
465,15500,877.12939453125,71.66690826416016,0.0023441447410732508,881.4019775390625,49.96961975097656,0.0028713769279420376,873.0635986328125,70.54955291748047,0.0011727710952982306,925.6177368164062,31.120628356933594,0.016301391646265984,892.7400512695312,70.74201965332031,0.0029697075951844454,959.468994140625,7.73638916015625,0.014515831135213375,923.8276977539062,0.0,0.032961536198854446,935.900634765625,50.95111083984375,0.042730916291475296,946.748291015625,58.693450927734375,0.12348899245262146,919.8213500976562,126.64476013183594,0.04561164230108261,904.982666015625,109.35285186767578,0.10386227071285248,1036.0694580078125,132.0657958984375,0.8741994500160217,993.77880859375,127.21600341796875,0.9076629281044006,930.0516967773438,496.798095703125,0.9754349589347839,862.0220947265625,462.1712951660156,0.975994348526001,1062.9609375,846.4015502929688,0.9717351794242859,1131.5928955078125,674.0579833984375,0.9746202230453491
466,15533,875.021728515625,86.3704833984375,0.0012187282554805279,881.675537109375,65.18607330322266,0.0018611743580549955,870.5704345703125,84.66366577148438,0.00066474883351475,928.8832397460938,45.74359130859375,0.021121997386217117,886.5261840820312,82.20762634277344,0.00289453798905015,965.0770263671875,9.233322143554688,0.01764482632279396,900.6727905273438,2.5880584716796875,0.02454514615237713,899.982666015625,29.716140747070312,0.0381903201341629,913.1016235351562,44.62035369873047,0.061687372624874115,923.0288696289062,87.48939514160156,0.024422192946076393,895.9422607421875,95.15986633300781,0.03292301669716835,1035.5201416015625,125.8948974609375,0.8282924294471741,968.3919677734375,119.98860168457031,0.8486047983169556,951.4114379882812,506.7455139160156,0.9519228935241699,846.5478515625,451.7876892089844,0.9447994828224182,1095.560302734375,852.7525634765625,0.9315794110298157,1066.6485595703125,689.1039428710938,0.9367111325263977
467,15566,881.5534057617188,88.25310516357422,0.0022528974805027246,887.4366455078125,66.93294525146484,0.003126726485788822,878.2440185546875,82.46443176269531,0.0012654929887503386,929.67578125,48.67009735107422,0.02187616378068924,896.8499145507812,77.22315216064453,0.00385197508148849,977.3712158203125,22.930091857910156,0.01927802339196205,922.9124145507812,12.208969116210938,0.03274808079004288,961.825927734375,75.2354736328125,0.038394518196582794,968.4071655273438,73.81377410888672,0.08165527880191803,944.7659912109375,146.7866973876953,0.02716183476150036,932.9207763671875,143.62322998046875,0.043648071587085724,1041.494384765625,139.8749542236328,0.8873650431632996,973.8184204101562,130.73414611816406,0.912850558757782,990.4925537109375,502.6276550292969,0.9778763651847839,836.0966186523438,432.25946044921875,0.9775474071502686,1164.6007080078125,849.45263671875,0.9728441834449768,988.970458984375,714.5447387695312,0.9783298373222351
468,15600,885.3952026367188,89.1060562133789,0.00336420233361423,891.8097534179688,69.89332580566406,0.004427158739417791,884.0656127929688,83.62001037597656,0.0022079821210354567,928.339599609375,54.23075866699219,0.023392798379063606,903.1326293945312,77.34730529785156,0.006090664770454168,977.4468383789062,15.057861328125,0.022678164765238762,923.530517578125,9.130783081054688,0.03839847072958946,968.90185546875,59.6982421875,0.04117671027779579,977.0744018554688,50.799591064453125,0.08902901411056519,986.814208984375,136.40374755859375,0.029304832220077515,982.9640502929688,126.94622039794922,0.04616918787360191,1052.0274658203125,129.65245056152344,0.8653321862220764,980.9833374023438,125.86145782470703,0.8965163230895996,1012.5604858398438,488.7329406738281,0.9679164886474609,838.1862182617188,429.1519775390625,0.9697376489639282,1194.6947021484375,826.1043701171875,0.9537671208381653,934.1755981445312,752.312255859375,0.9639991521835327
469,15633,906.4362182617188,91.3704833984375,0.004653784446418285,910.891845703125,70.96786499023438,0.005500557366758585,905.0224609375,83.83935546875,0.0029032640159130096,941.3800659179688,55.78056335449219,0.01641024835407734,924.80859375,77.28751373291016,0.0050074392929673195,970.432861328125,16.704803466796875,0.01611238904297352,954.019287109375,9.249000549316406,0.027904221788048744,947.8187255859375,59.210105895996094,0.04425007104873657,985.9859619140625,37.332984924316406,0.09380634129047394,953.2079467773438,135.0393829345703,0.04451793432235718,960.654052734375,112.20636749267578,0.06931918859481812,1042.761962890625,111.34247589111328,0.8309356570243835,988.7210083007812,110.8813705444336,0.8692606091499329,1037.6126708984375,481.4762268066406,0.965167760848999,852.388427734375,436.6807556152344,0.9678419828414917,1243.3941650390625,812.516845703125,0.9511203765869141,871.7353515625,787.8981323242188,0.9613727331161499
470,15666,900.0948486328125,88.94169616699219,0.005034847185015678,903.0576782226562,66.7225112915039,0.005877462215721607,894.386962890625,75.70390319824219,0.002127316314727068,941.8789672851562,53.356842041015625,0.014680549502372742,922.6441040039062,66.60211944580078,0.0025010863319039345,968.08544921875,26.616119384765625,0.015366921201348305,968.1995239257812,13.83819580078125,0.019976692274212837,931.003662109375,78.14012145996094,0.05775407701730728,1001.65869140625,62.91133117675781,0.08403222262859344,905.4688110351562,147.02577209472656,0.07027502357959747,958.0087280273438,120.18782043457031,0.07863906025886536,1040.9588623046875,93.22462463378906,0.8653156757354736,997.7153930664062,89.98846435546875,0.8836660385131836,1034.8948974609375,474.7144775390625,0.9819849133491516,872.67724609375,437.24798583984375,0.9813287258148193,1268.900390625,783.7467041015625,0.9824426174163818,855.8956298828125,800.9330444335938,0.9851787686347961
471,15700,941.7047119140625,73.22541809082031,0.0069676348939538,948.4617919921875,52.789695739746094,0.009048125706613064,934.2317504882812,65.56766510009766,0.0048065511509776115,977.23095703125,42.785133361816406,0.020935945212841034,935.2267456054688,63.24492645263672,0.006076404824852943,980.8403930664062,19.186683654785156,0.02674093469977379,957.6013793945312,9.315032958984375,0.01486742589622736,959.598876953125,64.9983901977539,0.06466048955917358,951.6786499023438,53.01814270019531,0.03751100227236748,956.0136108398438,130.1204833984375,0.05551828816533089,940.3495483398438,126.13323211669922,0.03476521372795105,1036.92822265625,107.39078521728516,0.7985622882843018,987.7386474609375,101.05204010009766,0.7551390528678894,1014.734130859375,470.9385681152344,0.9521489143371582,881.546142578125,446.72332763671875,0.9354239702224731,1266.4833984375,764.716552734375,0.9445103406906128,886.2203979492188,781.4886474609375,0.9363464713096619
472,15733,929.8672485351562,98.88251495361328,0.004221064038574696,934.7716064453125,80.07762908935547,0.005460623651742935,918.8128051757812,90.6134033203125,0.002646293956786394,965.0625,65.95442962646484,0.00828339159488678,919.0250244140625,84.53439331054688,0.0021987652871757746,978.5482177734375,33.25437927246094,0.006524915806949139,940.1393432617188,21.341766357421875,0.0061965212225914,957.7556762695312,70.86817932128906,0.029149433597922325,947.742919921875,73.68356323242188,0.03297937661409378,945.9721069335938,124.83897399902344,0.042732447385787964,913.1299438476562,105.67950439453125,0.04487510770559311,1020.44970703125,67.99127197265625,0.7587202191352844,967.2012329101562,70.426025390625,0.7536067962646484,994.6437377929688,476.00732421875,0.972230851650238,912.6295166015625,470.0144348144531,0.96831214427948,1265.07421875,741.2142944335938,0.9828990697860718,940.7173461914062,807.05078125,0.9822466969490051
473,15766,935.668212890625,91.83940887451172,0.0030800499953329563,935.0787963867188,76.27629089355469,0.003478111233562231,928.3378295898438,87.1552734375,0.0018324910197407007,953.884521484375,62.23413848876953,0.008626037277281284,947.9046630859375,80.31891632080078,0.002455224748700857,937.8036499023438,24.566665649414062,0.00886560883373022,1006.4481811523438,6.2970428466796875,0.010699515230953693,934.9202270507812,54.75105285644531,0.038094960153102875,959.40771484375,61.430694580078125,0.05436170473694801,931.3004150390625,117.42924499511719,0.04690590500831604,910.1953125,90.74441528320312,0.06134595721960068,1001.8975219726562,80.32585144042969,0.8091127872467041,1032.171630859375,81.89140319824219,0.8171103596687317,952.2775268554688,480.0286560058594,0.971696674823761,944.0792236328125,488.4864807128906,0.9708322286605835,1256.1998291015625,732.2562255859375,0.9805605411529541,974.3380737304688,829.00048828125,0.9800764918327332
474,15800,933.9628295898438,94.64364624023438,0.0028845348861068487,930.7721557617188,78.4299087524414,0.0031524335499852896,926.7698974609375,91.11797332763672,0.001848778803832829,946.393310546875,62.190399169921875,0.011103122495114803,951.7716064453125,83.68276977539062,0.0037716920487582684,932.7672729492188,22.529708862304688,0.013861718587577343,1016.5598754882812,1.8623199462890625,0.019111301749944687,938.5803833007812,49.70320129394531,0.04249493405222893,969.5659790039062,58.87220764160156,0.07503089308738708,940.6981201171875,116.79624938964844,0.040961407124996185,910.0057983398438,86.82545471191406,0.06791111826896667,999.2435913085938,84.77751159667969,0.8407803773880005,1045.503662109375,84.92340087890625,0.8562554717063904,923.95849609375,479.99505615234375,0.9685768485069275,939.7861328125,494.52386474609375,0.9714030027389526,1201.7457275390625,709.325927734375,0.9784246683120728,1016.5873413085938,837.2197265625,0.9782232642173767
475,15833,915.91845703125,90.30574035644531,0.002990500535815954,913.9721069335938,72.55947875976562,0.003466147929430008,911.3677978515625,89.53761291503906,0.002079650992527604,929.2994995117188,53.86518859863281,0.01502925157546997,939.2215576171875,83.15167236328125,0.004911948461085558,911.9775390625,21.168617248535156,0.014986423775553703,1019.9033203125,4.439048767089844,0.02455664426088333,930.4193725585938,55.86444854736328,0.03536864370107651,963.3675537109375,59.816986083984375,0.08198179304599762,943.071044921875,124.32250213623047,0.031193789094686508,920.6494140625,93.93537139892578,0.06662271916866302,993.5562744140625,107.6766357421875,0.839277982711792,1067.068359375,108.42645263671875,0.8675795197486877,884.9194946289062,469.78948974609375,0.9651390910148621,957.1026000976562,490.2590637207031,0.9716549515724182,1154.4786376953125,706.0821533203125,0.9750860929489136,1018.8624267578125,825.85546875,0.9764617085456848
476,15866,876.2700805664062,85.68173217773438,0.0022679725661873817,876.6995239257812,67.0334243774414,0.002677713520824909,872.4464721679688,87.07264709472656,0.001331586972810328,909.1670532226562,48.91383361816406,0.02013528160750866,917.5288696289062,82.70354461669922,0.005574186332523823,919.4921264648438,10.812492370605469,0.022579653188586235,1004.2630615234375,5.317474365234375,0.03877684101462364,935.6964721679688,49.280296325683594,0.04212580621242523,973.4524536132812,63.645973205566406,0.09457732737064362,941.8702392578125,130.55909729003906,0.030128605663776398,918.6829833984375,110.01882934570312,0.057950228452682495,1006.579833984375,107.54324340820312,0.846068799495697,1070.79296875,111.37051391601562,0.8791971206665039,873.4202270507812,457.155029296875,0.9605242609977722,991.9345092773438,490.49066162109375,0.9681282043457031,1079.86865234375,725.2459716796875,0.9623672366142273,1078.2235107421875,826.875,0.9642794132232666
477,15900,877.777587890625,82.60901641845703,0.002397420583292842,878.4880981445312,60.90742492675781,0.0030144609045237303,875.3280029296875,82.13754272460938,0.001353959902189672,912.595703125,42.868011474609375,0.019325686618685722,921.3322143554688,79.69319915771484,0.004798838868737221,931.7128295898438,8.444572448730469,0.018851792439818382,1001.8218994140625,11.363273620605469,0.026440588757395744,951.86669921875,58.29888153076172,0.037460505962371826,984.453369140625,71.25084686279297,0.06524588912725449,959.3853759765625,143.20046997070312,0.03348689153790474,925.1193237304688,122.1954574584961,0.05141804367303848,1009.0638427734375,96.56817626953125,0.8379430174827576,1071.25732421875,100.57818603515625,0.8586443066596985,852.8961791992188,443.7352294921875,0.9719575643539429,1010.5698852539062,483.21600341796875,0.9742537140846252,1003.7565307617188,783.7391967773438,0.9763046503067017,1145.95751953125,840.1952514648438,0.9751471877098083
478,15933,891.4671630859375,76.2740478515625,0.003394191851839423,890.6965942382812,51.322174072265625,0.004088782239705324,888.6781005859375,68.66681671142578,0.001562998746521771,923.5556640625,36.69085693359375,0.020703893154859543,941.2908325195312,66.35517883300781,0.004492555744946003,942.8049926757812,10.156265258789062,0.026156479492783546,1015.3463745117188,14.270233154296875,0.020045947283506393,960.9977416992188,66.74327087402344,0.06091304123401642,1012.1224365234375,77.54484558105469,0.046449948102235794,980.9561157226562,141.38145446777344,0.06843281537294388,955.096435546875,128.4822235107422,0.05122575908899307,1004.0343017578125,85.01618957519531,0.8453343510627747,1073.2628173828125,87.26802062988281,0.8206430077552795,860.382080078125,433.9563903808594,0.9807568788528442,1039.7255859375,476.3562316894531,0.9744798541069031,914.8802490234375,828.89501953125,0.9842867851257324,1195.184814453125,817.711181640625,0.979303240776062
479,15966,932.5045166015625,90.27919006347656,0.003034076886251569,929.9799194335938,67.11211395263672,0.0034424473997205496,927.9100952148438,81.08839416503906,0.0014961260603740811,954.0025634765625,49.97666931152344,0.01364909764379263,969.5361938476562,73.93549346923828,0.0033340200316160917,960.8190307617188,17.755279541015625,0.020156532526016235,1022.9945678710938,14.791534423828125,0.012238934636116028,969.2158813476562,67.18006896972656,0.06666204333305359,1003.2413330078125,61.21138000488281,0.04250466078519821,994.06005859375,133.26539611816406,0.09077681601047516,945.6577758789062,110.6982421875,0.06438795477151871,1007.5512084960938,78.48106384277344,0.8462918996810913,1069.1707763671875,78.63482666015625,0.8019300103187561,881.4917602539062,441.27972412109375,0.9824361801147461,1053.5333251953125,464.4029235839844,0.9732255935668945,877.1906127929688,827.838134765625,0.9854308366775513,1217.068603515625,786.0120849609375,0.9799256920814514
480,16000,939.2307739257812,93.09049987792969,0.003911115694791079,939.0564575195312,70.9603500366211,0.0038373523857444525,933.3176879882812,82.73462677001953,0.0017579749692231417,962.3237915039062,55.52252197265625,0.008644876070320606,961.4813842773438,76.08480834960938,0.0023524505086243153,973.2182006835938,18.708984375,0.013490493409335613,997.4263916015625,15.404937744140625,0.010333992540836334,975.0836791992188,58.55039978027344,0.07746611535549164,969.6852416992188,50.96351623535156,0.06387383490800858,977.8580932617188,102.28976440429688,0.1630098819732666,925.5527954101562,80.37698364257812,0.14605093002319336,1015.4617919921875,73.163818359375,0.8303720951080322,1051.636962890625,74.57757568359375,0.7961744666099548,888.8955688476562,438.7478942871094,0.9828218817710876,1047.69970703125,461.4159240722656,0.9747526049613953,859.4956665039062,831.517822265625,0.9850045442581177,1244.7493896484375,767.3790893554688,0.9798031449317932
481,16033,931.859619140625,89.08090209960938,0.0035784265492111444,932.9297485351562,65.3180923461914,0.003609540406614542,925.840576171875,83.50698852539062,0.0016910301055759192,953.3016357421875,51.63468933105469,0.006968103349208832,944.1196899414062,86.06327819824219,0.0019256026716902852,955.4996337890625,5.228233337402344,0.009390642866492271,985.1739501953125,2.207977294921875,0.008419344201683998,945.2344360351562,34.958038330078125,0.07367405295372009,946.6236572265625,34.36894226074219,0.07577117532491684,962.713623046875,86.27522277832031,0.17906293272972107,922.5604858398438,80.73628234863281,0.19960229098796844,1017.427001953125,74.52571105957031,0.8124242424964905,1051.73291015625,79.61347961425781,0.7868266701698303,887.2943725585938,439.8186950683594,0.9785943031311035,1012.7435302734375,460.0388488769531,0.9707455039024353,866.5651245117188,819.269775390625,0.9801318049430847,1253.99462890625,756.2872924804688,0.9734489917755127
482,16066,932.4981689453125,91.98509216308594,0.004524570889770985,932.8154907226562,69.57991790771484,0.004735411144793034,927.5779418945312,85.5984878540039,0.0020098332315683365,961.034912109375,54.137786865234375,0.008641807362437248,952.7113647460938,83.72149658203125,0.0021011822391301394,964.961669921875,11.508224487304688,0.012385930866003036,987.4098510742188,4.56573486328125,0.009736035019159317,955.9666137695312,46.90777587890625,0.08195415139198303,962.2119750976562,47.117706298828125,0.06765440851449966,959.552490234375,86.42500305175781,0.17450909316539764,928.680908203125,75.86004638671875,0.1622646450996399,1016.8330688476562,73.56559753417969,0.8317550420761108,1037.9554443359375,77.04643249511719,0.7936481833457947,900.9805297851562,443.7359619140625,0.9825711846351624,988.9283447265625,473.2521057128906,0.972450852394104,930.128173828125,835.5505981445312,0.9861169457435608,1239.156005859375,721.5087890625,0.9798994064331055
483,16100,922.472900390625,87.76075744628906,0.003647128352895379,923.1882934570312,66.91316986083984,0.00401311507448554,917.9432373046875,82.32737731933594,0.0016792924143373966,953.9253540039062,48.55462646484375,0.009529558010399342,939.2032470703125,77.26416778564453,0.0021562345791608095,968.233154296875,8.331344604492188,0.013936996459960938,964.7576293945312,0.0,0.011943220160901546,961.0811157226562,45.86769104003906,0.07823963463306427,952.7340698242188,51.903900146484375,0.07350907474756241,955.2999267578125,86.3997802734375,0.1366398185491562,922.4137573242188,73.71798706054688,0.14106586575508118,1022.480712890625,79.79983520507812,0.8558785915374756,1019.6672973632812,81.89653015136719,0.8298858404159546,910.9984741210938,460.0714416503906,0.9822877645492554,958.0367431640625,482.7927551269531,0.973334789276123,975.3056640625,838.40185546875,0.9850223660469055,1212.7564697265625,716.023681640625,0.9794458746910095
484,16133,915.3439331054688,78.34437561035156,0.004103933926671743,915.1473999023438,60.86640930175781,0.00415398646146059,913.029052734375,76.08750915527344,0.0017940643010661006,944.12939453125,42.122222900390625,0.011910459026694298,937.2623291015625,70.63927459716797,0.0028117476031184196,960.2178955078125,7.5906829833984375,0.025908872485160828,967.506591796875,0.0,0.02189410850405693,950.4931640625,49.7314453125,0.12941265106201172,960.1116943359375,58.281097412109375,0.11488673090934753,938.5779418945312,102.51187133789062,0.18205004930496216,915.1139526367188,91.565185546875,0.17949844896793365,1023.3389892578125,112.00941467285156,0.9203611016273499,1021.5029907226562,112.34738159179688,0.9036878347396851,917.3613891601562,478.0008544921875,0.9877102971076965,939.759521484375,492.8056640625,0.980868935585022,1025.4921875,843.7761840820312,0.9877190589904785,1180.8106689453125,705.6954956054688,0.9834058284759521
485,16166,890.9010009765625,75.24449157714844,0.0022412093821913004,896.222900390625,53.624359130859375,0.002985334023833275,886.9873046875,72.95878601074219,0.0011888766894116998,939.4461059570312,34.941810607910156,0.01871386170387268,902.5404052734375,72.17720031738281,0.00334596773609519,976.6891479492188,10.54229736328125,0.01725306548178196,920.5822143554688,0.7264480590820312,0.028968892991542816,964.9955444335938,57.63029479980469,0.044601041823625565,941.9661865234375,64.31352996826172,0.08843667060136795,945.7022705078125,133.1337890625,0.04062110558152199,918.150390625,117.3647689819336,0.06628639996051788,1037.130615234375,137.00473022460938,0.8730597496032715,983.1273803710938,131.22369384765625,0.8930172324180603,940.0274658203125,503.37554931640625,0.9732797741889954,858.5032348632812,465.9818420410156,0.9702474474906921,1068.417236328125,844.9077758789062,0.9691606760025024,1133.77978515625,669.0294799804688,0.9698787331581116
486,16200,897.2874755859375,81.93756866455078,0.003224016400054097,904.6829833984375,60.26081085205078,0.004337267950177193,886.0772705078125,76.16093444824219,0.0013226558221504092,956.8550415039062,41.17254638671875,0.023254262283444405,890.9540405273438,73.52302551269531,0.0026929506566375494,1010.9518432617188,13.240127563476562,0.027856919914484024,899.388427734375,8.021347045898438,0.03130790963768959,1009.0303344726562,54.07218933105469,0.08015770465135574,936.9111328125,69.92083740234375,0.09467858821153641,981.4749755859375,125.7425537109375,0.07765323668718338,916.5318603515625,117.15055847167969,0.0768725797533989,1044.8138427734375,131.46299743652344,0.8750810027122498,951.669677734375,123.57302856445312,0.8767733573913574,965.1537475585938,510.18853759765625,0.9675343632698059,840.2058715820312,462.52874755859375,0.9576146006584167,1099.2620849609375,844.4297485351562,0.9537762403488159,1086.6375732421875,670.9385375976562,0.9536111354827881
487,16233,887.7469482421875,92.36304473876953,0.003497643396258354,893.605224609375,69.86180877685547,0.00475084874778986,879.1416015625,84.59809112548828,0.001469269278459251,942.9588012695312,51.312835693359375,0.026349319145083427,894.444091796875,80.05622863769531,0.0031093349680304527,993.5616455078125,25.966781616210938,0.03197852522134781,915.1755981445312,18.163787841796875,0.03607755899429321,982.7162475585938,68.42697143554688,0.07822132855653763,957.0447387695312,75.70655822753906,0.09415685385465622,960.0924682617188,137.14260864257812,0.06356678158044815,931.3297729492188,128.8385009765625,0.06199333816766739,1041.0057373046875,140.2500457763672,0.9173859357833862,960.6380004882812,130.39242553710938,0.9218342900276184,995.9302368164062,508.6850280761719,0.9828267097473145,831.1073608398438,437.3434753417969,0.9787876009941101,1168.134033203125,846.59716796875,0.9775288105010986,1026.6480712890625,711.0474243164062,0.9798460602760315
488,16266,887.6162109375,87.11146545410156,0.0022509496193379164,893.3783569335938,66.11965942382812,0.003184397704899311,885.00146484375,80.30245971679688,0.0012104552006348968,935.9542846679688,49.43147277832031,0.02112984098494053,906.1318359375,75.2805404663086,0.0033196057192981243,982.2669677734375,21.136276245117188,0.01858454942703247,929.92041015625,10.156906127929688,0.029758930206298828,971.2122802734375,63.559959411621094,0.03933608904480934,979.089111328125,61.99781799316406,0.0819031298160553,969.1832885742188,132.7272491455078,0.02798289991915226,952.042236328125,130.9532928466797,0.04413796588778496,1031.26318359375,135.6434326171875,0.8877702951431274,960.2058715820312,129.1053009033203,0.9116342663764954,1024.445068359375,495.6039733886719,0.9762955904006958,833.3216552734375,434.20257568359375,0.9769977331161499,1197.8408203125,835.7918701171875,0.9714155793190002,956.233154296875,750.3563232421875,0.9774810075759888
489,16300,941.4076538085938,88.01678466796875,0.008045968599617481,947.3428344726562,67.17878723144531,0.010792633518576622,936.7344970703125,80.33358764648438,0.005534342955797911,979.546875,53.47210693359375,0.028575053438544273,945.5750122070312,74.72964477539062,0.008247599937021732,993.9328002929688,20.629852294921875,0.0452854186296463,962.699951171875,9.123390197753906,0.020255019888281822,965.136474609375,65.50703430175781,0.08986656367778778,967.9022827148438,62.01042938232422,0.04059119150042534,965.4954223632812,142.05612182617188,0.06328757107257843,961.54345703125,149.09423828125,0.03238801285624504,1041.9803466796875,119.45743560791016,0.8396590352058411,978.2088012695312,108.8617172241211,0.7830037474632263,1058.1746826171875,473.9665222167969,0.9595651626586914,845.194580078125,433.9988708496094,0.9391352534294128,1237.9171142578125,801.5029907226562,0.9487693905830383,897.417724609375,782.525390625,0.9367180466651917
490,16333,915.8328247070312,88.43140411376953,0.0049751922488212585,920.9675903320312,66.99784088134766,0.006072665099054575,913.3189697265625,79.56470489501953,0.003347299061715603,951.0677490234375,55.256103515625,0.017469948157668114,927.8233032226562,76.85436248779297,0.005915935151278973,977.8163452148438,18.299789428710938,0.018073655664920807,947.4845581054688,16.691757202148438,0.02410917915403843,961.4496459960938,62.44258117675781,0.04268980771303177,994.39697265625,51.32075500488281,0.06832722574472427,979.957275390625,133.42007446289062,0.03797934576869011,1010.8541259765625,129.58888244628906,0.046197500079870224,1038.415771484375,98.69043731689453,0.8283673524856567,973.5126342773438,105.09500885009766,0.8506216406822205,1066.5867919921875,470.4627990722656,0.9639776945114136,862.980712890625,444.3411560058594,0.9641090631484985,1271.4459228515625,784.4067993164062,0.9539797306060791,866.3676147460938,795.5546264648438,0.9604415893554688
491,16366,932.7669067382812,88.01060485839844,0.004330730531364679,936.9580688476562,67.50634002685547,0.00555791798979044,925.1951293945312,75.696533203125,0.0024076104164123535,970.7315063476562,56.016082763671875,0.011244342662394047,935.91015625,69.58149719238281,0.002443426288664341,984.0846557617188,38.89045715332031,0.010661981999874115,963.9677734375,21.995864868164062,0.009287077933549881,954.5968017578125,87.97146606445312,0.038936812430620193,992.9125366210938,84.75993347167969,0.038911428302526474,949.645751953125,137.67164611816406,0.04538897052407265,959.5424194335938,138.19313049316406,0.0407685823738575,1030.6800537109375,80.80888366699219,0.8128069043159485,975.3997802734375,76.92237854003906,0.8041439056396484,1054.170166015625,470.36260986328125,0.9771301746368408,888.8109741210938,447.7088928222656,0.9724166989326477,1289.50634765625,764.5906372070312,0.9835072755813599,873.50537109375,796.2667236328125,0.9829508662223816
492,16400,923.1515502929688,86.84559631347656,0.0041311695240437984,928.0175170898438,67.27020263671875,0.005400628782808781,915.1431884765625,76.38434600830078,0.002415518742054701,963.3438720703125,54.359344482421875,0.01132241915911436,926.39306640625,69.50562286376953,0.0025386225897818804,978.022705078125,30.733612060546875,0.010422537103295326,953.8821411132812,16.189773559570312,0.009358811192214489,960.4717407226562,75.85514831542969,0.03636593744158745,965.69921875,83.00885009765625,0.0381520576775074,958.1675415039062,132.97457885742188,0.04106205701828003,929.3449096679688,138.76300048828125,0.03946368768811226,1021.244384765625,73.61837768554688,0.8092560172080994,971.5038452148438,72.70683288574219,0.8022270798683167,1023.7326049804688,472.337890625,0.9747193455696106,900.3649291992188,456.0859069824219,0.9705734252929688,1290.0301513671875,740.8854370117188,0.9822637438774109,911.5374755859375,800.0955200195312,0.9817575812339783
493,16433,920.9014892578125,93.55586242675781,0.003591458545997739,927.1122436523438,76.16924285888672,0.0047310153022408485,910.2731323242188,85.41618347167969,0.002087404951453209,961.2888793945312,61.155052185058594,0.009151353500783443,915.5953369140625,76.2509994506836,0.0019801361486315727,968.570068359375,27.624435424804688,0.007700947113335133,944.014404296875,12.149093627929688,0.006922117434442043,943.1453247070312,61.494049072265625,0.034135837107896805,945.475341796875,61.15873718261719,0.03562236204743385,916.9575805664062,132.47213745117188,0.04406458139419556,895.7584228515625,110.6048583984375,0.04400525614619255,1009.751953125,76.43852233886719,0.8015546202659607,966.7621459960938,77.76974487304688,0.7939119935035706,989.1476440429688,485.6385803222656,0.9744654893875122,922.1488647460938,478.80230712890625,0.9708324670791626,1283.2630615234375,731.7962646484375,0.9830207824707031,950.214111328125,814.861328125,0.9825190305709839
494,16466,930.4039306640625,89.46903991699219,0.0030390454921871424,931.1917114257812,75.44398498535156,0.00340949441306293,923.4052734375,86.0603256225586,0.0018136866856366396,953.7188110351562,60.689002990722656,0.00987557414919138,945.778076171875,77.9432601928711,0.002807809039950371,939.1448364257812,20.077468872070312,0.011771994642913342,1004.5501098632812,2.1359710693359375,0.013872392475605011,942.5059204101562,47.945526123046875,0.04499144107103348,961.5595703125,60.83271789550781,0.06301554292440414,923.1128540039062,121.78321838378906,0.04719027504324913,896.1262817382812,112.00936889648438,0.06299892067909241,989.992919921875,91.64218139648438,0.8554026484489441,1020.1939697265625,93.55270385742188,0.8604989051818848,948.9013061523438,486.1103210449219,0.9750404953956604,946.0642700195312,499.9953918457031,0.974898099899292,1254.8477783203125,711.2527465820312,0.9827021360397339,987.8084106445312,830.3770751953125,0.9821555018424988
495,16500,927.6943969726562,92.12574005126953,0.0030045071616768837,923.4750366210938,78.04337310791016,0.0030296375043690205,923.4063720703125,89.98878479003906,0.0017673308029770851,936.4696655273438,58.9398193359375,0.01159575954079628,955.0968017578125,78.74551391601562,0.00397002138197422,920.1399536132812,20.145309448242188,0.020730074495077133,1022.9927368164062,0.0,0.024464480578899384,916.376220703125,49.54655456542969,0.07103551924228668,963.4200439453125,60.427459716796875,0.09664112329483032,910.7750854492188,116.05462646484375,0.06487403064966202,901.0757446289062,97.75607299804688,0.08757999539375305,990.85400390625,108.84237670898438,0.8952227830886841,1049.8638916015625,107.40618896484375,0.898234486579895,920.3840942382812,486.4083251953125,0.9775087833404541,939.6896362304688,495.0875244140625,0.9774967432022095,1211.4324951171875,705.3462524414062,0.9827479720115662,1016.1099243164062,823.0285034179688,0.9818576574325562
496,16533,928.277587890625,98.10186767578125,0.0029867792036384344,923.4111328125,82.72915649414062,0.0031200633384287357,923.30126953125,95.87228393554688,0.001892305095680058,936.4854125976562,62.893821716308594,0.016185376793146133,960.8677978515625,83.56993103027344,0.0059526460245251656,912.9158935546875,28.235183715820312,0.02862684056162834,1043.79443359375,4.9749298095703125,0.03247646987438202,927.353271484375,62.84600830078125,0.06558232754468918,976.4411010742188,72.05291748046875,0.08642634749412537,932.1800537109375,149.5723114013672,0.048751335591077805,917.2380981445312,133.0301971435547,0.06435591727495193,983.9551391601562,111.51104736328125,0.8854944109916687,1074.687744140625,106.89138793945312,0.8878719806671143,877.8087158203125,480.3231201171875,0.971275806427002,956.6898193359375,493.3222961425781,0.9718959331512451,1165.77685546875,698.7791748046875,0.9784269332885742,1039.9146728515625,823.3088989257812,0.9770699739456177
497,16566,880.7965087890625,85.85298156738281,0.0021576406434178352,880.0803833007812,66.47296142578125,0.002689949469640851,879.616943359375,87.33208465576172,0.0012678770581260324,910.8772583007812,48.176971435546875,0.02426164411008358,931.6318359375,83.19099426269531,0.006331762298941612,912.4478759765625,10.286590576171875,0.02751084603369236,1024.435546875,5.20404052734375,0.03841834515333176,918.6278686523438,49.181053161621094,0.04630356654524803,1000.7946166992188,65.26506042480469,0.07861420512199402,937.5756225585938,139.1323699951172,0.029064135625958443,935.9671020507812,116.2166519165039,0.04376284033060074,998.6859741210938,112.39530944824219,0.838921308517456,1077.3309326171875,115.96820068359375,0.8618803024291992,868.6470336914062,466.60125732421875,0.9539138674736023,986.5546875,493.8942565917969,0.9587888121604919,1091.0645751953125,718.7754516601562,0.9543381929397583,1089.7862548828125,807.9737548828125,0.9540421366691589
498,16600,881.150390625,83.18362426757812,0.0019242328125983477,881.027587890625,62.42182159423828,0.002551122335717082,880.6318969726562,82.8394775390625,0.0011005013948306441,913.1412963867188,43.478668212890625,0.022187313064932823,932.0654296875,77.84706115722656,0.005113590974360704,926.0294189453125,7.192222595214844,0.021579641848802567,1015.5807495117188,6.940818786621094,0.027103567495942116,952.3427124023438,50.780914306640625,0.03730439767241478,1011.5172729492188,62.94110870361328,0.05665982887148857,981.6785888671875,142.97447204589844,0.0276345182210207,966.7012939453125,127.972412109375,0.03658181056380272,1006.3945922851562,104.41104125976562,0.8378527760505676,1079.2537841796875,107.0218505859375,0.8535183668136597,857.7589111328125,452.5510559082031,0.9677267670631409,1012.8845825195312,482.3583068847656,0.9691724181175232,1029.209716796875,776.9586181640625,0.9712576866149902,1152.879638671875,825.2355346679688,0.9698504209518433
499,16633,887.5728149414062,70.5197525024414,0.003658036468550563,886.2200927734375,48.10198974609375,0.004255387000739574,886.6258544921875,64.88619232177734,0.0015919108409434557,920.5241088867188,33.75489807128906,0.023414703086018562,946.0380859375,61.188743591308594,0.004840365145355463,939.6271362304688,6.8488311767578125,0.0318283811211586,1025.2928466796875,8.657958984375,0.027068497613072395,952.037109375,66.43016052246094,0.07244087755680084,1026.3677978515625,71.96708679199219,0.06142601743340492,960.5272216796875,141.34661865234375,0.07761011272668839,959.9407348632812,113.9879150390625,0.06252992153167725,1004.9384765625,98.43978881835938,0.8568755984306335,1081.2623291015625,99.53086853027344,0.8420954346656799,857.151123046875,436.49102783203125,0.978958785533905,1045.4454345703125,479.46240234375,0.973922073841095,953.9767456054688,816.1785278320312,0.9814828038215637,1200.9974365234375,822.5240478515625,0.9768465161323547
500,16666,895.3042602539062,85.92228698730469,0.003151919925585389,895.768310546875,63.35759353637695,0.003317093476653099,901.3958129882812,80.94932556152344,0.0015640120254829526,917.2329711914062,44.21260070800781,0.014432358555495739,956.035400390625,71.85954284667969,0.0038931299932301044,923.7559814453125,0.0,0.014488204382359982,1028.9622802734375,0.8580093383789062,0.023045796900987625,939.432373046875,48.04486083984375,0.05557888746261597,1011.6180419921875,48.064453125,0.10259894281625748,955.4495239257812,131.4365997314453,0.09782661497592926,938.5107421875,105.04362487792969,0.148291677236557,999.365478515625,93.32711791992188,0.7977109551429749,1092.06787109375,93.02046203613281,0.827605664730072,867.1744995117188,454.4422302246094,0.9682687520980835,1065.2069091796875,457.5645446777344,0.9700186848640442,870.2040405273438,824.063232421875,0.9576142430305481,1241.008056640625,786.6934204101562,0.9583685994148254
501,16700,935.5200805664062,89.05650329589844,0.0030798304360359907,932.8289794921875,66.618896484375,0.002837784355506301,934.7589721679688,76.62451171875,0.001436163205653429,945.6185913085938,49.504486083984375,0.009374324232339859,976.8050537109375,64.57008361816406,0.0028721659909933805,944.1888427734375,12.686782836914062,0.015454147011041641,1032.9881591796875,6.1080322265625,0.012723462656140327,948.5527954101562,66.64682006835938,0.07417897135019302,1008.2742919921875,52.44401550292969,0.06645312905311584,965.3501586914062,110.29806518554688,0.1358429342508316,939.0970458984375,83.81190490722656,0.12666073441505432,999.3682861328125,75.92445373535156,0.848606526851654,1081.9105224609375,73.67962646484375,0.824895977973938,891.3388061523438,449.5863952636719,0.9848418235778809,1089.533203125,459.3283386230469,0.9790470004081726,841.1987915039062,831.6542358398438,0.9858864545822144,1261.3310546875,770.5475463867188,0.9822169542312622
502,16733,913.5135498046875,79.7691650390625,0.003900363575667143,917.1369018554688,55.94114685058594,0.003998644649982452,915.9268798828125,70.8651123046875,0.001925393589772284,938.481689453125,39.87309265136719,0.011482054367661476,953.5327758789062,63.25041961669922,0.0033022621646523476,949.3726196289062,0.0,0.010970612987875938,1001.1145629882812,0.0,0.016205228865146637,954.618408203125,36.36790466308594,0.053788039833307266,976.067138671875,31.040313720703125,0.08848933130502701,966.9401245117188,96.9166488647461,0.12095905095338821,936.3938598632812,80.84648895263672,0.16493572294712067,1014.0674438476562,73.79493713378906,0.7801827788352966,1073.903076171875,73.09597778320312,0.8020398616790771,890.7407836914062,450.05633544921875,0.9714833498001099,1073.75537109375,445.6830139160156,0.9709347486495972,845.3944702148438,824.0902099609375,0.9630365371704102,1284.271484375,761.1493530273438,0.9621310234069824
503,16766,918.2843627929688,92.98786926269531,0.001987180206924677,923.0636596679688,72.74917602539062,0.0023528579622507095,917.4797973632812,88.69921875,0.0010859060566872358,953.5279541015625,57.78167724609375,0.009133336134254932,949.15380859375,84.5895767211914,0.0021320090163499117,958.6402587890625,9.200294494628906,0.007684563286602497,995.6799926757812,0.8727493286132812,0.010571615770459175,949.9336547851562,42.31690979003906,0.03425676003098488,961.9200439453125,38.29591369628906,0.06445184350013733,969.151611328125,88.6743392944336,0.05957341566681862,926.7308959960938,79.67198181152344,0.1058792844414711,1009.1726684570312,78.56236267089844,0.7900558710098267,1051.833984375,78.20608520507812,0.8058697581291199,891.8853759765625,445.2071228027344,0.9726336002349854,1041.01123046875,456.8507080078125,0.9710575938224792,891.0384521484375,805.0941162109375,0.9766191840171814,1288.0506591796875,738.6507568359375,0.974414050579071
504,16800,924.2906494140625,93.81754302978516,0.004282872658222914,924.4476928710938,71.8403091430664,0.004282535053789616,922.0090942382812,85.87623596191406,0.0018925247713923454,950.3433837890625,54.40576171875,0.007535499054938555,952.3469848632812,79.28400421142578,0.0018735048361122608,951.5323486328125,9.775772094726562,0.009046762250363827,994.0479736328125,2.651458740234375,0.009502529166638851,947.7057495117188,46.495880126953125,0.06659793108701706,973.1572875976562,47.93074035644531,0.0772242546081543,944.974609375,88.70402526855469,0.16487857699394226,919.921875,80.60783386230469,0.19444523751735687,1011.3307495117188,75.81303405761719,0.8110468983650208,1047.700439453125,76.35910034179688,0.7949798107147217,904.8892822265625,454.8138732910156,0.9819000959396362,1013.384765625,471.22833251953125,0.9747644066810608,929.3915405273438,840.2675170898438,0.9854227304458618,1277.8935546875,708.0891723632812,0.981170117855072
505,16833,921.0531616210938,91.09396362304688,0.00290143140591681,922.0692138671875,71.33919525146484,0.0036050055641680956,920.3690185546875,86.11649322509766,0.0013825180940330029,952.3645629882812,52.95753479003906,0.011791085824370384,948.2105712890625,79.99445343017578,0.0021258348133414984,956.2395629882812,14.31024169921875,0.01197955571115017,982.1920166015625,3.594268798828125,0.01153299119323492,953.1340942382812,56.73426818847656,0.051656607538461685,985.4530029296875,52.411285400390625,0.05674328655004501,945.9724731445312,95.22441101074219,0.07794925570487976,927.2724609375,69.83290100097656,0.09049046039581299,1006.3905639648438,89.96250915527344,0.8510801196098328,1025.4327392578125,91.46076965332031,0.8339509963989258,905.6651000976562,466.646240234375,0.9836163520812988,983.74072265625,490.18096923828125,0.9759849309921265,967.4064331054688,847.8457641601562,0.9873037934303284,1254.662353515625,684.2186279296875,0.9832432866096497
506,16866,914.0164184570312,84.90531921386719,0.003442520974203944,918.2547607421875,68.93424224853516,0.004102571867406368,910.0245361328125,82.35232543945312,0.0015022074803709984,955.3585205078125,49.193389892578125,0.01278148964047432,924.4063720703125,74.77500915527344,0.002060740254819393,976.6351318359375,10.256195068359375,0.015858067199587822,940.3220825195312,0.0664215087890625,0.017595212906599045,960.3759155273438,47.03443908691406,0.0721655860543251,940.1689453125,50.90858459472656,0.09114553034305573,932.8463745117188,92.64752197265625,0.10374676436185837,906.3292846679688,77.653564453125,0.13424690067768097,1025.7467041015625,114.85675048828125,0.8984898924827576,999.145751953125,114.23854064941406,0.893304705619812,906.3526611328125,483.6140441894531,0.9860759377479553,943.4139404296875,491.48162841796875,0.9802967309951782,1015.3416137695312,849.8917236328125,0.9871639013290405,1233.2027587890625,662.4314575195312,0.9844328165054321
507,16900,857.4624633789062,58.05793762207031,0.002339431084692478,863.696044921875,41.581443786621094,0.0031338613480329514,859.2594604492188,59.016082763671875,0.0009133665589615703,912.9608154296875,27.466644287109375,0.02237900160253048,894.808837890625,58.06377410888672,0.0026607925537973642,937.5891723632812,0.0,0.0350910909473896,932.4439697265625,0.0,0.024762874469161034,867.5848388671875,5.6476593017578125,0.12830160558223724,919.6083984375,25.393112182617188,0.07609941065311432,874.3749389648438,16.287277221679688,0.11027184873819351,885.8571166992188,43.28302001953125,0.0675455778837204,1025.3258056640625,143.8887176513672,0.9336751103401184,1010.64404296875,137.58514404296875,0.9161280393600464,912.4517211914062,501.4383850097656,0.987023115158081,923.3200073242188,469.5494384765625,0.9777500033378601,1059.9224853515625,845.3851318359375,0.9816874861717224,1198.2664794921875,658.4127197265625,0.9767730236053467
508,16933,838.9420166015625,57.12876892089844,0.002594707300886512,845.4102172851562,40.75721740722656,0.0033346586860716343,837.123046875,59.57347869873047,0.0008952845819294453,899.8416748046875,26.16620635986328,0.020998448133468628,861.420654296875,62.1075439453125,0.0020190321374684572,926.2846069335938,0.0,0.03661841154098511,878.1375732421875,0.0,0.026141131296753883,812.2205810546875,0.15252685546875,0.16353975236415863,857.154052734375,18.511138916015625,0.10135975480079651,864.744384765625,3.652587890625,0.15530209243297577,864.4400634765625,26.1119384765625,0.09906231611967087,1032.313232421875,153.81463623046875,0.9497717022895813,973.9909057617188,150.2786102294922,0.9356974363327026,936.9149780273438,510.30523681640625,0.989268958568573,857.1099853515625,462.651123046875,0.980654776096344,1100.40234375,836.9707641601562,0.9826106429100037,1148.6798095703125,618.2367553710938,0.9787086844444275
509,16966,883.1229858398438,84.74571990966797,0.0017665192717686296,891.1096801757812,65.61506652832031,0.0024914746172726154,877.9200439453125,82.12770080566406,0.0009172771824523807,943.7999877929688,44.88743591308594,0.021283308044075966,888.4923706054688,77.31939697265625,0.002946017077192664,995.0768432617188,16.286888122558594,0.016390174627304077,899.2280883789062,2.7758331298828125,0.036429621279239655,982.4979858398438,59.079689025878906,0.0364537313580513,945.78662109375,58.21751403808594,0.10364249348640442,967.69189453125,132.17250061035156,0.027701517567038536,932.2797241210938,120.24213409423828,0.058658141642808914,1049.1553955078125,154.7349395751953,0.8972800970077515,963.44677734375,144.74134826660156,0.9254658818244934,987.09228515625,517.3582153320312,0.9748274087905884,841.939453125,455.9887390136719,0.9741834402084351,1122.5548095703125,842.4419555664062,0.9672936797142029,1141.5338134765625,592.593505859375,0.9730170965194702
510,17000,874.5899047851562,92.53211975097656,0.0018238513730466366,881.951171875,71.15144348144531,0.0027274652384221554,870.19189453125,86.019287109375,0.0008734500734135509,934.842041015625,50.75811767578125,0.020323198288679123,887.3637084960938,79.49162292480469,0.002211654558777809,986.5481567382812,25.462234497070312,0.013517312705516815,904.6249389648438,10.874015808105469,0.026893354952335358,975.6546630859375,66.50200653076172,0.035184044390916824,959.40966796875,56.86784362792969,0.08775344491004944,975.4638061523438,119.32340240478516,0.02981858141720295,941.0809936523438,114.9847183227539,0.05286003649234772,1043.840576171875,141.45484924316406,0.8676730394363403,958.4840698242188,130.14794921875,0.9018642902374268,1018.5620727539062,506.3731689453125,0.9708559513092041,832.0389404296875,422.9431457519531,0.9701007604598999,1206.4482421875,843.2307739257812,0.9600732326507568,1088.70458984375,624.5021362304688,0.9695398211479187
511,17033,879.7713012695312,97.98979187011719,0.0031422742176800966,887.5115356445312,72.30386352539062,0.004692988004535437,876.3243408203125,88.19471740722656,0.0019958149641752243,935.2106323242188,55.96959686279297,0.024291416630148888,896.4496459960938,84.62152862548828,0.004778468515723944,994.0197143554688,23.43390655517578,0.016567721962928772,911.0790405273438,16.95343780517578,0.029131285846233368,989.830322265625,65.22264862060547,0.032160256057977676,962.184814453125,54.87700653076172,0.06936869770288467,995.4091796875,128.4619140625,0.025114262476563454,959.659423828125,127.4018783569336,0.03915293514728546,1057.921630859375,118.50357055664062,0.8360613584518433,968.315185546875,111.2083511352539,0.8721204400062561,1067.150146484375,478.0318908691406,0.9630290269851685,826.3870239257812,395.82470703125,0.9627618789672852,1237.1297607421875,816.1135864257812,0.9499804973602295,1044.71533203125,645.6165161132812,0.9616979956626892
512,17066,892.4544067382812,93.47978210449219,0.003484766697511077,899.4529418945312,62.67041015625,0.00490451417863369,884.2257080078125,78.98968505859375,0.0021023403387516737,940.903564453125,49.76209259033203,0.016797171905636787,893.3165283203125,82.10350799560547,0.0036634074058383703,989.0842895507812,30.580490112304688,0.011107453145086765,912.3685913085938,30.6221923828125,0.017819831147789955,974.7161865234375,84.67611694335938,0.025661297142505646,974.8616333007812,83.61833953857422,0.051708512008190155,981.2056274414062,127.77058410644531,0.024840567260980606,962.3994140625,133.83187866210938,0.03778762370347977,1054.7337646484375,94.23774719238281,0.7551050186157227,963.9310913085938,95.04629516601562,0.7978740334510803,1092.574951171875,446.5006103515625,0.9565243124961853,833.4886474609375,391.5797424316406,0.9560501575469971,1255.16455078125,798.579345703125,0.9585136771202087,1006.7256469726562,681.76416015625,0.9664239287376404
513,17100,909.3414916992188,93.10734558105469,0.005263452883809805,915.4246826171875,64.41055297851562,0.008259066380560398,897.76708984375,75.50834655761719,0.0026892523746937513,957.3804931640625,54.832855224609375,0.016971128061413765,903.6879272460938,75.03067016601562,0.0022656163200736046,993.34130859375,40.87513732910156,0.01128874346613884,919.3087158203125,33.61216735839844,0.009203576482832432,974.4871215820312,97.91047668457031,0.03247903287410736,977.91796875,103.46873474121094,0.032200176268815994,974.9849853515625,139.29263305664062,0.038661133497953415,970.940185546875,157.4853973388672,0.03531348332762718,1055.373779296875,65.62078857421875,0.7548209428787231,960.1102294921875,63.140625,0.7445894479751587,1106.6072998046875,432.1549987792969,0.970902144908905,846.6743774414062,379.86431884765625,0.9636355042457581,1287.890625,771.9312744140625,0.9805853962898254,960.0047607421875,723.4156494140625,0.9811801910400391
514,17133,919.8004760742188,98.34091186523438,0.006242326460778713,923.4208984375,71.10026550292969,0.009266913868486881,911.595703125,79.1616439819336,0.003323302371427417,957.258544921875,64.0499496459961,0.013604380190372467,921.7196655273438,77.73712921142578,0.0022926712408661842,980.700439453125,53.664093017578125,0.008761954493820667,937.7430419921875,40.14601135253906,0.006701497361063957,921.8298950195312,112.68356323242188,0.03123987838625908,987.0936279296875,106.53794860839844,0.02670428715646267,873.3255615234375,139.5604705810547,0.043847523629665375,952.801025390625,142.78262329101562,0.03703799098730087,1045.5684814453125,53.2642822265625,0.7048089504241943,966.5174560546875,51.95420837402344,0.6840778589248657,1100.033935546875,417.945556640625,0.9703181385993958,865.8711547851562,388.67779541015625,0.962579607963562,1310.3677978515625,742.27880859375,0.9834729433059692,925.2456665039062,758.7568969726562,0.9826950430870056
515,17166,964.4149169921875,100.91278839111328,0.007654475048184395,964.806884765625,83.61387634277344,0.008312668651342392,955.9962158203125,89.01580810546875,0.004890540614724159,987.59130859375,75.5690689086914,0.008552078157663345,961.6307983398438,82.8881607055664,0.003321003634482622,986.6976928710938,55.88356018066406,0.010677969083189964,988.2902221679688,32.56512451171875,0.006396900862455368,931.8158569335938,112.61686706542969,0.04634907841682434,996.2311401367188,105.4134521484375,0.028905732557177544,902.3456420898438,113.64212036132812,0.06561243534088135,953.4629516601562,139.3447723388672,0.04516993463039398,1029.8126220703125,67.64048767089844,0.7574480175971985,981.4918212890625,58.47706604003906,0.7078036069869995,1083.451171875,424.1054992675781,0.9762243628501892,902.7886962890625,412.78436279296875,0.9682770371437073,1334.9871826171875,696.290771484375,0.987503707408905,895.7814331054688,778.3572387695312,0.9848864674568176
516,17200,966.7681274414062,102.42100524902344,0.00823469553142786,970.0518188476562,86.24620056152344,0.008764278143644333,953.9777221679688,90.17861938476562,0.005366308614611626,995.0076293945312,77.80533599853516,0.0069174678064882755,950.4750366210938,82.48233032226562,0.002896451624110341,991.6831665039062,52.68525695800781,0.008571546524763107,978.9614868164062,31.270294189453125,0.004933509975671768,956.3564453125,102.18461608886719,0.04424025118350983,952.2833862304688,106.29153442382812,0.0252909604460001,923.652099609375,119.44921875,0.07055254280567169,888.2854614257812,151.5677490234375,0.045190490782260895,1020.474853515625,63.35984802246094,0.7423356175422668,972.190673828125,55.79859924316406,0.6847858428955078,1054.2156982421875,435.9804382324219,0.9747270345687866,909.8399658203125,425.9853820800781,0.9663723707199097,1356.507568359375,666.6788330078125,0.9873451590538025,907.3283081054688,793.11279296875,0.9846059083938599
517,17233,1005.6202392578125,87.788818359375,0.03294716775417328,1011.3916625976562,69.5804672241211,0.02147635444998741,985.3649291992188,75.24945831298828,0.0222571212798357,1019.0191040039062,60.33940887451172,0.006636845413595438,953.331298828125,66.04129028320312,0.007159289438277483,1001.6920166015625,22.206344604492188,0.02123369090259075,970.4857177734375,10.245803833007812,0.008283297531306744,978.7311401367188,63.7012939453125,0.13474141061306,938.0274047851562,69.50175476074219,0.04690258949995041,934.4130249023438,89.23287963867188,0.26495280861854553,889.77685546875,83.246337890625,0.13427996635437012,995.9498291015625,82.54129028320312,0.7093635201454163,940.5655517578125,76.47024536132812,0.5896018147468567,1022.7449340820312,429.9742126464844,0.9561031460762024,903.0120849609375,443.5627746582031,0.9325295686721802,1343.813232421875,648.9686889648438,0.971750020980835,931.7515869140625,800.981689453125,0.9590080380439758
518,17266,1000.636474609375,89.35082244873047,0.033766862004995346,1001.4291381835938,72.30084228515625,0.020730674266815186,983.6015625,78.36836242675781,0.023105628788471222,991.0794067382812,62.36260986328125,0.007586670108139515,952.24072265625,70.03539276123047,0.00845397263765335,955.8922729492188,22.571640014648438,0.025370215997099876,989.2489013671875,13.767471313476562,0.00993501115590334,940.7838134765625,63.548858642578125,0.1523829996585846,939.649169921875,70.35017395019531,0.051185645163059235,909.873046875,98.39694213867188,0.2838573157787323,878.8323364257812,84.16822814941406,0.14443494379520416,970.4668579101562,88.43367004394531,0.7069317698478699,963.1829833984375,86.23104858398438,0.5796187520027161,969.7575073242188,452.2026672363281,0.9449066519737244,917.7830200195312,479.8264465332031,0.9157429933547974,1333.3453369140625,637.35205078125,0.9616388082504272,954.3848876953125,812.6731567382812,0.9427506923675537
519,17300,917.2710571289062,89.87519073486328,0.004505076911300421,916.7501220703125,76.94851684570312,0.005041075870394707,910.5564575195312,87.81822967529297,0.00261260150000453,935.7489624023438,63.42411804199219,0.007570556830614805,928.4011840820312,82.30096435546875,0.002203385578468442,915.0274658203125,28.066909790039062,0.008474337868392467,993.4784545898438,3.9543685913085938,0.008784741163253784,917.2055053710938,49.30833435058594,0.05518316105008125,943.4119262695312,53.662261962890625,0.06809154152870178,908.5847778320312,99.00828552246094,0.0826641172170639,897.97509765625,84.8939437866211,0.10543736815452576,981.3426513671875,95.48208618164062,0.8301599621772766,1016.8104858398438,101.47805786132812,0.8285290598869324,933.1532592773438,476.4955749511719,0.9676104784011841,936.2919311523438,498.465087890625,0.9694840312004089,1311.9774169921875,598.3570556640625,0.9803019165992737,999.431396484375,829.4954223632812,0.9787887334823608
520,17333,909.3063354492188,96.3606948852539,0.0024657687172293663,910.3011474609375,83.3931884765625,0.0031796216499060392,902.9970703125,94.61224365234375,0.001570792868733406,932.946533203125,66.37804412841797,0.010860688984394073,925.807861328125,85.03282928466797,0.00280934339389205,923.1749267578125,28.332595825195312,0.012158670462667942,987.899658203125,1.72064208984375,0.013256055302917957,909.2846069335938,65.0840835571289,0.044963326305150986,943.3134765625,65.84896087646484,0.06259514391422272,881.6246948242188,151.3482208251953,0.0390857569873333,876.3272705078125,126.60246276855469,0.060010913759469986,990.6051635742188,124.38121032714844,0.8693811893463135,1021.1441040039062,129.85748291015625,0.8739582896232605,902.9212646484375,479.3966979980469,0.9671533107757568,929.1318969726562,515.5536499023438,0.97124844789505,1267.024658203125,597.097412109375,0.9816181063652039,1035.01611328125,841.470703125,0.9801212549209595
521,17366,894.5405883789062,82.79251098632812,0.0018636572640389204,892.9508666992188,70.61128234863281,0.0024271795991808176,890.0830078125,84.39935302734375,0.0011035531060770154,915.9567260742188,52.837646484375,0.014956116676330566,930.30419921875,76.25559997558594,0.0035371966660022736,898.6627807617188,13.681114196777344,0.02694639004766941,1000.1114501953125,0.0,0.018898028880357742,853.08837890625,16.787109375,0.08297910541296005,906.0743408203125,32.30982971191406,0.0638631284236908,882.1395874023438,37.34257507324219,0.05025042966008186,868.078369140625,42.05181884765625,0.048470836132764816,982.9422607421875,143.64788818359375,0.9115958213806152,1042.9541015625,148.2951202392578,0.8948749899864197,853.3369140625,490.11431884765625,0.9674967527389526,921.2604370117188,528.0225219726562,0.9658031463623047,1225.294189453125,592.8418579101562,0.9780601859092712,1072.355712890625,845.2069702148438,0.9723957180976868
522,17400,868.0570678710938,56.554046630859375,0.00630076602101326,868.3619995117188,41.97349548339844,0.005154441110789776,863.9916381835938,59.00944519042969,0.002545809606090188,905.81103515625,28.19293212890625,0.012332075275480747,927.7095947265625,55.118064880371094,0.0037674643099308014,899.3174438476562,0.0,0.04002397507429123,1038.052490234375,0.0,0.0401131808757782,862.653076171875,9.507339477539062,0.2256591022014618,929.6279907226562,37.41609191894531,0.23412957787513733,820.058349609375,5.2479400634765625,0.2799578905105591,826.7650146484375,10.471755981445312,0.32174283266067505,994.10595703125,145.84695434570312,0.9368869066238403,1092.609130859375,143.14759826660156,0.9348509311676025,813.7745971679688,485.6953430175781,0.979215145111084,963.9016723632812,515.0189819335938,0.9804480075836182,1177.6343994140625,602.1057739257812,0.9804800748825073,1087.704833984375,836.2974243164062,0.9781730771064758
523,17433,872.9484252929688,84.66009521484375,0.002544584684073925,871.5189208984375,70.5051040649414,0.0034518956672400236,871.8772583007812,88.89889526367188,0.001517251948826015,905.4210205078125,52.03129577636719,0.029449237510561943,937.632568359375,81.52130126953125,0.0068098497577011585,897.337646484375,10.439414978027344,0.051389530301094055,1030.0111083984375,0.0,0.031664133071899414,861.3338012695312,19.29345703125,0.09153442829847336,973.99609375,42.31732177734375,0.05901770293712616,879.8253173828125,55.0986328125,0.04736265540122986,922.4982299804688,74.80032348632812,0.037241414189338684,979.5399169921875,144.22764587402344,0.9162779450416565,1083.66650390625,144.53248596191406,0.8966819047927856,789.719970703125,446.6473388671875,0.9715932607650757,1005.4409790039062,496.3935546875,0.9680686593055725,1085.413818359375,602.200439453125,0.9802369475364685,1125.867919921875,783.1349487304688,0.9751810431480408
524,17466,877.5701904296875,94.42373657226562,0.001989574171602726,878.1295776367188,78.77323150634766,0.002674113493412733,875.2533569335938,97.31973266601562,0.0012728681322187185,910.0167846679688,57.459754943847656,0.01938445307314396,924.9591674804688,88.24754333496094,0.0046776290982961655,906.0723266601562,10.577842712402344,0.021211495622992516,1003.7802124023438,4.253150939941406,0.02045300416648388,885.4676513671875,41.98896789550781,0.04288594424724579,984.1322631835938,44.910186767578125,0.05112118646502495,892.8167724609375,94.1711654663086,0.03101440705358982,927.2510986328125,98.15231323242188,0.04061887785792351,972.5153198242188,110.92529296875,0.8629370927810669,1059.595947265625,115.60240173339844,0.8607351779937744,794.2047729492188,423.1434020996094,0.9689018726348877,1049.674560546875,494.76947021484375,0.9697734117507935,1056.5430908203125,685.46923828125,0.9797118306159973,1203.956298828125,810.5919799804688,0.9766936898231506
525,17500,867.1241455078125,82.80331420898438,0.0019325176253914833,865.4758911132812,65.10200500488281,0.002182092284783721,871.1316528320312,83.85237121582031,0.0009432992083020508,894.6949462890625,44.356361389160156,0.013864925131201744,931.9312744140625,75.21265411376953,0.003197029232978821,901.5460205078125,3.8174972534179688,0.01516391895711422,1018.4077758789062,6.2790069580078125,0.021632300689816475,902.7734985351562,55.34900665283203,0.049926698207855225,997.6316528320312,60.93232727050781,0.07987136393785477,888.79833984375,129.77174377441406,0.05952412262558937,906.3237915039062,114.96011352539062,0.08606652170419693,969.98583984375,98.74076843261719,0.847372829914093,1075.0592041015625,103.00460815429688,0.8648977875709534,806.3142700195312,421.7266845703125,0.9741545915603638,1076.7181396484375,480.8586730957031,0.975841760635376,1001.6211547851562,737.6522827148438,0.9784099459648132,1241.140380859375,794.55859375,0.9767150282859802
526,17533,899.6306762695312,89.57652282714844,0.00663372129201889,900.9494018554688,63.62377166748047,0.007257392164319754,900.0654296875,81.3385009765625,0.003684262977913022,922.8795776367188,52.542388916015625,0.02343861572444439,942.5886840820312,80.64187622070312,0.005414644256234169,918.1115112304688,13.180389404296875,0.02310957759618759,1001.5732421875,22.627899169921875,0.024310726672410965,905.8792114257812,63.40196228027344,0.0613386444747448,953.778076171875,59.86988067626953,0.08275867253541946,880.0448608398438,121.12930297851562,0.09501983225345612,878.2213134765625,97.45836639404297,0.14075371623039246,980.1990966796875,88.63780975341797,0.784153163433075,1064.19580078125,95.41639709472656,0.78426194190979,816.9049072265625,414.1113586425781,0.9603675603866577,1080.5645751953125,451.3960266113281,0.9566583633422852,936.4808959960938,773.3359375,0.9528711438179016,1264.3197021484375,762.2540283203125,0.9498688578605652
527,17566,913.294189453125,81.56104278564453,0.006916026584804058,916.5979614257812,55.67120361328125,0.006779264193028212,910.8611450195312,71.89631652832031,0.003644452430307865,937.9552001953125,47.258949279785156,0.01577811688184738,941.1406860351562,73.685791015625,0.0041719237342476845,933.1190185546875,4.769233703613281,0.017381567507982254,986.733642578125,11.8831787109375,0.01864612102508545,915.7447509765625,54.231834411621094,0.06667409837245941,937.1563720703125,44.89421081542969,0.09354832768440247,889.8416748046875,105.45000457763672,0.1366444081068039,875.2183227539062,81.20153045654297,0.20572391152381897,982.0321655273438,77.1511001586914,0.7885847091674805,1046.9949951171875,83.99755096435547,0.7879198789596558,830.7504272460938,414.0193176269531,0.9677839279174805,1080.278564453125,441.9283447265625,0.9635258316993713,882.3501586914062,779.2549438476562,0.9598304629325867,1277.1011962890625,745.8088989257812,0.9569050073623657
528,17600,922.0814819335938,104.89265441894531,0.004667202010750771,922.4097900390625,82.96051025390625,0.004698487929999828,919.989990234375,94.7424087524414,0.002133103786036372,943.88671875,66.1651611328125,0.007110510021448135,947.46337890625,86.7146987915039,0.0019119696225970984,942.6672973632812,17.856307983398438,0.008809588849544525,970.5540161132812,17.029953002929688,0.006047949194908142,925.7703247070312,53.332305908203125,0.06752442568540573,938.7008056640625,44.61982727050781,0.04626661539077759,920.2869873046875,58.0433349609375,0.18114876747131348,890.2515258789062,45.1549072265625,0.14636150002479553,974.4961547851562,55.022735595703125,0.7879061102867126,1011.6830444335938,59.54585266113281,0.7305409908294678,872.1287841796875,422.8415222167969,0.9844775199890137,1044.8013916015625,452.07568359375,0.9733722805976868,845.8619384765625,825.3110961914062,0.9880079030990601,1291.41259765625,692.9710693359375,0.9824267625808716
529,17633,881.3216552734375,86.68011474609375,0.0041365972720086575,883.2655029296875,62.252586364746094,0.004693977069109678,884.8519287109375,81.012451171875,0.0018358328379690647,913.5444946289062,45.81896209716797,0.008073152974247932,922.0010986328125,79.44605255126953,0.0016852096887305379,917.9502563476562,0.0,0.005970428232103586,966.0556640625,0.0,0.00752607686445117,901.2393188476562,34.934417724609375,0.04882946237921715,930.3826904296875,35.35748291015625,0.06492780894041061,907.2753295898438,49.1612548828125,0.14273172616958618,880.0367431640625,48.04248046875,0.174681156873703,972.4638061523438,57.10679626464844,0.7711184024810791,1019.8872680664062,57.6807861328125,0.767906129360199,866.1498413085938,434.7214050292969,0.9812612533569336,1008.9679565429688,447.939697265625,0.9757871627807617,866.6588745117188,819.3255615234375,0.9846049547195435,1292.6722412109375,677.4188842773438,0.9808635711669922
530,17666,873.8519897460938,91.54426574707031,0.007504054345190525,874.7337036132812,69.88119506835938,0.007619270123541355,873.9058837890625,86.72586822509766,0.0025166806299239397,908.4781494140625,52.808807373046875,0.008880889974534512,905.3275146484375,83.8348617553711,0.0014053393388167024,916.9868774414062,0.209381103515625,0.008723605424165726,946.2462158203125,1.1593780517578125,0.010599901899695396,897.8534545898438,35.59918212890625,0.0906616672873497,929.1502075195312,46.303985595703125,0.1059446632862091,881.0262451171875,70.57415771484375,0.2855750322341919,867.9375,60.55531311035156,0.31325119733810425,981.5636596679688,64.85069274902344,0.831552267074585,1007.9051513671875,68.73165893554688,0.8209714293479919,861.3369750976562,450.45574951171875,0.9871188402175903,979.31689453125,478.17352294921875,0.9809211492538452,893.6184692382812,854.0458374023438,0.9884457588195801,1264.34521484375,664.4786376953125,0.9847667813301086
531,17700,848.3853149414062,82.5171890258789,0.005622187163680792,847.5100708007812,63.666709899902344,0.006165080703794956,853.1202392578125,81.28241729736328,0.0019022503402084112,885.689208984375,45.87254333496094,0.012860653921961784,896.4723510742188,78.69490814208984,0.0016813121037557721,897.384765625,1.2067108154296875,0.013627512380480766,941.8506469726562,0.0,0.018260395154356956,879.2701416015625,34.81965637207031,0.0933801680803299,929.737060546875,52.59562683105469,0.12730978429317474,867.291748046875,83.48336791992188,0.20083807408809662,860.3536376953125,76.03170776367188,0.258471816778183,972.3629150390625,101.51248168945312,0.8895270824432373,1001.82373046875,106.55072021484375,0.8873983025550842,852.88330078125,470.6323547363281,0.9886868000030518,944.8696899414062,507.489990234375,0.9838351011276245,929.14892578125,860.630859375,0.9895053505897522,1240.0028076171875,659.2388305664062,0.9862874150276184
532,17733,826.1063232421875,66.0384521484375,0.002209704602137208,830.8057250976562,48.6588134765625,0.0030258994083851576,831.8349609375,68.62053680419922,0.0010165887651965022,877.77783203125,34.517578125,0.01594564877450466,875.1776733398438,68.49714660644531,0.0023024880792945623,892.2799072265625,3.62384033203125,0.015975626185536385,925.9223022460938,0.0,0.017135486006736755,849.999755859375,23.545852661132812,0.06474260240793228,892.7468872070312,30.961578369140625,0.07057460397481918,815.9851684570312,25.915374755859375,0.07139957696199417,832.062255859375,36.39344787597656,0.08134781569242477,962.9220581054688,133.5238494873047,0.900505542755127,982.4954223632812,129.01663208007812,0.8945578336715698,852.340087890625,502.5254821777344,0.9855880737304688,915.1881103515625,499.2681884765625,0.979248046875,975.4990234375,855.6767578125,0.9855389595031738,1206.63623046875,652.0242309570312,0.9821212291717529
533,17766,833.2040405273438,62.87981414794922,0.003928894642740488,837.49365234375,47.27355194091797,0.0032664011232554913,838.0347900390625,66.41168975830078,0.00113021454308182,891.5293579101562,28.757400512695312,0.00908469408750534,882.8494262695312,64.20941162109375,0.0013389284722507,918.0368041992188,0.0,0.018828796222805977,948.6275634765625,0.0,0.041094787418842316,870.2200927734375,18.039321899414062,0.2017240971326828,923.4702758789062,42.700653076171875,0.38523009419441223,756.7410888671875,37.06507873535156,0.38129132986068726,769.7059936523438,44.55821228027344,0.5814802646636963,979.560302734375,160.6427001953125,0.9526265263557434,990.0289306640625,155.64625549316406,0.9627563953399658,861.796875,511.1922912597656,0.991136908531189,901.2316284179688,504.61041259765625,0.9900263547897339,1019.01513671875,849.3385620117188,0.9859930276870728,1173.56005859375,651.5904541015625,0.9859086871147156
534,17800,829.9721069335938,68.03659057617188,0.003807781031355262,833.1837158203125,52.020103454589844,0.0029681692831218243,831.0548095703125,71.18330383300781,0.0010922899236902595,884.7239379882812,31.901596069335938,0.0073205637745559216,867.3814697265625,69.35092163085938,0.0011285942746326327,914.0277099609375,0.0,0.014382058754563332,926.3046264648438,0.0,0.04171350970864296,852.1610107421875,20.906845092773438,0.18417474627494812,934.6227416992188,46.438819885253906,0.46100887656211853,778.240234375,39.334991455078125,0.3894032835960388,796.6876831054688,48.03282165527344,0.6640068292617798,986.310791015625,167.49700927734375,0.945918619632721,967.136962890625,161.22703552246094,0.9630615711212158,877.6849975585938,519.2549438476562,0.9890204071998596,821.2013549804688,487.4596252441406,0.9891029596328735,1073.9901123046875,844.5438232421875,0.9819359183311462,1120.82666015625,644.2442626953125,0.983993411064148
535,17833,814.594482421875,58.700958251953125,0.00662937993183732,820.639892578125,41.69425964355469,0.0056492723524570465,815.0430908203125,55.50194549560547,0.0014753276482224464,876.6522827148438,24.84221649169922,0.013093902729451656,851.8645629882812,51.869842529296875,0.00121745141223073,919.0534057617188,0.0,0.023093663156032562,898.2250366210938,0.0,0.04843214526772499,853.78564453125,24.884262084960938,0.25856325030326843,905.552490234375,47.51838684082031,0.4113461375236511,788.9119262695312,32.69792175292969,0.49285784363746643,795.6893920898438,41.33006286621094,0.5935970544815063,988.5910034179688,171.49691772460938,0.9251524806022644,944.36376953125,161.07179260253906,0.9411699175834656,910.8356323242188,529.1376342773438,0.9810830354690552,803.32177734375,468.8542785644531,0.9785133600234985,1091.280029296875,840.6758422851562,0.9546248912811279,1083.7701416015625,649.5126342773438,0.9601283669471741
536,17866,828.3663940429688,81.10606384277344,0.004905177280306816,837.0179443359375,61.2132568359375,0.005306941457092762,824.1173095703125,80.6041259765625,0.0017318666214123368,888.873779296875,41.6239013671875,0.012349916622042656,839.397216796875,77.70652770996094,0.0015183973591774702,913.7080078125,1.9892578125,0.022694339975714684,878.12109375,3.4829635620117188,0.019430236890912056,857.3073120117188,19.78765869140625,0.1810280680656433,884.3112182617188,36.07795715332031,0.17118306457996368,812.9947509765625,14.252059936523438,0.2799901068210602,812.6080322265625,19.404556274414062,0.2866179049015045,990.5153198242188,146.34156799316406,0.9081401824951172,922.9345092773438,139.4401397705078,0.8978157639503479,965.0557250976562,513.087890625,0.979945182800293,773.0857543945312,441.9789733886719,0.9706027507781982,1155.209228515625,834.4308471679688,0.9681210517883301,1028.06689453125,650.3880615234375,0.9665505290031433
537,17900,880.8999633789062,90.31539916992188,0.010129034519195557,889.84228515625,65.77285766601562,0.01034505944699049,871.03955078125,79.19766998291016,0.0056797959841787815,922.56005859375,43.95000457763672,0.017900167033076286,866.0482177734375,66.76945495605469,0.005669381003826857,938.0321044921875,16.20874786376953,0.03620357811450958,882.88330078125,0.0,0.020957820117473602,898.6439819335938,71.37133026123047,0.1219562441110611,887.5774536132812,51.767417907714844,0.07703277468681335,864.0289306640625,106.31330108642578,0.13514991104602814,843.658447265625,76.46207427978516,0.10380621254444122,988.9031982421875,140.846435546875,0.8215251564979553,908.0988159179688,125.54026794433594,0.7774889469146729,994.1475219726562,479.8891296386719,0.9574744701385498,763.357177734375,417.3209228515625,0.9352574348449707,1198.4434814453125,810.630615234375,0.9476378560066223,977.5556030273438,686.1074829101562,0.9383172988891602
538,17933,843.8104248046875,94.11882019042969,0.0037545787636190653,849.2098388671875,68.39012145996094,0.0050550359301269054,833.62451171875,82.10648345947266,0.0016691713826730847,892.6430053710938,52.060272216796875,0.014984333887696266,843.1066284179688,77.76802825927734,0.001961727859452367,925.9036254882812,21.403564453125,0.014857560396194458,863.077392578125,13.253265380859375,0.016814008355140686,887.8445434570312,48.21611022949219,0.058452311903238297,889.06005859375,44.469451904296875,0.0758533850312233,861.8760375976562,89.87759399414062,0.06483905017375946,847.0464477539062,70.90864562988281,0.0729387104511261,991.3154296875,98.05352783203125,0.8570867776870728,904.8117065429688,94.00209045410156,0.8661538362503052,1016.4730224609375,473.95953369140625,0.9761198163032532,769.9559326171875,407.0224914550781,0.972260594367981,1213.8802490234375,796.9953002929688,0.9763798117637634,920.1524047851562,725.501953125,0.9790920615196228
539,17966,890.6986083984375,72.06140899658203,0.01870950311422348,896.9578857421875,45.76286315917969,0.017164332792162895,882.880615234375,60.03665542602539,0.011269387789070606,921.2860107421875,36.63633728027344,0.015957901254296303,879.2880859375,60.1486701965332,0.0073876469396054745,923.4042358398438,14.843788146972656,0.03542939946055412,902.15771484375,2.0059432983398438,0.01764051243662834,870.2777709960938,51.343711853027344,0.1490972936153412,898.2202758789062,43.858245849609375,0.07491316646337509,830.2304077148438,83.35281372070312,0.21108397841453552,842.7171630859375,70.7058334350586,0.13712918758392334,983.5426635742188,100.38961029052734,0.7670978307723999,916.849365234375,90.71781921386719,0.6953662633895874,1039.0107421875,435.5735778808594,0.9466668367385864,781.6715698242188,405.294189453125,0.91898113489151,1234.0576171875,767.0797729492188,0.9304648637771606,885.1254272460938,739.66357421875,0.9099193215370178
540,18000,878.4801635742188,102.91195678710938,0.00746485311537981,883.0025634765625,80.3741683959961,0.008173764683306217,867.7967529296875,88.97856903076172,0.003529829205945134,917.1551513671875,70.22602844238281,0.006776598747819662,870.5568237304688,84.05156707763672,0.0016819685697555542,928.9468383789062,46.82203674316406,0.010254204273223877,891.4805297851562,27.073928833007812,0.005161336623132229,872.0571899414062,83.20394897460938,0.0870518684387207,900.8485717773438,73.80903625488281,0.04177933931350708,826.5216064453125,86.78260803222656,0.1651623249053955,829.4463500976562,75.66572570800781,0.09354810416698456,977.4102783203125,74.80778503417969,0.7929980754852295,899.2954711914062,66.36909484863281,0.7284762263298035,1040.5184326171875,437.615478515625,0.979416012763977,795.2047729492188,408.034423828125,0.9676917195320129,1254.8272705078125,748.076904296875,0.9858070611953735,837.5474853515625,774.89208984375,0.9819146990776062
541,18033,888.5783081054688,105.9151840209961,0.008350240997970104,890.3580932617188,87.71898651123047,0.008581074886023998,880.2528076171875,94.33495330810547,0.00409848103299737,918.0159301757812,78.06733703613281,0.005618309136480093,887.876953125,87.56588745117188,0.0016708193579688668,917.18994140625,52.731170654296875,0.008701355196535587,918.6956176757812,28.879898071289062,0.004352683667093515,868.4010009765625,88.39773559570312,0.08530676364898682,910.9421997070312,75.54450988769531,0.03909536078572273,828.708984375,86.17135620117188,0.17569604516029358,830.6517333984375,72.04193115234375,0.09457129240036011,957.9016723632812,70.09336853027344,0.7899563908576965,908.4400634765625,61.62803649902344,0.7210195064544678,1016.0335693359375,435.8432312011719,0.9811390042304993,816.0613403320312,419.83135986328125,0.970816969871521,1278.493408203125,708.9489135742188,0.988385796546936,810.1439819335938,786.044921875,0.9847796559333801
542,18066,894.8285522460938,103.26860046386719,0.00867598969489336,901.1861572265625,86.5660400390625,0.009444530121982098,883.3509521484375,90.6419677734375,0.004676052834838629,934.9752197265625,77.95076751708984,0.0067417798563838005,884.6839599609375,82.1711196899414,0.0021174184512346983,934.9955444335938,53.69989013671875,0.009778827428817749,912.0537109375,27.3277587890625,0.0048097227700054646,888.0443725585938,90.52088928222656,0.07187829911708832,888.405029296875,83.94731140136719,0.032717037945985794,838.7906494140625,87.88970947265625,0.12589925527572632,829.1925659179688,83.1884765625,0.06689430773258209,958.6578369140625,69.15216064453125,0.7983709573745728,901.0289306640625,60.6859130859375,0.7324872612953186,994.992919921875,452.30419921875,0.9801751971244812,830.8715209960938,436.8223876953125,0.9710328578948975,1285.85302734375,677.6094970703125,0.9883593320846558,825.2446899414062,803.0530395507812,0.9851047396659851
543,18100,911.493896484375,76.49867248535156,0.018501197919249535,915.2150268554688,55.93537902832031,0.015244984067976475,897.780029296875,65.27545166015625,0.011615276336669922,930.2166748046875,42.87245178222656,0.007780458312481642,882.849853515625,58.31391906738281,0.004634816665202379,911.3432006835938,16.309799194335938,0.016272680833935738,914.2772827148438,0.0,0.0070205447264015675,875.6841430664062,70.2498550415039,0.10285604000091553,874.3826904296875,62.72630310058594,0.04260172322392464,837.9832763671875,94.12992095947266,0.1840299665927887,816.5947265625,88.47344970703125,0.10279600322246552,924.3709716796875,93.13032531738281,0.7318288683891296,888.9819946289062,85.07958984375,0.6383143067359924,942.2611694335938,445.57244873046875,0.9564553499221802,824.5211791992188,450.3746337890625,0.9387214183807373,1273.65087890625,650.4420166015625,0.9687045216560364,845.0457153320312,800.7822875976562,0.9577518105506897
544,18133,903.9988403320312,81.47625732421875,0.016457395628094673,902.816162109375,61.84412384033203,0.014471935108304024,892.2813720703125,72.47943878173828,0.011273586191236973,904.5595703125,49.40522003173828,0.009220349602401257,880.156005859375,68.54317474365234,0.005252663977444172,871.0757446289062,18.76824188232422,0.015304622240364552,926.7544555664062,6.851371765136719,0.006608308292925358,837.442626953125,65.08245849609375,0.08027500659227371,876.03955078125,75.83873748779297,0.03261526674032211,832.2662353515625,88.65156555175781,0.13239601254463196,819.0650024414062,101.53486633300781,0.07276494055986404,905.9383544921875,96.96075439453125,0.7024499773979187,911.3139038085938,92.57725524902344,0.6037712097167969,881.6640625,459.46197509765625,0.9468768239021301,832.5391845703125,472.0886535644531,0.9281579256057739,1256.379150390625,628.623046875,0.9659414291381836,866.0548706054688,811.2874145507812,0.9540949463844299
545,18166,838.1909790039062,99.27644348144531,0.0029657119885087013,839.7474975585938,83.73518371582031,0.004022546578198671,831.3302001953125,95.27243041992188,0.0021122510079294443,862.98779296875,67.5311508178711,0.011031529866158962,850.443603515625,87.18406677246094,0.003068501828238368,848.95263671875,30.357192993164062,0.00792507641017437,908.86962890625,10.155166625976562,0.010549439117312431,841.6012573242188,65.05364227294922,0.024635691195726395,852.2169799804688,82.09812927246094,0.042915068566799164,826.683349609375,157.97007751464844,0.022318629547953606,773.357666015625,172.53277587890625,0.0378633551299572,913.5393676757812,95.16714477539062,0.8004218339920044,937.91845703125,101.98306274414062,0.8229982256889343,853.6461181640625,481.5374450683594,0.9586493968963623,852.1498413085938,502.1601867675781,0.9658102989196777,1228.9576416015625,601.3431396484375,0.9778134822845459,909.3003540039062,837.4953002929688,0.9781423211097717
546,18200,829.7711791992188,104.67423248291016,0.0019238017266616225,832.9686279296875,90.81829833984375,0.002712841611355543,822.4993896484375,101.53651428222656,0.0013791740639135242,859.7503662109375,72.30793762207031,0.011647453531622887,843.2407836914062,89.08067321777344,0.0030676545575261116,851.5427856445312,28.892303466796875,0.010398922488093376,899.2520751953125,2.3011093139648438,0.012904603965580463,850.400634765625,55.06560516357422,0.028109291568398476,860.1053466796875,60.966796875,0.04866573214530945,857.8217163085938,146.4249267578125,0.019776055589318275,827.902099609375,136.58868408203125,0.034548934549093246,916.8889770507812,117.15692138671875,0.856627881526947,937.4096069335938,122.77088928222656,0.8716542720794678,828.103515625,483.9390563964844,0.9636656045913696,848.108642578125,512.477783203125,0.9709341526031494,1192.95458984375,594.7128295898438,0.9806771278381348,943.128173828125,849.7337646484375,0.9806389212608337
547,18233,818.1926879882812,87.68724060058594,0.0037402836605906487,815.4430541992188,73.98719787597656,0.003426339477300644,814.7831420898438,89.19552612304688,0.001473110867664218,845.5874633789062,54.95823669433594,0.008548233658075333,869.9291381835938,80.00090789794922,0.0019924300722777843,831.9263916015625,16.672714233398438,0.021227547898888588,968.452880859375,0.0,0.023711560294032097,796.763671875,30.97064208984375,0.1714765429496765,902.7719116210938,51.67149353027344,0.21712498366832733,797.412841796875,41.53028869628906,0.23723842203617096,806.0043334960938,45.03804016113281,0.3168257772922516,907.8619995117188,143.15016174316406,0.921911358833313,985.3650512695312,144.73289489746094,0.9229221940040588,788.1399536132812,484.3757629394531,0.9751517176628113,842.2584838867188,519.736572265625,0.9780272245407104,1143.6578369140625,586.0438232421875,0.9796136617660522,972.275634765625,846.7706909179688,0.9770445227622986
548,18266,822.6940307617188,75.3365478515625,0.006452273577451706,820.8275756835938,62.35169219970703,0.00436242762953043,817.7338256835938,77.57070922851562,0.002319222316145897,851.1634521484375,47.5235595703125,0.007764212321490049,879.3529052734375,71.10589599609375,0.002722458215430379,837.662109375,13.174758911132812,0.026288798078894615,1007.4249267578125,0.0,0.04669259861111641,834.7930908203125,31.598052978515625,0.23741276562213898,946.2638549804688,52.5274658203125,0.41778504848480225,776.1961669921875,43.80487060546875,0.3970809280872345,802.4320678710938,48.25694274902344,0.6020005345344543,909.6412963867188,149.9188995361328,0.9427109956741333,1023.9058227539062,144.84471130371094,0.9546091556549072,747.657958984375,484.9844055175781,0.9821404814720154,880.5994873046875,513.7496948242188,0.9870941042900085,1102.9871826171875,592.0402221679688,0.983161449432373,999.1888427734375,842.3385009765625,0.9837513566017151
549,18300,808.8140258789062,69.87256622314453,0.005430769175291061,809.5545043945312,54.82951354980469,0.004143236204981804,806.363525390625,76.05885314941406,0.0020327535457909107,852.8887939453125,39.084320068359375,0.009846792556345463,869.0599365234375,75.13961791992188,0.002998120617121458,847.5587768554688,0.6650390625,0.03151922672986984,975.11572265625,0.0,0.04499593749642372,814.7085571289062,13.795806884765625,0.22454142570495605,888.96337890625,43.38324737548828,0.3173660635948181,742.994140625,15.564468383789062,0.3318317234516144,755.6890869140625,25.230422973632812,0.46238788962364197,916.9248046875,126.68009948730469,0.9259764552116394,1015.3004150390625,129.77203369140625,0.9327026009559631,718.6719360351562,431.04473876953125,0.9768840670585632,912.4779052734375,497.6728820800781,0.9793980717658997,1039.0858154296875,604.9191284179688,0.9777212738990784,1039.42138671875,787.2081298828125,0.9750241041183472
550,18333,790.191650390625,84.35307312011719,0.0020785953383892775,786.6471557617188,65.85232543945312,0.0028693240601569414,790.9909057617188,89.91645812988281,0.001310044783167541,821.144775390625,45.807151794433594,0.02290986105799675,860.7554321289062,86.97615051269531,0.00565123837441206,812.43603515625,0.0,0.026177622377872467,964.5474243164062,0.7686080932617188,0.02143109031021595,785.8397827148438,16.818099975585938,0.04719315841794014,938.51953125,49.505218505859375,0.04461006075143814,831.899658203125,67.71121215820312,0.030504319816827774,884.515380859375,91.23912048339844,0.031707875430583954,900.80224609375,102.73091125488281,0.8698312044143677,1016.8742065429688,109.29464721679688,0.8575413823127747,727.7656860351562,424.0538635253906,0.972791850566864,956.787109375,489.5248107910156,0.9712206125259399,989.9285888671875,687.076416015625,0.9826551675796509,1110.3380126953125,816.9804077148438,0.9786441922187805
551,18366,808.462158203125,87.88174438476562,0.0015559314051643014,803.7662353515625,70.63430786132812,0.0019735402893275023,812.5902709960938,91.16365814208984,0.0009301361278630793,830.4981689453125,49.87797546386719,0.016808342188596725,880.8700561523438,84.42512512207031,0.003995778039097786,826.2542724609375,9.385139465332031,0.015452108345925808,975.3453369140625,8.154075622558594,0.02213912084698677,816.5888671875,51.17857360839844,0.03295455873012543,954.2064208984375,64.80807495117188,0.06441646069288254,824.1592407226562,112.75753784179688,0.02815575897693634,869.70947265625,94.56129455566406,0.05340927839279175,897.9761352539062,97.76948547363281,0.8360841870307922,1018.8473510742188,102.0010986328125,0.8580330610275269,730.3936157226562,411.2406921386719,0.969071090221405,983.1707763671875,476.8796081542969,0.973841667175293,938.2855224609375,702.9644165039062,0.9800737500190735,1135.695556640625,804.7533569335938,0.9791014194488525
552,18400,814.8593139648438,89.63072204589844,0.0020461007952690125,812.3069458007812,70.68333435058594,0.0026522581465542316,818.1710815429688,90.44142150878906,0.0010905441595241427,840.3043823242188,53.940216064453125,0.012810306623578072,875.6196899414062,87.10521697998047,0.0025114899035543203,841.730224609375,14.041786193847656,0.009225360117852688,950.7178344726562,14.404151916503906,0.011391479521989822,816.8681640625,51.05156707763672,0.03163282945752144,913.5842895507812,59.78240203857422,0.049104806035757065,811.8843994140625,97.24724578857422,0.045718442648649216,841.872802734375,84.6540756225586,0.0693582147359848,909.6910400390625,69.46856689453125,0.7863588333129883,1004.8729248046875,70.94879150390625,0.798098623752594,760.1341552734375,407.40887451171875,0.9750359654426575,996.7324829101562,447.9672546386719,0.9746112823486328,867.0769653320312,762.9450073242188,0.9829580187797546,1168.3858642578125,770.9763793945312,0.9813131093978882
553,18433,829.9931640625,90.29466247558594,0.002729586558416486,829.1090698242188,68.84243774414062,0.0029722389299422503,831.9450073242188,86.3136978149414,0.001320089679211378,853.50732421875,51.27900695800781,0.0077508920803666115,879.083740234375,81.16575622558594,0.0018236648757010698,849.9889526367188,6.838531494140625,0.00613250071182847,946.88623046875,6.2194976806640625,0.008241061121225357,808.6236572265625,42.37815856933594,0.040564268827438354,900.7423706054688,44.76942443847656,0.06674724817276001,768.5189208984375,97.34937286376953,0.10066723823547363,828.5718383789062,78.75093841552734,0.15828295052051544,910.817138671875,57.53553771972656,0.7578303813934326,995.6133422851562,57.27369689941406,0.7727693319320679,794.349853515625,410.734130859375,0.9763289093971252,1000.8719482421875,432.5431213378906,0.9754437804222107,815.7418823242188,768.2107543945312,0.982602596282959,1190.4580078125,748.127197265625,0.9809169769287109
554,18466,829.57763671875,70.59315490722656,0.0033037990797311068,833.8947143554688,45.10059356689453,0.00399024598300457,833.0405883789062,60.89555740356445,0.0017188343917950988,860.2267456054688,33.14497375488281,0.012773742899298668,874.3980102539062,58.08258819580078,0.003070312784984708,877.4747314453125,0.0,0.00852296780794859,918.9431762695312,2.323150634765625,0.011099944822490215,865.3116455078125,41.880455017089844,0.03549006208777428,885.9935302734375,35.07909393310547,0.05007656663656235,856.6909790039062,94.46024322509766,0.07750357687473297,839.3831176757812,72.78840637207031,0.09250916540622711,921.7409057617188,50.32049560546875,0.6947281360626221,976.767578125,48.80042266845703,0.7128390073776245,809.9168701171875,419.849853515625,0.9626786112785339,997.1801147460938,417.4893798828125,0.9611243605613708,785.9329833984375,797.6343383789062,0.9601033329963684,1199.6363525390625,746.9441528320312,0.958451509475708
555,18500,860.7169799804688,76.56468200683594,0.002004726557061076,867.781494140625,50.93009948730469,0.0031373072415590286,861.5526123046875,65.74883270263672,0.0012164064683020115,896.5720825195312,44.255035400390625,0.013012832030653954,888.356201171875,68.2494125366211,0.0023088983725756407,909.86669921875,9.941436767578125,0.006515618413686752,906.7980346679688,10.693382263183594,0.005720837973058224,902.3727416992188,65.5052490234375,0.02155412547290325,876.3069458007812,51.09564971923828,0.021578753367066383,879.4907836914062,98.94861602783203,0.03607816994190216,829.3422241210938,103.74080657958984,0.03649250790476799,932.2157592773438,40.533050537109375,0.6718618869781494,955.3518676757812,39.996917724609375,0.6494983434677124,820.61376953125,420.44256591796875,0.9643818736076355,975.337646484375,416.48211669921875,0.9546660780906677,787.076904296875,804.2642211914062,0.9693209528923035,1213.8541259765625,725.5712280273438,0.9636141657829285
556,18533,836.1514892578125,86.07962799072266,0.0022606966085731983,845.8012084960938,60.47562789916992,0.0035018487833440304,837.2750244140625,79.02432250976562,0.0014185550389811397,884.1369018554688,50.21443176269531,0.013270402327179909,867.7755126953125,80.11001586914062,0.0025014302227646112,895.2132568359375,6.106544494628906,0.006368957459926605,900.3455810546875,6.153167724609375,0.007672551088035107,885.4948120117188,59.614654541015625,0.021047232672572136,864.9576416015625,57.753822326660156,0.03181811049580574,844.9154663085938,107.49224853515625,0.03399580717086792,812.9183349609375,113.38819885253906,0.05079691484570503,936.2294921875,50.152496337890625,0.7278919816017151,959.1461791992188,51.194915771484375,0.7368002533912659,818.7953491210938,422.3542785644531,0.9703121781349182,948.367919921875,427.7409973144531,0.9665338397026062,814.061279296875,783.322265625,0.9772652983665466,1212.1173095703125,700.7900390625,0.9742985367774963
557,18566,835.6155395507812,93.15252685546875,0.0034502281341701746,840.3059692382812,69.52262878417969,0.00439870310947299,831.7601318359375,82.02371978759766,0.0016848213272169232,871.2210083007812,51.651580810546875,0.012398472055792809,857.029052734375,71.51305389404297,0.0023193901870399714,880.165283203125,4.068328857421875,0.009877266362309456,896.269775390625,0.0,0.0094091622158885,891.852783203125,60.06404113769531,0.039112549275159836,916.3112182617188,50.17561340332031,0.04312343895435333,884.0804443359375,119.65351867675781,0.06877978891134262,871.135986328125,90.17898559570312,0.07542704790830612,935.474853515625,56.64642333984375,0.7898926734924316,955.1576538085938,55.118682861328125,0.7736796140670776,833.1162109375,447.04156494140625,0.9799785017967224,932.5194091796875,453.7640075683594,0.9723868370056152,839.177734375,828.9052734375,0.985346794128418,1199.6519775390625,684.676025390625,0.9818310141563416
558,18600,805.2747802734375,83.8633804321289,0.002725670812651515,806.8677978515625,65.34622192382812,0.003841100260615349,807.6619873046875,78.40420532226562,0.001170131959952414,841.497802734375,48.19496154785156,0.016782499849796295,849.0443115234375,69.66842651367188,0.002005018526688218,843.3718872070312,4.52545166015625,0.014380638487637043,894.7716674804688,0.0,0.011052275076508522,807.4462280273438,33.64508056640625,0.05474267899990082,906.8861083984375,46.99946594238281,0.044443365186452866,819.705322265625,73.20767211914062,0.07207285612821579,845.902099609375,70.3809814453125,0.06439456343650818,918.627685546875,89.38554382324219,0.8604568243026733,948.150146484375,87.87405395507812,0.8329339623451233,838.0885620117188,473.281494140625,0.9853605628013611,909.5548095703125,475.25018310546875,0.9766315817832947,881.2767333984375,848.2694702148438,0.9878852963447571,1181.341064453125,662.0413208007812,0.9841427206993103
559,18633,785.8055419921875,78.10956573486328,0.0022907971870154142,791.808349609375,60.81394958496094,0.0027481799479573965,790.984130859375,75.61711120605469,0.000882423366419971,831.0693969726562,45.251312255859375,0.011895345523953438,829.7246704101562,69.74537658691406,0.0018166102236136794,851.0289916992188,2.413787841796875,0.017449455335736275,882.11962890625,0.0,0.015442043542861938,808.4373779296875,25.730255126953125,0.12288707494735718,839.5610961914062,24.976043701171875,0.08823583275079727,724.7930297851562,14.639007568359375,0.16993671655654907,727.2039184570312,14.252288818359375,0.13104413449764252,924.3057861328125,123.34158325195312,0.9061893224716187,943.906494140625,113.61566162109375,0.8908350467681885,833.8427734375,493.5740051269531,0.9864277243614197,886.3153076171875,471.8782653808594,0.9786016941070557,927.0494384765625,842.9445190429688,0.9829388856887817,1162.9716796875,660.3829345703125,0.9782062768936157
560,18666,809.4075317382812,84.17362976074219,0.003122214460745454,816.3517456054688,67.86378479003906,0.002973338356241584,808.7711791992188,83.13153076171875,0.0013164825504645705,855.0677490234375,48.469573974609375,0.008911489509046078,829.4161376953125,75.51832580566406,0.0018776673823595047,862.1182861328125,7.342231750488281,0.013208134099841118,872.7061157226562,0.0,0.024625534191727638,806.851318359375,39.64874267578125,0.09917907416820526,859.1893310546875,47.719688415527344,0.20323973894119263,740.3516235351562,45.672637939453125,0.17477509379386902,747.8181762695312,51.36653137207031,0.32054173946380615,935.71142578125,133.66888427734375,0.9162330031394958,931.9235229492188,128.55992126464844,0.930637776851654,841.6506958007812,499.3913269042969,0.9863449335098267,869.049560546875,483.012451171875,0.984940230846405,979.3661499023438,837.70458984375,0.9830790758132935,1134.936279296875,663.3715209960938,0.9832338690757751
561,18700,816.5855712890625,77.0624771118164,0.004230600781738758,818.5449829101562,60.80841064453125,0.003113463055342436,816.0814819335938,79.37452697753906,0.0013644190039485693,862.7382202148438,37.764427185058594,0.007077027577906847,846.8849487304688,73.77507019042969,0.0013167207362130284,891.3900756835938,0.0,0.011954625137150288,901.1178588867188,0.0,0.05371510982513428,849.9581909179688,40.53181457519531,0.13712045550346375,903.9437255859375,50.00665283203125,0.5441105365753174,748.9172973632812,72.42649841308594,0.32492953538894653,762.9033203125,77.57315826416016,0.7307716012001038,948.5404052734375,156.31454467773438,0.9455457925796509,932.9011840820312,145.8851318359375,0.9704853892326355,844.815185546875,513.1697387695312,0.9893227219581604,806.5713500976562,472.1737976074219,0.9917741417884827,1029.338623046875,834.3602294921875,0.9836763739585876,1090.577880859375,639.1858520507812,0.9879987239837646
562,18733,816.5438232421875,81.48197937011719,0.004968787543475628,821.0720825195312,62.77521514892578,0.003962616436183453,811.5480346679688,82.73755645751953,0.0014121714048087597,872.1304321289062,38.599937438964844,0.0076537178829312325,831.3373413085938,78.68570709228516,0.0010286003816872835,905.6891479492188,0.33013916015625,0.013330226764082909,880.1994018554688,0.0,0.04179958626627922,878.1575927734375,32.99066162109375,0.18027949333190918,907.2788696289062,38.90061950683594,0.5144093632698059,776.8421630859375,61.036468505859375,0.4241684377193451,785.0634765625,71.85360717773438,0.7444524765014648,953.3999633789062,155.0006561279297,0.9243610501289368,906.2979125976562,147.2968292236328,0.9506882429122925,889.8876342773438,508.379150390625,0.9813778400421143,769.8787231445312,469.0145263671875,0.9830877184867859,1040.091064453125,828.1756591796875,0.9682689905166626,1064.1024169921875,622.462646484375,0.9735473990440369
563,18766,808.4332275390625,82.66094970703125,0.003845845116302371,814.7574462890625,64.46493530273438,0.003104807808995247,803.4335327148438,81.36625671386719,0.0013192400801926851,863.1273803710938,42.02545166015625,0.008277228102087975,819.7538452148438,74.94522857666016,0.0014667684445157647,897.7132568359375,6.058113098144531,0.015056568197906017,866.451416015625,0.0,0.044618040323257446,871.2107543945312,37.260589599609375,0.1456962525844574,912.6114501953125,39.33045959472656,0.446799635887146,795.0950927734375,50.56690979003906,0.29044073820114136,803.4241333007812,55.985504150390625,0.6031611561775208,946.1212158203125,143.64300537109375,0.8950948715209961,888.474609375,133.76266479492188,0.9320230484008789,926.3618774414062,505.95501708984375,0.9680882096290588,760.4642944335938,446.8680725097656,0.9723621606826782,1090.94921875,820.6309204101562,0.9403411149978638,1019.2981567382812,642.1211547851562,0.9536277055740356
564,18800,789.4888916015625,66.81788635253906,0.0073003824800252914,796.1876220703125,45.512969970703125,0.005911158863455057,785.0242919921875,59.7733154296875,0.002452316228300333,843.2172241210938,31.75737762451172,0.00934242457151413,804.8768920898438,60.195556640625,0.0019283444853499532,884.5177001953125,2.4242019653320312,0.015577531419694424,843.5321044921875,1.8686141967773438,0.03786778077483177,845.1687622070312,30.50811767578125,0.14415647089481354,887.3802490234375,48.93296813964844,0.33495479822158813,808.2140502929688,27.5438232421875,0.3043699860572815,806.5576782226562,39.371978759765625,0.48301073908805847,951.0606689453125,120.87794494628906,0.8969124555587769,881.7335815429688,117.24192810058594,0.9266732931137085,967.0296630859375,485.4093322753906,0.9791821837425232,759.3600463867188,422.52813720703125,0.9804919958114624,1143.207275390625,813.3563232421875,0.9629886746406555,968.4955444335938,685.8949584960938,0.9718177914619446
565,18833,777.767578125,66.00155639648438,0.004677056334912777,784.7913208007812,42.00421142578125,0.005807672627270222,775.110595703125,58.06029510498047,0.00273914891295135,823.9314575195312,33.319908142089844,0.020062297582626343,793.5905151367188,62.8557014465332,0.005334950052201748,862.037109375,0.0,0.02398240566253662,813.84521484375,2.1736679077148438,0.02874508872628212,809.3282470703125,17.911834716796875,0.06535272300243378,830.0994873046875,24.1864013671875,0.08137424290180206,825.4413452148438,23.680870056152344,0.055758945643901825,809.9738159179688,32.221710205078125,0.060269519686698914,951.2880249023438,89.88201141357422,0.8397253155708313,879.2988891601562,95.23624420166016,0.8497915863990784,984.1994018554688,454.0946044921875,0.9606645107269287,759.1272583007812,408.6541442871094,0.9549340605735779,1168.047607421875,788.1681518554688,0.9418420195579529,916.12744140625,714.6732788085938,0.9470282793045044
566,18866,818.58056640625,77.52886962890625,0.0037207079585641623,823.1109008789062,53.32177734375,0.004899134393781424,810.8358764648438,66.58948516845703,0.001838575815781951,860.2976684570312,44.295867919921875,0.015545296482741833,823.8109130859375,67.64895629882812,0.0027230160776525736,879.1741333007812,13.157958984375,0.020886173471808434,848.876220703125,12.193588256835938,0.012160198763012886,832.548583984375,38.12397766113281,0.07062133401632309,937.0424194335938,64.54032897949219,0.04448734223842621,854.5065307617188,44.909820556640625,0.06793418526649475,965.0418090820312,90.0179443359375,0.04234415292739868,951.3237915039062,68.94007873535156,0.8498510718345642,878.8403930664062,71.70149230957031,0.8157431483268738,1007.6563110351562,446.1625061035156,0.97639000415802,771.5142211914062,407.5770263671875,0.966215193271637,1194.884521484375,767.5296630859375,0.979274570941925,874.5829467773438,753.111328125,0.9773415923118591
567,18900,831.0181274414062,86.68846893310547,0.004778765607625246,833.4837036132812,64.07015991210938,0.006519697140902281,825.2243041992188,72.8071517944336,0.002454022178426385,865.827392578125,53.48011779785156,0.012696906924247742,840.7483520507812,68.473388671875,0.0022327143233269453,883.5633544921875,31.86273193359375,0.011210443452000618,862.9066772460938,21.444854736328125,0.008595861494541168,838.381591796875,75.69401550292969,0.04252538084983826,913.7369384765625,81.35343933105469,0.03652309626340866,830.7089233398438,106.52197265625,0.05162448436021805,877.5072021484375,127.00932312011719,0.0428096279501915,944.3184814453125,67.63536071777344,0.806990385055542,881.1586303710938,69.04037475585938,0.7883413434028625,1002.027099609375,437.06829833984375,0.9786093235015869,792.6293334960938,416.9505615234375,0.9728165864944458,1214.3173828125,749.7546997070312,0.9861526489257812,830.3655395507812,773.9631958007812,0.985368549823761
568,18933,849.51708984375,96.63931274414062,0.005557525437325239,850.931396484375,76.76055908203125,0.0070829545147717,844.6417846679688,83.09321594238281,0.002982736798003316,878.9256591796875,66.53970336914062,0.009364861063659191,862.3412475585938,75.89751434326172,0.0021019771229475737,885.0950927734375,45.345062255859375,0.008329016156494617,892.4631958007812,25.74957275390625,0.006225757300853729,847.5333862304688,91.35003662109375,0.04175043851137161,917.6678466796875,79.40505981445312,0.03310582786798477,823.5542602539062,120.52981567382812,0.06332477927207947,865.8603515625,121.70846557617188,0.04839543625712395,931.7755737304688,59.6063232421875,0.7864570617675781,892.1162109375,58.31858825683594,0.7617709636688232,980.7975463867188,440.3946533203125,0.9798577427864075,817.5623168945312,427.18890380859375,0.9744885563850403,1232.146728515625,716.2571411132812,0.9884459972381592,805.0093383789062,791.2409057617188,0.9872952103614807
569,18966,874.1363525390625,92.32864379882812,0.007987299002707005,877.6773071289062,77.07225036621094,0.008888536132872105,862.9552001953125,82.298583984375,0.004640147555619478,905.1982421875,66.33606719970703,0.008559346199035645,865.1771850585938,73.18485260009766,0.002827830146998167,903.939697265625,38.96063232421875,0.01276687253266573,892.30029296875,17.87017822265625,0.005486697889864445,850.3363647460938,82.617919921875,0.06837054342031479,874.0604248046875,86.78407287597656,0.026705965399742126,800.5512084960938,110.80865478515625,0.096165232360363,815.9649047851562,132.95718383789062,0.0466388575732708,929.2965698242188,77.46743774414062,0.7991091012954712,881.4642333984375,69.73081970214844,0.7223365902900696,952.297119140625,450.6940612792969,0.9777502417564392,820.5729370117188,441.41583251953125,0.9664575457572937,1243.0487060546875,673.673095703125,0.9873752593994141,823.3276977539062,794.12060546875,0.9833623766899109
570,19000,828.909912109375,95.6004638671875,0.0050294422544538975,832.3043212890625,80.02887725830078,0.005907438695430756,821.565185546875,85.48912811279297,0.0026727772783488035,862.7527465820312,64.36901092529297,0.007405764888972044,846.4076538085938,69.87476348876953,0.0018123412737622857,853.9652709960938,27.596969604492188,0.006942950189113617,902.2775268554688,9.34039306640625,0.0061340671963989735,796.6929931640625,52.03074645996094,0.04660949856042862,842.3296508789062,75.95462036132812,0.04191046208143234,725.7672119140625,131.14466857910156,0.07746842503547668,735.7664794921875,152.8370819091797,0.07294666022062302,902.9921875,66.25794982910156,0.7767540812492371,907.3604736328125,64.66818237304688,0.7633683085441589,892.7196044921875,462.1328430175781,0.9714556336402893,839.2310180664062,455.753662109375,0.9691281914710999,1220.7178955078125,620.0853881835938,0.9846285581588745,852.2122192382812,807.5552368164062,0.9835616946220398
571,19033,830.1712646484375,98.38542938232422,0.004091686103492975,827.56201171875,85.75092315673828,0.004550639074295759,824.32177734375,92.43262481689453,0.0022771679796278477,848.071533203125,70.07068634033203,0.009034339338541031,860.406982421875,77.80046081542969,0.0026721747126430273,824.98681640625,30.07525634765625,0.012178199365735054,940.331787109375,4.11016845703125,0.01028202474117279,795.9754028320312,45.644439697265625,0.06164738908410072,867.3986206054688,62.90638732910156,0.05486937239766121,769.3582763671875,114.40022277832031,0.07357905805110931,801.9631958007812,95.0068359375,0.07044709473848343,894.8807373046875,71.6092529296875,0.8392483592033386,952.5646362304688,71.11711120605469,0.8241047859191895,848.9586791992188,472.65283203125,0.9718880653381348,848.4664306640625,483.62896728515625,0.970999002456665,1204.9228515625,585.94921875,0.9840767979621887,885.7727661132812,827.7396240234375,0.9820101857185364
572,19066,818.6351318359375,84.6826171875,0.002759613562375307,817.7312622070312,72.14582061767578,0.003480610903352499,812.3541870117188,85.5677490234375,0.001752527547068894,843.1139526367188,55.715126037597656,0.011525915935635567,844.3450927734375,78.60335540771484,0.0031541530042886734,832.1781616210938,20.006195068359375,0.013543565757572651,917.87109375,0.0,0.014134075492620468,823.7199096679688,44.33464050292969,0.04647456109523773,861.5099487304688,56.14185333251953,0.06207868456840515,826.094970703125,116.00035858154297,0.03936823830008507,814.7770385742188,113.30213928222656,0.05590168014168739,897.8280029296875,110.86056518554688,0.8682420253753662,942.99560546875,115.13955688476562,0.871309220790863,811.9740600585938,470.9862976074219,0.9667816758155823,836.5333251953125,500.3864440917969,0.9712343215942383,1177.990234375,569.8934326171875,0.981662929058075,912.4027099609375,835.5546264648438,0.98039710521698
573,19100,827.6445922851562,97.48200988769531,0.006993476301431656,825.3616333007812,86.58750915527344,0.004871333949267864,820.9391479492188,98.56690979003906,0.0029583205468952656,852.7575073242188,68.5055923461914,0.006055824924260378,860.9306030273438,90.12570190429688,0.002480860333889723,851.4738159179688,32.19227600097656,0.016494933515787125,948.35302734375,18.7042236328125,0.034986719489097595,843.420654296875,46.2275390625,0.14723798632621765,912.0143432617188,81.54130554199219,0.34960654377937317,801.6607055664062,72.47373962402344,0.27933359146118164,801.9819946289062,63.567169189453125,0.5301868319511414,901.6121215820312,124.64382934570312,0.8958079218864441,952.7360229492188,129.2725067138672,0.9204928874969482,789.5326538085938,467.4785461425781,0.9699816703796387,827.76220703125,517.5481567382812,0.9792643785476685,1135.869140625,554.6917114257812,0.9786162972450256,947.14599609375,826.8629150390625,0.9791883826255798
574,19133,830.7861938476562,82.59507751464844,0.0056365421041846275,828.2241821289062,69.040283203125,0.0037511286791414022,823.8186645507812,83.86930847167969,0.002446200931444764,855.1609497070312,50.30998992919922,0.0061502596363425255,874.3159790039062,74.36109924316406,0.002799045527353883,840.8423461914062,20.94580078125,0.015460330061614513,993.2205200195312,0.0,0.04746337980031967,844.300048828125,44.307769775390625,0.13393232226371765,942.1227416992188,54.426727294921875,0.44823047518730164,798.8727416992188,65.26290893554688,0.2563404440879822,816.4971923828125,66.45268249511719,0.6150639057159424,900.0240478515625,150.51406860351562,0.9156125783920288,1000.1785278320312,146.6029815673828,0.9477861523628235,732.819580078125,475.3783264160156,0.9718433618545532,849.016357421875,516.6637573242188,0.98441481590271,1096.6348876953125,556.8272094726562,0.9788808822631836,971.7929077148438,829.7461547851562,0.9820210933685303
575,19166,808.4367065429688,74.9004135131836,0.006149612832814455,805.3444213867188,60.33750915527344,0.004269667435437441,805.2572631835938,79.00639343261719,0.0024231569841504097,837.9983520507812,42.89707946777344,0.00964822992682457,872.5238037109375,73.77644348144531,0.0035699184518307447,819.111328125,9.322471618652344,0.029727602377533913,989.7427368164062,0.5984573364257812,0.05785363167524338,779.781005859375,21.486282348632812,0.1999632716178894,904.5280151367188,62.46771240234375,0.39677929878234863,754.8609619140625,33.88655090332031,0.3094303607940674,780.4717407226562,47.67567443847656,0.5345381498336792,896.6920776367188,143.9259490966797,0.9320744872093201,1017.1088256835938,142.29061889648438,0.9480927586555481,708.1875,458.5138854980469,0.9770192503929138,883.7730712890625,496.3215026855469,0.9836456775665283,1068.0843505859375,566.8121337890625,0.9790640473365784,1010.5753784179688,793.57568359375,0.9802640676498413
576,19200,803.7848510742188,58.770469665527344,0.005021292716264725,802.4188842773438,44.04620361328125,0.004019979853183031,801.8660888671875,66.45941162109375,0.0020144330337643623,845.420654296875,32.25945281982422,0.010192164219915867,873.7247314453125,70.2641830444336,0.003074988257139921,841.5428466796875,0.0,0.02434760332107544,977.111083984375,0.0,0.04487978667020798,797.4246826171875,10.016464233398438,0.1435725837945938,877.4557495117188,42.07866668701172,0.29383403062820435,739.5213012695312,13.288009643554688,0.21461206674575806,752.7853393554688,21.634414672851562,0.4112851321697235,904.0361938476562,121.51011657714844,0.9300231337547302,1014.023681640625,126.4951400756836,0.9442686438560486,690.4083251953125,406.4020690917969,0.983024001121521,926.7418823242188,492.5987548828125,0.9875386953353882,1004.4248657226562,590.5473022460938,0.9879263639450073,1057.587158203125,824.7154541015625,0.9873526096343994
577,19233,795.180419921875,93.51274108886719,0.00129124044906348,789.0965576171875,78.14854431152344,0.0018082044553011656,799.5472412109375,97.65568542480469,0.0008274394785985351,815.7667846679688,55.687156677246094,0.023938331753015518,876.7951049804688,88.11154174804688,0.005658874753862619,806.295654296875,8.99432373046875,0.02775459736585617,975.2249145507812,7.733482360839844,0.02607656642794609,768.349365234375,39.45387268066406,0.04176963120698929,971.2324829101562,75.69097137451172,0.048844221979379654,766.251953125,120.76748657226562,0.02191813290119171,924.4847412109375,147.06057739257812,0.028983062133193016,887.6322021484375,110.22779846191406,0.8868301510810852,1017.7168579101562,118.24662780761719,0.8842833638191223,707.1726684570312,392.8095703125,0.9734278321266174,973.26806640625,481.15533447265625,0.9750746488571167,964.2632446289062,630.8123779296875,0.9856364727020264,1113.943359375,804.9525756835938,0.9827454686164856
578,19266,802.9156494140625,92.5737075805664,0.0013821470784023404,797.7954711914062,74.59746551513672,0.0020217038691043854,808.3881225585938,94.60233306884766,0.0008317523752339184,826.353759765625,53.257484436035156,0.02050010859966278,883.3660278320312,86.43649291992188,0.004056943580508232,820.4133911132812,14.242698669433594,0.016268178820610046,975.6669311523438,14.315597534179688,0.016807617619633675,777.706298828125,55.8687744140625,0.030135000124573708,962.9850463867188,80.24796295166016,0.03844265267252922,722.6151733398438,129.21932983398438,0.022593870759010315,902.6065063476562,149.458251953125,0.03167929872870445,891.1845703125,88.64923095703125,0.823972761631012,1016.0467529296875,92.68913269042969,0.8268378973007202,714.8507080078125,383.20587158203125,0.9710337519645691,986.7463989257812,455.1424560546875,0.9720402359962463,909.7035522460938,679.861572265625,0.9846339821815491,1137.777587890625,784.065673828125,0.9821743965148926
579,19300,799.1716918945312,87.71099853515625,0.0016085016541182995,797.058349609375,65.7143783569336,0.002598735736683011,807.2805786132812,87.8878402709961,0.0009027050109580159,827.2507934570312,50.64344787597656,0.020043978467583656,877.1624145507812,86.43061065673828,0.00287867640145123,827.6105346679688,4.124336242675781,0.011157136410474777,960.802001953125,15.825599670410156,0.010886598378419876,794.6808471679688,47.45043182373047,0.028529662638902664,935.4993896484375,71.14611053466797,0.03264159709215164,742.3870239257812,133.039306640625,0.03190850839018822,866.7904052734375,152.59835815429688,0.038694676011800766,906.2424926757812,64.99829864501953,0.758633017539978,1016.6841430664062,67.53387451171875,0.758364737033844,737.9363403320312,396.449462890625,0.9670945405960083,984.0223999023438,424.30462646484375,0.9645202159881592,854.3823852539062,750.9179077148438,0.9750931262969971,1162.7559814453125,754.732421875,0.9724738597869873
580,19333,841.3648681640625,83.70710754394531,0.0035048252902925014,841.4382934570312,54.84480285644531,0.005030923988670111,844.5536499023438,74.48835754394531,0.0022142077796161175,868.8992309570312,45.558013916015625,0.026335334405303,899.3148803710938,77.04618835449219,0.005149859003722668,859.7964477539062,6.966224670410156,0.018547719344496727,958.3557739257812,18.43608856201172,0.013027703389525414,828.1441650390625,57.898406982421875,0.034548889845609665,919.1871337890625,68.46617889404297,0.02968471497297287,815.5097045898438,124.45967102050781,0.03816048055887222,857.674072265625,140.73609924316406,0.03836452215909958,905.6705932617188,64.28569793701172,0.7586534023284912,992.7022705078125,67.9720458984375,0.725059449672699,771.2598266601562,404.4283752441406,0.9676322340965271,988.7660522460938,419.1965637207031,0.9577016234397888,805.9290161132812,778.7530517578125,0.9704217314720154,1170.32958984375,734.2040405273438,0.9651556611061096
581,19366,836.916748046875,72.8741455078125,0.002939150668680668,842.0165405273438,44.25764465332031,0.003961686510592699,842.2168579101562,61.204307556152344,0.0016565194819122553,867.7610473632812,33.518394470214844,0.015972929075360298,884.5078125,60.553619384765625,0.0036422766279429197,882.132568359375,0.0,0.009203515015542507,924.7815551757812,7.870994567871094,0.010386873036623001,854.2850341796875,55.45140838623047,0.029986988753080368,900.3281860351562,52.552940368652344,0.03405429422855377,801.8295288085938,110.56727600097656,0.054128825664520264,844.2903442382812,95.68485260009766,0.054932817816734314,919.7076416015625,46.10987091064453,0.6698421835899353,971.302001953125,44.106903076171875,0.6733611822128296,807.3790283203125,417.9212951660156,0.9595516920089722,970.746826171875,411.2022399902344,0.9540702104568481,788.2408447265625,795.9611206054688,0.9602361917495728,1188.9344482421875,727.7759399414062,0.9563221335411072
582,19400,834.433837890625,86.15279388427734,0.001573125715367496,839.2313232421875,59.920188903808594,0.0025234457571059465,841.9993286132812,80.9275894165039,0.000993881607428193,874.6587524414062,48.01396179199219,0.014497910626232624,894.1213989257812,81.3926010131836,0.00253665866330266,876.8174438476562,2.8009185791015625,0.006762422155588865,946.692138671875,0.6215744018554688,0.008184986189007759,869.0572509765625,58.75682830810547,0.019425077363848686,937.3502807617188,56.60939025878906,0.03180447593331337,865.6575317382812,115.25825500488281,0.026943521574139595,899.9080810546875,114.89527130126953,0.04185478016734123,920.4967041015625,54.426429748535156,0.7267220616340637,979.60693359375,53.99695587158203,0.7386291027069092,813.02197265625,419.7541809082031,0.9677242040634155,937.2713012695312,422.7211608886719,0.9647485017776489,812.1009521484375,779.2027587890625,0.9760169386863708,1191.1556396484375,699.0003662109375,0.9733093976974487
583,19433,846.4888916015625,92.68622589111328,0.0031196391209959984,848.8240966796875,69.95787048339844,0.00448705954477191,845.1959838867188,82.44019317626953,0.001529576489701867,882.39404296875,52.539825439453125,0.015168648213148117,878.814208984375,73.22218322753906,0.0022819368168711662,886.8729858398438,12.023208618164062,0.01015800517052412,914.7156982421875,0.0,0.008824854157865047,872.8388671875,61.607666015625,0.03425990045070648,914.0916137695312,57.49113464355469,0.03302862122654915,861.7940063476562,103.48837280273438,0.051843296736478806,845.0363159179688,95.95852661132812,0.05160435289144516,928.0975341796875,53.24505615234375,0.7855373620986938,952.2843017578125,49.606475830078125,0.760103166103363,834.3809204101562,443.164306640625,0.9804926514625549,922.67724609375,448.4786071777344,0.9717056751251221,838.2821044921875,822.1153564453125,0.9867298603057861,1175.682373046875,677.7618408203125,0.9830005168914795
584,19466,833.3428955078125,86.07572937011719,0.0023679682053625584,835.615234375,66.42691040039062,0.0035608995240181684,834.3528442382812,78.50843811035156,0.0010673383949324489,867.6264038085938,46.92036437988281,0.017065877094864845,867.3565063476562,67.14678955078125,0.0019550693687051535,872.6971435546875,4.934417724609375,0.013051366433501244,901.6641235351562,0.0,0.010054005309939384,848.005615234375,52.2835693359375,0.04530685395002365,915.613037109375,52.219482421875,0.03714320436120033,823.5106201171875,97.47203063964844,0.0553731694817543,848.85498046875,79.85279846191406,0.04896782338619232,921.2437133789062,80.31660461425781,0.8473108410835266,936.3818359375,75.07850646972656,0.8192819356918335,841.20947265625,477.55462646484375,0.984083354473114,891.7589721679688,469.109619140625,0.9747567176818848,874.344970703125,850.2529907226562,0.9871476292610168,1154.4569091796875,660.8792724609375,0.9834527373313904
585,19500,817.4379272460938,84.19999694824219,0.002031175419688225,817.6770629882812,68.74378967285156,0.0028434274718165398,819.0513305664062,80.75917053222656,0.0009464221075177193,847.2858276367188,48.423065185546875,0.018146507441997528,853.2057495117188,69.32066345214844,0.002441446529701352,859.1268920898438,7.35113525390625,0.019959231838583946,886.4976196289062,0.0,0.016824906691908836,838.0717163085938,46.69862365722656,0.05969977378845215,904.8721313476562,50.57318115234375,0.055514488369226456,848.7775268554688,111.72628784179688,0.056520793586969376,857.2138061523438,87.49891662597656,0.05573171377182007,927.6357421875,113.54150390625,0.9028854966163635,937.7340087890625,110.00532531738281,0.8878817558288574,837.3883666992188,486.4525451660156,0.9863390922546387,871.3634643554688,483.0597839355469,0.9790909886360168,923.3297119140625,845.9496459960938,0.9879254102706909,1135.6376953125,657.4296875,0.9848604798316956
586,19533,801.5830078125,74.75988006591797,0.0033326533157378435,807.3711547851562,58.59535217285156,0.002987255109474063,802.6116943359375,76.24346923828125,0.0012024948373436928,857.3887939453125,37.91033935546875,0.009367949329316616,835.5013427734375,70.72567749023438,0.0017359912162646651,881.5562133789062,0.0,0.02003690041601658,883.2061157226562,0.0,0.03297455608844757,819.8007202148438,17.10333251953125,0.1670425683259964,861.8073120117188,33.39839172363281,0.27788734436035156,742.1786499023438,16.351730346679688,0.27506205439567566,748.8923950195312,26.26373291015625,0.41680026054382324,940.4960327148438,157.32801818847656,0.9427676796913147,927.3103637695312,149.98138427734375,0.949654757976532,831.3484497070312,498.9686279296875,0.9886237382888794,825.5863037109375,475.6175842285156,0.9863584637641907,978.4827270507812,840.6829833984375,0.9839134812355042,1111.277099609375,650.76708984375,0.9834575653076172
587,19566,808.378662109375,75.38035583496094,0.004697701428085566,812.0848999023438,57.794883728027344,0.0037590530700981617,807.6410522460938,77.79920196533203,0.0014879634836688638,865.96435546875,35.99436950683594,0.009420830756425858,841.7011108398438,75.03522491455078,0.0014904133277013898,900.0789184570312,0.0,0.015389750711619854,900.1818237304688,0.0,0.05888044834136963,847.0552978515625,27.625808715820312,0.14519992470741272,904.8389892578125,49.48784637451172,0.510413408279419,750.1109619140625,44.744110107421875,0.3022390902042389,763.0247802734375,53.705841064453125,0.6720133423805237,958.8037719726562,165.16517639160156,0.9425637125968933,932.6764526367188,154.44366455078125,0.9667196273803711,845.2415771484375,510.88861083984375,0.987650990486145,772.2603149414062,464.4980163574219,0.9897589683532715,1022.0270385742188,835.205810546875,0.9809294939041138,1064.553955078125,630.521240234375,0.9854061603546143
588,19600,813.2763671875,77.50831604003906,0.004675684962421656,819.3032836914062,58.60613250732422,0.004161907825618982,810.1781616210938,78.35421752929688,0.0012950906530022621,876.216064453125,36.194847106933594,0.011345752514898777,834.4658203125,74.99359130859375,0.0012050631921738386,910.0452270507812,0.0,0.02046697586774826,881.6292114257812,0.0,0.04802904278039932,859.6796264648438,25.320831298828125,0.20472362637519836,898.7618408203125,42.472206115722656,0.45247307419776917,762.9307250976562,37.217742919921875,0.3819393813610077,774.4625854492188,46.455047607421875,0.6332079172134399,961.2495727539062,159.11358642578125,0.9388258457183838,910.8164672851562,149.20945739746094,0.9549189805984497,887.9835205078125,517.0777587890625,0.9836320877075195,753.3984375,465.9797058105469,0.9831505417823792,1033.4886474609375,833.8807983398438,0.9701827168464661,1056.7197265625,621.7377319335938,0.9736483097076416
589,19633,803.2182006835938,72.91818237304688,0.003502817591652274,811.0060424804688,55.326393127441406,0.003371934639289975,799.1109008789062,72.22904205322266,0.001202356186695397,863.072998046875,35.16691589355469,0.011869248934090137,816.1725463867188,67.81224060058594,0.0016074911691248417,893.7149658203125,0.0,0.023210855200886726,852.3768920898438,0.0,0.035140350461006165,827.1207885742188,18.332977294921875,0.17345334589481354,872.593505859375,35.30433654785156,0.27955392003059387,794.3673706054688,17.187149047851562,0.2561587393283844,798.3801879882812,27.747528076171875,0.35679078102111816,956.0560913085938,152.70350646972656,0.9267667531967163,887.6173095703125,141.4155731201172,0.9367002844810486,936.3037719726562,518.231201171875,0.9803391098976135,745.3848266601562,431.3211669921875,0.9769102334976196,1100.2801513671875,836.173095703125,0.9620524048805237,986.505615234375,639.3792114257812,0.9670760035514832
590,19666,773.3635864257812,52.24003601074219,0.005400900263339281,780.5550537109375,31.463516235351562,0.006201497744768858,771.0897216796875,47.82270812988281,0.002169459592550993,830.1610717773438,22.622589111328125,0.021366460248827934,796.1934814453125,53.924652099609375,0.0034304368309676647,877.5814819335938,2.0242996215820312,0.03380588814616203,822.7307739257812,1.4000473022460938,0.03472672030329704,803.3787841796875,13.551544189453125,0.12626154720783234,823.036376953125,22.40386962890625,0.1214621290564537,796.9418334960938,3.7821807861328125,0.12529723346233368,794.4631958007812,6.6342315673828125,0.1058938205242157,956.8991088867188,132.45201110839844,0.9179046750068665,881.5261840820312,126.71090698242188,0.9169338941574097,969.8134155273438,490.39300537109375,0.9827348589897156,749.6348876953125,409.8795166015625,0.9770640730857849,1134.0286865234375,823.377685546875,0.9726108312606812,950.6165771484375,677.5447998046875,0.9750688672065735
591,19700,823.7583618164062,97.60194396972656,0.0030064217280596495,830.1478881835938,71.91089630126953,0.004401172045618296,812.6768188476562,86.68155670166016,0.0014431317104026675,873.82861328125,55.47784423828125,0.01858009211719036,820.2398681640625,83.32610321044922,0.0023865005932748318,907.601318359375,22.0872802734375,0.01949731633067131,842.1522216796875,16.0162353515625,0.017302891239523888,863.5658569335938,56.66743469238281,0.05686020478606224,877.9358520507812,60.681976318359375,0.058381110429763794,840.964111328125,85.88804626464844,0.048247214406728745,833.38330078125,68.97088623046875,0.046682436019182205,970.78515625,86.75889587402344,0.8547183275222778,882.9517822265625,82.00849914550781,0.8506073355674744,1004.1370849609375,460.7075500488281,0.9736460447311401,746.0810546875,395.5145263671875,0.966881513595581,1160.8306884765625,795.7036743164062,0.9744740724563599,914.6915283203125,711.859375,0.9757053256034851
592,19733,831.0626220703125,92.73696899414062,0.004062523599714041,836.3790893554688,64.61141967773438,0.006035009399056435,823.32275390625,77.7330093383789,0.0019317567348480225,880.2603149414062,53.876495361328125,0.0205973070114851,842.2311401367188,76.67106628417969,0.002619292354211211,903.7232666015625,32.023223876953125,0.01663740910589695,878.338134765625,23.241714477539062,0.014186169020831585,831.088623046875,82.55973815917969,0.04596796631813049,959.2012939453125,87.21006774902344,0.04589579254388809,782.4556884765625,113.60060119628906,0.04571842402219772,962.7156372070312,128.21621704101562,0.04130551964044571,971.4503784179688,64.97053527832031,0.8112453818321228,901.2180786132812,59.04766845703125,0.8068388104438782,1016.6779174804688,441.9053649902344,0.9733654856681824,766.599365234375,383.0151672363281,0.9677620530128479,1185.8778076171875,777.5050659179688,0.9783601760864258,873.667236328125,732.9871826171875,0.979790985584259
593,19766,846.720703125,93.96290588378906,0.00529687013477087,851.587646484375,67.57852935791016,0.007675609085708857,839.2813110351562,76.30171966552734,0.0026092922780662775,890.2093505859375,58.844329833984375,0.014585140161216259,852.4838256835938,73.39180755615234,0.0021605498623102903,912.0774536132812,45.51356506347656,0.01086428016424179,871.28564453125,30.143829345703125,0.008919337764382362,865.9457397460938,102.1907958984375,0.03900110349059105,923.400146484375,100.27734375,0.03652818500995636,849.00390625,117.57302856445312,0.051814835518598557,902.0601196289062,144.44403076171875,0.044500257819890976,963.4457397460938,55.675689697265625,0.7729693651199341,888.4011840820312,51.03662109375,0.7603535652160645,1010.8088989257812,432.92205810546875,0.9750419855117798,782.198974609375,391.6004333496094,0.9691791534423828,1202.0787353515625,754.02392578125,0.9832702875137329,844.3577880859375,751.8475952148438,0.9833235144615173
594,19800,884.3757934570312,99.3863296508789,0.007177656516432762,887.4864501953125,80.11566925048828,0.008231849409639835,875.343017578125,86.50884246826172,0.0042847320437431335,917.125732421875,69.83631134033203,0.009247737005352974,882.3702392578125,78.71212005615234,0.0029465435072779655,918.5562744140625,51.22819519042969,0.011221078224480152,905.8702392578125,27.665817260742188,0.006534907501190901,855.5726318359375,105.8580322265625,0.05078520253300667,897.8721313476562,100.88772583007812,0.029948323965072632,817.8554077148438,106.19952392578125,0.07269216328859329,839.732177734375,128.7128448486328,0.04745592176914215,949.6828002929688,66.79060363769531,0.7624435424804688,895.8124389648438,55.11717224121094,0.7104834914207458,990.2025146484375,432.4609069824219,0.9756804704666138,810.9241333007812,407.9749450683594,0.9667488932609558,1226.9869384765625,708.6329956054688,0.9862027168273926,825.8086547851562,777.3204345703125,0.983461856842041
595,19833,845.4683227539062,103.23726654052734,0.007288394030183554,853.2008666992188,79.58985900878906,0.009823002852499485,835.887451171875,84.94285583496094,0.003952513448894024,895.0401000976562,72.4116439819336,0.009203185327351093,850.0175170898438,78.53118896484375,0.001961128320544958,906.0650024414062,55.270294189453125,0.006358121521770954,879.923828125,33.460784912109375,0.005031141452491283,860.837646484375,99.70014953613281,0.03427715599536896,872.3344116210938,88.68992614746094,0.028941761702299118,817.0699462890625,107.99674987792969,0.06453777849674225,815.4794921875,89.50373840332031,0.052039116621017456,937.6162719726562,40.907501220703125,0.7031070590019226,886.036376953125,36.84855651855469,0.6813803315162659,951.4098510742188,439.29107666015625,0.9718579053878784,824.2647094726562,415.3656921386719,0.96648770570755,1235.856689453125,677.89501953125,0.9848019480705261,846.7972412109375,785.5519409179688,0.9839712977409363
596,19866,931.582763671875,90.08088684082031,0.023840753361582756,931.9462280273438,72.6676025390625,0.017778323963284492,916.4454345703125,80.31816101074219,0.016746092587709427,932.558349609375,59.636077880859375,0.008746293373405933,898.535400390625,70.43543243408203,0.007469468750059605,905.53857421875,20.91943359375,0.021051757037639618,933.9937133789062,12.114486694335938,0.008933356031775475,873.44482421875,66.67808532714844,0.10319323092699051,880.97607421875,76.32545471191406,0.03793611004948616,844.3334350585938,89.87113952636719,0.17586345970630646,819.2860717773438,98.46469116210938,0.08732758462429047,913.1199340820312,76.78225708007812,0.7042412757873535,902.3472290039062,69.3658447265625,0.5924571752548218,896.0392456054688,433.6106872558594,0.9546892642974854,836.1212768554688,446.5669860839844,0.9321855306625366,1218.89306640625,651.1743774414062,0.9729542136192322,855.1917114257812,792.5753784179688,0.9614480137825012
597,19900,850.086181640625,98.52115631103516,0.005265944637358189,846.9785766601562,82.686767578125,0.005763614550232887,842.8212890625,92.20667266845703,0.0031064199283719063,867.649658203125,71.73980712890625,0.008575749583542347,876.3363647460938,86.0903091430664,0.00297829182818532,847.5972290039062,32.65068054199219,0.009699860587716103,961.12353515625,14.6766357421875,0.009058340452611446,850.4382934570312,49.402496337890625,0.048293568193912506,894.7003784179688,67.31488037109375,0.04869269207119942,836.1923828125,99.00970458984375,0.06839606910943985,823.5736083984375,73.68443298339844,0.06819254904985428,911.42138671875,45.852813720703125,0.7796523571014404,971.5186767578125,48.4185791015625,0.7684488892555237,868.584228515625,461.2918395996094,0.9671520590782166,872.147705078125,475.4383850097656,0.9666789770126343,1210.5677490234375,605.7722778320312,0.981741726398468,899.34033203125,832.064208984375,0.9796476364135742
598,19933,837.5411376953125,93.78684997558594,0.00322130648419261,837.1536865234375,77.97674560546875,0.004044347442686558,829.4917602539062,91.32183837890625,0.002073263982310891,862.3416748046875,62.521270751953125,0.009549178183078766,858.5733032226562,84.68833923339844,0.002769376849755645,847.1669311523438,25.26141357421875,0.008497647941112518,940.4718627929688,0.5546493530273438,0.010322358459234238,845.1744384765625,46.194557189941406,0.034186217933893204,874.2973022460938,55.68463897705078,0.05398261919617653,845.2901611328125,108.6108169555664,0.03741735965013504,825.0877685546875,94.29093933105469,0.05833612009882927,919.6734008789062,85.30220031738281,0.821831464767456,971.937744140625,89.45269775390625,0.8357648849487305,837.1692504882812,467.3130798339844,0.9667770266532898,868.7005615234375,493.8896789550781,0.9724876880645752,1192.5081787109375,588.0458984375,0.9825548529624939,924.6908569335938,850.5822143554688,0.9820414781570435
599,19966,811.0758056640625,65.88578796386719,0.00708587234839797,808.7984619140625,49.24285125732422,0.007421358022838831,805.6820678710938,68.138671875,0.0037307078018784523,845.6356201171875,30.913558959960938,0.01990140601992607,866.6231689453125,63.00196838378906,0.005931536201387644,841.8829345703125,13.037269592285156,0.03016054630279541,975.9662475585938,0.0,0.04193180054426193,826.0501708984375,35.47691345214844,0.07849018275737762,910.1217651367188,52.6146240234375,0.14357337355613708,839.1356201171875,71.96589660644531,0.06946711242198944,841.1015625,87.29175567626953,0.12738366425037384,921.8463134765625,131.08694458007812,0.9026618599891663,1005.694580078125,132.6276092529297,0.9174126982688904,794.555419921875,469.1429748535156,0.9729308485984802,861.7269897460938,504.2464599609375,0.9797379970550537,1157.71044921875,571.359375,0.9830769300460815,946.3320922851562,848.3731079101562,0.9830439686775208
600,20000,835.1118774414062,75.609375,0.006008748430758715,834.7599487304688,61.893836975097656,0.00428368616849184,827.400146484375,78.10173797607422,0.0022439032327383757,870.4575805664062,46.672508239746094,0.007417948450893164,884.97314453125,72.52610778808594,0.00263211946003139,860.1709594726562,15.188003540039062,0.02364599145948887,1011.7159423828125,0.0,0.04103737324476242,859.2350463867188,32.91746520996094,0.20593303442001343,947.3699340820312,56.818153381347656,0.3755130171775818,813.0722045898438,35.80146789550781,0.3433464765548706,828.2538452148438,45.77105712890625,0.549308180809021,926.1844482421875,142.76116943359375,0.9261746406555176,1029.2117919921875,140.43946838378906,0.9405690431594849,742.2122192382812,466.4130554199219,0.9760861992835999,870.5716552734375,513.5409545898438,0.9830014705657959,1099.0023193359375,562.7207641601562,0.9803062677383423,987.5958862304688,850.9951782226562,0.9799280166625977
601,20033,833.4840698242188,74.39108276367188,0.006555103696882725,830.843994140625,59.76191711425781,0.0044714100658893585,828.8864135742188,80.72428894042969,0.0022953255102038383,868.24169921875,44.60206604003906,0.007583643775433302,896.7555541992188,80.27742004394531,0.002660157158970833,858.385498046875,10.680999755859375,0.024813272058963776,1025.10009765625,2.7872085571289062,0.04626043885946274,856.6900634765625,17.350112915039062,0.22597283124923706,958.411376953125,53.48206329345703,0.41248250007629395,800.7916870117188,31.916061401367188,0.40013378858566284,823.9059448242188,42.74043273925781,0.6153746247291565,927.2462768554688,139.2274169921875,0.9274963140487671,1047.769775390625,142.30165100097656,0.9423878788948059,717.5838012695312,440.2551574707031,0.9784291386604309,901.5166625976562,508.4129638671875,0.9841389060020447,1077.7291259765625,576.7929077148438,0.9817677140235901,1028.21044921875,831.4502563476562,0.980905294418335
602,20066,819.5390625,56.52893829345703,0.004976221360266209,818.3589477539062,42.62580871582031,0.004453090950846672,816.9075317382812,64.89079284667969,0.0017976646777242422,862.2938232421875,32.821197509765625,0.011230817064642906,891.1963500976562,70.75643920898438,0.002847138326615095,866.7438354492188,0.09258270263671875,0.03492862731218338,998.9791259765625,0.0,0.029216399416327477,827.7572631835938,13.629318237304688,0.2186945080757141,910.9882202148438,34.35832214355469,0.18308646976947784,758.9630737304688,7.7789154052734375,0.2872380018234253,778.7620849609375,15.990371704101562,0.2941374182701111,934.74560546875,128.8699493408203,0.9337783455848694,1046.376708984375,138.66748046875,0.9234229922294617,705.8560791015625,387.25830078125,0.984143853187561,969.6646728515625,507.673095703125,0.9837185740470886,1006.3035278320312,575.1018676757812,0.989648163318634,1089.4273681640625,853.4716186523438,0.9851664900779724
603,20100,810.92724609375,92.96136474609375,0.0017873307224363089,809.5025024414062,75.45650482177734,0.002279688371345401,810.4130859375,99.26513671875,0.001113420003093779,850.189697265625,56.72632598876953,0.015536746010184288,877.3070068359375,98.13040924072266,0.004308994393795729,851.798828125,15.462501525878906,0.014511889778077602,981.8369750976562,22.33197784423828,0.02119428478181362,830.132080078125,49.66509246826172,0.02944188378751278,957.8857421875,68.06098937988281,0.05866546183824539,820.7593383789062,122.98956298828125,0.024117736145853996,882.4521484375,100.2506332397461,0.04848473519086838,928.1676635742188,90.28102111816406,0.8211562037467957,1041.337646484375,105.6910400390625,0.845234215259552,711.0927124023438,367.2867736816406,0.9651845097541809,1011.3674926757812,492.8954772949219,0.9722651243209839,984.3728637695312,632.6569213867188,0.9831092953681946,1142.3643798828125,833.86328125,0.9804621934890747
604,20133,839.3621215820312,85.537353515625,0.0025043326895684004,832.442138671875,67.00286865234375,0.0030316372867673635,840.265869140625,87.0629653930664,0.0012217048788443208,865.1358642578125,48.213043212890625,0.021123964339494705,918.7088012695312,82.29700469970703,0.004508251324295998,862.2528686523438,9.848007202148438,0.024609824642539024,1012.2169189453125,21.461563110351562,0.024630779400467873,828.609619140625,55.29130554199219,0.049500517547130585,979.4873657226562,79.59608459472656,0.054793573915958405,821.5858764648438,119.90950012207031,0.045027218759059906,905.9916381835938,109.72682189941406,0.052021440118551254,933.0620727539062,71.51119995117188,0.8171910047531128,1060.679931640625,83.16627502441406,0.811970591545105,728.3687133789062,366.741943359375,0.9683143496513367,1031.4083251953125,471.12579345703125,0.9674761891365051,920.5925903320312,670.3677368164062,0.981765866279602,1167.96826171875,807.1495971679688,0.9768657684326172
605,20166,888.5284423828125,88.66560363769531,0.012992465868592262,887.9000854492188,52.476768493652344,0.014824808575212955,892.447998046875,74.35931396484375,0.009006594307720661,906.9268798828125,38.89720916748047,0.04834309592843056,948.1351318359375,74.3801498413086,0.0161821860820055,889.7777709960938,7.037223815917969,0.04870845377445221,1011.7417602539062,27.096839904785156,0.03196617588400841,841.5164794921875,62.068519592285156,0.061271727085113525,949.796875,79.25997161865234,0.0455252081155777,822.8761596679688,127.67637634277344,0.06614679843187332,903.9403076171875,152.79393005371094,0.061822522431612015,945.1368408203125,80.20294189453125,0.7128255367279053,1052.4339599609375,90.63988494873047,0.6637247204780579,769.8470458984375,386.1916198730469,0.940788745880127,1043.2489013671875,426.31231689453125,0.9234799146652222,867.7007446289062,741.8479614257812,0.9387606978416443,1195.8143310546875,763.1852416992188,0.9253267645835876
606,20200,856.9524536132812,86.47288513183594,0.0015654987655580044,858.0100708007812,63.96192169189453,0.0024002608843147755,864.3773803710938,84.27592468261719,0.000830306438729167,890.7785034179688,50.756996154785156,0.013655505143105984,927.2992553710938,83.11299133300781,0.0020884182304143906,895.0008544921875,2.0575103759765625,0.0077055832371115685,995.4203491210938,14.306327819824219,0.007428913842886686,866.3350219726562,37.57676696777344,0.02806919813156128,949.9996948242188,46.58910369873047,0.030036602169275284,841.673583984375,102.23412322998047,0.042381420731544495,881.0669555664062,98.64573669433594,0.044889699667692184,946.5496215820312,55.09087371826172,0.758143424987793,1042.396728515625,57.57465362548828,0.7522052526473999,789.3084106445312,394.928466796875,0.9750076532363892,1041.7816162109375,419.75897216796875,0.9718292951583862,839.1663818359375,770.1583251953125,0.980684757232666,1214.4537353515625,771.1796875,0.9779220819473267
607,20233,920.0616455078125,103.46672058105469,0.004139014054089785,916.0709838867188,77.15677642822266,0.004612062592059374,918.9459228515625,88.0854721069336,0.0021944770123809576,932.1053466796875,62.25389099121094,0.011648706160485744,965.19140625,78.84972381591797,0.003152725985273719,916.1167602539062,32.03050231933594,0.011418537236750126,1011.7549438476562,27.28564453125,0.007395809516310692,885.4472045898438,79.26731872558594,0.04417216405272484,967.9603881835938,65.24555969238281,0.02962503209710121,866.9425048828125,91.43417358398438,0.08551209419965744,877.6901245117188,81.03964233398438,0.06592437624931335,934.92578125,52.43833923339844,0.7315517067909241,1018.5733032226562,48.244354248046875,0.6715471148490906,834.8889770507812,411.969482421875,0.9785647988319397,1034.856201171875,420.615966796875,0.966905951499939,817.8076171875,805.1876220703125,0.9856281280517578,1215.006591796875,732.4547119140625,0.9808403849601746
608,20266,919.9613037109375,114.86265563964844,0.012360937893390656,922.0731811523438,85.02493286132812,0.012693631462752819,906.27392578125,98.37936401367188,0.0069794622249901295,950.1046142578125,68.67022705078125,0.022546738386154175,933.9966430664062,83.3931884765625,0.007763105910271406,957.2100219726562,18.235015869140625,0.023734165355563164,956.6724853515625,21.677993774414062,0.018289346247911453,942.1397705078125,96.47360229492188,0.05063534528017044,950.3720092773438,76.008544921875,0.04231797158718109,925.6326293945312,130.28810119628906,0.08789359778165817,906.406005859375,119.22395324707031,0.077212855219841,965.0077514648438,57.72491455078125,0.6556387543678284,981.8157958984375,57.094207763671875,0.6163580417633057,852.0388793945312,415.1900939941406,0.9591163396835327,1002.1112060546875,421.9217834472656,0.9437145590782166,842.0244140625,778.337646484375,0.9730796217918396,1205.8150634765625,709.5324096679688,0.9674192070960999
609,20300,887.0903930664062,86.6587142944336,0.00295963860116899,890.250732421875,57.09228515625,0.0038418907206505537,891.9305419921875,74.485107421875,0.0016949338605627418,916.68310546875,40.722816467285156,0.010215642862021923,933.1074829101562,69.48200225830078,0.0024725852999836206,912.3812866210938,1.9897842407226562,0.0051687974482774734,981.453369140625,0.0,0.007038528565317392,886.8321533203125,54.313133239746094,0.023532789200544357,964.3367309570312,49.20552062988281,0.03766676411032677,863.2838745117188,62.98832702636719,0.051847994327545166,894.5105590820312,72.14014434814453,0.07466557621955872,955.06298828125,41.65013122558594,0.6383395791053772,1010.3245849609375,35.958526611328125,0.6558870673179626,868.2772216796875,426.8036804199219,0.9638309478759766,974.6556396484375,420.1855163574219,0.9599625468254089,862.1773681640625,793.5284423828125,0.9754573106765747,1224.158935546875,704.1227416992188,0.9723941683769226
610,20333,878.0057373046875,90.5691146850586,0.004853440914303064,879.5675048828125,65.375244140625,0.005745025351643562,875.6002807617188,80.12200927734375,0.0022793367970734835,906.5138549804688,49.70782470703125,0.011223221197724342,899.8582763671875,76.2978744506836,0.002355425851419568,915.0513305664062,10.013351440429688,0.008887035772204399,933.7239990234375,3.980255126953125,0.009797046892344952,900.5226440429688,53.9564208984375,0.045489661395549774,932.3020629882812,50.476959228515625,0.052864350378513336,883.2599487304688,77.59236145019531,0.09933749586343765,872.958984375,47.627197265625,0.10943612456321716,965.1173095703125,53.86427307128906,0.7695956230163574,979.4535522460938,52.344451904296875,0.7576956152915955,878.4454345703125,452.7547302246094,0.9801810383796692,943.9415283203125,456.14337158203125,0.9723677635192871,900.5808715820312,853.5120849609375,0.9847085475921631,1206.11962890625,685.948486328125,0.9810606241226196
611,20366,862.6800537109375,84.13627624511719,0.005040289368480444,863.4472045898438,65.42198181152344,0.006311403121799231,863.089599609375,79.02202606201172,0.0019402544712647796,897.5821533203125,48.35728454589844,0.016663726419210434,895.7450561523438,72.50738525390625,0.0021275056060403585,912.6575317382812,11.847930908203125,0.0154606644064188,932.4321899414062,1.05908203125,0.016563449054956436,900.5077514648438,49.79951477050781,0.07374424487352371,933.9064331054688,54.76084899902344,0.08150852471590042,886.650390625,80.2591552734375,0.12737064063549042,870.832763671875,53.3404541015625,0.1334117203950882,970.9844970703125,91.23477172851562,0.8749497532844543,980.3104248046875,85.78724670410156,0.8672508001327515,878.9117431640625,484.711669921875,0.9872037768363953,926.1561279296875,473.6195068359375,0.9816624522209167,947.0723876953125,864.906005859375,0.9877293109893799,1180.846923828125,673.6660766601562,0.98550945520401
612,20400,854.5706176757812,86.6140365600586,0.002549329772591591,859.53076171875,67.427490234375,0.003167832037433982,855.0712280273438,86.88292694091797,0.0012469424400478601,896.9764404296875,45.34373474121094,0.010727771557867527,876.006591796875,80.7040786743164,0.001974312588572502,912.892822265625,1.3217239379882812,0.009505554102361202,904.94921875,0.0,0.013681855984032154,880.9440307617188,34.42240905761719,0.052119508385658264,898.2384033203125,39.16419982910156,0.08195796608924866,859.1649169921875,78.83766174316406,0.08311717957258224,854.7303466796875,77.02720642089844,0.1203465536236763,979.3564453125,119.36869812011719,0.8383822441101074,966.750244140625,118.0477294921875,0.848116397857666,866.4992065429688,486.67047119140625,0.9766353368759155,898.4478759765625,480.8988952636719,0.9700352549552917,989.6489868164062,865.2520751953125,0.9757052063941956,1164.0406494140625,661.7205200195312,0.972815990447998
613,20433,816.1400756835938,39.76332092285156,0.00606626458466053,819.9957275390625,22.709930419921875,0.005619016010314226,819.9317016601562,38.513946533203125,0.001622545998543501,866.677978515625,10.520896911621094,0.01677331142127514,863.6339721679688,39.48358154296875,0.0022366223856806755,895.247314453125,0.0,0.03986065089702606,911.3055419921875,0.0,0.04097465053200722,806.7070922851562,14.900253295898438,0.28356194496154785,860.3142700195312,24.282623291015625,0.2180267721414566,755.0093383789062,5.1690216064453125,0.4010353982448578,758.0130615234375,10.045074462890625,0.30612093210220337,990.4890747070312,155.99649047851562,0.9400708079338074,983.3155517578125,144.98704528808594,0.9338690042495728,864.38818359375,512.3038330078125,0.9886455535888672,845.7021484375,458.678466796875,0.981543779373169,1039.658935546875,856.73828125,0.9767993092536926,1108.3929443359375,657.942626953125,0.9732677936553955
614,20466,804.138671875,46.84611511230469,0.009109646081924438,807.8419799804688,30.131332397460938,0.007480556145310402,805.7679443359375,44.712501525878906,0.0020304941572248936,860.0361938476562,17.095252990722656,0.01367396954447031,849.17724609375,45.39784240722656,0.0014046670403331518,904.1153564453125,0.0,0.02138771116733551,909.5039672851562,0.0,0.05424050986766815,855.7939453125,18.436294555664062,0.23335133492946625,921.8995971679688,39.73008728027344,0.44395166635513306,799.0166625976562,24.398757934570312,0.493338018655777,803.4132080078125,34.16642761230469,0.6452524662017822,998.9594116210938,166.16207885742188,0.9265121817588806,969.8761596679688,154.49363708496094,0.9476601481437683,898.5042114257812,522.2879028320312,0.985818088054657,800.2557373046875,454.6915283203125,0.9846569895744324,1068.990966796875,851.0676879882812,0.9689056873321533,1074.9705810546875,624.0546264648438,0.9741772413253784
615,20500,831.06103515625,64.7413330078125,0.002760868286713958,836.2474365234375,46.48274230957031,0.0031208894215524197,830.6466674804688,65.36892700195312,0.0009825010783970356,889.3909301757812,28.6336669921875,0.015395873226225376,861.2985229492188,64.62753295898438,0.0017587568145245314,920.5843505859375,0.0,0.021641505882143974,898.0880126953125,0.0,0.03157922253012657,834.0670166015625,12.6328125,0.12574535608291626,876.3894653320312,22.504119873046875,0.18556581437587738,801.361328125,7.1994781494140625,0.15837904810905457,800.9583129882812,12.59033203125,0.20913657546043396,993.1873168945312,151.8222198486328,0.9142938852310181,946.3140258789062,138.53536987304688,0.9232240915298462,944.3171997070312,529.510498046875,0.9790681600570679,798.641845703125,445.21490478515625,0.9741107225418091,1101.8946533203125,845.7991943359375,0.9640892148017883,1097.029052734375,633.8506469726562,0.9666010141372681
616,20533,821.0095825195312,64.97234344482422,0.00404460309073329,826.4622802734375,44.357208251953125,0.0055431704968214035,815.8569946289062,59.46405029296875,0.0013655630173161626,879.334228515625,32.762237548828125,0.023701094090938568,842.015869140625,60.50843811035156,0.0018555100541561842,913.363037109375,6.5895538330078125,0.029055556282401085,873.5277709960938,1.7163848876953125,0.02563081681728363,861.7119140625,20.670730590820312,0.11041863262653351,887.4239501953125,32.6444091796875,0.09790832549333572,867.1320190429688,41.550018310546875,0.11045099049806595,850.77783203125,43.68177795410156,0.08858299255371094,1000.7838745117188,126.76153564453125,0.9252595901489258,934.3585205078125,117.63395690917969,0.9208313822746277,992.9602661132812,510.0212707519531,0.9868913292884827,789.759521484375,415.7124328613281,0.9813805222511292,1178.333984375,839.7493286132812,0.9822272658348083,1009.1896362304688,676.0746459960938,0.9835789203643799
617,20566,855.4428100585938,95.5678482055664,0.00415685772895813,859.5730590820312,70.91445922851562,0.005134047474712133,847.8990478515625,83.70201873779297,0.001720304717309773,903.239501953125,54.285736083984375,0.014193419367074966,864.8388671875,78.1219711303711,0.0018561469623818994,935.66259765625,25.772689819335938,0.012907884083688259,893.754150390625,15.594863891601562,0.020353266969323158,898.4384765625,57.29425048828125,0.05899294465780258,923.5458984375,50.326263427734375,0.11005896329879761,862.2213745117188,99.05369567871094,0.08212029933929443,869.9617309570312,80.32131958007812,0.11897881329059601,999.7903442382812,103.89646911621094,0.8508169054985046,927.6168823242188,93.17495727539062,0.8787440657615662,1026.0654296875,493.8841552734375,0.9760670065879822,790.569580078125,401.7869567871094,0.9751490950584412,1203.8084716796875,821.6868896484375,0.9725791811943054,954.0557250976562,698.0911865234375,0.9789935350418091
618,20600,856.5093994140625,91.94265747070312,0.0028165781404823065,858.9635009765625,67.41494750976562,0.003294127993285656,854.5498046875,81.4742660522461,0.001630256068892777,891.4839477539062,53.7015380859375,0.008702868595719337,875.7478637695312,79.99417877197266,0.0021482601296156645,917.5466918945312,27.859954833984375,0.005341527983546257,913.3343505859375,14.235260009765625,0.016189713031053543,878.3889770507812,69.09235382080078,0.022391997277736664,953.7081909179688,49.36956024169922,0.10600317269563675,863.0594482421875,101.18499755859375,0.03353092819452286,880.7466430664062,78.74922180175781,0.1097719594836235,994.7523193359375,87.04371643066406,0.7565916180610657,942.0265502929688,83.80284118652344,0.8455804586410522,1043.0665283203125,454.1723327636719,0.9637415409088135,809.7719116210938,399.1320495605469,0.9731215238571167,1229.4649658203125,797.6921997070312,0.9672243595123291,914.7861328125,732.2836303710938,0.9777159094810486
619,20633,891.0100708007812,97.02971649169922,0.0054512908682227135,893.4273071289062,73.30048370361328,0.005996440537273884,882.0571899414062,82.90599060058594,0.002702925121411681,925.342529296875,61.77662658691406,0.007493904326111078,892.0214233398438,77.83369445800781,0.0018252601148560643,942.51416015625,40.93505859375,0.009075675159692764,927.0316772460938,21.437164306640625,0.007652768865227699,903.85986328125,88.95574951171875,0.05959707498550415,963.8631591796875,66.3277587890625,0.056469984352588654,866.3868408203125,95.93234252929688,0.10573239624500275,877.7040405273438,73.17778015136719,0.09730885922908783,1000.680908203125,69.90037536621094,0.7855424284934998,938.9683227539062,60.80113220214844,0.771341860294342,1056.11279296875,441.2192687988281,0.976794421672821,828.9984741210938,404.91943359375,0.9707797765731812,1254.2080078125,773.9033813476562,0.9829227924346924,871.8926391601562,767.5748901367188,0.9819768667221069
620,20666,905.7984008789062,101.14256286621094,0.006683822255581617,907.4130249023438,80.38641357421875,0.006894751451909542,898.7428588867188,88.57074737548828,0.0030385241843760014,935.6414794921875,69.36062622070312,0.005720910616219044,911.239013671875,81.88673400878906,0.0014352600555866957,935.65087890625,44.765625,0.008199003525078297,946.6638793945312,25.156494140625,0.005070853047072887,890.2285766601562,79.88813781738281,0.08571603149175644,950.6946411132812,65.71430969238281,0.051125094294548035,848.3668212890625,85.56344604492188,0.18964187800884247,861.3812255859375,73.04365539550781,0.12390054017305374,982.8922729492188,68.37551879882812,0.7889065146446228,942.5452880859375,60.563323974609375,0.7407243251800537,1038.447509765625,437.7301940917969,0.980096161365509,849.8036499023438,413.2149353027344,0.9709721207618713,1264.5850830078125,743.01806640625,0.986099123954773,851.80517578125,777.1124267578125,0.9832982420921326
621,20700,880.786376953125,89.2239990234375,0.004908392671495676,883.0254516601562,63.7998046875,0.006217213347554207,876.84912109375,75.098876953125,0.0028174594044685364,912.3440551757812,56.38652801513672,0.006959740538150072,897.1924438476562,75.90067291259766,0.0016989180585369468,916.3407592773438,35.742713928222656,0.003617212176322937,931.8359985351562,20.80279541015625,0.005595989990979433,876.211181640625,67.2363052368164,0.02312355861067772,930.1094970703125,49.96929931640625,0.045801468193531036,854.9599609375,99.65702819824219,0.049614712595939636,868.5114135742188,79.97953033447266,0.07837864756584167,971.4192504882812,53.3104248046875,0.682181179523468,941.8544921875,57.89186096191406,0.7278328537940979,1000.0999755859375,436.927490234375,0.9667656421661377,863.1358032226562,423.6531677246094,0.9692217111587524,1281.5899658203125,699.2783203125,0.9794939160346985,874.2940673828125,787.3453369140625,0.9815968871116638
622,20733,923.4556274414062,68.4206314086914,0.014072204008698463,932.9381713867188,45.855194091796875,0.016033321619033813,913.1336059570312,56.72582244873047,0.009568220935761929,957.5527954101562,40.51908874511719,0.012077764607965946,901.7882080078125,57.93058776855469,0.004672501236200333,942.2093505859375,20.410240173339844,0.014232588931918144,916.0145874023438,8.994529724121094,0.006291919853538275,921.1770629882812,53.450294494628906,0.06616296619176865,885.777099609375,46.421173095703125,0.028600525110960007,882.2557983398438,84.80339813232422,0.11062728613615036,862.3478393554688,77.87230682373047,0.062460508197546005,967.8944091796875,85.02117919921875,0.6907836198806763,925.7942504882812,83.3738021850586,0.601990282535553,939.613037109375,440.39154052734375,0.9460007548332214,866.1925048828125,444.9107666015625,0.924227237701416,1263.0191650390625,675.4208984375,0.9574593901634216,908.1567993164062,781.2579345703125,0.9450728893280029
623,20766,904.3592529296875,96.82271575927734,0.004627147689461708,902.58935546875,84.44343566894531,0.005115929991006851,895.4535522460938,92.6293716430664,0.002742077223956585,916.8519897460938,71.14556121826172,0.006939639803022146,910.0686645507812,84.46989440917969,0.002160908654332161,886.41943359375,29.448486328125,0.008037394843995571,972.2530517578125,10.937713623046875,0.0056669218465685844,867.139404296875,54.41496276855469,0.05120240896940231,906.1295166015625,68.01251220703125,0.036576490849256516,857.4797973632812,113.73825073242188,0.0802343413233757,847.1068725585938,102.4281005859375,0.06438163667917252,941.8554077148438,69.69309997558594,0.7732328176498413,979.5892333984375,72.33663940429688,0.7316989898681641,907.5023803710938,470.0540771484375,0.96718829870224,907.2046508789062,488.73297119140625,0.9609830975532532,1260.1162109375,629.3216552734375,0.982239842414856,938.1331787109375,817.7340698242188,0.9785228371620178
624,20800,846.381103515625,89.83090209960938,0.0044466229155659676,845.5486450195312,71.31820678710938,0.0050295330584049225,840.583251953125,85.93915557861328,0.00261667650192976,872.6495361328125,53.46025085449219,0.008046508766710758,873.3968505859375,78.80145263671875,0.0024954252876341343,867.8743896484375,13.596267700195312,0.0068605439737439156,944.4860229492188,0.0,0.010457922704517841,847.6712646484375,33.83161926269531,0.037698544561862946,901.1878662109375,47.2489013671875,0.07486490160226822,857.7909545898438,86.27108001708984,0.05799531936645508,854.8282470703125,77.48606872558594,0.10278238356113434,948.8450317382812,83.72378540039062,0.7979227900505066,981.9584350585938,90.84260559082031,0.8281039595603943,897.944091796875,469.7918701171875,0.9666815400123596,902.1865234375,485.9288635253906,0.9730079174041748,1227.4857177734375,619.876953125,0.9796095490455627,978.9466552734375,827.9985961914062,0.9803867936134338
625,20833,874.9832153320312,88.26292419433594,0.005752561613917351,877.6448364257812,76.19393920898438,0.004905929323285818,868.1360473632812,88.13131713867188,0.002668042667210102,905.107177734375,60.2574462890625,0.006283533293753862,895.00634765625,80.54310607910156,0.002035703044384718,899.4771118164062,17.755348205566406,0.013242539949715137,977.3565673828125,0.0,0.0167124904692173,880.2998657226562,41.490692138671875,0.13287253677845,935.057373046875,59.213905334472656,0.19506751000881195,825.0789794921875,33.57252502441406,0.24530434608459473,836.8427734375,40.52288818359375,0.3594529330730438,961.4075927734375,133.56373596191406,0.8825039863586426,1000.2518920898438,133.13475036621094,0.8899100422859192,836.0663452148438,475.5121765136719,0.9710499048233032,885.7141723632812,500.1612243652344,0.9751585125923157,1201.6907958984375,604.0082397460938,0.9784138202667236,1003.7640380859375,829.0428466796875,0.9776531457901001
626,20866,885.4619750976562,80.23178100585938,0.006274820771068335,881.0057983398438,66.35371398925781,0.004384457133710384,881.593505859375,81.5533447265625,0.002628566697239876,901.2096557617188,49.480567932128906,0.007556586526334286,933.2539672851562,74.5360107421875,0.0027776830829679966,878.71240234375,18.590560913085938,0.020298851653933525,1046.183349609375,0.0,0.04025726392865181,870.0582275390625,49.19446563720703,0.17467616498470306,968.7244873046875,70.90274047851562,0.37476205825805664,823.1918334960938,59.75944519042969,0.31509897112846375,841.587890625,67.01692199707031,0.5658107399940491,951.9315185546875,146.482421875,0.918647825717926,1062.615478515625,141.9403839111328,0.9372752904891968,793.0089111328125,474.798095703125,0.9758446216583252,911.247314453125,505.42724609375,0.9831874966621399,1147.41796875,597.0791015625,0.979832649230957,1017.6148681640625,833.840576171875,0.9810914993286133
627,20900,855.0480346679688,68.83058166503906,0.007635315880179405,851.2435913085938,56.33583068847656,0.004905156325548887,851.4571533203125,71.05284118652344,0.002197377383708954,887.7998657226562,42.222564697265625,0.010138974525034428,925.5159301757812,65.30074310302734,0.0028325242456048727,873.9807739257812,11.163986206054688,0.04037574306130409,1049.0616455078125,1.6218109130859375,0.06892001628875732,845.9619750976562,23.4525146484375,0.30562737584114075,974.5435180664062,62.190216064453125,0.4548344314098358,805.1887817382812,50.764984130859375,0.4737515151500702,828.6817626953125,57.52546691894531,0.6194831132888794,959.5200805664062,136.69766235351562,0.9368311166763306,1078.84716796875,136.11593627929688,0.9476317763328552,792.85205078125,458.9122009277344,0.979955792427063,939.1131591796875,501.15618896484375,0.9832483530044556,1115.0133056640625,586.4271850585938,0.9781714081764221,1047.9803466796875,782.3483276367188,0.977618396282196
628,20933,848.4675903320312,60.61791229248047,0.004652960691601038,846.6951293945312,47.0313720703125,0.004055424127727747,847.3635864257812,67.15562438964844,0.0015876013785600662,887.3265991210938,33.67700958251953,0.010611786507070065,918.3286743164062,67.5553207397461,0.0024597616866230965,889.12353515625,0.0,0.02902444452047348,1024.4049072265625,0.0,0.02962050959467888,849.9376831054688,14.0643310546875,0.2117885947227478,945.2609252929688,41.81144714355469,0.20687593519687653,790.0841674804688,17.879608154296875,0.304530531167984,808.9844970703125,31.229232788085938,0.3245682716369629,958.5596923828125,130.31890869140625,0.9318657517433167,1066.2470703125,134.42208862304688,0.9288555979728699,763.9564819335938,426.07012939453125,0.9843518137931824,997.472900390625,499.0928039550781,0.9842047095298767,1050.8851318359375,601.2222900390625,0.9867371916770935,1110.6337890625,798.6531372070312,0.983653724193573
629,20966,838.4808349609375,74.2152099609375,0.0027730849105864763,835.8533935546875,57.092559814453125,0.003643955569714308,839.1652221679688,77.43289947509766,0.0014542040880769491,872.7546997070312,42.27571105957031,0.02337086945772171,915.0502319335938,74.67631530761719,0.0046446118503808975,861.2939453125,3.8288726806640625,0.03866139054298401,1010.2035522460938,0.0,0.019977392628788948,815.6039428710938,19.371139526367188,0.0962943285703659,950.77978515625,40.7772216796875,0.050279535353183746,840.7559204101562,25.591415405273438,0.0747128278017044,871.7783203125,47.986907958984375,0.051707178354263306,941.9522705078125,113.13569641113281,0.8996925354003906,1062.73095703125,117.07644653320312,0.8627619743347168,749.25146484375,400.5576171875,0.9781858921051025,1021.9112548828125,481.62847900390625,0.972154438495636,1011.1619262695312,663.7998046875,0.9855960607528687,1169.5401611328125,819.01708984375,0.9794886112213135
630,21000,869.9412231445312,90.63558197021484,0.002665567211806774,868.2133178710938,73.02085876464844,0.0032021983060985804,868.1869506835938,91.25692749023438,0.0014666049974039197,895.5752563476562,53.827880859375,0.01447825413197279,918.9541625976562,84.94821166992188,0.0032430400606244802,891.6420288085938,15.429222106933594,0.015158201567828655,995.5650024414062,13.658134460449219,0.01671607978641987,879.4380493164062,59.27861022949219,0.04743226245045662,951.1856689453125,60.10356903076172,0.06539081782102585,864.7974853515625,116.36370849609375,0.05870743840932846,867.6920166015625,91.56147766113281,0.0875682532787323,952.7307739257812,94.17205810546875,0.8253461122512817,1050.84619140625,99.38722229003906,0.8266547322273254,761.4598388671875,389.3078918457031,0.9696143865585327,1039.3319091796875,466.7784118652344,0.969956636428833,971.3265380859375,699.8367919921875,0.980480968952179,1199.4189453125,793.9934692382812,0.9773094654083252
631,21033,893.00830078125,87.50860595703125,0.010569311678409576,895.7415771484375,58.18931579589844,0.010556782595813274,891.1102294921875,77.13810729980469,0.005757008213549852,918.5087280273438,46.32067108154297,0.021767623722553253,927.5420532226562,77.8437728881836,0.005830854177474976,912.8456420898438,6.863548278808594,0.02261740155518055,984.1118774414062,19.110305786132812,0.025355031713843346,890.320556640625,51.593650817871094,0.07190796732902527,926.6145629882812,49.931121826171875,0.10420576483011246,872.0421752929688,101.50794982910156,0.14047761261463165,863.05322265625,80.57434844970703,0.21763448417186737,979.2916259765625,81.79415130615234,0.749125599861145,1053.5087890625,91.44197845458984,0.752949059009552,800.20556640625,395.6629943847656,0.9521735310554504,1048.657958984375,436.297119140625,0.9487333297729492,911.5994262695312,750.063720703125,0.9441259503364563,1226.056396484375,757.8713989257812,0.9403623938560486
632,21066,870.4058227539062,80.36773681640625,0.0029314637649804354,870.1594848632812,57.9554443359375,0.003391529666259885,872.3102416992188,74.81346130371094,0.001255956245586276,898.090576171875,45.49525451660156,0.00844576582312584,920.3671875,73.5688247680664,0.0015875688986852765,907.1253662109375,14.169891357421875,0.006348620634526014,983.326904296875,14.255424499511719,0.007284617051482201,892.70361328125,54.601593017578125,0.04247182980179787,938.6613159179688,49.5281982421875,0.05376889184117317,886.4602661132812,104.86564636230469,0.11329431086778641,871.42041015625,85.45269012451172,0.1335071474313736,967.5725708007812,56.79936218261719,0.762532114982605,1046.0010986328125,55.76271057128906,0.7632854580879211,831.1903076171875,404.977294921875,0.9806833863258362,1056.6317138671875,425.3207092285156,0.977889358997345,852.2750244140625,786.8928833007812,0.9856582283973694,1251.6343994140625,753.163330078125,0.9833992719650269
633,21100,917.1337280273438,93.97659301757812,0.003924532327800989,917.008544921875,69.41148376464844,0.004264577757567167,916.0280151367188,82.16377258300781,0.001793302595615387,937.9024658203125,59.02345275878906,0.006097645498812199,948.5130615234375,80.79570007324219,0.0013589683221653104,934.4060668945312,23.738204956054688,0.0050932178273797035,988.5611572265625,16.439895629882812,0.004245965741574764,909.6483764648438,54.92607879638672,0.048666682094335556,934.202880859375,41.931907653808594,0.04529157280921936,883.7656860351562,66.9990234375,0.1650780439376831,866.6995239257812,61.916748046875,0.17047707736492157,968.3369750976562,55.7552490234375,0.7402790784835815,1026.1146240234375,53.93247985839844,0.7043648958206177,863.947265625,416.8173828125,0.9821443557739258,1047.0609130859375,424.68768310546875,0.9750305414199829,823.29931640625,803.2941284179688,0.9867551922798157,1256.60009765625,732.9576416015625,0.9830493927001953
634,21133,930.9356689453125,107.60467529296875,0.004991551861166954,932.398193359375,84.73912811279297,0.005323429126292467,925.9010620117188,92.20626068115234,0.0022994307801127434,953.2062377929688,71.66768646240234,0.008178574964404106,947.7971801757812,82.79095458984375,0.0020393391605466604,950.5093383789062,31.6966552734375,0.009858029894530773,963.589599609375,20.410125732421875,0.005759724415838718,920.0372924804688,65.08035278320312,0.06990024447441101,922.6737670898438,48.98899841308594,0.03920941427350044,887.77587890625,51.47625732421875,0.177118182182312,866.7769775390625,38.72355651855469,0.12405812740325928,976.6307983398438,51.46051025390625,0.7737805247306824,1002.7531127929688,48.82374572753906,0.7030452489852905,879.4105224609375,427.2886047363281,0.982932448387146,1026.09619140625,433.83013916015625,0.9706109762191772,835.263427734375,804.390625,0.9869706630706787,1249.8380126953125,709.3875732421875,0.9812543392181396
635,21166,895.0195922851562,89.06025695800781,0.003972079139202833,897.4378051757812,60.505828857421875,0.004377102944999933,896.7965698242188,77.56645202636719,0.0017369326669722795,923.4930419921875,44.84880065917969,0.006298796273767948,931.0917358398438,74.63294219970703,0.0013965212274342775,925.2388916015625,1.4178543090820312,0.004682442173361778,974.3846435546875,0.0,0.005401904229074717,899.9918212890625,37.466766357421875,0.049465030431747437,933.1586303710938,36.101806640625,0.059306636452674866,889.8733520507812,38.00028991699219,0.17192606627941132,876.4883422851562,45.548583984375,0.19430875778198242,973.6670532226562,44.905517578125,0.7098691463470459,1018.6173706054688,41.64106750488281,0.7000364065170288,880.8770751953125,435.2284240722656,0.9765217304229736,993.5264282226562,432.1225280761719,0.9700900316238403,855.7828369140625,813.2327880859375,0.9809631109237671,1250.6309814453125,708.205078125,0.9766035079956055
636,21200,903.3571166992188,100.26461791992188,0.003440123749896884,903.3198852539062,78.11650085449219,0.0035396849270910025,901.6961059570312,91.33493041992188,0.0017729585524648428,921.4613037109375,55.594482421875,0.008474013768136501,927.80419921875,78.47289276123047,0.0022516564931720495,912.2400512695312,4.160797119140625,0.009079527109861374,962.6228637695312,0.0,0.010335777886211872,893.3727416992188,50.146453857421875,0.049951281398534775,940.5608520507812,43.566741943359375,0.0694533959031105,877.8818359375,76.51950073242188,0.09882059693336487,869.635986328125,50.748779296875,0.13894343376159668,956.1256713867188,76.65934753417969,0.8230043053627014,992.7744750976562,73.52055358886719,0.8184764981269836,889.2543334960938,472.3370666503906,0.9829356670379639,970.557861328125,462.7302551269531,0.977944016456604,899.4712524414062,826.8653564453125,0.9862027168273926,1222.5516357421875,686.3330688476562,0.9841939806938171
637,21233,875.6055908203125,89.03805541992188,0.005269983317703009,875.4907836914062,69.04779052734375,0.005472283810377121,876.9393310546875,83.10614776611328,0.0021295463666319847,900.579345703125,45.964508056640625,0.011180001311004162,909.1611328125,71.27041625976562,0.002339584520086646,908.8276977539062,1.054962158203125,0.015368486754596233,947.6771850585938,0.0,0.015084858052432537,886.9398803710938,44.31156921386719,0.09996013343334198,938.6071166992188,48.908843994140625,0.09460827708244324,864.0670776367188,89.20381164550781,0.19632649421691895,870.1305541992188,81.73828125,0.19237609207630157,965.4921264648438,97.58441162109375,0.8687741756439209,990.0095825195312,97.23545837402344,0.8505198359489441,876.8413696289062,467.2323303222656,0.985689640045166,942.3197021484375,485.00958251953125,0.9784485101699829,921.6083374023438,845.0147705078125,0.9872050285339355,1191.0389404296875,692.3444213867188,0.9827690720558167
638,21266,843.55908203125,83.61724090576172,0.002589641371741891,849.5797119140625,64.90933227539062,0.0033533864188939333,843.1932373046875,83.65653991699219,0.0012587071396410465,892.2676391601562,45.12030029296875,0.013939281925559044,870.1201782226562,77.90176391601562,0.00244111567735672,905.1069946289062,4.1334686279296875,0.015566677786409855,907.101806640625,0.0,0.016085106879472733,866.7978515625,25.476837158203125,0.0678957849740982,879.3849487304688,30.720382690429688,0.07490233331918716,864.7750854492188,48.90435791015625,0.08336593210697174,855.9536743164062,64.58143615722656,0.0943482369184494,972.0311889648438,117.55096435546875,0.8896378874778748,970.0610961914062,115.68424987792969,0.8819468021392822,874.2606811523438,489.7546081542969,0.9830589294433594,918.3088989257812,491.4485168457031,0.9769576787948608,970.8179321289062,843.268798828125,0.9826192855834961,1159.250244140625,698.2864990234375,0.9788497090339661
639,21300,834.1272583007812,57.337371826171875,0.0034798786509782076,841.9993286132812,41.403717041015625,0.003167049027979374,834.7980346679688,57.990577697753906,0.0011514467187225819,893.0366821289062,25.635910034179688,0.012038848362863064,869.4598999023438,54.28960418701172,0.002090587979182601,909.0255126953125,0.0,0.03231309726834297,923.6382446289062,0.0,0.03385092318058014,817.5135498046875,14.801834106445312,0.23068657517433167,903.2490234375,28.629684448242188,0.22358238697052002,768.5032348632812,11.654891967773438,0.32056066393852234,782.7466430664062,21.648056030273438,0.3218226134777069,985.2039184570312,143.0858917236328,0.9435523748397827,980.205322265625,136.31227111816406,0.9394345879554749,870.2742919921875,502.84405517578125,0.9875580072402954,895.45263671875,487.1714172363281,0.9826247096061707,1025.3184814453125,839.6524658203125,0.9788292646408081,1114.5889892578125,712.5780029296875,0.9755166172981262
640,21333,838.3839111328125,72.566162109375,0.003369296668097377,845.1751098632812,53.88578796386719,0.002765634097158909,834.3660888671875,72.56721496582031,0.0009194156737066805,897.588134765625,33.332977294921875,0.008148621767759323,859.932373046875,68.88439178466797,0.0011233268305659294,937.1823120117188,0.0,0.02063423953950405,912.5841674804688,0.0,0.03546960651874542,872.2279052734375,22.082382202148438,0.2522696554660797,929.7669067382812,41.122398376464844,0.39804649353027344,784.0979614257812,28.96380615234375,0.46462687849998474,796.3799438476562,41.09674072265625,0.6103682518005371,1005.0942993164062,149.85646057128906,0.8996868133544922,958.4994506835938,142.72402954101562,0.9150072336196899,903.420654296875,506.0379638671875,0.9680858254432678,810.2217407226562,473.6880798339844,0.9650110006332397,1044.306640625,836.3175659179688,0.9335422515869141,1045.7567138671875,715.2220458984375,0.9349671006202698
641,21366,792.479736328125,60.34465026855469,0.005271678324788809,803.4662475585938,41.360504150390625,0.005004026461392641,791.9335327148438,60.00453186035156,0.001377698383294046,876.4281005859375,28.017311096191406,0.01232889760285616,829.3504638671875,60.955810546875,0.0010782803874462843,935.8350219726562,0.0,0.01863834820687771,895.94384765625,0.0,0.04218875244259834,883.6150512695312,21.733612060546875,0.17594458162784576,932.54150390625,41.581878662109375,0.40342089533805847,791.7755126953125,28.905899047851562,0.34081435203552246,805.2908935546875,38.005645751953125,0.5630415678024292,1005.0042114257812,153.13430786132812,0.9310498237609863,938.4611206054688,142.2344207763672,0.9520003199577332,943.8009033203125,512.4227294921875,0.9847733974456787,790.1290283203125,451.6875,0.9859987497329712,1104.832275390625,841.5699462890625,0.9717983603477478,977.6466674804688,714.9344482421875,0.9781875610351562
642,21400,861.7238159179688,75.13838195800781,0.004881225526332855,869.4195556640625,58.483909606933594,0.004416535142809153,859.0770263671875,73.64286804199219,0.0016220076940953732,912.9819946289062,41.69377899169922,0.009542056359350681,877.4535522460938,68.47279357910156,0.0014704500790685415,935.869140625,0.12911224365234375,0.02524566277861595,922.8290405273438,0.0,0.024574963375926018,873.2083740234375,16.428680419921875,0.24351763725280762,927.1213989257812,32.3572998046875,0.2477484494447708,796.0477294921875,13.3040771484375,0.3771457374095917,806.9951171875,21.50958251953125,0.39081674814224243,1004.7413330078125,143.9566650390625,0.9234330654144287,948.000732421875,132.0380859375,0.919155478477478,984.150146484375,498.5174560546875,0.9817481637001038,786.0639038085938,436.5522766113281,0.9761191606521606,1154.8319091796875,836.0106811523438,0.9681585431098938,925.7786865234375,736.7034301757812,0.9674042463302612
643,21433,775.2105102539062,37.65751647949219,0.005389884114265442,784.6080932617188,19.084808349609375,0.006994260009378195,776.0245971679688,36.184593200683594,0.001994349993765354,841.0560302734375,14.794075012207031,0.029250655323266983,811.6171875,43.932289123535156,0.003204118460416794,885.123046875,0.0,0.06067169830203056,854.8737182617188,0.0,0.030594777315855026,806.0161743164062,8.23974609375,0.18188342452049255,842.9293823242188,15.984878540039062,0.09162648022174835,843.2486572265625,3.3995361328125,0.14088396728038788,837.904052734375,8.187286376953125,0.07438533753156662,992.4655151367188,131.9468231201172,0.9340695738792419,924.4151000976562,131.67750549316406,0.911680281162262,1014.9860229492188,484.24017333984375,0.983379065990448,795.00537109375,435.57525634765625,0.973987877368927,1186.8846435546875,809.0390625,0.9738808870315552,862.8629760742188,773.6669311523438,0.9711414575576782
644,21466,869.8993530273438,90.50587463378906,0.003726665861904621,872.310791015625,73.06720733642578,0.004176403395831585,864.5339965820312,83.30831909179688,0.001845614518970251,905.3035278320312,55.996673583984375,0.013871165923774242,881.4054565429688,72.76730346679688,0.003146887058392167,916.8670043945312,18.353485107421875,0.032732896506786346,914.9821166992188,9.338424682617188,0.01604224555194378,844.2958984375,39.70001220703125,0.1251470446586609,935.74365234375,59.918975830078125,0.0578179731965065,833.4288940429688,57.81971740722656,0.09957439452409744,886.695068359375,91.27029418945312,0.04981587827205658,993.8358764648438,112.96376037597656,0.9117711186408997,936.785888671875,103.17402648925781,0.8793838620185852,1043.71484375,479.98333740234375,0.9834145903587341,808.6985473632812,436.2886047363281,0.9738784432411194,1226.8707275390625,794.3536376953125,0.9818836450576782,803.4153442382812,784.2719116210938,0.9782828092575073
645,21500,891.3759155273438,105.61603546142578,0.005318671464920044,894.513671875,87.77902221679688,0.0052084531635046005,882.8450927734375,96.564697265625,0.0026685846969485283,925.0657348632812,73.01433563232422,0.006504934746772051,886.6505737304688,87.49150085449219,0.0019841580651700497,936.5081787109375,42.42384338378906,0.011683078482747078,911.9730834960938,23.523605346679688,0.009239815175533295,872.349609375,72.59902954101562,0.08444356173276901,925.2258911132812,52.3663330078125,0.06997975707054138,827.7283325195312,96.30844116210938,0.12660472095012665,853.1577758789062,70.07102966308594,0.10485752671957016,994.2015380859375,107.3287353515625,0.871843695640564,922.41015625,98.735595703125,0.856414794921875,1055.30419921875,465.21734619140625,0.9848096966743469,817.6633911132812,440.6734313964844,0.9799956679344177,1259.0908203125,778.944091796875,0.9876222014427185,790.3060913085938,788.2153930664062,0.9863038659095764
646,21533,886.0405883789062,96.60612487792969,0.005412960425019264,888.777099609375,78.55393981933594,0.005630051251500845,877.5884399414062,87.31546783447266,0.0024946066550910473,919.0360717773438,65.44640350341797,0.006598338484764099,883.7662963867188,79.60562896728516,0.0016595803899690509,927.6691284179688,35.69755554199219,0.01207800954580307,913.19384765625,15.759063720703125,0.006540259346365929,849.2312622070312,71.79240417480469,0.10320094972848892,930.3807373046875,52.130126953125,0.05261460319161415,785.104248046875,104.49526977539062,0.16097554564476013,848.314453125,73.03555297851562,0.09439348429441452,988.1766357421875,91.87820434570312,0.863519549369812,921.8007202148438,85.2978515625,0.8216509819030762,1048.248291015625,462.1405334472656,0.9843689203262329,828.2019653320312,447.4882507324219,0.9760414958000183,1270.556396484375,755.4873046875,0.9874629974365234,798.0780639648438,788.9527587890625,0.9842803478240967
647,21566,915.5128784179688,67.04154968261719,0.014266053214669228,923.0003051757812,44.387306213378906,0.013715473003685474,907.7986450195312,54.826904296875,0.008908655494451523,942.9768676757812,37.35333251953125,0.014138921163976192,898.962890625,52.64105987548828,0.0061591677367687225,926.5479125976562,20.36920166015625,0.02847064845263958,913.0106201171875,3.313201904296875,0.011957565322518349,875.9100952148438,55.80278778076172,0.12316785752773285,890.365234375,39.67613983154297,0.04847334325313568,842.349853515625,86.50984954833984,0.16575881838798523,849.3056030273438,70.44719696044922,0.08472289890050888,966.5198974609375,100.58001708984375,0.7645434737205505,913.8565673828125,93.31741333007812,0.6773716807365417,1014.9501953125,463.40087890625,0.947924017906189,838.0872802734375,450.25634765625,0.9193036556243896,1269.548095703125,746.6753540039062,0.9330283403396606,845.5783081054688,784.1217651367188,0.9119549989700317
648,21600,906.9173583984375,70.4916000366211,0.01347476989030838,914.4658813476562,47.29188537597656,0.014016562141478062,900.0791015625,58.215431213378906,0.009094880893826485,932.3304443359375,36.450416564941406,0.01723887398838997,893.2461547851562,52.75897979736328,0.007257724646478891,909.2543334960938,17.150894165039062,0.03047897480428219,910.3443603515625,2.3744888305664062,0.011615571565926075,863.627197265625,57.62287902832031,0.10416701436042786,888.4898071289062,48.08656311035156,0.03670567274093628,841.9759521484375,99.5035400390625,0.12011656165122986,864.1359252929688,94.01742553710938,0.05586937442421913,951.73388671875,111.50493621826172,0.7723811268806458,915.1524047851562,106.08311462402344,0.6800701022148132,977.4678955078125,475.4488525390625,0.9482904672622681,846.0308227539062,463.7003173828125,0.9204820394515991,1267.391845703125,728.4796142578125,0.941063404083252,873.82421875,792.0231323242188,0.9224542379379272
649,21633,841.1475219726562,94.50544738769531,0.0047668516635894775,848.6228637695312,74.32390594482422,0.006466828286647797,833.6787109375,83.50623321533203,0.0025523954536765814,890.4718017578125,57.95283508300781,0.013104664161801338,847.257080078125,72.25675964355469,0.002472634892910719,903.6624755859375,16.90667724609375,0.013012874871492386,864.7767333984375,7.050750732421875,0.009693721309304237,854.9657592773438,41.42903137207031,0.05198018625378609,857.0625,60.387908935546875,0.03900328651070595,825.8802490234375,97.21385192871094,0.05504077672958374,800.3525390625,97.92306518554688,0.041311901062726974,948.8713989257812,73.19471740722656,0.8558089137077332,891.8020629882812,79.76902770996094,0.8362181782722473,952.5308227539062,490.1605224609375,0.9793000817298889,855.4907836914062,482.70556640625,0.9741483926773071,1265.4664306640625,712.2490844726562,0.9842554926872253,913.339111328125,826.076904296875,0.9827944040298462
650,21666,769.8945922851562,25.62787628173828,0.0068816132843494415,776.3472900390625,9.743682861328125,0.009286007843911648,770.4082641601562,25.23584747314453,0.003122750436887145,826.2742309570312,7.168052673339844,0.024452999234199524,813.885009765625,32.04396057128906,0.003553758142516017,852.9765014648438,0.0,0.031069647520780563,867.3098754882812,0.0,0.01795954816043377,801.8538208007812,12.667282104492188,0.09419073164463043,847.1248168945312,22.719268798828125,0.05628363788127899,812.91357421875,17.520401000976562,0.08452558517456055,806.3331909179688,20.467254638671875,0.055369485169649124,936.73974609375,109.40272521972656,0.8947663307189941,919.9999389648438,115.21929931640625,0.8697637915611267,903.7818603515625,494.4370422363281,0.9790129661560059,870.7630615234375,494.284912109375,0.9727761745452881,1222.7047119140625,702.5817260742188,0.9797073602676392,940.7671508789062,822.848876953125,0.9766779541969299
651,21700,764.1220703125,39.05445098876953,0.1125357449054718,759.7183227539062,18.493812561035156,0.16736729443073273,758.3726806640625,37.04759216308594,0.03958423435688019,795.0888061523438,0.0,0.2553974986076355,810.8490600585938,33.9114990234375,0.016768112778663635,837.3270263671875,0.0,0.1846482753753662,896.5109252929688,0.0,0.18429218232631683,843.3812255859375,34.38542175292969,0.14372143149375916,893.4750366210938,47.756744384765625,0.17480362951755524,830.6279296875,78.47666931152344,0.09763792157173157,837.5311889648438,82.28448486328125,0.1213858351111412,944.0023193359375,134.54905700683594,0.9396110773086548,968.8731689453125,143.0737762451172,0.9420992136001587,874.30029296875,487.0946350097656,0.984155535697937,880.680419921875,506.0811767578125,0.9847031235694885,1176.3145751953125,698.079345703125,0.9836739301681519,966.6181640625,823.8316650390625,0.9840086698532104
652,21733,819.697509765625,67.4450454711914,0.004930521827191114,821.6163940429688,53.29701232910156,0.004173527006059885,818.76953125,68.79730224609375,0.0015508993528783321,860.49267578125,40.36042785644531,0.007496958132833242,872.6279907226562,64.60697937011719,0.0014283469645306468,863.8536987304688,0.03000640869140625,0.019281476736068726,969.5365600585938,0.0,0.020031506195664406,848.332275390625,12.82305908203125,0.23541519045829773,924.572021484375,32.576751708984375,0.24220244586467743,787.9202270507812,14.0848388671875,0.4262898862361908,799.6329345703125,27.664443969726562,0.44748398661613464,940.349853515625,117.68229675292969,0.9209722876548767,999.327392578125,113.99212646484375,0.918209433555603,846.4891357421875,486.209228515625,0.9836069345474243,894.9906616210938,488.0699462890625,0.98201984167099,1131.3729248046875,715.3984375,0.979500949382782,1007.4164428710938,816.8511352539062,0.9775657653808594
653,21766,785.8909301757812,69.49172973632812,0.0029820119962096214,787.3866577148438,52.667816162109375,0.003866002894937992,785.8934936523438,71.76585388183594,0.001136778388172388,829.3096313476562,36.970619201660156,0.0239788256585598,849.4282836914062,66.318603515625,0.0031562570948153734,828.0701293945312,0.0,0.057545922696590424,944.0722045898438,0.0,0.019012778997421265,772.5492553710938,8.852325439453125,0.2264321893453598,875.358642578125,27.643112182617188,0.060271453112363815,774.4703979492188,6.7153472900390625,0.19093966484069824,810.3507080078125,37.06828308105469,0.06604079157114029,937.2589111328125,109.37287902832031,0.9170005321502686,1014.189697265625,105.20127868652344,0.8615999817848206,833.5865478515625,473.7345886230469,0.9788888096809387,941.5904541015625,474.6352844238281,0.9616961479187012,1076.8968505859375,746.276611328125,0.9708300828933716,1054.478759765625,783.9014282226562,0.957654595375061
654,21800,812.32470703125,82.87962341308594,0.0029928344301879406,811.1370849609375,64.95128631591797,0.0036403683479875326,812.5133056640625,83.89402770996094,0.00160037144087255,840.0223999023438,49.06837463378906,0.016231300309300423,864.429931640625,79.00330352783203,0.0037118452601134777,837.358154296875,9.374404907226562,0.017865413799881935,947.9780883789062,0.0,0.01785428822040558,818.1289672851562,22.385604858398438,0.05883558467030525,890.6251831054688,35.96653747558594,0.06497471034526825,846.0963745117188,62.00225830078125,0.06684789061546326,846.1428833007812,69.3530044555664,0.07308530807495117,934.5846557617188,90.46920776367188,0.8541654944419861,1017.6447143554688,85.7530517578125,0.8517995476722717,821.01513671875,465.1035461425781,0.9770756959915161,965.840576171875,465.2862854003906,0.9750416278839111,1016.291015625,781.1424560546875,0.978726863861084,1108.0458984375,804.0355224609375,0.9773359298706055
655,21833,845.5074462890625,90.61669921875,0.0061457036063075066,841.7735595703125,71.31161499023438,0.005482292268425226,843.1234741210938,87.02783203125,0.0024850505869835615,865.7814331054688,52.84295654296875,0.008961952291429043,889.1185913085938,77.7502212524414,0.0025301387067884207,867.4700927734375,9.768951416015625,0.015779176726937294,955.2440185546875,3.7104949951171875,0.014013932086527348,857.5134887695312,34.47642517089844,0.12008416652679443,898.907958984375,41.88922119140625,0.10253637284040451,859.1680297851562,77.67732238769531,0.27202871441841125,846.9666137695312,74.86436462402344,0.24196524918079376,942.6509399414062,70.959228515625,0.8487231135368347,1016.3163452148438,67.99736022949219,0.8270068764686584,829.9161987304688,445.00433349609375,0.9834800958633423,993.5418701171875,463.8332824707031,0.9781467318534851,943.4269409179688,815.3574829101562,0.9848052859306335,1149.7767333984375,795.40576171875,0.9810914993286133
656,21866,846.5938110351562,81.61692810058594,0.004062243737280369,847.76513671875,60.341949462890625,0.0041356999427080154,846.296630859375,75.72500610351562,0.001719251973554492,872.3563842773438,43.64643859863281,0.007080526556819677,882.9977416992188,69.14323425292969,0.0016137647908180952,876.1576538085938,0.0,0.007547994609922171,942.9307861328125,0.0,0.007615676149725914,862.4263916015625,38.82929992675781,0.06964342296123505,898.3807983398438,42.692481994628906,0.07655051350593567,872.8239135742188,87.12837982177734,0.20135018229484558,854.0125732421875,82.93160247802734,0.21714098751544952,945.6688842773438,65.15345764160156,0.7815369963645935,1006.1151733398438,63.11878967285156,0.7680315375328064,841.4207763671875,439.97711181640625,0.9788859486579895,998.5346069335938,446.68341064453125,0.9741837978363037,863.5646362304688,816.2114868164062,0.9806194305419922,1181.9381103515625,776.1070556640625,0.9770042300224304
657,21900,873.32666015625,85.57264709472656,0.00436951220035553,874.524169921875,62.6923828125,0.004310830030590296,869.7158203125,71.90190124511719,0.0018455153331160545,894.395751953125,46.499725341796875,0.007787673734128475,899.63232421875,60.75995635986328,0.0020183345768600702,896.300537109375,8.017822265625,0.010704291053116322,944.4366455078125,2.9862213134765625,0.007658630143851042,879.6321411132812,45.803558349609375,0.08050555735826492,907.076904296875,45.4771728515625,0.054195817559957504,880.4154052734375,77.30026245117188,0.1989017128944397,855.73486328125,66.40200805664062,0.14671368896961212,951.28125,57.939697265625,0.8009531497955322,1000.904541015625,54.39170837402344,0.7553486227989197,856.298095703125,443.5079040527344,0.983417809009552,1005.735595703125,444.6365966796875,0.9746670126914978,831.3422241210938,830.77880859375,0.9858507513999939,1199.2222900390625,752.8273315429688,0.9810803532600403
658,21933,898.0043334960938,96.769775390625,0.005269918125122786,898.6417236328125,73.3051986694336,0.005031535401940346,891.2051391601562,83.73957824707031,0.0024529811926186085,918.8362426757812,57.49589538574219,0.0074581606313586235,913.016845703125,75.07722473144531,0.0022237699013203382,917.5512084960938,10.106460571289062,0.011617082171142101,937.4533081054688,7.756805419921875,0.0067090122029185295,885.8375244140625,43.78376770019531,0.08539111912250519,897.7058715820312,44.81309509277344,0.049693651497364044,880.6983642578125,57.854461669921875,0.20874819159507751,849.5021362304688,51.488433837890625,0.15481878817081451,954.0794677734375,62.44853210449219,0.8006255030632019,979.7565307617188,64.44122314453125,0.7331189513206482,858.2757568359375,438.38580322265625,0.9830211400985718,992.2963256835938,451.2517395019531,0.9705924391746521,829.3236694335938,826.3473510742188,0.9855815768241882,1208.3433837890625,735.4116821289062,0.9791948795318604
659,21966,861.1408081054688,101.46805572509766,0.006727550178766251,864.42724609375,76.80615234375,0.005910894833505154,854.787841796875,92.25631713867188,0.0026714224368333817,893.0296020507812,54.73255920410156,0.006408273708075285,874.8336181640625,81.59172821044922,0.0018490577349439263,902.2446899414062,0.0,0.010190846398472786,908.4935302734375,0.0,0.00915946438908577,885.3602294921875,25.5318603515625,0.10972830653190613,881.0010375976562,34.136077880859375,0.09868856519460678,878.5588989257812,55.0894775390625,0.32429420948028564,853.9993286132812,55.98481750488281,0.3096247613430023,956.0484008789062,51.52189636230469,0.804843008518219,973.078857421875,54.984375,0.7734853029251099,853.12890625,439.4345397949219,0.9811309576034546,965.2207641601562,459.1451110839844,0.9723603129386902,827.3062744140625,817.5743408203125,0.9824923276901245,1206.65673828125,722.2130126953125,0.9763085246086121
660,22000,849.0120849609375,90.12570190429688,0.005405902396887541,852.1881103515625,66.60221099853516,0.005651884246617556,845.8092041015625,81.1849136352539,0.0021392665803432465,882.33984375,47.780181884765625,0.008401930332183838,871.0557861328125,73.18810272216797,0.0016137948259711266,893.4036865234375,1.8110504150390625,0.008599389344453812,915.1866455078125,0.0,0.009768540970981121,901.2127075195312,52.17755126953125,0.0704253539443016,914.270751953125,48.50679016113281,0.08693523705005646,869.8173217773438,82.41609191894531,0.19066403806209564,848.4141235351562,66.611572265625,0.22780266404151917,948.1356811523438,68.15982055664062,0.795371949672699,967.4690551757812,68.37510681152344,0.7856894731521606,859.3700561523438,457.9171142578125,0.9803983569145203,940.2601318359375,476.9293518066406,0.9737488627433777,887.4088134765625,848.266357421875,0.9834015369415283,1197.990966796875,714.1382446289062,0.9790880680084229
661,22033,839.2505493164062,93.6576919555664,0.0038533094339072704,840.7789306640625,75.22931671142578,0.0049188705161213875,839.020263671875,88.43305206298828,0.001610849518328905,873.8867797851562,56.77642822265625,0.014450506307184696,869.1973266601562,80.7257308959961,0.0019847333896905184,896.3873291015625,23.651092529296875,0.012470904737710953,907.1456909179688,11.052520751953125,0.01445537805557251,900.0108642578125,73.12312316894531,0.05599823221564293,927.7710571289062,68.7154541015625,0.07470745593309402,859.6535034179688,108.34579467773438,0.09377917647361755,850.0557861328125,84.192626953125,0.12222117185592651,947.721923828125,100.69816589355469,0.8407204747200012,953.5601806640625,98.79670715332031,0.8386012315750122,858.3292846679688,473.73480224609375,0.9814921021461487,917.2771606445312,489.4058532714844,0.9760323762893677,925.629638671875,852.9911499023438,0.984512448310852,1172.7257080078125,707.0659790039062,0.9814783334732056
662,22066,832.982666015625,85.15242004394531,0.0018702816450968385,836.1000366210938,68.61337280273438,0.0024918431881815195,834.203857421875,85.27986145019531,0.0009843093575909734,866.5977172851562,46.77978515625,0.013006678782403469,859.58203125,76.37342834472656,0.0022769642528146505,876.6383666992188,3.0118331909179688,0.012128707952797413,890.0051879882812,0.0,0.0153123764321208,838.7597045898438,33.961395263671875,0.04716768488287926,876.5177001953125,37.84931945800781,0.0705837830901146,854.3871459960938,74.54054260253906,0.05333874374628067,847.3037719726562,80.020751953125,0.07906389236450195,954.0674438476562,124.18290710449219,0.8830833435058594,956.0457153320312,124.08320617675781,0.8867204785346985,864.9285888671875,487.5330810546875,0.982613205909729,905.548828125,489.5129699707031,0.9785516858100891,973.5860595703125,845.6180419921875,0.9837034344673157,1147.99072265625,693.7562866210938,0.9816612005233765
663,22100,751.7103271484375,42.2054443359375,0.005630075000226498,758.7789916992188,23.71435546875,0.007372804917395115,753.5086669921875,44.307289123535156,0.002039191545918584,818.181884765625,15.602851867675781,0.026985934004187584,798.8904418945312,49.761474609375,0.00271817110478878,851.1297607421875,0.0,0.033276334404945374,855.489990234375,0.0,0.028934357687830925,803.230224609375,14.50653076171875,0.11665940284729004,824.775146484375,24.075439453125,0.11184223741292953,828.7606201171875,52.88603210449219,0.14283832907676697,831.0338745117188,63.99119567871094,0.14521101117134094,966.5357666015625,131.60618591308594,0.9198217391967773,955.553466796875,129.32638549804688,0.9114775657653809,868.6771240234375,499.7806091308594,0.9854157567024231,872.79638671875,480.64849853515625,0.9797487854957581,1020.6914672851562,839.7145385742188,0.9814898371696472,1117.24609375,697.5772705078125,0.978962242603302
664,22133,763.7091064453125,34.57786560058594,0.00686473585665226,770.6130981445312,15.186172485351562,0.010483243502676487,760.7310791015625,32.40234375,0.001736469566822052,836.46484375,7.509063720703125,0.04896334186196327,801.8368530273438,37.37384033203125,0.002125789178535342,881.5982666015625,0.0,0.07697664201259613,836.7493896484375,0.0,0.03253256157040596,796.680419921875,1.524444580078125,0.2398260235786438,814.5731201171875,16.007400512695312,0.09329849481582642,806.2106323242188,29.219329833984375,0.23001700639724731,804.1026000976562,18.6463623046875,0.10842682421207428,983.8148803710938,134.44381713867188,0.9258841872215271,928.696533203125,131.820556640625,0.8859988451004028,907.0928344726562,500.5540466308594,0.9804282784461975,813.942138671875,472.1417541503906,0.9621171355247498,1047.40576171875,829.3207397460938,0.9697950482368469,1073.441650390625,697.7005004882812,0.9590299129486084
665,22166,816.96484375,90.9503173828125,0.0012443193700164557,823.37841796875,71.93669128417969,0.001968279480934143,814.4924926757812,89.45759582519531,0.0006415456882677972,869.560791015625,52.619590759277344,0.020635496824979782,836.2167358398438,84.1563720703125,0.0023543916177004576,902.1480712890625,15.01885986328125,0.02032894268631935,862.26416015625,3.9218215942382812,0.021627912297844887,841.0807495117188,33.00677490234375,0.051338352262973785,886.3046264648438,39.465728759765625,0.06729649007320404,846.1421508789062,75.15435791015625,0.032300110906362534,855.5694580078125,85.73265838623047,0.04064837470650673,976.9005126953125,133.7101287841797,0.905707061290741,918.268310546875,129.07200622558594,0.909115195274353,948.1338500976562,504.27008056640625,0.9774463772773743,812.3670043945312,455.301025390625,0.9731844663619995,1098.287109375,830.6927490234375,0.9726881980895996,1016.0758666992188,713.5270385742188,0.97365802526474
666,22200,840.995361328125,94.23353576660156,0.0017752739368006587,844.6674194335938,73.77767944335938,0.0023083272390067577,839.7816162109375,89.19657897949219,0.0009708613506518304,881.6605224609375,55.05583190917969,0.012159930542111397,861.7256469726562,83.2694091796875,0.0021235733292996883,913.3491821289062,21.18280792236328,0.00959824863821268,889.4774780273438,4.577064514160156,0.02120366506278515,870.9236450195312,58.25267028808594,0.03297898545861244,917.27001953125,43.09236145019531,0.10804406553506851,858.4918212890625,104.54804992675781,0.03398919850587845,866.2482299804688,89.99901580810547,0.08888356387615204,979.8031005859375,117.31178283691406,0.8599341511726379,925.689208984375,112.91207885742188,0.9009918570518494,988.6997680664062,480.75146484375,0.9745161533355713,815.77392578125,436.7015075683594,0.9779982566833496,1142.439453125,831.3028564453125,0.9734691977500916,969.1521606445312,737.7967529296875,0.9792378544807434
667,22233,896.6138305664062,74.24125671386719,0.014593361876904964,904.0175170898438,49.8892822265625,0.01454185787588358,892.683837890625,62.69462585449219,0.009563494473695755,926.89111328125,35.92707824707031,0.020779438316822052,895.3348999023438,55.73320770263672,0.009141393005847931,931.4440307617188,11.269317626953125,0.04042664170265198,914.2979736328125,0.0,0.022990239784121513,881.1566772460938,59.26073455810547,0.1230429857969284,913.5005493164062,45.562843322753906,0.07441677153110504,850.2561645507812,103.98896026611328,0.1446322649717331,865.8455810546875,89.14482879638672,0.10959143191576004,992.760009765625,111.214599609375,0.7863878607749939,937.9008178710938,103.0469970703125,0.7315506935119629,1019.9540405273438,453.4823303222656,0.9463451504707336,822.9230346679688,434.9853820800781,0.9226531982421875,1182.195556640625,793.1503295898438,0.9283920526504517,920.0665283203125,750.343505859375,0.9096974730491638
668,22266,899.3785400390625,95.08827209472656,0.004448269493877888,902.3981323242188,75.59170532226562,0.004431616514921188,891.3678588867188,85.32268524169922,0.002392000751569867,927.672607421875,60.773780822753906,0.008345212787389755,894.3792114257812,76.94151306152344,0.0026081781834363937,937.2279663085938,30.548492431640625,0.01423989050090313,917.3080444335938,12.775955200195312,0.012412539683282375,883.1134643554688,78.97613525390625,0.0757453665137291,932.5460815429688,59.408843994140625,0.07459621876478195,846.5479125976562,104.77011108398438,0.10212557762861252,865.8867797851562,77.3089599609375,0.09995517879724503,990.7022705078125,84.6983642578125,0.8411248326301575,932.4521484375,78.22050476074219,0.8297726511955261,1045.1510009765625,462.6017150878906,0.9765838384628296,857.47265625,440.16754150390625,0.9710271954536438,1213.0518798828125,786.8963012695312,0.978367269039154,859.709716796875,783.0448608398438,0.977102518081665
669,22300,909.136962890625,103.1410903930664,0.005770689807832241,910.0309448242188,82.87765502929688,0.005585931707173586,901.8618774414062,90.67911529541016,0.0030595383141189814,931.0223388671875,72.06140899658203,0.005393820349127054,906.7509765625,84.29505157470703,0.0018038591369986534,931.8284912109375,50.67979431152344,0.006598029751330614,937.5371704101562,28.667221069335938,0.0064894529059529305,885.6298828125,103.96897888183594,0.05323231965303421,947.669921875,72.12698364257812,0.05919685214757919,844.5630493164062,110.395751953125,0.11489590257406235,869.9976806640625,80.143798828125,0.12027394026517868,988.1779174804688,68.68428039550781,0.7791698575019836,946.0834350585938,62.10530090332031,0.7730089426040649,1048.9241943359375,448.1143798828125,0.9800329804420471,876.1426391601562,433.951171875,0.9761455059051514,1244.4678955078125,778.0313110351562,0.9859985113143921,837.7496948242188,794.18505859375,0.9852864742279053
670,22333,912.065185546875,96.90042114257812,0.0054123979061841965,913.5098876953125,77.63715362548828,0.0054347882978618145,905.0748291015625,85.43124389648438,0.0026800651103258133,933.6266479492188,65.62337493896484,0.005751350428909063,910.1581420898438,77.52433776855469,0.0016499676275998354,927.9501342773438,35.563568115234375,0.0075054895132780075,940.9671630859375,18.176513671875,0.0057738893665373325,865.5924682617188,77.69924926757812,0.06781982630491257,941.73291015625,63.41084289550781,0.051824066787958145,793.9210205078125,107.74369812011719,0.13771244883537292,868.8246459960938,84.72024536132812,0.10982608050107956,988.259033203125,61.80267333984375,0.7781636714935303,951.8524169921875,57.41770935058594,0.7497153878211975,1039.69482421875,447.5668029785156,0.9773494601249695,882.578125,432.527099609375,0.9698187112808228,1260.8797607421875,759.2247314453125,0.982873260974884,841.1260986328125,788.048828125,0.9807766079902649
671,22366,917.0387573242188,64.28821563720703,0.010308237746357918,922.6144409179688,40.89802551269531,0.012041582725942135,910.7877197265625,52.0989990234375,0.00666675204411149,939.0730590820312,34.019325256347656,0.01507635973393917,905.2484130859375,51.104026794433594,0.004928378853946924,923.3820190429688,16.730918884277344,0.019728384912014008,919.35498046875,2.1746292114257812,0.00761858094483614,879.2250366210938,65.37398529052734,0.07737211883068085,896.3035278320312,50.1741943359375,0.02726644277572632,834.099609375,107.75935363769531,0.10315224528312683,863.32568359375,102.52342987060547,0.0486765019595623,978.8386840820312,80.06117248535156,0.7151710987091064,940.916748046875,76.86536407470703,0.6136844158172607,1004.8541259765625,448.0461120605469,0.9497478604316711,879.1814575195312,442.70758056640625,0.920328676700592,1265.75634765625,750.9951782226562,0.9475226998329163,893.4065551757812,787.8366088867188,0.9300748109817505
672,22400,944.4010620117188,110.60394287109375,0.02151963859796524,944.1177978515625,91.56248474121094,0.015203120186924934,927.806640625,99.90824890136719,0.013102839700877666,946.1314086914062,81.0714111328125,0.0065374840050935745,914.2058715820312,89.17405700683594,0.00493630301207304,941.6581420898438,40.039306640625,0.015247839502990246,938.6224975585938,37.10774230957031,0.008292711339890957,921.0214233398438,87.22457885742188,0.10894584655761719,916.0789184570312,85.77040100097656,0.05266831815242767,887.5250854492188,119.14256286621094,0.2461148500442505,864.1572875976562,96.81385803222656,0.1493750959634781,975.13037109375,94.93016052246094,0.6871033310890198,940.5628662109375,92.61405944824219,0.6017864942550659,982.591796875,469.4352722167969,0.9603046774864197,885.8285522460938,465.90582275390625,0.9409487247467041,1274.0977783203125,737.7138061523438,0.974998950958252,922.0554809570312,816.3392944335938,0.967484712600708
673,22433,893.7066650390625,102.08981323242188,0.004463601391762495,894.8349609375,86.85578155517578,0.005122542846947908,885.3228759765625,95.9143295288086,0.0025203798431903124,911.0150756835938,72.097412109375,0.0060950396582484245,889.55712890625,87.78794860839844,0.0015912811504676938,901.9169921875,31.028915405273438,0.0053773908875882626,926.024658203125,13.93597412109375,0.004380065482109785,886.0488891601562,76.28109741210938,0.03996298089623451,906.6566162109375,80.20742797851562,0.03488339111208916,848.2603149414062,128.24281311035156,0.07642120867967606,835.20947265625,121.56660461425781,0.07100217789411545,959.8756713867188,76.90374755859375,0.7296827435493469,951.7277221679688,80.73193359375,0.7024506330490112,949.6737670898438,489.5922546386719,0.9685143828392029,914.8880004882812,496.3988342285156,0.9617270231246948,1273.522705078125,733.79248046875,0.9799129962921143,961.0692138671875,827.8368530273438,0.9775365591049194
674,22466,861.0097045898438,85.12875366210938,0.004395581781864166,861.4361572265625,67.79548645019531,0.0045667425729334354,858.50048828125,79.88829803466797,0.002365375403314829,885.9693603515625,53.68931579589844,0.008238800801336765,886.3800659179688,74.18714904785156,0.002461229218170047,889.5005493164062,18.345062255859375,0.007949849590659142,939.89013671875,2.3248672485351562,0.014267319813370705,876.6018676757812,54.31150817871094,0.047208234667778015,930.2260131835938,56.223724365234375,0.10594911873340607,866.9617309570312,107.28483581542969,0.07959721237421036,870.2332763671875,100.64662170410156,0.14892123639583588,964.282470703125,105.26545715332031,0.8039113283157349,975.6553344726562,111.70541381835938,0.8415147662162781,930.212646484375,485.2885437011719,0.9658046364784241,914.16357421875,495.2064514160156,0.9708616733551025,1225.1026611328125,720.4766845703125,0.9705011248588562,1007.4951782226562,831.63232421875,0.9725397825241089
675,22500,796.5774536132812,28.095977783203125,0.007286710664629936,798.4801025390625,11.711883544921875,0.00854482688009739,796.9296264648438,26.825088500976562,0.0029107953887432814,843.0114135742188,6.80364990234375,0.028786683455109596,862.2645874023438,29.709617614746094,0.004478099290281534,862.6768798828125,0.0,0.04231742024421692,952.43701171875,0.0,0.03868789225816727,846.3107299804688,10.440765380859375,0.11465886980295181,927.704833984375,37.535980224609375,0.11618116497993469,864.5812377929688,32.860748291015625,0.10325780510902405,874.1647338867188,87.58834075927734,0.10747908800840378,970.2965698242188,132.39491271972656,0.9164724349975586,1014.6487426757812,134.1319580078125,0.9138163924217224,902.9854125976562,489.50701904296875,0.9808201193809509,918.888427734375,497.2665100097656,0.9795714616775513,1182.646728515625,712.834716796875,0.9807558655738831,1029.3707275390625,832.3781127929688,0.9790664315223694
676,22533,784.41162109375,39.98652648925781,0.0041888440027832985,786.8613891601562,23.97381591796875,0.0051472727209329605,787.5640869140625,41.564369201660156,0.0014980891719460487,838.829833984375,18.65911102294922,0.028431283310055733,869.4735717773438,42.519744873046875,0.003733401419594884,855.34130859375,0.0,0.060403820127248764,975.1908569335938,0.0,0.030026711523532867,823.4844360351562,4.7094268798828125,0.18739396333694458,922.7217407226562,26.515228271484375,0.08698097616434097,850.8104248046875,10.444381713867188,0.1527060568332672,861.0126342773438,35.53834533691406,0.08095675706863403,971.1346435546875,121.05500793457031,0.9273184537887573,1047.3548583984375,118.03422546386719,0.9005674123764038,875.8103637695312,483.11865234375,0.9818779230117798,964.8878173828125,492.89007568359375,0.9741055965423584,1126.8592529296875,727.5728759765625,0.9769848585128784,1059.2376708984375,815.4515991210938,0.9702833294868469
677,22566,842.0304565429688,84.06692504882812,0.001967117190361023,840.6420288085938,66.71479797363281,0.002291392534971237,842.8045043945312,86.06861114501953,0.0010027774842455983,873.4176635742188,48.16674041748047,0.016050143167376518,898.0944213867188,79.34861755371094,0.0034381099976599216,879.5767822265625,6.4269561767578125,0.017718687653541565,983.95751953125,0.0,0.029543437063694,866.7935180664062,33.879913330078125,0.051448941230773926,946.8103637695312,51.54130554199219,0.10575580596923828,873.2891845703125,99.68383026123047,0.04754466563463211,877.9678344726562,96.03160858154297,0.08655491471290588,973.4046630859375,100.61526489257812,0.8653684258460999,1047.1861572265625,101.1331787109375,0.8914353251457214,866.7145385742188,469.5377197265625,0.9706235527992249,989.6527099609375,486.80816650390625,0.9746201038360596,1088.21826171875,760.001220703125,0.9688364863395691,1119.2655029296875,811.5841064453125,0.9706474542617798
678,22600,896.463134765625,86.75990295410156,0.009594940580427647,899.6812133789062,58.500709533691406,0.010957762598991394,896.4718017578125,77.31873321533203,0.006083631422370672,921.786865234375,41.619873046875,0.02901429310441017,935.4609985351562,71.29869079589844,0.008184920996427536,911.721923828125,7.8181915283203125,0.031175827607512474,1000.3319702148438,13.580520629882812,0.026908855885267258,902.171142578125,58.556007385253906,0.07110731303691864,949.3099365234375,59.868186950683594,0.0728595107793808,892.01513671875,123.57261657714844,0.09442447125911713,880.932373046875,98.30770111083984,0.1108996570110321,986.7286987304688,102.19436645507812,0.7614445090293884,1058.0887451171875,106.53160858154297,0.7442600131034851,844.6629638671875,446.65301513671875,0.9452254176139832,1011.6949462890625,471.0522766113281,0.93777996301651,1044.0382080078125,787.4038696289062,0.9354372024536133,1166.63427734375,809.315185546875,0.9292081594467163
679,22633,875.4981689453125,74.5114517211914,0.0031056480947881937,874.1123657226562,52.05596923828125,0.003523443127050996,878.7594604492188,70.4967269897461,0.0016974401660263538,895.2257080078125,35.83149719238281,0.013598022051155567,926.1837158203125,66.80067443847656,0.0037705060094594955,899.883544921875,3.6945877075195312,0.011259382590651512,999.439697265625,3.8520126342773438,0.016251711174845695,900.1160888671875,62.33171081542969,0.036855973303318024,973.365478515625,66.06429290771484,0.06169459968805313,902.896240234375,119.75001525878906,0.056603074073791504,892.3327026367188,100.61377716064453,0.08230755478143692,973.097900390625,78.07086181640625,0.7906414866447449,1057.1641845703125,77.41195678710938,0.812321126461029,866.0090942382812,453.1029357910156,0.9756432771682739,1045.3931884765625,468.01409912109375,0.9758481979370117,953.7888793945312,822.9863891601562,0.9787988066673279,1209.8763427734375,802.951904296875,0.9779245257377625
680,22666,912.6998291015625,95.35457611083984,0.004527769982814789,910.4235229492188,71.77867126464844,0.004051158204674721,910.2822875976562,84.79769897460938,0.002180675510317087,922.983642578125,54.299468994140625,0.008366215042769909,945.4751586914062,75.94111633300781,0.0027623747009783983,916.640625,17.37249755859375,0.011515702120959759,1000.5254516601562,14.394012451171875,0.0107414023950696,905.6431884765625,78.83317565917969,0.06762199103832245,961.8352661132812,71.525390625,0.06903662532567978,898.1297607421875,122.3602294921875,0.15945780277252197,888.4451293945312,113.2177734375,0.17061346769332886,972.793212890625,65.23045349121094,0.7818806171417236,1047.22705078125,64.95803833007812,0.7593914866447449,889.3474731445312,442.4219970703125,0.9783030152320862,1066.5504150390625,459.0700378417969,0.9715976715087891,898.3818969726562,832.707275390625,0.9810958504676819,1243.2203369140625,774.9928588867188,0.9768201112747192
681,22700,923.05517578125,91.41513061523438,0.004638445097953081,923.0464477539062,67.44479370117188,0.004405501298606396,917.5446166992188,77.55624389648438,0.0021527400240302086,939.4832763671875,54.167816162109375,0.007203978020697832,940.9869384765625,71.18758392333984,0.0021582988556474447,944.94091796875,20.889129638671875,0.00911133736371994,974.4556884765625,18.337554931640625,0.007132229395210743,938.8609008789062,73.87074279785156,0.06272897124290466,941.3922729492188,65.51788330078125,0.05182669311761856,922.1212158203125,111.70207214355469,0.17101706564426422,885.5447387695312,98.9403076171875,0.1572427600622177,991.8140258789062,53.24317932128906,0.7615790963172913,1031.56494140625,54.31544494628906,0.7199370265007019,901.1292114257812,438.0135498046875,0.9800605773925781,1064.6654052734375,451.84381103515625,0.9708231091499329,869.3486938476562,834.43212890625,0.9834554195404053,1269.3157958984375,756.599365234375,0.9782384634017944
682,22733,921.6387329101562,90.68861389160156,0.004567182157188654,920.5963134765625,68.9318618774414,0.004243118222802877,918.6031494140625,80.03617858886719,0.0018131659599021077,938.6376953125,54.59541320800781,0.0065087913535535336,948.6925659179688,72.96098327636719,0.0016632145270705223,939.6054077148438,7.8717041015625,0.011556960642337799,980.7432861328125,6.3787994384765625,0.006191378924995661,921.6079711914062,39.897308349609375,0.11591491848230362,946.5001831054688,43.7032470703125,0.05819633603096008,918.9849243164062,73.78317260742188,0.30613815784454346,901.27392578125,71.52264404296875,0.20412194728851318,989.8590698242188,59.21113586425781,0.8254439234733582,1032.8631591796875,61.62945556640625,0.7547466158866882,903.3599853515625,439.9338073730469,0.9852712154388428,1055.3636474609375,456.7456970214844,0.973656415939331,871.4774780273438,828.166259765625,0.986631453037262,1278.4761962890625,743.9301147460938,0.9797739386558533
683,22766,911.8521118164062,95.0888900756836,0.004595896229147911,911.6065673828125,73.65465545654297,0.004318276420235634,909.2452392578125,87.39910125732422,0.0017606547335162759,934.6203002929688,55.544403076171875,0.006491334643214941,939.977783203125,79.27617645263672,0.0015130700776353478,934.15283203125,0.8465423583984375,0.011660136282444,974.6748046875,0.0,0.006736156065016985,915.0573120117188,34.29057312011719,0.12662623822689056,947.4979858398438,42.79664611816406,0.0702492892742157,917.274169921875,76.06100463867188,0.32858794927597046,905.3690795898438,80.7396240234375,0.2383803129196167,988.6522216796875,67.32270812988281,0.8374805450439453,1025.5643310546875,70.24502563476562,0.7754212021827698,901.564453125,447.8595886230469,0.9848989844322205,1027.0933837890625,465.71136474609375,0.9732104539871216,901.8521728515625,833.2428588867188,0.9859045147895813,1278.196533203125,726.05078125,0.9787912368774414
684,22800,910.1290893554688,91.38928985595703,0.0038932817988097668,909.0859375,71.22344970703125,0.004069884307682514,910.8157348632812,85.25983428955078,0.0015050022630020976,932.9027709960938,54.02801513671875,0.0073496452532708645,946.5349731445312,78.77481079101562,0.0013801909517496824,926.9734497070312,6.7088470458984375,0.010730849578976631,987.893798828125,0.0,0.006799331400543451,915.132080078125,39.03804016113281,0.10482315719127655,967.123046875,49.16203308105469,0.0650186687707901,911.7394409179688,78.90518188476562,0.24937179684638977,903.7265625,78.01020812988281,0.19395387172698975,983.2227172851562,87.99513244628906,0.8457264304161072,1026.8170166015625,89.5147705078125,0.7920114398002625,910.5782470703125,467.11627197265625,0.9855749607086182,1003.450927734375,484.8669738769531,0.97474604845047,937.8526611328125,846.196533203125,0.9877235889434814,1271.2845458984375,712.056396484375,0.981550931930542
685,22833,910.0452270507812,82.98511505126953,0.004557290114462376,913.3758544921875,64.06258392333984,0.004380283877253532,907.216552734375,79.10021209716797,0.0018603012431412935,944.7169799804688,44.743927001953125,0.00722218444570899,927.0582885742188,72.3270492553711,0.0016688338946551085,947.7431030273438,0.38653564453125,0.012162548489868641,954.256591796875,0.0,0.01058870181441307,936.2069091796875,48.23277282714844,0.10590457171201706,937.68896484375,51.57536315917969,0.09832584112882614,918.6110229492188,94.93505859375,0.23908928036689758,904.380615234375,89.57693481445312,0.24674062430858612,992.4851684570312,98.97770690917969,0.8728631138801575,997.9005126953125,100.80509948730469,0.8479222059249878,904.4740600585938,478.928466796875,0.9857276082038879,970.0375366210938,497.6519470214844,0.9778910875320435,981.792724609375,853.5491333007812,0.9867852330207825,1244.2098388671875,704.1337280273438,0.9819835424423218
686,22866,905.6593017578125,83.72776794433594,0.0033248206600546837,908.039306640625,66.93795776367188,0.0037101407069712877,903.7979736328125,80.94792938232422,0.0015667156549170613,938.843994140625,47.444549560546875,0.012448521330952644,923.8167724609375,73.84874725341797,0.002592917066067457,950.2996826171875,13.056610107421875,0.018760811537504196,948.1117553710938,3.0700836181640625,0.019404172897338867,928.1021118164062,63.16438293457031,0.08010058104991913,935.2531127929688,72.52455139160156,0.09199216216802597,892.9142456054688,120.12359619140625,0.1041637435555458,876.5429077148438,111.19198608398438,0.1307464987039566,1005.1498413085938,119.09161376953125,0.9066503047943115,998.751708984375,120.30010986328125,0.8978438377380371,908.943603515625,487.96307373046875,0.9864711165428162,943.3511962890625,506.021484375,0.9808473587036133,1036.5074462890625,850.5540161132812,0.9878486394882202,1212.2523193359375,702.0717163085938,0.9845959544181824
687,22900,795.8446655273438,45.68932342529297,0.0036461998242884874,802.4456787109375,27.934524536132812,0.0046786172315478325,799.34033203125,46.726707458496094,0.0011244028573855758,863.8226318359375,17.610671997070312,0.01956832781434059,853.5181884765625,48.51347351074219,0.0016958022024482489,908.5508422851562,0.0,0.028234930709004402,931.853271484375,0.0,0.02261727675795555,885.7897338867188,9.415374755859375,0.15585339069366455,940.0933227539062,21.203567504882812,0.11694330722093582,829.872802734375,8.642166137695312,0.1974174678325653,846.4755249023438,28.787933349609375,0.15804734826087952,1006.29736328125,135.9945831298828,0.9327021837234497,1007.19287109375,129.0974578857422,0.9222353100776672,917.83447265625,509.051513671875,0.9885382652282715,924.64990234375,485.6630859375,0.9827072024345398,1079.7509765625,846.2660522460938,0.9838457107543945,1178.012451171875,696.71435546875,0.9807592034339905
688,22933,805.2633056640625,58.86346435546875,0.0025222362019121647,813.7667236328125,39.36717224121094,0.00325353373773396,804.2611083984375,59.66844177246094,0.0008919731481000781,875.7208251953125,26.78759765625,0.016923367977142334,838.5999755859375,63.23822021484375,0.0016077751060947776,924.352294921875,0.0,0.020066292956471443,887.6327514648438,0.0,0.024865534156560898,860.8272094726562,4.7040252685546875,0.10308577865362167,882.4636840820312,11.192916870117188,0.1330789029598236,804.7191162109375,5.3930511474609375,0.11964742094278336,803.1941528320312,2.8897705078125,0.14986377954483032,1016.3438110351562,132.912109375,0.8869609832763672,967.7333374023438,129.61355590820312,0.8932228088378906,945.5739135742188,507.364013671875,0.9719926714897156,868.5020141601562,479.4423828125,0.965460479259491,1099.0660400390625,837.5967407226562,0.9566967487335205,1136.2020263671875,689.1398315429688,0.9552142024040222
689,22966,875.1362915039062,85.73483276367188,0.0020556922536343336,881.9180297851562,64.00245666503906,0.0026578379329293966,869.4696044921875,81.26905059814453,0.001114621409215033,925.3228149414062,44.82133483886719,0.01580074615776539,881.154296875,77.82197570800781,0.0028475134167820215,965.5455932617188,13.731765747070312,0.013650363311171532,898.8807373046875,5.808837890625,0.028090912848711014,937.0263061523438,48.12915802001953,0.03923704847693443,930.78369140625,47.19749450683594,0.10346881300210953,908.9100952148438,122.4001693725586,0.035519879311323166,887.6188354492188,110.97459411621094,0.07361353188753128,1021.2596435546875,135.1559295654297,0.8588812947273254,950.0299072265625,132.72459411621094,0.89494389295578,991.9561767578125,507.51837158203125,0.965671956539154,857.4454345703125,463.1450500488281,0.9674440622329712,1166.7738037109375,838.07666015625,0.955655038356781,1073.1202392578125,712.3955078125,0.9633316397666931
690,23000,904.728759765625,88.92214965820312,0.002603920642286539,909.6139526367188,66.44499206542969,0.003363380441442132,896.3256225585938,80.28973388671875,0.0012239259667694569,947.3538208007812,47.83415222167969,0.014062099158763885,906.8963623046875,73.30622863769531,0.0020902894902974367,970.5657348632812,14.500625610351562,0.018968096002936363,929.7881469726562,2.6507720947265625,0.01615796610713005,952.27587890625,54.523681640625,0.07305246591567993,958.1199340820312,56.281768798828125,0.07355567067861557,934.8287353515625,110.108642578125,0.07298433780670166,905.8569946289062,98.82225036621094,0.07266952097415924,1022.3575439453125,113.70552062988281,0.8754765391349792,958.1751708984375,107.22267150878906,0.8666664958000183,1042.6669921875,499.2586669921875,0.9760217070579529,849.4320068359375,442.3970947265625,0.9690988659858704,1199.8619384765625,828.1318359375,0.9743612408638,1016.4510498046875,744.4075927734375,0.9740691781044006
691,23033,884.1344604492188,86.76100158691406,0.0023264572955667973,888.1761474609375,63.5357666015625,0.0030041199643164873,881.3906860351562,77.33528137207031,0.001415607868693769,921.7245483398438,49.0517578125,0.015595187433063984,900.6150512695312,74.81103515625,0.0036794859915971756,952.1900024414062,15.288871765136719,0.013723946176469326,926.1585083007812,10.004150390625,0.024922864511609077,929.9653930664062,51.44652557373047,0.03193763643503189,974.7703857421875,47.65587615966797,0.0787699967622757,944.6839599609375,112.52478790283203,0.02447829395532608,943.25927734375,100.31238555908203,0.046635258942842484,1021.0640258789062,113.08209228515625,0.8465495705604553,962.6690063476562,116.29399108886719,0.8834615349769592,1060.2115478515625,477.17120361328125,0.9678210020065308,856.1801147460938,439.89459228515625,0.9710631966590881,1238.3255615234375,810.864990234375,0.9649973511695862,958.1486206054688,761.9181518554688,0.9725402593612671
692,23066,928.9428100585938,73.51588439941406,0.006161342840641737,931.5864868164062,51.426910400390625,0.007514900993555784,925.9660034179688,64.78328704833984,0.0041700126603245735,954.1077270507812,41.98164367675781,0.01911958120763302,936.5549926757812,62.796661376953125,0.005984710529446602,948.925048828125,18.710494995117188,0.02752753719687462,971.8821411132812,3.9985885620117188,0.01498966384679079,916.2584838867188,61.42506408691406,0.07241571694612503,989.940673828125,47.42765808105469,0.0427062064409256,906.838134765625,112.16191864013672,0.0625392496585846,972.1632080078125,107.09902954101562,0.042316194623708725,1021.4295654296875,94.4674072265625,0.8009672164916992,988.4227905273438,87.90332794189453,0.7522407174110413,1078.6439208984375,457.0392150878906,0.9569849967956543,875.0473022460938,437.57293701171875,0.9399644136428833,1265.584716796875,788.9930419921875,0.9486385583877563,887.7579956054688,778.0999145507812,0.9376840591430664
693,23100,922.7378540039062,92.40696716308594,0.004469926469027996,923.899169921875,69.87860870361328,0.005758681800216436,917.480224609375,77.04906463623047,0.002510789781808853,950.3822631835938,62.956214904785156,0.009709140285849571,933.4050903320312,74.48785400390625,0.0022192588075995445,956.413330078125,55.728607177734375,0.0077028959058225155,971.8250122070312,33.83592224121094,0.006419428624212742,917.73046875,119.53569030761719,0.031373463571071625,1031.723876953125,93.44476318359375,0.030485734343528748,899.5248413085938,151.38052368164062,0.04389862343668938,990.4834594726562,138.1666259765625,0.03914684057235718,1021.5444946289062,71.79579162597656,0.7602930068969727,980.9824829101562,67.75259399414062,0.7483120560646057,1079.7159423828125,454.57708740234375,0.9776667952537537,892.6605834960938,435.9503173828125,0.9726645350456238,1304.44091796875,773.5929565429688,0.9864221811294556,870.5947265625,795.98974609375,0.9857665300369263
694,23133,920.9408569335938,92.23358917236328,0.004424017854034901,921.1622924804688,71.96488952636719,0.005427470896393061,915.4744262695312,78.78069305419922,0.0024487751070410013,944.3943481445312,63.120826721191406,0.007968456484377384,931.0332641601562,73.70411682128906,0.0019611928146332502,945.2692260742188,45.98638916015625,0.0071867420338094234,972.18017578125,23.45196533203125,0.00556955486536026,903.7928466796875,96.71644592285156,0.03812189772725105,1004.1317749023438,72.85533142089844,0.03147602081298828,871.224609375,133.1697235107422,0.057167842984199524,935.09033203125,114.0875244140625,0.045898471027612686,1011.9379272460938,66.74363708496094,0.7740391492843628,982.07958984375,64.13104248046875,0.7521955370903015,1062.630859375,452.4035339355469,0.9789276123046875,900.6502075195312,441.1015319824219,0.9729108810424805,1318.3648681640625,751.9580078125,0.987143337726593,871.2255859375,797.9573364257812,0.9857919216156006
695,23166,974.0025024414062,66.62063598632812,0.021120013669133186,977.2176513671875,41.68304443359375,0.017598897218704224,964.1077880859375,52.040016174316406,0.014176450669765472,979.1966552734375,28.542068481445312,0.013878746889531612,946.3786010742188,43.9969482421875,0.008261026814579964,962.14990234375,10.046768188476562,0.02893451601266861,968.0969848632812,0.0,0.009903083555400372,922.2700805664062,75.47245788574219,0.10929200053215027,958.1024780273438,74.52919006347656,0.032817818224430084,900.1762084960938,119.84777069091797,0.15528391301631927,927.5183715820312,139.80628967285156,0.06383878737688065,994.2149047851562,102.88545227050781,0.6678029298782349,958.4663696289062,92.77500915527344,0.5389342308044434,1034.6231689453125,457.57904052734375,0.9310630559921265,901.0182495117188,445.41815185546875,0.8870434165000916,1311.364013671875,735.1026000976562,0.9329306483268738,910.9443969726562,772.79150390625,0.9075235724449158
696,23200,905.2861328125,99.80925750732422,0.005155226681381464,908.8621215820312,81.01663970947266,0.00611680606380105,895.4605102539062,88.65575408935547,0.0030545941554009914,935.6453247070312,67.49283599853516,0.006316345650702715,899.7042846679688,80.2269515991211,0.0017140301642939448,945.1893310546875,36.71058654785156,0.004472025670111179,928.394775390625,22.118637084960938,0.004910305142402649,942.1177368164062,69.16813659667969,0.027505220845341682,934.48095703125,69.01707458496094,0.03723779320716858,915.258544921875,131.28973388671875,0.054743144661188126,881.2035522460938,105.87831115722656,0.06673192232847214,994.1851196289062,71.16632080078125,0.7078737616539001,953.2450561523438,73.00602722167969,0.7177161574363708,999.9622802734375,481.3852844238281,0.968428373336792,912.8906860351562,464.9085388183594,0.966973602771759,1315.970458984375,730.8928833007812,0.981069803237915,955.3793334960938,820.0384521484375,0.9818301796913147
697,23233,909.1476440429688,101.94628143310547,0.0033325692638754845,908.8020629882812,86.59886169433594,0.0040529402904212475,902.8826293945312,95.16572570800781,0.0020563898142427206,927.38525390625,71.42747497558594,0.00866761151701212,922.4515380859375,84.84292602539062,0.0022486974485218525,917.7742919921875,35.53532409667969,0.007104146294295788,978.800048828125,13.610458374023438,0.007709850091487169,930.606689453125,82.50801086425781,0.030503680929541588,958.0873413085938,86.04853820800781,0.03942159563302994,905.2646484375,165.1161346435547,0.039372969418764114,877.4694213867188,169.59669494628906,0.048756059259176254,974.3275146484375,83.84275817871094,0.7728669047355652,995.067138671875,84.13526916503906,0.7771288752555847,961.331787109375,490.18048095703125,0.9678671360015869,935.2124633789062,490.7093200683594,0.9669795036315918,1291.8380126953125,716.278564453125,0.9801363945007324,980.7778930664062,829.6825561523438,0.9799017906188965
698,23266,883.7363891601562,70.26667785644531,0.0018051655497401953,883.0728759765625,58.038116455078125,0.0022736380342394114,882.9653930664062,70.03546142578125,0.0010381265310570598,902.598876953125,43.47212219238281,0.012775366194546223,917.2603149414062,63.06605529785156,0.0025652165059000254,884.581298828125,5.598060607910156,0.015134521760046482,978.8984985351562,0.0,0.01569269225001335,850.5504150390625,30.157928466796875,0.051777180284261703,922.6311645507812,43.984405517578125,0.06592413783073425,880.83544921875,101.44857788085938,0.04143495485186577,878.3346557617188,104.67503356933594,0.05541284382343292,977.6666259765625,128.63572692871094,0.8905908465385437,1022.1659545898438,132.0482177734375,0.8914350271224976,924.3629150390625,492.73114013671875,0.9749454259872437,930.3983154296875,501.1117858886719,0.9747850298881531,1246.22412109375,707.5794677734375,0.9795593023300171,1012.535400390625,830.1456298828125,0.9789454340934753
699,23300,807.2237548828125,29.340248107910156,0.022059660404920578,809.0218505859375,9.671310424804688,0.02666022628545761,806.224365234375,26.148399353027344,0.008979078382253647,854.5241088867188,0.0,0.06206664443016052,871.2384033203125,24.21624755859375,0.008757222443819046,866.6389770507812,0.0,0.09056459367275238,970.8389282226562,0.0,0.06407775729894638,841.8268432617188,16.827346801757812,0.16126523911952972,899.486572265625,28.687271118164062,0.12230910360813141,822.8641357421875,19.679031372070312,0.13805046677589417,832.0490112304688,16.89312744140625,0.12153247743844986,988.6197509765625,125.80384826660156,0.9218388199806213,1048.805419921875,122.59927368164062,0.9092081189155579,895.7959594726562,489.4396667480469,0.9804091453552246,934.4722290039062,490.3526306152344,0.9774858951568604,1194.3782958984375,707.2044067382812,0.979697048664093,1033.4337158203125,824.4529418945312,0.9774408936500549
700,23333,801.5786743164062,42.09690856933594,0.006447326857596636,806.7279052734375,22.291122436523438,0.007306301034986973,809.0582885742188,42.61161804199219,0.0026536183431744576,858.9574584960938,15.618782043457031,0.028449760749936104,885.6403198242188,42.65087127685547,0.004752517212182283,868.9649047851562,0.0,0.05605478957295418,987.995361328125,0.0,0.037800755351781845,842.394287109375,12.290611267089844,0.19763410091400146,899.37109375,18.381797790527344,0.13202060759067535,815.6660766601562,9.639312744140625,0.22023965418338776,814.8212280273438,6.261405944824219,0.17372889816761017,993.4859619140625,112.95050811767578,0.8717382550239563,1074.0499267578125,107.84033203125,0.8473747372627258,873.6455078125,474.72503662109375,0.9584587216377258,977.3820190429688,473.05718994140625,0.9467135071754456,1126.551513671875,758.2727661132812,0.9294299483299255,1104.5750732421875,779.9654541015625,0.9194710850715637
701,23366,838.588623046875,70.02484130859375,0.0019688743632286787,838.123046875,51.88398742675781,0.002645862055942416,841.3843383789062,71.895263671875,0.0009679067879915237,875.3201293945312,39.29933166503906,0.02283015474677086,908.0149536132812,70.70848846435547,0.0041299439035356045,880.718994140625,0.0,0.028139499947428703,1004.2996826171875,0.0,0.02399485372006893,847.0615234375,9.872772216796875,0.06835062056779861,960.1314697265625,32.452056884765625,0.057357169687747955,858.0584106445312,16.413070678710938,0.04762120544910431,873.7489624023438,33.66297912597656,0.04072323068976402,988.333251953125,98.56306457519531,0.8785405158996582,1074.2464599609375,97.03688049316406,0.8705075979232788,873.572998046875,467.68280029296875,0.9763118624687195,1003.020263671875,476.0431823730469,0.9725431799888611,1079.421875,767.4540405273438,0.9752497673034668,1148.12451171875,812.86767578125,0.9718735814094543
702,23400,868.607666015625,77.70895385742188,0.0030964789912104607,867.3385620117188,56.55372619628906,0.0033873708453029394,869.8547973632812,75.88883972167969,0.0015977041330188513,894.3513793945312,38.18389892578125,0.014380130916833878,921.1824340820312,70.32257080078125,0.0038289078511297703,901.5780029296875,4.229461669921875,0.013672297820448875,1006.4793090820312,2.8712539672851562,0.022661946713924408,912.11083984375,55.49615478515625,0.04422104358673096,980.1019287109375,60.946998596191406,0.08805450797080994,922.4483642578125,119.06881713867188,0.06165017560124397,904.55224609375,98.5543441772461,0.10208883136510849,985.4471435546875,90.8492431640625,0.8066126704216003,1070.0159912109375,90.43180847167969,0.8394170999526978,865.393310546875,455.3159484863281,0.9701932668685913,1032.60546875,472.1635437011719,0.9734330773353577,1017.80712890625,791.973876953125,0.9718019366264343,1185.214599609375,811.1006469726562,0.9725204110145569
703,23433,904.0346069335938,85.42131042480469,0.005928539205342531,904.4059448242188,58.20703125,0.006212147884070873,907.2200927734375,75.87897491455078,0.0033574127592146397,919.7089233398438,45.14918518066406,0.01970096305012703,951.7731323242188,72.20967864990234,0.005257252603769302,904.8995971679688,5.243156433105469,0.0251445472240448,1020.6004028320312,7.144569396972656,0.021135883405804634,907.41748046875,68.3265151977539,0.07868843525648117,980.129150390625,64.21076202392578,0.08202961087226868,918.7483520507812,134.54783630371094,0.12047595530748367,903.5443725585938,113.09204864501953,0.14371073246002197,986.8343505859375,94.6669692993164,0.8237252831459045,1082.4423828125,98.69306945800781,0.8050055503845215,867.11572265625,439.26763916015625,0.9699468016624451,1054.8599853515625,460.5335998535156,0.9633693695068359,941.2158203125,799.8407592773438,0.9628087282180786,1220.0654296875,782.1332397460938,0.9574381709098816
704,23466,924.51953125,93.44112396240234,0.004354980308562517,922.3145141601562,69.16143035888672,0.004055496770888567,921.14599609375,80.82545471191406,0.002156639937311411,934.40869140625,54.513702392578125,0.008730271831154823,954.9950561523438,73.5582504272461,0.0029240292496979237,928.371826171875,18.828323364257812,0.011951296590268612,1008.1520385742188,14.89910888671875,0.0096046831458807,922.5732421875,72.83528137207031,0.06468875706195831,976.8633422851562,61.65953063964844,0.05587834492325783,931.0477905273438,105.70596313476562,0.1451767086982727,907.7732543945312,88.00776672363281,0.1343676894903183,980.5935668945312,60.16552734375,0.7866265773773193,1053.451171875,59.08982849121094,0.752501904964447,894.9290771484375,442.2183837890625,0.9803896546363831,1072.4443359375,451.66876220703125,0.9727086424827576,870.6993408203125,825.1929931640625,0.9834571480751038,1250.724609375,766.0625610351562,0.9790090918540955
705,23500,926.3375854492188,87.65684509277344,0.0044604092836380005,926.0670776367188,64.30073547363281,0.004241625312715769,921.403564453125,72.7005386352539,0.001968477852642536,942.6566162109375,52.60089111328125,0.007200060412287712,948.7227172851562,65.44988250732422,0.002009267918765545,947.3042602539062,19.2220458984375,0.009612747468054295,984.4542846679688,12.672271728515625,0.00699378689751029,940.7411499023438,65.37030029296875,0.06967340409755707,951.0315551757812,54.31242370605469,0.05268697813153267,929.7828979492188,100.79713439941406,0.18764223158359528,894.6544799804688,88.03605651855469,0.16068950295448303,997.5158081054688,58.55113220214844,0.7929721474647522,1042.378662109375,56.78031921386719,0.7493355870246887,900.9093017578125,443.45745849609375,0.9839143753051758,1064.89599609375,446.26959228515625,0.9756187200546265,842.0076293945312,831.1822509765625,0.9865372180938721,1270.347900390625,749.1978149414062,0.9821718335151672
706,23533,897.4393310546875,79.59452819824219,0.003307232866063714,901.2830810546875,55.34619140625,0.003545032348483801,896.6522827148438,68.72955322265625,0.0014087893068790436,924.936279296875,41.74195861816406,0.007492038421332836,923.7296142578125,64.10016632080078,0.0016452724812552333,936.2203369140625,0.0,0.007241253275424242,962.6898803710938,0.0,0.007321347016841173,926.6008911132812,39.47593688964844,0.059837181121110916,938.79931640625,33.80328369140625,0.062191445380449295,935.294677734375,69.05117797851562,0.16402888298034668,906.1536254882812,69.49779510498047,0.16302450001239777,995.6807250976562,62.44825744628906,0.771854817867279,1031.1756591796875,59.7132568359375,0.7573652267456055,904.6259765625,448.0577392578125,0.9779361486434937,1038.3001708984375,442.0382080078125,0.972057580947876,858.3462524414062,825.3651123046875,0.9783329367637634,1277.29833984375,737.3192138671875,0.9742451310157776
707,23566,886.9530639648438,83.47382354736328,0.003399644745513797,889.6368408203125,59.71760559082031,0.003515654942020774,888.578125,75.53082275390625,0.0015112983528524637,914.9127197265625,43.11698913574219,0.008881851099431515,922.2532348632812,70.32108306884766,0.0020944869611412287,922.2601928710938,1.2563323974609375,0.00825753528624773,971.7559204101562,0.0,0.01242863666266203,916.9725952148438,48.76769256591797,0.05510929226875305,960.4396362304688,45.19489288330078,0.09346026182174683,924.2875366210938,94.0792465209961,0.13567283749580383,899.7889404296875,86.17357635498047,0.19694776833057404,986.21142578125,79.12550354003906,0.7892429828643799,1030.751220703125,76.58967590332031,0.8061069250106812,900.003662109375,456.3650207519531,0.9756709337234497,1013.835205078125,454.66876220703125,0.9732259511947632,890.89404296875,834.4649047851562,0.9753609895706177,1279.489501953125,720.592529296875,0.9730605483055115
708,23600,909.289306640625,96.09608459472656,0.0027920245192945004,908.6829223632812,75.567626953125,0.003072666237130761,910.00146484375,87.63040924072266,0.001393918297253549,927.0452270507812,57.0560302734375,0.00829105731099844,941.5806884765625,77.97859954833984,0.0020156539976596832,921.1483764648438,16.356216430664062,0.009231285192072392,982.946044921875,0.0,0.008629214949905872,919.9304809570312,66.20709228515625,0.051370203495025635,983.0618286132812,53.08113098144531,0.055610623210668564,919.474365234375,94.73680114746094,0.09440600872039795,913.4821166992188,76.09304809570312,0.11110059916973114,974.6032104492188,94.37713623046875,0.821225643157959,1017.454345703125,93.30477905273438,0.7992696762084961,905.170166015625,469.7726745605469,0.9824604392051697,987.8849487304688,486.01513671875,0.9748966097831726,936.8009643554688,847.7298583984375,0.9871084094047546,1253.877685546875,706.6585693359375,0.9829955697059631
709,23633,900.36279296875,90.62150573730469,0.003195197321474552,904.11474609375,72.01748657226562,0.0033772571478039026,896.1779174804688,83.58503723144531,0.0016507727559655905,928.1045532226562,52.60931396484375,0.008036836050450802,907.993896484375,73.75064849853516,0.002182702999562025,937.7254638671875,15.438674926757812,0.009743817150592804,938.4064331054688,0.0,0.010957282967865467,951.4595947265625,81.22677612304688,0.05127909034490585,965.3471069335938,66.81051635742188,0.07063045352697372,913.0977172851562,110.37469482421875,0.09071744978427887,894.03076171875,91.56216430664062,0.130523681640625,986.0282592773438,100.36152648925781,0.8326374888420105,986.677001953125,100.17768859863281,0.8269043564796448,896.723388671875,477.5830993652344,0.9811205267906189,959.0317993164062,497.34429931640625,0.9747936129570007,972.628662109375,853.7766723632812,0.9850172400474548,1226.5291748046875,697.7019653320312,0.9815011024475098
710,23666,844.2568359375,76.36097717285156,0.002049446804448962,849.9525146484375,59.475860595703125,0.0025741886347532272,843.3609008789062,76.68981170654297,0.0009489385993219912,889.128662109375,40.372833251953125,0.013845803216099739,869.8273315429688,70.62387084960938,0.0023409274872392416,903.5191650390625,0.0,0.01859198696911335,904.6065673828125,0.0,0.01711423322558403,834.00537109375,15.854873657226562,0.08365881443023682,876.1480102539062,30.9737548828125,0.07522743940353394,861.4447631835938,29.208526611328125,0.0919903889298439,863.7788696289062,78.00361633300781,0.08593229949474335,991.4736938476562,125.88725280761719,0.9197053909301758,985.0338134765625,121.96833801269531,0.9097540974617004,902.063232421875,499.8851623535156,0.9877150654792786,940.3147583007812,483.2904968261719,0.9822800755500793,1008.5694580078125,853.846435546875,0.9856254458427429,1196.217529296875,697.9757690429688,0.9827605485916138
711,23700,818.9615478515625,60.6441650390625,0.009889883920550346,825.4876098632812,39.450714111328125,0.011006825603544712,818.2652587890625,58.36528015136719,0.003825477557256818,873.5941772460938,20.968093872070312,0.025590581819415092,852.40966796875,53.83213806152344,0.004091656766831875,893.3095092773438,0.0,0.05094970390200615,904.03125,0.0,0.03088306076824665,828.9122314453125,27.7283935546875,0.20032665133476257,861.183837890625,34.43797302246094,0.121999591588974,819.4508056640625,18.876296997070312,0.2571236193180084,817.9847412109375,18.247146606445312,0.19912461936473846,1005.4204711914062,134.07354736328125,0.9283656477928162,998.3595581054688,133.8603973388672,0.9042041301727295,913.8726806640625,498.1263427734375,0.9867432117462158,920.1912841796875,484.5838928222656,0.9777758717536926,1074.4427490234375,841.7092895507812,0.981799304485321,1166.444580078125,701.703125,0.9763864874839783
712,23733,803.9843139648438,37.966094970703125,0.006901578977704048,811.0059814453125,18.7342529296875,0.00917300209403038,802.4075317382812,36.908660888671875,0.0024465559981763363,862.5743408203125,9.693901062011719,0.04573117941617966,835.287109375,42.05992126464844,0.004374003503471613,904.35302734375,0.0,0.06582590192556381,875.5880737304688,0.0,0.0489254966378212,842.5286865234375,12.055206298828125,0.15641549229621887,860.4133911132812,21.618988037109375,0.11631479114294052,862.9187622070312,10.529296875,0.13440343737602234,844.8385620117188,12.3603515625,0.10296094417572021,1006.4612426757812,135.20211791992188,0.873777449131012,966.2359008789062,132.89080810546875,0.8542287945747375,941.1238403320312,504.4410400390625,0.9577372670173645,872.7568969726562,467.7188415527344,0.9404302835464478,1085.7283935546875,834.5115966796875,0.9236870408058167,1091.536376953125,728.7723999023438,0.914983868598938
713,23766,844.1337890625,60.37916564941406,0.0018326322315260768,847.4733276367188,42.55696105957031,0.0023044717963784933,843.4107666015625,59.136566162109375,0.0007839080644771457,886.369140625,28.243743896484375,0.016817571595311165,872.9485473632812,58.43238830566406,0.0022638030350208282,912.6422119140625,0.0,0.023835837841033936,904.3854370117188,0.0,0.025431811809539795,852.8864135742188,10.312911987304688,0.08885008096694946,919.3101806640625,28.181396484375,0.10196459293365479,897.8768920898438,29.536697387695312,0.07500966638326645,892.0660400390625,81.05500030517578,0.079507976770401,1008.3666381835938,137.20323181152344,0.9134939908981323,967.7678833007812,134.8192901611328,0.9146888852119446,988.5347900390625,508.4955139160156,0.9792197942733765,856.9179077148438,454.6111755371094,0.9741646647453308,1153.631103515625,834.9718017578125,0.9687170386314392,1043.3690185546875,719.7490234375,0.9699413776397705
714,23800,878.667724609375,82.58651733398438,0.002200640505179763,882.7313232421875,61.90113830566406,0.002716562245041132,876.560546875,76.24836730957031,0.0013087316183373332,916.2566528320312,44.847564697265625,0.015152557753026485,894.8038940429688,71.67098236083984,0.0035155180376023054,948.2957153320312,10.6611328125,0.014186595566570759,914.8323364257812,3.0874099731445312,0.029268216341733932,914.3992919921875,47.240478515625,0.03569406270980835,947.0278930664062,45.820404052734375,0.10078385472297668,917.2908325195312,109.3561019897461,0.029297498986124992,907.2811889648438,101.4415054321289,0.06442786753177643,1008.0128173828125,124.98893737792969,0.8697839975357056,950.9193115234375,124.7347412109375,0.9054636359214783,1026.0262451171875,485.1497497558594,0.9724099040031433,859.148681640625,444.48614501953125,0.9757378101348877,1185.8349609375,829.3546142578125,0.9683408737182617,995.619873046875,753.3019409179688,0.9753738045692444
715,23833,891.9497680664062,84.2350845336914,0.0038621306885033846,896.04931640625,62.31671905517578,0.004292063415050507,889.4886474609375,74.96640014648438,0.0023642494343221188,925.3599853515625,45.86304473876953,0.014161617495119572,903.1146240234375,69.35833740234375,0.004510285332798958,951.1368408203125,15.828598022460938,0.015255330130457878,923.092529296875,10.038894653320312,0.0292956680059433,918.85546875,64.21151733398438,0.04244695603847504,951.5162353515625,55.45671844482422,0.10453276336193085,899.6627197265625,131.6249237060547,0.04087301716208458,897.45703125,115.16876220703125,0.0799730122089386,1011.0228881835938,108.26724243164062,0.841075599193573,953.7973022460938,112.42012023925781,0.87916100025177,1048.8363037109375,465.3592529296875,0.9669570922851562,867.484130859375,442.2423095703125,0.9701452255249023,1228.2794189453125,798.8551635742188,0.9634802341461182,932.3743286132812,765.16845703125,0.9703456163406372
716,23866,884.2410278320312,98.12791442871094,0.005011365748941898,887.5643920898438,72.23899841308594,0.006331660319119692,877.7898559570312,82.42572784423828,0.0025165227707475424,922.4306030273438,58.65989685058594,0.018006395548582077,896.902587890625,76.00955200195312,0.0036516848485916853,946.4329833984375,30.375091552734375,0.019174756482243538,929.484375,30.472412109375,0.01823333464562893,878.4962768554688,83.84742736816406,0.05358874425292015,977.641357421875,84.2841796875,0.05311118811368942,817.7631225585938,147.11782836914062,0.05058305338025093,932.8075561523438,144.78167724609375,0.04515008255839348,1018.473876953125,77.21786499023438,0.8551549911499023,962.7434692382812,82.5941162109375,0.8551226854324341,1063.6710205078125,456.9150695800781,0.9801654815673828,881.9968872070312,438.81427001953125,0.9764878749847412,1262.1597900390625,783.2933349609375,0.9825908541679382,885.7326049804688,790.60986328125,0.9836118817329407
717,23900,915.2272338867188,92.17039489746094,0.004387080669403076,916.72119140625,71.78258514404297,0.005678516812622547,909.2689819335938,79.04438781738281,0.0024943144526332617,943.9509887695312,62.93451690673828,0.010314742103219032,923.2474365234375,74.54713439941406,0.0023460891097784042,953.496826171875,47.60874938964844,0.009184733033180237,955.5170288085938,30.406906127929688,0.0067618172615766525,923.4202880859375,99.85661315917969,0.036243099719285965,1008.0209350585938,88.41073608398438,0.030204640701413155,916.862548828125,134.9669952392578,0.04694081470370293,976.3743896484375,132.55201721191406,0.03722521662712097,1011.9661254882812,73.42767333984375,0.7841147184371948,967.4088134765625,71.38668823242188,0.7607053518295288,1061.3914794921875,454.0930480957031,0.9782047867774963,897.892333984375,440.3255310058594,0.9720001220703125,1286.9609375,766.500244140625,0.9861095547676086,876.5176391601562,795.5300903320312,0.9849100708961487
718,23933,930.8087768554688,71.41596221923828,0.0077131083235144615,933.0170288085938,49.670745849609375,0.009634052403271198,926.6338500976562,61.140586853027344,0.005528493784368038,948.9196166992188,44.54033660888672,0.01888568140566349,930.99755859375,62.25354766845703,0.0062433467246592045,934.5020751953125,28.086685180664062,0.02232714742422104,961.3775634765625,12.414070129394531,0.010340597480535507,899.9081420898438,73.53158569335938,0.058004338294267654,964.2664184570312,55.90198516845703,0.027156120166182518,885.3114624023438,113.48636627197266,0.055803991854190826,945.5255737304688,115.86211395263672,0.03141273558139801,995.616455078125,81.93402099609375,0.7415480017662048,973.0670166015625,78.46154022216797,0.6683186888694763,1037.3839111328125,449.8612976074219,0.9511888027191162,902.6475219726562,444.20849609375,0.92962646484375,1290.777587890625,749.928955078125,0.9502246379852295,894.1292724609375,786.1950073242188,0.937690019607544
719,23966,900.5758666992188,91.96817779541016,0.0043374779634177685,905.0693359375,72.93585205078125,0.0054431273601949215,891.5594482421875,81.71797943115234,0.0025001002941280603,934.1708374023438,59.99798583984375,0.008833457715809345,896.4179077148438,74.23384094238281,0.002114315517246723,940.7027587890625,28.714508056640625,0.008274137042462826,922.61865234375,16.066543579101562,0.006362361367791891,895.8349609375,66.78849792480469,0.04069787263870239,929.2108154296875,68.0888671875,0.03363920375704765,848.5863647460938,126.97206115722656,0.05594731122255325,867.43603515625,107.25100708007812,0.047708749771118164,999.3184204101562,63.10972595214844,0.7880435585975647,951.4468383789062,66.29411315917969,0.765788197517395,1016.1021118164062,465.8197937011719,0.9752033948898315,908.3333129882812,458.6873474121094,0.9689517617225647,1299.9727783203125,729.1190185546875,0.9834903478622437,927.9749145507812,802.489013671875,0.9820470809936523
720,24000,908.0877685546875,93.9876480102539,0.0035252536181360483,910.3779296875,78.09342956542969,0.0044661532156169415,900.3770141601562,86.01214599609375,0.0021615587174892426,933.6134643554688,65.09827423095703,0.008303663693368435,912.1690673828125,77.4466323852539,0.0020376869942992926,926.4898681640625,31.2513427734375,0.006333406548947096,951.5374145507812,13.524490356445312,0.0061899153515696526,913.3175048828125,64.58116149902344,0.028700044378638268,936.5293579101562,67.90525817871094,0.03290221840143204,898.3513793945312,140.1001739501953,0.03942391648888588,883.3065185546875,123.77009582519531,0.04326536878943443,983.2060546875,77.57926940917969,0.7626880407333374,974.6544799804688,78.89401245117188,0.7596361041069031,973.7012329101562,485.78668212890625,0.9705849885940552,924.1104125976562,477.2872009277344,0.9677292108535767,1294.455078125,726.2113647460938,0.9819679856300354,964.1527099609375,817.3500366210938,0.9817626476287842
721,24033,874.188232421875,56.39959716796875,0.003960433416068554,874.37060546875,42.803192138671875,0.004408367443829775,870.4043579101562,55.157958984375,0.001904427190311253,902.7601928710938,32.713623046875,0.010243114084005356,906.5853881835938,52.91935729980469,0.002174606081098318,887.0634155273438,0.0,0.015005610883235931,969.4649047851562,0.0,0.010239527560770512,860.510009765625,12.274017333984375,0.08080510050058365,928.148681640625,43.79571533203125,0.056178610771894455,885.262939453125,53.3118896484375,0.10256317257881165,876.2952270507812,74.16069030761719,0.0789744108915329,973.5814819335938,99.1856689453125,0.8604221343994141,1007.7288208007812,104.45951843261719,0.8305454850196838,940.78662109375,492.3362731933594,0.9768796563148499,935.4995727539062,502.6095886230469,0.9701002240180969,1262.353271484375,716.86083984375,0.9818794131278992,1004.9122924804688,824.5330810546875,0.9785056114196777
722,24066,824.6002807617188,36.08324432373047,0.007554227020591497,828.5386962890625,21.42791748046875,0.008003785274922848,822.8281860351562,35.59767150878906,0.003144769696518779,869.1826171875,12.974372863769531,0.022164201363921165,867.0392456054688,36.55009460449219,0.004552466794848442,889.1726684570312,0.0,0.04530004411935806,930.345703125,0.0,0.03919222950935364,854.5897216796875,13.529388427734375,0.15388187766075134,877.0821533203125,22.571685791015625,0.13476471602916718,851.7987670898438,19.446670532226562,0.1407090425491333,832.3316040039062,10.70635986328125,0.12753663957118988,986.8287963867188,129.12265014648438,0.9304472208023071,999.2894897460938,135.06369018554688,0.9240791201591492,926.1590576171875,487.85009765625,0.9827526807785034,926.4153442382812,498.2747497558594,0.9797846078872681,1210.761474609375,702.8640747070312,0.9802599549293518,1037.29296875,809.4373168945312,0.9775010347366333
723,24100,813.7661743164062,46.59315490722656,0.06532897055149078,812.9820556640625,25.725997924804688,0.064958356320858,812.5462646484375,42.59326171875,0.02278764732182026,855.8801879882812,4.971061706542969,0.08338581025600433,879.9939575195312,31.965133666992188,0.011629578657448292,867.30908203125,0.0,0.12040351331233978,991.9364013671875,0.0,0.1362954080104828,868.5474243164062,22.02154541015625,0.22894906997680664,947.7685546875,40.4278564453125,0.2936031222343445,855.5739135742188,23.783340454101562,0.2791405916213989,868.8095092773438,31.937530517578125,0.3572426736354828,985.5970458984375,122.83442687988281,0.9251186847686768,1065.00146484375,118.2154541015625,0.9294425845146179,877.7199096679688,487.5740966796875,0.9797801375389099,954.9442749023438,490.1222839355469,0.9808704257011414,1177.97314453125,714.6539306640625,0.974148154258728,1053.43505859375,809.181396484375,0.9751460552215576
724,24133,850.0128173828125,60.05625915527344,0.0040780119597911835,854.3236694335938,42.723838806152344,0.0046234880574047565,854.6720581054688,63.653377532958984,0.0016363045433536172,899.2987060546875,29.675445556640625,0.01943441666662693,916.8219604492188,61.44408416748047,0.0030416271183639765,903.1639404296875,0.0,0.0403093583881855,997.423095703125,0.0,0.027722034603357315,841.107666015625,11.997184753417969,0.1994948536157608,900.971923828125,25.376129150390625,0.13688893616199493,815.1658325195312,14.177192687988281,0.2361159324645996,814.305908203125,11.696342468261719,0.19269484281539917,995.6025390625,118.44818115234375,0.890025794506073,1061.1431884765625,117.68687438964844,0.8685303330421448,855.3497924804688,466.1465148925781,0.9640204310417175,982.9088745117188,479.7569274902344,0.9555066823959351,1116.42626953125,718.7466430664062,0.9449567794799805,1112.5426025390625,791.1091918945312,0.9359594583511353
725,24166,852.9423217773438,70.14541625976562,0.0027718129567801952,853.0631103515625,53.44404602050781,0.00301356241106987,856.4212646484375,72.46421813964844,0.001085763331502676,889.5905151367188,37.00025939941406,0.013655717484652996,917.2175903320312,67.63968658447266,0.002524993382394314,900.7352294921875,0.0,0.023587528616189957,1000.8374633789062,0.0,0.021813146770000458,870.1953735351562,8.199325561523438,0.12553437054157257,922.7466430664062,18.72198486328125,0.10624069720506668,820.2213134765625,4.8509674072265625,0.15295611321926117,813.6531982421875,6.9696807861328125,0.13621874153614044,989.4428100585938,96.05937194824219,0.8936562538146973,1067.8389892578125,95.08099365234375,0.8853147029876709,868.0567626953125,454.2310485839844,0.9807689189910889,1023.2578735351562,476.83795166015625,0.977024257183075,1058.12841796875,769.2363891601562,0.9774116277694702,1174.921142578125,808.4996337890625,0.9731335639953613
726,24200,874.582763671875,72.72230529785156,0.002835629042237997,872.3128051757812,52.56578063964844,0.0031481480691581964,878.621337890625,70.63865661621094,0.0015059557044878602,893.1039428710938,35.368560791015625,0.01636430248618126,930.5947875976562,65.236083984375,0.004472758155316114,896.8573608398438,2.3910140991210938,0.01686134748160839,1009.4203491210938,0.0,0.023910876363515854,907.2185668945312,62.1580810546875,0.04707774519920349,993.1095581054688,64.43987274169922,0.07731474190950394,929.2366333007812,122.58453369140625,0.05776011571288109,916.83544921875,98.00033569335938,0.08177414536476135,978.1342163085938,88.09373474121094,0.8351763486862183,1069.5567626953125,87.09658813476562,0.8538815975189209,867.091064453125,448.7893981933594,0.9761070013046265,1045.968994140625,463.75177001953125,0.9768068194389343,984.7705688476562,792.1419677734375,0.977520763874054,1202.968017578125,787.8880004882812,0.9770308136940002
727,24233,927.9091796875,91.28128051757812,0.006113192066550255,925.42529296875,66.02183532714844,0.005399246234446764,925.6575317382812,79.53355407714844,0.0032732654362916946,932.8121337890625,50.835845947265625,0.01035957783460617,955.9906005859375,73.68305969238281,0.003506770823150873,917.3616943359375,10.323921203613281,0.013630788773298264,1016.927490234375,5.962623596191406,0.013756772503256798,910.0823364257812,73.0271987915039,0.06785742938518524,975.872314453125,64.815673828125,0.08819680660963058,911.4530639648438,116.14247131347656,0.1484493911266327,898.4646606445312,100.77376556396484,0.20751409232616425,983.3031005859375,88.46273803710938,0.8164511919021606,1066.7071533203125,89.27847290039062,0.8069995045661926,873.350830078125,433.4154052734375,0.9792290925979614,1056.7894287109375,447.9555358886719,0.975482165813446,921.904541015625,788.8258666992188,0.981274425983429,1234.027587890625,761.8475341796875,0.9789772033691406
728,24266,921.0027465820312,89.71341705322266,0.004185064695775509,919.5044555664062,67.87479400634766,0.004233531188219786,917.868896484375,77.57975006103516,0.0019456160953268409,937.7212524414062,54.88041687011719,0.010481397621333599,954.3873291015625,69.69422149658203,0.0028022003825753927,938.8683471679688,22.667129516601562,0.014689195901155472,999.000244140625,18.063858032226562,0.009859799407422543,928.4271850585938,65.88642883300781,0.07253193110227585,967.4360961914062,56.659515380859375,0.049737125635147095,927.4107055664062,102.15811157226562,0.1444636732339859,902.8529663085938,85.90731811523438,0.1130189448595047,989.8895874023438,66.89089965820312,0.8148683905601501,1050.4970703125,65.44944763183594,0.7697535753250122,894.3300170898438,435.0806579589844,0.9826526641845703,1074.6961669921875,446.34027099609375,0.9738348722457886,865.8095092773438,817.1630859375,0.9854097366333008,1261.443603515625,754.92626953125,0.9805877804756165
729,24300,923.828125,87.56405639648438,0.004896503873169422,922.9434814453125,66.76094055175781,0.004683973733335733,920.0691528320312,76.76021575927734,0.0020385337993502617,942.539306640625,53.712799072265625,0.008293954655528069,951.2791137695312,69.59813690185547,0.0021238280460238457,944.205322265625,13.053726196289062,0.013818478211760521,986.8162231445312,10.634811401367188,0.008046329952776432,932.5528564453125,44.65763854980469,0.10306581109762192,955.8167724609375,44.54832458496094,0.05776401609182358,932.7581176757812,73.91253662109375,0.24506181478500366,904.7012939453125,69.02998352050781,0.16959328949451447,993.41259765625,61.756256103515625,0.8339613676071167,1039.653564453125,62.02510070800781,0.7758932709693909,898.631103515625,434.7378845214844,0.9856078624725342,1060.978271484375,445.2366027832031,0.975562572479248,860.7489624023438,817.23486328125,0.9871390461921692,1267.3492431640625,733.2693481445312,0.9816309809684753
730,24333,911.3516845703125,103.56536865234375,0.004849444143474102,911.6328735351562,82.43238830566406,0.004518311936408281,909.5498657226562,96.80964660644531,0.00211229152046144,937.1517333984375,62.254051208496094,0.007199572864919901,941.0700073242188,87.2929458618164,0.0019619909580796957,934.8960571289062,8.94598388671875,0.010622304864227772,977.7982177734375,3.2739715576171875,0.010003836825489998,917.0006103515625,40.066314697265625,0.08957584947347641,946.6815185546875,44.792083740234375,0.09256038069725037,915.0800170898438,72.68522644042969,0.22646187245845795,904.3499145507812,72.08486938476562,0.24892570078372955,984.8236083984375,80.29339599609375,0.826382040977478,1020.9166870117188,80.87351989746094,0.8034942746162415,903.5974731445312,456.840576171875,0.9817553758621216,1005.7945556640625,468.1336975097656,0.9743244647979736,914.9979858398438,817.9713134765625,0.9841120839118958,1263.0322265625,708.4963989257812,0.9795199632644653
731,24366,904.2667236328125,90.29045104980469,0.0032211244106292725,905.171630859375,71.14764404296875,0.0035197152756154537,905.3497924804688,83.50788116455078,0.001501769875176251,931.2811889648438,52.060546875,0.009774410165846348,939.70263671875,73.77152252197266,0.0020998388063162565,931.8483276367188,15.422515869140625,0.011748945340514183,982.2420043945312,3.0146026611328125,0.011488848365843296,926.2820434570312,72.36378479003906,0.061972327530384064,984.0261840820312,66.33256530761719,0.07019001990556717,907.1111450195312,109.60652160644531,0.10878836363554001,901.9385375976562,94.55653381347656,0.13155847787857056,974.6583862304688,108.97732543945312,0.8471810221672058,1009.0931396484375,106.91560363769531,0.8319153189659119,903.4296264648438,467.7848815917969,0.9834158420562744,978.9697875976562,480.7583312988281,0.9767255187034607,947.7297973632812,835.85009765625,0.9870811104774475,1236.026123046875,689.6812133789062,0.9836312532424927
732,24400,859.4642944335938,63.99568176269531,0.004513598512858152,865.4396362304688,46.040771484375,0.004195584449917078,860.4915161132812,64.8211669921875,0.0018112797988578677,906.9085693359375,27.25872802734375,0.011899301782250404,893.9243774414062,60.45845031738281,0.0027219688054174185,914.4743041992188,0.0,0.03232407197356224,933.4385375976562,0.0,0.025667579844594002,824.9408569335938,20.189895629882812,0.2086082249879837,839.885009765625,29.931747436523438,0.16215460002422333,811.1777954101562,14.48162841796875,0.3033078610897064,795.3245239257812,13.295150756835938,0.2820320129394531,1005.4232177734375,135.3629150390625,0.9425294399261475,1009.231201171875,135.06048583984375,0.9284641742706299,904.3663330078125,491.72698974609375,0.9895465970039368,937.7703247070312,484.96484375,0.9833623766899109,1041.9188232421875,833.5806884765625,0.9852883219718933,1176.263916015625,695.6234741210938,0.9811289310455322
733,24433,808.0640258789062,27.88593292236328,0.00914840493351221,815.8491821289062,9.039093017578125,0.010802513919770718,805.184326171875,26.595474243164062,0.00335739366710186,867.79541015625,2.2674179077148438,0.0429527573287487,832.7908325195312,34.50013732910156,0.005279966164380312,915.6893920898438,0.0,0.07004158198833466,874.9933471679688,0.0,0.06404133141040802,857.9473266601562,17.546905517578125,0.16589275002479553,877.0018310546875,22.592010498046875,0.1583016961812973,856.3121948242188,16.674957275390625,0.14912647008895874,839.6241455078125,12.550735473632812,0.1396404504776001,1004.6175537109375,145.70997619628906,0.9052594304084778,952.7808837890625,141.7855224609375,0.8998709917068481,952.2927856445312,507.96148681640625,0.9696953892707825,855.677001953125,463.0837097167969,0.9602935910224915,1102.03857421875,822.5603637695312,0.9464924335479736,1061.6324462890625,708.3999633789062,0.9446847438812256
734,24466,883.1326904296875,81.1168441772461,0.0019790271762758493,887.4640502929688,61.732200622558594,0.0027491250075399876,882.33056640625,74.56700134277344,0.001183351851068437,922.0078735351562,44.760040283203125,0.01966976933181286,903.3343505859375,68.28124237060547,0.0038201110437512398,952.09423828125,13.683334350585938,0.018790679052472115,923.1053466796875,2.6795883178710938,0.027542416006326675,918.9391479492188,55.505882263183594,0.0384419821202755,964.0680541992188,51.91197967529297,0.07268592715263367,921.853515625,126.48202514648438,0.024302061647176743,938.36865234375,122.94790649414062,0.03766007348895073,1002.414794921875,129.33560180664062,0.8838855028152466,945.788818359375,128.08778381347656,0.9034262299537659,1029.2120361328125,482.952880859375,0.973528265953064,850.625244140625,441.57952880859375,0.9735156297683716,1197.1572265625,803.0861206054688,0.9710896015167236,963.1658935546875,736.133056640625,0.9756439328193665
735,24500,892.1505126953125,84.89346313476562,0.0031118530314415693,894.7091674804688,61.976348876953125,0.0042654466815292835,891.087890625,73.12884521484375,0.0018618273315951228,922.968994140625,54.737937927246094,0.013825842179358006,911.6021728515625,74.28858947753906,0.0030303867533802986,939.1895751953125,32.48872375488281,0.009850669652223587,938.3377075195312,24.65251922607422,0.01253117062151432,902.2337646484375,84.89934539794922,0.027525534853339195,1005.4039306640625,66.46302795410156,0.04500960931181908,900.1253051757812,139.4613800048828,0.027229737490415573,990.8426513671875,124.36376953125,0.035691216588020325,1001.1429443359375,82.63980102539062,0.8022496700286865,952.3844604492188,89.91522216796875,0.8249348998069763,1061.274169921875,446.7322998046875,0.9723027348518372,868.7175903320312,436.232666015625,0.9719593524932861,1268.43994140625,768.6436767578125,0.9775370359420776,869.458740234375,785.0804443359375,0.980101466178894
736,24533,926.5314331054688,65.93708038330078,0.008626232855021954,929.6173095703125,45.862701416015625,0.008910511620342731,921.8642578125,57.249664306640625,0.005314314737915993,944.8687133789062,38.928955078125,0.012146012857556343,921.5930786132812,56.83428955078125,0.004188249818980694,930.2147827148438,21.685821533203125,0.017356054857373238,949.9683837890625,7.001518249511719,0.01083021704107523,895.7904663085938,63.22185516357422,0.07949260622262955,931.5166625976562,45.82695007324219,0.05216118320822716,862.5148315429688,111.55574798583984,0.11121010035276413,878.5194091796875,94.85884094238281,0.0847320556640625,989.5791015625,95.2383041381836,0.7656234502792358,963.0269165039062,91.11792755126953,0.7214742302894592,1028.62548828125,457.21795654296875,0.9544363617897034,889.0492553710938,448.75909423828125,0.939821720123291,1291.6724853515625,741.6422119140625,0.9482500553131104,885.4830932617188,776.03759765625,0.9394717216491699
737,24566,924.1495971679688,72.05802154541016,0.009724599309265614,931.8900756835938,49.96998596191406,0.010148593224585056,916.8779907226562,60.59098434448242,0.006061312276870012,951.039794921875,38.535919189453125,0.011491935700178146,908.162841796875,54.72404479980469,0.004104012157768011,938.0729370117188,17.76097869873047,0.016177382320165634,922.9747924804688,4.6646575927734375,0.009598231874406338,908.7504272460938,63.479164123535156,0.07874009013175964,916.728515625,48.29376983642578,0.049679938703775406,867.055908203125,117.90472412109375,0.11917737871408463,872.7376098632812,100.12591552734375,0.09120833873748779,986.6292114257812,107.93417358398438,0.7553517818450928,944.7317504882812,107.18064880371094,0.7062223553657532,988.2570190429688,467.38055419921875,0.950308620929718,885.6478271484375,469.0030517578125,0.9347308874130249,1282.2996826171875,731.5016479492188,0.9474759101867676,921.0641479492188,788.669677734375,0.9375051856040955
738,24600,915.4443969726562,100.79766082763672,0.004022346343845129,916.5879516601562,86.32919311523438,0.00432879664003849,908.3634033203125,94.2063217163086,0.002254402730613947,935.8403930664062,70.70393371582031,0.006156862713396549,920.712890625,82.84082794189453,0.0017228976357728243,919.577880859375,29.948638916015625,0.005932146217674017,966.9093627929688,7.5966796875,0.00666322885081172,908.0289916992188,58.31410217285156,0.04111155867576599,938.8692626953125,53.69197082519531,0.05383306369185448,888.8438110351562,108.61802673339844,0.07371153682470322,875.8681640625,84.28189086914062,0.08976245671510696,970.7135620117188,80.92062377929688,0.7705044746398926,978.2011108398438,79.73593139648438,0.7748295068740845,955.0475463867188,488.2297668457031,0.9701071977615356,916.23876953125,480.1146545410156,0.9686082005500793,1283.3021240234375,722.1923828125,0.9797940850257874,960.8311767578125,819.6967163085938,0.9798617362976074
739,24633,907.4848022460938,97.14198303222656,0.005340041127055883,905.3228759765625,84.85796356201172,0.004470747895538807,901.6052856445312,94.08480834960938,0.0027771072927862406,916.846435546875,69.54620361328125,0.005605510901659727,919.5311279296875,85.13291931152344,0.0021509481593966484,904.25244140625,31.282424926757812,0.00867228303104639,983.6397094726562,8.327407836914062,0.012666148133575916,909.2997436523438,74.14045715332031,0.07262830436229706,957.1939086914062,71.46849060058594,0.12645313143730164,874.057861328125,122.40596008300781,0.148541659116745,874.399658203125,102.19674682617188,0.23371431231498718,963.5828247070312,106.39027404785156,0.8187254071235657,999.413818359375,105.69790649414062,0.8363170623779297,919.4415893554688,491.79229736328125,0.969299852848053,923.4924926757812,502.4971618652344,0.9717772006988525,1239.0137939453125,697.2506103515625,0.9771908521652222,995.2210693359375,824.7235107421875,0.9775136709213257
740,24666,845.599609375,58.341339111328125,0.002915683202445507,844.5654296875,44.46336364746094,0.0033180771861225367,844.7942504882812,58.447265625,0.001328303711488843,873.6322631835938,31.263954162597656,0.015011890791356564,895.0658569335938,54.06243896484375,0.003158349310979247,877.381591796875,0.0,0.028899196535348892,965.2659912109375,0.0,0.023186931386590004,847.513427734375,10.952224731445312,0.11497057229280472,913.7230224609375,30.132568359375,0.09502699226140976,887.760009765625,47.056640625,0.09811320155858994,880.00146484375,80.88874053955078,0.08563853055238724,975.5354614257812,136.0003662109375,0.9209904670715332,1018.1229858398438,139.5567169189453,0.9110710024833679,906.8074951171875,489.8555603027344,0.980535089969635,919.11181640625,498.021728515625,0.9771954417228699,1182.8680419921875,698.1532592773438,0.9806835055351257,1028.4710693359375,819.5978393554688,0.9772785305976868
741,24700,816.8966674804688,28.134933471679688,0.007947642356157303,818.6949462890625,11.811676025390625,0.008721861988306046,818.3177490234375,28.5322265625,0.0037548374384641647,859.9370727539062,5.152244567871094,0.039989572018384933,888.5675048828125,28.796173095703125,0.00895854365080595,856.3377685546875,0.0,0.10007642954587936,991.2455444335938,0.0,0.054224275052547455,838.2101440429688,14.149200439453125,0.19053535163402557,908.6827392578125,28.875228881835938,0.10435780882835388,869.5089721679688,25.030105590820312,0.13361017405986786,869.0698852539062,36.944549560546875,0.08752760291099548,970.9398193359375,134.69256591796875,0.9388414025306702,1062.4139404296875,129.58004760742188,0.9175679683685303,853.5202026367188,487.364501953125,0.9804953336715698,954.5150756835938,496.6419982910156,0.9748426675796509,1145.9219970703125,696.7364501953125,0.9784054756164551,1035.53076171875,822.062255859375,0.9734034538269043
742,24733,848.1943359375,79.75222778320312,0.001772865653038025,845.4241943359375,63.72459411621094,0.002092652954161167,850.7940673828125,82.1147689819336,0.0009546561632305384,875.560791015625,46.44181823730469,0.020884264260530472,916.027587890625,75.15648651123047,0.004960618447512388,876.6368408203125,5.9301910400390625,0.027165601029992104,1011.9798583984375,0.0,0.039570171386003494,857.6133422851562,25.920272827148438,0.05733165889978409,979.9154663085938,49.84611511230469,0.10143591463565826,886.5948486328125,88.6592788696289,0.0380358025431633,901.4005737304688,91.99468231201172,0.06154453009366989,971.8090209960938,115.74655151367188,0.8890082240104675,1063.6756591796875,115.47541809082031,0.9070006608963013,861.6246337890625,467.7356872558594,0.9712079763412476,985.1248168945312,485.4364929199219,0.9744962453842163,1090.68896484375,725.9019775390625,0.9702726602554321,1093.1053466796875,800.0792236328125,0.9712513089179993
743,24766,897.2334594726562,88.95902252197266,0.00811021588742733,898.7366333007812,60.53229904174805,0.011057383380830288,899.2011108398438,80.33587646484375,0.00545205594971776,922.6857299804688,42.251243591308594,0.04342310130596161,946.959228515625,73.72696685791016,0.010275490581989288,915.3525390625,7.7249908447265625,0.043881624937057495,1015.0631103515625,16.30286407470703,0.02749118208885193,919.613525390625,67.69548797607422,0.06536515057086945,981.906982421875,78.1754379272461,0.04662049561738968,926.4111938476562,165.50071716308594,0.05845455080270767,923.9811401367188,158.11326599121094,0.05030638352036476,991.0184326171875,107.59757995605469,0.7835946083068848,1067.5299072265625,112.0678482055664,0.7420043349266052,844.138427734375,447.3631896972656,0.9470540285110474,999.3688354492188,469.3922424316406,0.9329434037208557,1044.6832275390625,779.3314819335938,0.9433678388595581,1155.8419189453125,799.781982421875,0.9329829216003418
744,24800,896.3849487304688,82.15750122070312,0.009687067940831184,897.7088623046875,53.278106689453125,0.010386975482106209,897.3248901367188,72.62517547607422,0.005631525069475174,917.5112915039062,38.09516143798828,0.02729375846683979,939.7308349609375,69.1678237915039,0.007628368679434061,907.599609375,0.0,0.036265838891267776,1006.1995239257812,6.8101043701171875,0.02650248445570469,904.2266235351562,59.57526397705078,0.09180828928947449,960.6429443359375,63.791175842285156,0.07843413949012756,913.6845703125,135.0901336669922,0.12828898429870605,893.3421020507812,113.82691955566406,0.1309082806110382,988.7931518554688,97.50837707519531,0.8266186714172363,1070.8150634765625,103.92041015625,0.796559751033783,852.699462890625,438.42059326171875,0.9681495428085327,1028.701171875,461.74945068359375,0.9582989811897278,953.4478149414062,802.4500122070312,0.9601057171821594,1196.415771484375,784.4236450195312,0.9523124694824219
745,24833,920.991943359375,88.68914794921875,0.003989169839769602,918.5846557617188,66.15646362304688,0.003768278518691659,917.94140625,78.24593353271484,0.002042480744421482,930.0562744140625,50.4686279296875,0.009047347120940685,950.9024047851562,70.47113800048828,0.00302330544218421,923.7384033203125,13.800567626953125,0.012091109529137611,1001.325439453125,8.226791381835938,0.010830885730683804,916.12939453125,70.80665588378906,0.05978585034608841,967.5482177734375,60.45368957519531,0.05920117720961571,921.94873046875,109.83283996582031,0.12254475057125092,902.3016967773438,91.68319702148438,0.1270599216222763,976.2954711914062,66.12387084960938,0.7804103493690491,1045.479736328125,65.28620910644531,0.7553654313087463,882.974853515625,441.734619140625,0.9769489169120789,1052.329833984375,457.1803283691406,0.9693543910980225,894.8309936523438,824.9848022460938,0.9806843400001526,1230.506103515625,765.0430908203125,0.9760844111442566
746,24866,926.13134765625,90.84878540039062,0.004131067544221878,925.2543334960938,68.78780364990234,0.004142917692661285,921.5233764648438,78.0893325805664,0.001994699239730835,941.4886474609375,56.02276611328125,0.00887532252818346,948.7102661132812,71.14258575439453,0.0025592499878257513,943.75146484375,23.460342407226562,0.01166421826928854,983.552001953125,17.313629150390625,0.008520876988768578,935.45654296875,69.34176635742188,0.06268604099750519,954.2008666992188,57.429931640625,0.048359859734773636,936.0987548828125,107.7901611328125,0.13666795194149017,898.6328125,90.42929077148438,0.1177934929728508,992.941650390625,64.23060607910156,0.7992440462112427,1037.915283203125,63.616790771484375,0.75767982006073,894.2783203125,438.4538269042969,0.9823231101036072,1055.3553466796875,449.5403137207031,0.9736465811729431,862.7304077148438,826.9506225585938,0.9856969118118286,1252.139404296875,752.3694458007812,0.9810685515403748
747,24900,899.9560546875,78.27344512939453,0.0034040077589452267,903.4354248046875,55.16331481933594,0.0037304088473320007,899.2701416015625,69.02039337158203,0.0014835083857178688,926.05908203125,41.682403564453125,0.008497921749949455,925.7181396484375,65.36558532714844,0.001891536172479391,932.1090087890625,0.0,0.009012111462652683,963.1686401367188,0.0,0.007943440228700638,915.8864135742188,31.306549072265625,0.06667531281709671,933.4488525390625,33.68907165527344,0.058237623423337936,933.4253540039062,64.66474914550781,0.15937910974025726,903.9358520507812,70.69072723388672,0.14104357361793518,993.693115234375,64.67747497558594,0.8033709526062012,1031.2303466796875,63.92912292480469,0.7777032852172852,897.7904663085938,443.9143371582031,0.9806075096130371,1031.056640625,443.91064453125,0.9739153981208801,855.141357421875,809.575927734375,0.9817063212394714,1266.59521484375,734.6134643554688,0.9769175052642822
748,24933,908.958251953125,100.50574493408203,0.004319894127547741,912.7685546875,79.67205047607422,0.004286687355488539,902.578125,92.19156646728516,0.002138962270691991,939.412353515625,62.36338806152344,0.008295319974422455,918.8117065429688,84.13348388671875,0.0024703331291675568,946.7548828125,10.956207275390625,0.01106170192360878,940.5414428710938,7.164642333984375,0.010466023348271847,934.4196166992188,45.3892822265625,0.06455175578594208,920.9129028320312,45.90838623046875,0.07012117654085159,925.2012329101562,72.26554870605469,0.13919371366500854,899.4255981445312,68.23997497558594,0.1598690003156662,995.0301513671875,66.85015869140625,0.8099257349967957,1003.7539672851562,69.02650451660156,0.7911092638969421,893.8414916992188,449.3409118652344,0.9792790412902832,1009.6989135742188,460.9799499511719,0.9719167947769165,897.185546875,817.6937255859375,0.9820116758346558,1259.326171875,718.7290649414062,0.9777312874794006
749,24966,913.1927490234375,99.36444854736328,0.0031587036792188883,912.985107421875,78.13240814208984,0.0035084763076156378,912.1644287109375,90.5562744140625,0.001514349365606904,933.5958251953125,59.604949951171875,0.00864567793905735,939.5833740234375,81.67520141601562,0.0019235361833125353,932.0293579101562,18.67657470703125,0.009363224729895592,974.97509765625,6.9669342041015625,0.008483641780912876,927.9532470703125,67.85916137695312,0.054610755294561386,966.95751953125,60.85404968261719,0.0558040626347065,912.2752685546875,107.0771484375,0.10758273303508759,902.0407104492188,86.58686828613281,0.11908116936683655,979.6795043945312,87.5079345703125,0.8116791248321533,1011.6535034179688,86.26712036132812,0.7867940664291382,908.58203125,470.02496337890625,0.981410562992096,990.9221801757812,478.63897705078125,0.973011314868927,937.96875,850.8153076171875,0.9853997826576233,1249.848388671875,706.818115234375,0.9811136722564697
750,25000,905.8106689453125,90.9734115600586,0.002626935951411724,908.6275634765625,73.0660400390625,0.002832830185070634,903.7364501953125,85.20723724365234,0.0013638604432344437,934.5851440429688,51.57691955566406,0.008692311123013496,922.9888916015625,73.5659408569336,0.0022599741350859404,943.6212768554688,10.933547973632812,0.011250723153352737,947.9546508789062,0.0,0.012702605687081814,934.2711181640625,70.40089416503906,0.053473372012376785,945.361328125,60.176055908203125,0.07328210026025772,911.0955200195312,114.25849914550781,0.08207786828279495,894.9862060546875,95.66880798339844,0.11768348515033722,988.5240478515625,108.28179931640625,0.8583646416664124,991.6676025390625,107.45022583007812,0.8530799150466919,900.6304321289062,475.192138671875,0.9827709794044495,957.5508422851562,491.9880065917969,0.9770715832710266,974.4672241210938,850.0961303710938,0.9861915111541748,1224.16259765625,699.343505859375,0.9830530285835266
751,25033,855.7688598632812,75.93109130859375,0.0015984555939212441,860.1362915039062,58.077850341796875,0.0021608027163892984,858.6965942382812,74.04228973388672,0.0007254870142787695,899.1867065429688,39.53837585449219,0.015332420356571674,898.2313842773438,66.41642761230469,0.002284393645823002,911.5557861328125,1.1888580322265625,0.018801752477884293,946.2691650390625,0.0,0.016533587127923965,843.0462036132812,27.018264770507812,0.07728888094425201,920.9559326171875,42.01604461669922,0.06259685009717941,833.271484375,32.82861328125,0.07358220964670181,862.0731811523438,80.41976165771484,0.06360148638486862,999.7573852539062,128.37535095214844,0.9078691005706787,1014.4599609375,121.71107482910156,0.8950360417366028,907.4093627929688,496.5749206542969,0.9858472943305969,944.328369140625,481.7330017089844,0.979074239730835,1018.9238891601562,856.1592407226562,0.9841873645782471,1200.937255859375,703.11328125,0.9803157448768616
752,25066,874.4174194335938,76.30036926269531,0.0021406696178019047,877.3147583007812,57.832672119140625,0.0025989015121012926,875.4354858398438,77.24496459960938,0.0008151729707606137,911.2207641601562,35.598655700683594,0.016242602840065956,906.7771606445312,71.10157012939453,0.0021977077703922987,906.2506713867188,0.0,0.048243217170238495,926.8465576171875,0.0,0.01693926565349102,770.891845703125,21.678863525390625,0.2597881257534027,830.6749877929688,31.520187377929688,0.07731212675571442,825.0576782226562,9.412948608398438,0.2616512179374695,822.3283081054688,22.220260620117188,0.11116465926170349,1015.26806640625,144.62429809570312,0.9553040266036987,1005.3173828125,143.47500610351562,0.9188850522041321,926.3743896484375,505.1488037109375,0.9905321598052979,888.8742065429688,474.91387939453125,0.9781972765922546,1081.5728759765625,846.325439453125,0.9853642582893372,1161.67236328125,692.402587890625,0.9769963622093201
753,25100,845.3952026367188,82.581298828125,0.001306407735683024,852.1729125976562,64.44154357910156,0.001689134631305933,842.4598388671875,81.56085205078125,0.0004562397371046245,896.210693359375,42.05662536621094,0.013945627957582474,864.9221801757812,74.0353775024414,0.001396841136738658,919.5108032226562,0.0,0.028405826538801193,880.7781982421875,0.0,0.016272887587547302,777.4868774414062,11.140548706054688,0.18178366124629974,798.0527954101562,16.764816284179688,0.08490841835737228,759.6340942382812,11.894622802734375,0.17839883267879486,752.9745483398438,9.619949340820312,0.09888453036546707,1014.7093505859375,129.08143615722656,0.8718888163566589,964.9178466796875,127.01710510253906,0.8277153372764587,941.1597290039062,502.6039123535156,0.9568389654159546,869.1636352539062,471.7315979003906,0.9259605407714844,1092.156494140625,833.7398071289062,0.9149482846260071,1105.6380615234375,727.154541015625,0.8906674385070801
754,25133,877.7435913085938,86.60735321044922,0.0034130660351365805,883.194091796875,65.72991943359375,0.004295841325074434,876.2049560546875,81.25570678710938,0.0021351652685552835,921.5216674804688,48.43634033203125,0.01871764101088047,897.6641845703125,76.04547119140625,0.004735914990305901,967.0398559570312,7.1447296142578125,0.016735637560486794,916.2833862304688,2.0863494873046875,0.035520005971193314,936.7919311523438,45.801612854003906,0.04055451974272728,947.7166137695312,36.939537048339844,0.11171107739210129,922.6400756835938,125.03130340576172,0.0361650325357914,912.9826049804688,112.36381530761719,0.07679159939289093,1032.13525390625,123.645263671875,0.8510571122169495,964.8728637695312,124.27830505371094,0.8920906186103821,1033.06640625,484.23626708984375,0.9635893702507019,853.1386108398438,446.5346374511719,0.967930018901825,1203.3001708984375,837.446044921875,0.9482694864273071,1010.2512817382812,759.4544677734375,0.9592017531394958
755,25166,894.7028198242188,89.72232055664062,0.0034869329538196325,897.8895263671875,65.46080017089844,0.004179133102297783,893.0084838867188,78.65185546875,0.0020277653820812702,930.520751953125,49.256629943847656,0.015959225594997406,915.80126953125,73.95366668701172,0.004077570512890816,959.2738647460938,21.01508331298828,0.014094437472522259,946.3090209960938,12.914360046386719,0.029195958748459816,925.0851440429688,70.90924072265625,0.03641578182578087,979.4297485351562,57.339500427246094,0.09885772317647934,908.706298828125,124.88726806640625,0.03374830633401871,918.040283203125,106.97122192382812,0.06994090974330902,1025.504638671875,115.02859497070312,0.8353785872459412,974.33935546875,115.14317321777344,0.880702555179596,1069.34912109375,474.2618713378906,0.9677569270133972,857.9383544921875,431.9701843261719,0.9719260334968567,1241.5177001953125,814.6714477539062,0.9643431305885315,951.6290283203125,755.682861328125,0.9729285836219788
756,25200,921.4910888671875,90.79424285888672,0.0029567102901637554,925.1365356445312,69.65858459472656,0.003718239488080144,916.3722534179688,78.95503234863281,0.0015664554666727781,957.2948608398438,57.398345947265625,0.011521022766828537,929.3405151367188,73.2465591430664,0.0024019740521907806,976.8399047851562,33.61509704589844,0.014873635955154896,954.9157104492188,22.129074096679688,0.011285758577287197,948.8987426757812,76.34111022949219,0.0545906201004982,1007.8068237304688,75.97174072265625,0.04635617509484291,942.6284790039062,120.43304443359375,0.053898949176073074,978.2974243164062,125.34878540039062,0.04297289252281189,1036.6046142578125,89.80467224121094,0.8412391543388367,974.5215454101562,86.56668090820312,0.8249542117118835,1087.7205810546875,461.8406982421875,0.9761340618133545,873.6128540039062,431.23919677734375,0.9689485430717468,1272.7603759765625,797.8092041015625,0.9792238473892212,883.0211791992188,782.0938110351562,0.9782276153564453
757,25233,928.3934936523438,91.25079345703125,0.004155539441853762,930.1016845703125,69.68158721923828,0.005346696358174086,922.5,78.08070373535156,0.0021474987734109163,958.1810302734375,58.80487060546875,0.010044076479971409,935.7214965820312,73.38736724853516,0.002024774206802249,968.5613403320312,42.59490966796875,0.010144498199224472,967.2069091796875,27.686279296875,0.006967918947339058,923.8943481445312,93.04403686523438,0.046617649495601654,1021.8279418945312,86.22871398925781,0.033829543739557266,903.22412109375,128.08932495117188,0.05995043367147446,975.3663940429688,137.82321166992188,0.04259409382939339,1030.532958984375,78.92074584960938,0.8202738761901855,978.7322387695312,77.14292907714844,0.79361492395401,1088.0877685546875,458.0670166015625,0.9818949103355408,891.0247802734375,437.528076171875,0.9753860831260681,1306.3084716796875,779.7557373046875,0.9875341653823853,876.3392944335938,796.4359130859375,0.9862375259399414
758,25266,933.6357421875,91.5636978149414,0.0038156011141836643,935.2263793945312,71.09211730957031,0.004877305589616299,928.6893310546875,78.20153045654297,0.002154615009203553,961.8642578125,61.11451721191406,0.009221360087394714,944.912353515625,72.24119567871094,0.0020850622095167637,964.754150390625,40.000762939453125,0.007939676754176617,978.7774658203125,22.086318969726562,0.006648978218436241,932.7024536132812,88.95584106445312,0.03361678123474121,1016.9557495117188,80.20399475097656,0.032217301428318024,936.5557861328125,130.1505889892578,0.043593630194664,993.84521484375,124.18098449707031,0.0374348908662796,1021.9502563476562,67.83535766601562,0.7983980178833008,985.357177734375,66.54350280761719,0.7858755588531494,1071.1177978515625,460.1934814453125,0.9802449345588684,908.173828125,441.22039794921875,0.9757598042488098,1322.6533203125,761.384033203125,0.9872705936431885,884.7755126953125,801.883544921875,0.9867536425590515
759,25300,978.766845703125,68.0958251953125,0.019909197464585304,981.6577758789062,43.706268310546875,0.016929984092712402,968.587890625,54.19157409667969,0.013021077029407024,986.4717407226562,30.680923461914062,0.011521700769662857,952.8836669921875,46.551544189453125,0.006501197814941406,972.2801513671875,8.961685180664062,0.02240782231092453,974.45166015625,0.0,0.00826266035437584,936.1503295898438,76.16594696044922,0.10159102827310562,953.8320922851562,65.32333374023438,0.03362473100423813,913.427001953125,114.5460433959961,0.1608104258775711,906.5374755859375,118.73542785644531,0.07230429351329803,1006.3894653320312,100.35736083984375,0.6885858178138733,968.9247436523438,90.01972961425781,0.5710667371749878,1038.9595947265625,458.7840576171875,0.9457643032073975,905.522705078125,448.496337890625,0.912787139415741,1319.6612548828125,739.6433715820312,0.9511058330535889,923.039794921875,787.7422485351562,0.9328591227531433
760,25333,926.1953125,96.56341552734375,0.003847328945994377,926.1893920898438,81.91756439208984,0.003975497093051672,921.3160400390625,90.54071044921875,0.0022203908301889896,944.9658203125,65.6726303100586,0.006747666280716658,942.4186401367188,78.94988250732422,0.0021128079388290644,932.4390258789062,24.445220947265625,0.006782439537346363,996.1163330078125,3.7066497802734375,0.009490287862718105,930.3759155273438,57.69245910644531,0.03951740637421608,968.6722412109375,57.67204284667969,0.06753428280353546,908.2275390625,115.37727355957031,0.06257526576519012,899.6642456054688,90.614501953125,0.09439202398061752,987.0415649414062,86.649169921875,0.7964478135108948,1007.9381713867188,87.93951416015625,0.8166279196739197,969.380126953125,493.6201171875,0.9709475040435791,945.4171752929688,494.96044921875,0.9724411368370056,1302.6719970703125,723.1715698242188,0.9797981977462769,991.8856811523438,835.9513549804688,0.9806853532791138
761,25366,913.6494140625,98.82160949707031,0.0029611261561512947,915.9241333007812,84.05255126953125,0.003340448485687375,909.5337524414062,94.73359680175781,0.0017131167696788907,936.9583740234375,65.75035858154297,0.008527135476469994,928.3770141601562,82.37905883789062,0.0022080105263739824,929.1983642578125,25.542320251464844,0.008455491624772549,983.7053833007812,0.0,0.01340464223176241,931.2626953125,63.393882751464844,0.04335665702819824,945.7786254882812,51.40763854980469,0.09118626266717911,907.6817016601562,134.82107543945312,0.05839340761303902,897.2379150390625,114.37939453125,0.1132831946015358,1003.16845703125,121.26910400390625,0.8345113396644592,1025.5579833984375,122.3455810546875,0.8614575266838074,938.6665649414062,493.612548828125,0.9675295352935791,941.6039428710938,501.8551025390625,0.9722217321395874,1254.6962890625,718.8240966796875,0.9747081995010376,1023.1400756835938,836.5369262695312,0.9763544797897339
762,25400,894.4130859375,80.50115203857422,0.002406577579677105,892.7386474609375,65.2302474975586,0.002909173723310232,892.7088012695312,80.40806579589844,0.0014247394865378737,914.5076904296875,48.0556640625,0.01565488614141941,935.5506591796875,72.30061340332031,0.0037980752531439066,895.5538330078125,10.311996459960938,0.01995524950325489,1016.4869995117188,0.0,0.022122373804450035,878.3961181640625,27.0260009765625,0.05747431516647339,944.423828125,46.77296447753906,0.07775254547595978,913.1526489257812,82.37333679199219,0.045663222670555115,903.8955688476562,101.21406555175781,0.06377587467432022,992.8076171875,124.07157897949219,0.8917980194091797,1067.124267578125,122.89432525634766,0.8955501317977905,895.1166381835938,493.37713623046875,0.9746233820915222,952.4974975585938,498.21533203125,0.9756174683570862,1197.6094970703125,707.729248046875,0.9792391657829285,1048.839599609375,831.4989624023438,0.978702187538147
763,25433,872.6707763671875,81.22274780273438,0.0025990630965679884,871.2744140625,63.06317138671875,0.0033748748246580362,873.7760620117188,84.00228881835938,0.001386183430440724,904.0926513671875,45.68939208984375,0.027325879782438278,932.4666137695312,79.36685943603516,0.0053312163800001144,892.9931030273438,7.492149353027344,0.04341375455260277,1026.7998046875,0.0,0.030448580160737038,877.4855346679688,17.41168212890625,0.09796185791492462,978.5352172851562,43.459922790527344,0.07009860128164291,911.666259765625,53.84417724609375,0.06546884030103683,922.1875,79.14656066894531,0.05221853777766228,995.1925659179688,109.89994812011719,0.8733212947845459,1085.757080078125,108.21611022949219,0.8505197167396545,876.1155395507812,477.865478515625,0.9591215252876282,986.1076049804688,485.574951171875,0.9488949179649353,1157.5313720703125,743.8906860351562,0.9520113468170166,1134.1820068359375,786.3287353515625,0.9433177709579468
764,25466,901.8640747070312,91.80551147460938,0.0027153510600328445,899.7874145507812,72.03314208984375,0.00357979373075068,900.8544311523438,91.62847137451172,0.0017105742590501904,924.8361206054688,54.047332763671875,0.020688332617282867,948.6773071289062,86.57904052734375,0.005119061563163996,919.993896484375,17.647727966308594,0.019679680466651917,1035.7991943359375,8.913734436035156,0.021618831902742386,938.5283203125,62.10328674316406,0.04066012054681778,1009.3912353515625,68.11827850341797,0.05520297586917877,955.7849731445312,141.72674560546875,0.034914202988147736,938.5040283203125,116.46013641357422,0.04647788032889366,1001.0189819335938,104.61305236816406,0.8132734298706055,1090.434814453125,103.11643981933594,0.8204637765884399,862.8878173828125,465.08203125,0.9602915048599243,1017.5435180664062,483.5032043457031,0.9611966013908386,1103.7821044921875,760.7653198242188,0.9674029350280762,1167.7471923828125,824.6815795898438,0.9658666849136353
765,25500,903.1315307617188,83.65967559814453,0.004190684296190739,899.6980590820312,63.6807861328125,0.0047263046726584435,903.757568359375,83.44464111328125,0.002226076554507017,923.5576782226562,46.666534423828125,0.013079706579446793,954.1000366210938,79.91287994384766,0.0033621147740632296,923.5354614257812,15.806053161621094,0.01264724601060152,1037.9381103515625,10.76220703125,0.014680757187306881,934.1213989257812,59.012672424316406,0.05097244679927826,1001.8450927734375,62.28577423095703,0.07004131376743317,950.2743530273438,113.91462707519531,0.08607133477926254,929.7261352539062,95.7048110961914,0.11177878826856613,1002.583984375,93.24508666992188,0.7937244176864624,1094.0673828125,90.53572082519531,0.8004253506660461,867.7098999023438,454.4153137207031,0.9710981249809265,1048.18408203125,469.7200927734375,0.9704487919807434,1061.1876220703125,787.6241455078125,0.9762392640113831,1203.645263671875,813.5819091796875,0.9748660326004028
766,25533,919.2259521484375,82.38562774658203,0.0036969936918467283,915.4594116210938,61.90855407714844,0.0037198576610535383,920.9042358398438,76.59114074707031,0.0017136287642642856,935.6270141601562,45.47245788574219,0.01207286212593317,976.4690551757812,67.81654357910156,0.0032249356154352427,930.6741943359375,10.406112670898438,0.018480004742741585,1046.504638671875,4.4763336181640625,0.01387058012187481,929.098388671875,67.23820495605469,0.08114784210920334,1017.853515625,62.900482177734375,0.06245474889874458,948.800048828125,125.87553405761719,0.13625182211399078,942.778076171875,105.74285888671875,0.11161557585000992,995.4578247070312,77.53326416015625,0.8346220850944519,1091.714111328125,75.27255249023438,0.8033106327056885,892.5604248046875,439.08343505859375,0.980633556842804,1087.639892578125,464.7091369628906,0.9738531112670898,966.0816650390625,818.7145385742188,0.9835663437843323,1241.6868896484375,800.2572021484375,0.9790529608726501
767,25566,928.3211059570312,86.99725341796875,0.0033465849701315165,927.6714477539062,63.97052764892578,0.003649693913757801,926.3174438476562,75.01528930664062,0.0016291288193315268,947.7346801757812,50.771026611328125,0.011837035417556763,968.142333984375,67.76060485839844,0.0029891342855989933,947.9213256835938,20.159591674804688,0.013996773399412632,1024.8563232421875,15.899276733398438,0.010041024535894394,946.1783447265625,79.78981018066406,0.05505631864070892,1005.3668212890625,68.86509704589844,0.0415458120405674,966.93115234375,127.24713134765625,0.09590741991996765,940.8556518554688,98.2239990234375,0.07711503654718399,1007.6473999023438,64.03536987304688,0.7861011624336243,1080.02783203125,62.65983581542969,0.7464030385017395,909.67626953125,439.2168273925781,0.9785672426223755,1097.8148193359375,453.72576904296875,0.9698563814163208,904.2920532226562,825.0587768554688,0.9824099540710449,1273.947509765625,774.3837890625,0.9773842096328735
768,25600,936.1154174804688,80.8604736328125,0.00275970296934247,940.2577514648438,56.99006652832031,0.0034694024361670017,934.34619140625,72.05481719970703,0.0014201338635757565,968.8848876953125,45.689918518066406,0.008330612443387508,962.017822265625,72.2991714477539,0.0017836932092905045,977.00830078125,6.8308868408203125,0.006289845332503319,999.8811645507812,2.4127349853515625,0.00545489601790905,961.2141723632812,43.58697509765625,0.03643323853611946,972.5240478515625,42.71001434326172,0.03664519265294075,973.7607421875,60.62525939941406,0.08157409727573395,935.6473999023438,60.704498291015625,0.08662810176610947,1019.476318359375,56.61863708496094,0.7393385171890259,1051.649169921875,58.0521240234375,0.7107510566711426,920.0126953125,439.32672119140625,0.9759430289268494,1060.9056396484375,451.7740173339844,0.968065619468689,888.8857421875,816.4991455078125,0.9813870787620544,1304.1925048828125,746.0454711914062,0.9761179089546204
769,25633,923.8201904296875,85.85499572753906,0.003023663768544793,926.29833984375,61.78010559082031,0.003459542989730835,923.3638916015625,79.50274658203125,0.0015326644061133265,955.4608154296875,48.37394714355469,0.007112149149179459,954.2471923828125,79.97332763671875,0.0016801831079646945,960.77490234375,8.341529846191406,0.005297767464071512,1001.2806396484375,0.8675765991210938,0.007157852407544851,957.4188232421875,39.33055114746094,0.03609377145767212,977.796630859375,41.299598693847656,0.06333236396312714,967.4727172851562,61.04200744628906,0.09411309659481049,932.1652221679688,62.58636474609375,0.15541352331638336,1018.8267211914062,62.80082702636719,0.7438993453979492,1055.5516357421875,63.385162353515625,0.7539814710617065,925.666259765625,445.08892822265625,0.9747593998908997,1028.3287353515625,454.5224609375,0.9712752103805542,922.432861328125,823.1585083007812,0.9804016947746277,1300.6842041015625,725.3449096679688,0.9771679639816284
770,25666,934.5242309570312,89.11507415771484,0.003540465608239174,935.5565185546875,67.05228424072266,0.0037898458540439606,933.8551635742188,79.76628112792969,0.0016432489501312375,960.2305297851562,50.082916259765625,0.00833864789456129,962.9635620117188,72.4024887084961,0.0018948211800307035,961.463623046875,11.364395141601562,0.008162877522408962,1003.7047729492188,0.072601318359375,0.009916041977703571,966.5345458984375,55.25592041015625,0.05036476254463196,998.8588256835938,54.03849792480469,0.07191012054681778,950.6303100585938,88.91519165039062,0.11266489326953888,930.502685546875,74.44198608398438,0.1550534963607788,1010.464111328125,77.39968872070312,0.7848527431488037,1041.82373046875,75.40498352050781,0.7820512652397156,938.1054077148438,466.921630859375,0.9776462912559509,1010.7894287109375,474.8360595703125,0.971362292766571,963.0457763671875,848.5067138671875,0.9820043444633484,1268.3975830078125,706.6946411132812,0.9783172011375427
771,25700,921.3204345703125,81.24526977539062,0.002701730001717806,923.2223510742188,62.925453186035156,0.0034481659531593323,920.9718627929688,76.38105010986328,0.0013279975391924381,954.275390625,44.9205322265625,0.015179792419075966,949.9678955078125,68.8897705078125,0.002743700984865427,966.791748046875,10.367706298828125,0.01751498132944107,984.5692749023438,0.0,0.015808653086423874,965.8689575195312,58.131500244140625,0.057764481753110886,993.4716796875,57.54634094238281,0.05867787078022957,952.5697631835938,108.29681396484375,0.06599288433790207,931.7369384765625,89.71366882324219,0.07139044255018234,1018.4443359375,104.23146057128906,0.8733317255973816,1028.6553955078125,102.98945617675781,0.8572608828544617,933.3087768554688,481.9322204589844,0.9826726913452148,982.6112060546875,495.3123779296875,0.9750712513923645,1007.0936279296875,853.8299560546875,0.9852350950241089,1233.1036376953125,707.0562133789062,0.9810459613800049
772,25733,922.8787231445312,90.87043762207031,0.0019986035767942667,928.7098999023438,72.30404663085938,0.002785379532724619,921.2433471679688,88.74723815917969,0.0011539183324202895,963.9417724609375,51.449134826660156,0.01514948345720768,939.5152587890625,80.36041259765625,0.0028145043179392815,978.6500244140625,13.909721374511719,0.013705297373235226,969.8930053710938,0.365753173828125,0.017696086317300797,974.279296875,58.00584411621094,0.040911965072155,964.4998168945312,52.35758972167969,0.06713535636663437,953.70068359375,123.63072967529297,0.04043952375650406,920.2415771484375,99.97748565673828,0.06567787379026413,1032.2550048828125,127.28546905517578,0.8766719102859497,1022.7737426757812,124.82276916503906,0.8833604454994202,941.8885498046875,494.7298583984375,0.979010820388794,963.3823852539062,491.42816162109375,0.9750590920448303,1055.2694091796875,849.4122314453125,0.980603039264679,1208.5140380859375,698.7943115234375,0.9787389636039734
773,25766,831.0829467773438,50.803619384765625,0.00399273494258523,839.1357421875,30.838462829589844,0.00534185953438282,833.1431274414062,50.22637939453125,0.0011701721232384443,906.0547485351562,18.824066162109375,0.02164878137409687,878.453857421875,52.366058349609375,0.0015379919204860926,957.9495849609375,0.0,0.025822525843977928,932.7015380859375,0.0,0.023965323343873024,903.5713500976562,10.564041137695312,0.14322327077388763,923.3331298828125,14.7850341796875,0.12194425612688065,840.7044067382812,5.9419097900390625,0.1878734529018402,840.6848754882812,7.27935791015625,0.1588926464319229,1038.71826171875,135.1217803955078,0.9122642278671265,1004.0685424804688,126.7042465209961,0.9049704074859619,941.3296508789062,509.0858459472656,0.9833481907844543,902.6954956054688,474.474609375,0.9759790301322937,1100.1925048828125,848.1066284179688,0.9740970134735107,1163.3701171875,693.9027709960938,0.970898449420929
774,25800,834.2955932617188,55.278968811035156,0.0034132604487240314,846.1083984375,34.56733703613281,0.004212274216115475,831.0284423828125,55.40052795410156,0.0011914160568267107,912.9373779296875,20.542831420898438,0.01955040916800499,859.3331909179688,57.5526123046875,0.002063833409920335,970.2535400390625,0.0,0.04142855107784271,900.18408203125,0.0,0.023695945739746094,881.7177124023438,7.6075286865234375,0.2036946713924408,881.9542236328125,20.85699462890625,0.1169804185628891,828.6647338867188,3.2307586669921875,0.22662074863910675,817.9469604492188,4.3083343505859375,0.1568182408809662,1050.3250732421875,130.00753784179688,0.8729439377784729,977.2060546875,128.46633911132812,0.8361721634864807,972.1231079101562,498.6664123535156,0.9553214311599731,885.8331298828125,474.3382873535156,0.9292227625846863,1133.3896484375,842.6918334960938,0.9140850901603699,1104.50830078125,738.5784301757812,0.8959261178970337
775,25833,880.171142578125,78.53622436523438,0.002568258671090007,883.7920532226562,57.70252990722656,0.0031723177526146173,878.6463012695312,74.84889221191406,0.0011129237245768309,925.2192993164062,40.229461669921875,0.019382916390895844,906.8037109375,72.68536376953125,0.002955712378025055,956.0765991210938,2.9006881713867188,0.028114277869462967,936.70751953125,0.0,0.029978072270751,889.3119506835938,13.864151000976562,0.09846929460763931,958.4044189453125,32.13542175292969,0.1031925156712532,921.546630859375,29.01470947265625,0.08293343335390091,932.698486328125,58.07025146484375,0.07663749158382416,1044.93359375,134.37649536132812,0.9119232892990112,995.6749877929688,132.56378173828125,0.911868155002594,1025.325439453125,507.3655700683594,0.9792873859405518,871.0903930664062,452.14892578125,0.973128616809845,1190.9449462890625,845.9820556640625,0.9663559198379517,1063.661865234375,717.2198486328125,0.9675129055976868
776,25866,904.5838623046875,87.18937683105469,0.0036890809424221516,909.427734375,64.32106018066406,0.004088776186108589,900.7684936523438,78.65034484863281,0.001960171153768897,948.7996215820312,47.574806213378906,0.015905316919088364,919.4934692382812,74.97969818115234,0.0038531278260052204,994.7833251953125,17.42571258544922,0.015823841094970703,944.5364379882812,10.121772766113281,0.04051632806658745,977.2705078125,56.03924560546875,0.0453466922044754,985.310302734375,48.032501220703125,0.1528840810060501,959.0245971679688,109.3846206665039,0.04759197682142258,936.9771118164062,97.84506225585938,0.11467750370502472,1047.826904296875,125.924560546875,0.8603307604789734,977.7163696289062,123.55938720703125,0.9075237512588501,1062.26708984375,490.3942565917969,0.9677897691726685,866.5427856445312,445.1759033203125,0.9738104939460754,1222.6455078125,834.4524536132812,0.956214427947998,1002.8219604492188,751.5452880859375,0.9683624505996704
777,25900,932.1670532226562,93.94576263427734,0.00293271173723042,936.8084716796875,73.87989807128906,0.0033693492878228426,926.582763671875,84.59081268310547,0.001474380842410028,972.8463134765625,57.778472900390625,0.012907039374113083,940.311279296875,75.93647003173828,0.002710658358410001,998.0154418945312,23.208526611328125,0.019926438108086586,966.5787963867188,9.193267822265625,0.022571930661797523,967.7080078125,59.47343444824219,0.07147343456745148,992.0744018554688,50.720672607421875,0.09590837359428406,944.5404052734375,108.94583129882812,0.06670399755239487,934.648193359375,85.31190490722656,0.07890058308839798,1056.520751953125,100.4718017578125,0.8833487033843994,992.4229125976562,94.0103759765625,0.890743613243103,1091.6124267578125,478.20391845703125,0.9763229489326477,878.6279907226562,428.1148681640625,0.9735670685768127,1264.1689453125,803.2849731445312,0.9738078713417053,939.2857055664062,762.88720703125,0.9762856960296631
778,25933,946.7015991210938,95.33853149414062,0.0036621021572500467,950.8753662109375,73.94801330566406,0.0043914103880524635,941.1751098632812,81.86924743652344,0.002031442243605852,981.8324584960938,61.71906280517578,0.010326948948204517,952.0162353515625,74.89290618896484,0.0025825530756264925,997.65478515625,38.61474609375,0.011602692306041718,978.3804931640625,23.625274658203125,0.01155102625489235,956.8472900390625,81.18685913085938,0.044135015457868576,1011.3470458984375,70.18913269042969,0.050305403769016266,943.4459838867188,118.46479797363281,0.04863189533352852,962.1310424804688,102.57266235351562,0.04869913309812546,1058.02001953125,83.44926452636719,0.822674572467804,997.6458129882812,80.38243103027344,0.824050784111023,1108.0301513671875,466.6241455078125,0.9762746691703796,898.2269897460938,438.248046875,0.972250759601593,1305.047607421875,799.3068237304688,0.9802854061126709,884.3497924804688,798.8076782226562,0.9807894825935364
779,25966,977.7779541015625,89.77269744873047,0.0054362863302230835,978.13330078125,71.61744689941406,0.005754009820520878,969.3513793945312,78.77863311767578,0.0031884852796792984,999.4608764648438,61.444610595703125,0.007634300738573074,972.9431762695312,72.9206771850586,0.002560362918302417,1000.92431640625,43.13246154785156,0.010198463685810566,1004.352783203125,21.144241333007812,0.006994972936809063,960.0419311523438,103.43531799316406,0.05072272568941116,1023.167724609375,82.11955261230469,0.03680989146232605,934.3629150390625,128.06053161621094,0.07004043459892273,954.4508666992188,119.1412353515625,0.05175153911113739,1053.1009521484375,88.04447937011719,0.7971208691596985,1004.6251831054688,78.42549133300781,0.7643733024597168,1111.096923828125,458.6800231933594,0.978563129901886,916.5029907226562,441.9757995605469,0.9710241556167603,1332.7554931640625,774.6655883789062,0.9853280186653137,876.5571899414062,796.4400024414062,0.9829093217849731
780,26000,977.51611328125,96.80245971679688,0.006231359206140041,980.1240234375,79.25889587402344,0.0057080392725765705,968.3236083984375,86.0862808227539,0.003254255745559931,1003.6928100585938,67.23937225341797,0.005514174234122038,968.95166015625,77.1570053100586,0.0019464468350633979,1001.0286254882812,38.4342041015625,0.008886713534593582,998.4935302734375,16.226303100585938,0.007225505542010069,959.635986328125,81.91465759277344,0.07230477035045624,987.1640625,62.87425231933594,0.06144625321030617,914.6063232421875,91.22850036621094,0.13512784242630005,918.1481323242188,63.93168640136719,0.11540524661540985,1050.061279296875,79.12225341796875,0.8039838075637817,1002.6720581054688,70.07254028320312,0.7819390892982483,1096.48095703125,461.22467041015625,0.9778470993041992,920.1099243164062,441.7679443359375,0.9716336727142334,1341.1240234375,759.2528686523438,0.9823737144470215,892.0921020507812,796.0924072265625,0.9803829193115234
781,26033,1002.631591796875,85.14319610595703,0.01731436885893345,1004.5787353515625,66.37438201904297,0.011465131305158138,990.0466918945312,73.82968139648438,0.010028386488556862,1009.8403930664062,48.501617431640625,0.006138129625469446,972.409423828125,58.07707214355469,0.0044272281229496,999.783935546875,10.841262817382812,0.01778169721364975,994.8472290039062,0.0,0.010330867022275925,970.5435791015625,69.69804382324219,0.131637305021286,980.7727661132812,59.910369873046875,0.07405248284339905,930.9155883789062,93.26760864257812,0.25066694617271423,907.695556640625,79.76234436035156,0.1727118045091629,1034.4979248046875,101.22093200683594,0.7738394737243652,989.44921875,90.10588073730469,0.7121430039405823,1064.7689208984375,467.2846374511719,0.9659435153007507,917.685791015625,456.7611999511719,0.9517096877098083,1343.134765625,744.9290771484375,0.9699864983558655,933.0714721679688,800.7586669921875,0.9623743295669556
782,26066,997.4004516601562,79.53565979003906,0.014972063712775707,1001.4005126953125,56.66809844970703,0.012673585675656796,985.2894287109375,67.57150268554688,0.009947063401341438,1008.0999755859375,38.813690185546875,0.009385072626173496,965.567138671875,56.77290344238281,0.005242572631686926,994.6941528320312,8.199256896972656,0.01636657491326332,984.730224609375,0.0,0.009251446463167667,986.1355590820312,70.54424285888672,0.07831742614507675,970.6714477539062,64.18311309814453,0.046968940645456314,977.0337524414062,119.89537811279297,0.13082970678806305,925.4002685546875,111.37174987792969,0.0942797064781189,1025.7049560546875,112.89299011230469,0.7300325036048889,990.5842895507812,107.37950134277344,0.6688956022262573,1013.3695678710938,476.38330078125,0.952043890953064,928.2266845703125,473.0218811035156,0.9368892908096313,1327.6297607421875,736.779296875,0.9592002630233765,975.7958374023438,811.0442504882812,0.9506001472473145
783,26100,930.2266845703125,100.7523193359375,0.005703597329556942,931.134521484375,83.93641662597656,0.005645673722028732,925.34619140625,94.140380859375,0.002903010230511427,960.7806396484375,64.7687759399414,0.007276559714227915,953.7455444335938,80.59586334228516,0.002187778940424323,963.62255859375,20.78997802734375,0.008599629625678062,1010.3676147460938,3.133575439453125,0.011730650439858437,958.9929809570312,42.63958740234375,0.059614188969135284,997.4987182617188,51.94303894042969,0.0944843515753746,933.8062133789062,83.44944763183594,0.10901683568954468,925.7666015625,70.90003967285156,0.149729922413826,1023.2988891601562,82.54536437988281,0.8202189207077026,1030.4493408203125,82.97909545898438,0.8372126817703247,989.6466674804688,493.8029479980469,0.9741432070732117,952.9122314453125,488.0685729980469,0.9749394059181213,1310.94140625,721.77001953125,0.9797797799110413,1013.3237915039062,831.052978515625,0.9805783033370972
784,26133,890.3171997070312,60.61248779296875,0.0030065716709941626,893.799560546875,48.56884002685547,0.0030777857173234224,888.3447875976562,61.47241973876953,0.0012213941663503647,928.4990844726562,34.51890563964844,0.009188174270093441,927.1686401367188,55.850830078125,0.001769931404851377,938.3739624023438,0.0,0.02100149355828762,987.0980224609375,0.0,0.017245622351765633,883.0276489257812,7.03070068359375,0.15683455765247345,904.3692626953125,18.269119262695312,0.1287197470664978,837.7042236328125,6.516632080078125,0.18848830461502075,828.0730590820312,4.92718505859375,0.1743035912513733,1028.2510986328125,128.90011596679688,0.9282476305961609,1044.03369140625,131.9310302734375,0.918630838394165,948.7172241210938,488.05682373046875,0.9838089346885681,957.463623046875,499.0653991699219,0.9805985689163208,1252.7852783203125,706.857421875,0.9824089407920837,1045.3228759765625,827.5310668945312,0.9797788858413696
785,26166,863.2984008789062,63.878448486328125,0.00386067945510149,865.9187622070312,46.30329895019531,0.003744927467778325,864.194091796875,65.63557434082031,0.0012907990021631122,913.7084350585938,31.051666259765625,0.01470502745360136,932.92236328125,60.11933898925781,0.002410006243735552,917.6771850585938,0.0,0.04042985662817955,1039.4322509765625,0.0,0.02848513238132,882.1177368164062,8.547088623046875,0.2520086467266083,955.2962036132812,22.111587524414062,0.16968996822834015,854.6277465820312,3.2482452392578125,0.3198290467262268,863.4398803710938,7.6182403564453125,0.25017720460891724,1031.16064453125,112.53414916992188,0.8925763964653015,1113.3380126953125,107.60829162597656,0.8696147203445435,904.3440551757812,470.7849426269531,0.9674820303916931,1009.135986328125,480.5863952636719,0.9563289880752563,1156.609130859375,744.775146484375,0.9483386278152466,1125.3133544921875,778.7537841796875,0.937035083770752
786,26200,914.6911010742188,86.97555541992188,0.003512417431920767,910.0770874023438,69.30118560791016,0.00345804775133729,912.1231079101562,87.02538299560547,0.001658495981246233,938.6766357421875,50.58210754394531,0.013652640394866467,968.5086059570312,79.18842315673828,0.0036944476887583733,940.5341186523438,7.7835845947265625,0.02143947221338749,1054.0330810546875,0.0,0.0280271265655756,924.747802734375,26.911605834960938,0.08073560893535614,1028.5423583984375,41.5927734375,0.12098222970962524,935.3687133789062,70.48100280761719,0.10359207540750504,943.1129760742188,64.12980651855469,0.1454392969608307,1026.226806640625,102.35545349121094,0.8643594980239868,1105.869140625,99.14909362792969,0.875203549861908,898.6937866210938,464.5998229980469,0.9750009775161743,1031.846923828125,483.2978210449219,0.975333571434021,1100.4053955078125,783.6531372070312,0.9771664142608643,1185.5001220703125,824.3468627929688,0.9763909578323364
787,26233,910.68994140625,79.6563949584961,0.0038144884165376425,907.0479736328125,60.920631408691406,0.003855844959616661,908.4680786132812,77.66979217529297,0.0017762384377419949,935.1076049804688,44.566497802734375,0.01399257592856884,963.7844848632812,71.43003845214844,0.0036726153921335936,939.478271484375,6.1386566162109375,0.02134476788341999,1043.07861328125,1.26214599609375,0.022195370867848396,926.66845703125,39.739105224609375,0.07859399169683456,1023.7254638671875,48.6258544921875,0.09125611186027527,952.7379150390625,82.11689758300781,0.10973935574293137,951.3084106445312,70.14715576171875,0.12493979930877686,1026.8067626953125,90.21743774414062,0.8579210638999939,1106.3460693359375,88.95675659179688,0.8545105457305908,900.4048461914062,443.8526916503906,0.9794493913650513,1061.701904296875,471.8636474609375,0.9767731428146362,1032.4149169921875,800.140380859375,0.9823635816574097,1219.1309814453125,808.2460327148438,0.9799283742904663
788,26266,928.2901611328125,87.9239273071289,0.002181847346946597,926.3219604492188,67.74577331542969,0.0024031673092395067,932.9354248046875,83.49028015136719,0.0010821656323969364,947.6612548828125,48.75963592529297,0.009794599376618862,988.202880859375,73.40707397460938,0.002292795805260539,948.2366333007812,3.652313232421875,0.009306151419878006,1066.24560546875,0.0,0.012447314336895943,950.8672485351562,51.36895751953125,0.04477770999073982,1041.0257568359375,46.97163391113281,0.07574519515037537,979.5443115234375,100.6406021118164,0.07984869182109833,963.5667114257812,85.6432113647461,0.12285154312849045,1025.35009765625,85.84638977050781,0.8086336851119995,1119.7679443359375,81.7950439453125,0.8230794072151184,919.9083251953125,445.48443603515625,0.9773997664451599,1088.0322265625,456.88787841796875,0.9767441749572754,945.4791870117188,817.099609375,0.980070173740387,1255.1419677734375,784.6102905273438,0.9787373542785645
789,26300,943.2964477539062,81.60154724121094,0.0022061087656766176,943.946044921875,60.63661193847656,0.0025722438003867865,945.0126342773438,72.74647521972656,0.0010432284325361252,964.5811767578125,44.3602294921875,0.009615453891456127,986.6630859375,63.56957244873047,0.001984353642910719,968.2322387695312,4.8405303955078125,0.009305255487561226,1047.707275390625,0.0,0.00867344718426466,962.6190185546875,55.83416748046875,0.048984237015247345,1029.8885498046875,49.21165466308594,0.05239259824156761,981.5880126953125,107.40371704101562,0.09172507375478745,958.9305419921875,91.23678588867188,0.09911929816007614,1033.5472412109375,79.13021850585938,0.7978052496910095,1104.373046875,76.19677734375,0.783672034740448,928.372802734375,444.941650390625,0.9781005382537842,1096.870361328125,451.6235046386719,0.973155677318573,901.5281982421875,813.6304931640625,0.9806075096130371,1289.3682861328125,771.2770385742188,0.976771354675293
790,26333,957.4413452148438,78.0142822265625,0.0024988162331283092,958.3121337890625,55.058189392089844,0.0028235148638486862,957.555908203125,68.24073028564453,0.0010937820188701153,979.171142578125,40.89591979980469,0.0067115225829184055,991.7327270507812,63.62168884277344,0.0013309092028066516,983.8997192382812,2.1405487060546875,0.005849888082593679,1041.671630859375,0.0,0.005681897047907114,969.3306884765625,45.66675567626953,0.04799143597483635,1010.0848388671875,44.208824157714844,0.0525236614048481,977.8529663085938,91.66850280761719,0.12816360592842102,950.8282470703125,82.6409912109375,0.14208416640758514,1042.322998046875,67.02433776855469,0.7619990110397339,1097.5118408203125,66.19349670410156,0.7444046139717102,941.594970703125,441.542724609375,0.9785568118095398,1091.5184326171875,448.2326965332031,0.9728306531906128,894.4830322265625,815.552001953125,0.9822114109992981,1312.4815673828125,756.2879028320312,0.9779480695724487
791,26366,947.252197265625,83.28236389160156,0.003027198603376746,950.9044799804688,60.485595703125,0.0031272617634385824,946.9876708984375,76.65902709960938,0.0012775965733453631,980.2937622070312,44.25970458984375,0.006113404408097267,980.4500122070312,72.15060424804688,0.001291823573410511,987.4254150390625,0.0,0.005681821145117283,1027.3587646484375,0.0,0.007459104061126709,960.7369995117188,36.58039855957031,0.0553457997739315,992.22900390625,40.088836669921875,0.08697226643562317,966.630126953125,72.03955078125,0.16661377251148224,945.2722778320312,75.85242462158203,0.2407532036304474,1043.880615234375,68.9263916015625,0.7729064226150513,1084.2645263671875,69.96464538574219,0.7791292667388916,940.1635131835938,437.1442565917969,0.9771031141281128,1075.54296875,451.78656005859375,0.9737695455551147,904.3694458007812,809.0841064453125,0.9794614315032959,1315.941162109375,737.69775390625,0.9759942293167114
792,26400,951.3338623046875,92.95207214355469,0.0060245865024626255,953.0537109375,69.98165130615234,0.005966065917164087,948.0725708007812,84.19164276123047,0.0023518449161201715,983.52099609375,51.612945556640625,0.009224623441696167,978.8646240234375,76.02477264404297,0.0019397709984332323,990.6422119140625,6.1508331298828125,0.011139074340462685,1022.016357421875,0.0,0.011956747621297836,972.3484497070312,42.06632995605469,0.08649874478578568,1001.2677612304688,42.223297119140625,0.09814617037773132,961.4835815429688,74.15263366699219,0.22450301051139832,944.2614135742188,66.59353637695312,0.2508426606655121,1044.702880859375,69.62983703613281,0.822381854057312,1074.5474853515625,68.83259582519531,0.8098701238632202,948.9556884765625,450.0053405761719,0.982382595539093,1056.3458251953125,465.0496520996094,0.9765753149986267,955.3513793945312,828.2250366210938,0.9844517707824707,1304.9466552734375,724.2601318359375,0.9805143475532532
793,26433,946.214599609375,86.49987030029297,0.00405322527512908,945.0494995117188,66.86190032958984,0.004940229933708906,948.9605712890625,80.81478881835938,0.001446881447918713,973.1323852539062,48.233001708984375,0.013254166580736637,992.481689453125,72.12787628173828,0.0017210196238011122,974.8921508789062,1.49267578125,0.018216025084257126,1036.2037353515625,0.0,0.010155224241316319,952.4758911132812,26.331893920898438,0.12415367364883423,1019.4186401367188,35.700439453125,0.0615985281765461,951.6416625976562,53.27384948730469,0.21866032481193542,947.4630126953125,46.99369812011719,0.13383300602436066,1032.8572998046875,87.97879028320312,0.8665401935577393,1073.95751953125,87.23387145996094,0.8112915754318237,958.2879638671875,464.1898498535156,0.9848413467407227,1036.9527587890625,479.02203369140625,0.9722229838371277,996.407958984375,842.46826171875,0.98567134141922,1288.0836181640625,708.3853759765625,0.9781391024589539
794,26466,941.6163940429688,81.73528289794922,0.0036821700632572174,939.9230346679688,65.55493927001953,0.00452243210747838,945.4680786132812,79.9771957397461,0.0012600781628862023,969.3352661132812,46.022369384765625,0.014869493432343006,987.870849609375,71.8707275390625,0.0018594488501548767,977.74365234375,0.0,0.03118073008954525,1023.67919921875,0.0,0.012630781158804893,943.1638793945312,29.952301025390625,0.198538139462471,1007.7894897460938,45.06459045410156,0.06644736975431442,941.93408203125,34.02241516113281,0.26451751589775085,942.0320434570312,35.14137268066406,0.12073669582605362,1046.4921875,105.54171752929688,0.9253354072570801,1069.806640625,106.60276794433594,0.8732073903083801,962.8480834960938,475.0107421875,0.9902201890945435,1009.2242431640625,497.3741455078125,0.9785218834877014,1044.0906982421875,843.5830078125,0.9898042678833008,1252.32177734375,707.4212646484375,0.9824097156524658
795,26500,920.6016235351562,86.74269104003906,0.003201120998710394,926.4085693359375,69.14730834960938,0.004116889089345932,922.90234375,87.07827758789062,0.0011980439303442836,975.1474609375,48.12263488769531,0.013398646377027035,958.7616577148438,78.86380004882812,0.001645492622628808,994.8798217773438,4.097419738769531,0.02072555385529995,1002.8837280273438,0.0,0.012924207374453545,954.5156860351562,31.542709350585938,0.1456826776266098,985.3594360351562,41.02709197998047,0.08356811106204987,927.5321044921875,25.250564575195312,0.2115909606218338,935.9231567382812,58.966094970703125,0.14537174999713898,1058.5438232421875,125.46807861328125,0.9124366044998169,1055.987060546875,121.86030578613281,0.8822267651557922,962.4212036132812,488.1826477050781,0.986621618270874,999.2003784179688,488.54864501953125,0.9768447279930115,1084.2545166015625,842.8568115234375,0.9841467142105103,1229.2047119140625,695.2395629882812,0.9779144525527954
796,26533,912.6000366210938,79.68926239013672,0.0021305528935045004,919.8031005859375,61.60386657714844,0.0029763169586658478,911.0426025390625,80.45528411865234,0.000838600448332727,970.214599609375,41.85804748535156,0.01702883467078209,934.3507690429688,76.62258911132812,0.0018755613127723336,989.876220703125,1.0594940185546875,0.030228199437260628,957.1427001953125,0.0,0.015574155375361443,897.7809448242188,10.4373779296875,0.15551988780498505,923.0152587890625,26.466064453125,0.07075093686580658,889.8175659179688,15.70111083984375,0.15356358885765076,903.7483520507812,22.609954833984375,0.08472979813814163,1069.614990234375,134.60922241210938,0.9281437993049622,1025.8095703125,130.93936157226562,0.8957939743995667,983.2420043945312,508.86981201171875,0.9842878580093384,919.9232177734375,473.9832458496094,0.9706417322158813,1134.167724609375,830.2592163085938,0.9781246185302734,1189.236328125,675.3236694335938,0.9700945019721985
797,26566,934.062255859375,102.29743194580078,0.002493305364623666,944.5812377929688,81.95828247070312,0.0036460349801927805,922.5415649414062,95.34716033935547,0.000997212715446949,1000.95068359375,57.3984375,0.022921856492757797,925.5939331054688,83.12779998779297,0.0020870931912213564,1039.05224609375,18.858123779296875,0.029405951499938965,933.193359375,3.159942626953125,0.026338446885347366,982.8089599609375,48.88343811035156,0.09835641831159592,942.1849365234375,50.54621887207031,0.09400276094675064,922.4411010742188,121.61155700683594,0.08610448986291885,917.1984252929688,103.68040466308594,0.08350220322608948,1082.45458984375,132.1736297607422,0.8991994261741638,989.5408325195312,123.27204895019531,0.890853226184845,1024.0260009765625,519.8927612304688,0.9704042673110962,888.70263671875,473.1621398925781,0.9592036604881287,1150.233642578125,822.4502563476562,0.9593825340270996,1144.8389892578125,673.8945922851562,0.9563317894935608
798,26600,894.5950927734375,97.04784393310547,0.0014647821662947536,903.0804443359375,75.43222045898438,0.0025969010312110186,894.2144165039062,92.3708267211914,0.0007469423580914736,957.9410400390625,57.9693603515625,0.024108197540044785,923.8130493164062,87.42913055419922,0.002287845825776458,999.7720336914062,22.68779754638672,0.019731951877474785,959.1064453125,10.453102111816406,0.01841055043041706,943.9528198242188,49.60917663574219,0.046883080154657364,985.2216796875,53.24400329589844,0.05183102935552597,902.1322631835938,80.82302856445312,0.028361788019537926,932.601806640625,94.24266815185547,0.03127903491258621,1073.9095458984375,135.60818481445312,0.8986060619354248,1010.8936157226562,128.97784423828125,0.8983921408653259,1062.610595703125,499.0574645996094,0.979286789894104,892.677978515625,444.7790222167969,0.9742158055305481,1212.1861572265625,834.4113159179688,0.9775267839431763,1079.2916259765625,715.9638061523438,0.9781010150909424
799,26633,983.0219116210938,83.91313934326172,0.007244873326271772,989.1659545898438,62.22084045410156,0.008375255391001701,976.63037109375,74.05961608886719,0.004381672944873571,1017.1045532226562,43.15049743652344,0.02526753954589367,980.9736328125,62.102256774902344,0.007488568779081106,1029.687744140625,10.815216064453125,0.05947670713067055,1000.0574340820312,0.0,0.021476546302437782,982.0924682617188,69.7646484375,0.1349002718925476,1008.4070434570312,63.033851623535156,0.048263758420944214,981.9400634765625,130.94430541992188,0.0953909307718277,995.637451171875,134.2255096435547,0.04472445324063301,1085.7822265625,140.5494842529297,0.8601579070091248,1020.2928466796875,126.79131317138672,0.7879694104194641,1103.2900390625,478.6175842285156,0.9616094827651978,884.4094848632812,436.0697021484375,0.9341562390327454,1272.7152099609375,805.5018310546875,0.9538881778717041,1019.0711059570312,748.2769775390625,0.9372611045837402
800,26666,985.2310180664062,74.32772827148438,0.012121511623263359,991.8226318359375,53.75706481933594,0.014079966582357883,982.0087890625,65.59593963623047,0.00840125884860754,1017.5623168945312,41.34473419189453,0.029910432174801826,987.2503662109375,59.3455810546875,0.01151458453387022,1025.023681640625,12.515739440917969,0.06568562239408493,1003.4712524414062,0.0,0.02280198596417904,980.0432739257812,60.43336486816406,0.13424964249134064,1008.3146362304688,56.75951385498047,0.04432776942849159,977.9434814453125,125.30612182617188,0.09920820593833923,1007.279296875,130.8668212890625,0.04271511733531952,1090.714599609375,124.21822357177734,0.8389592170715332,1028.3458251953125,115.47999572753906,0.7558412551879883,1134.5714111328125,462.0046691894531,0.955411434173584,909.7538452148438,439.1600036621094,0.9249948263168335,1303.728515625,788.0928955078125,0.9403171539306641,966.3701171875,771.9995727539062,0.9171484112739563
801,26700,982.2222900390625,97.66754150390625,0.0032070805318653584,983.4358520507812,78.66513061523438,0.003677713917568326,977.5563354492188,87.53638458251953,0.001881479169242084,1010.366455078125,63.70854949951172,0.011944417841732502,992.2097778320312,78.01744079589844,0.0033192886039614677,1015.910400390625,34.22694396972656,0.019388027489185333,1024.9571533203125,15.691452026367188,0.013610824942588806,966.67822265625,81.72944641113281,0.06183013319969177,1071.5540771484375,76.99626159667969,0.048940420150756836,969.0591430664062,117.91987609863281,0.05151838809251785,1050.0589599609375,128.74557495117188,0.0402684323489666,1082.462890625,94.86520385742188,0.875694990158081,1035.019287109375,86.82115173339844,0.8571603298187256,1149.7088623046875,466.0218200683594,0.9811567664146423,930.488525390625,437.12347412109375,0.975454568862915,1337.3477783203125,785.7333984375,0.9840166568756104,920.8775024414062,788.4628295898438,0.9825258255004883
802,26733,984.6856079101562,97.10444641113281,0.004146113526076078,984.290771484375,77.77729797363281,0.004912486765533686,979.1936645507812,86.15931701660156,0.0023802274372428656,1008.6676025390625,68.96525573730469,0.0094487639144063,993.8656005859375,82.6182632446289,0.0025641126558184624,1011.9591064453125,46.047271728515625,0.011985618621110916,1032.210205078125,26.3939208984375,0.007130131591111422,972.816162109375,93.96006774902344,0.05140956863760948,1104.7403564453125,85.3092041015625,0.03370259702205658,972.374267578125,128.0108642578125,0.06092054396867752,1109.31884765625,135.5049591064453,0.039995722472667694,1077.2508544921875,85.83892822265625,0.8257505297660828,1034.6217041015625,80.0130615234375,0.788485050201416,1142.9378662109375,457.9598693847656,0.9809292554855347,937.525146484375,440.3529968261719,0.973563551902771,1358.85693359375,770.2066040039062,0.987117350101471,915.9435424804688,796.5167236328125,0.9848858714103699
803,26766,1005.4610595703125,64.9386978149414,0.00885775126516819,1007.6010131835938,43.54742431640625,0.01018087100237608,1001.6464233398438,55.52833557128906,0.006285831797868013,1023.6109008789062,38.77537536621094,0.019245905801653862,1005.7509765625,57.43986511230469,0.007357156835496426,1004.7360229492188,21.994422912597656,0.030573103576898575,1038.618896484375,9.240692138671875,0.011627457104623318,972.0950317382812,71.57782745361328,0.07848595827817917,1056.78515625,66.53746032714844,0.02941715531051159,980.5242919921875,120.84100341796875,0.0716535747051239,1082.6707763671875,132.21717834472656,0.033305514603853226,1067.249267578125,93.1237564086914,0.7692583799362183,1042.7325439453125,88.02234649658203,0.6785951256752014,1117.9473876953125,454.2450256347656,0.9522950649261475,951.1056518554688,444.06500244140625,0.9264984726905823,1366.1968994140625,752.306640625,0.947784960269928,946.5302124023438,786.5313720703125,0.930884838104248
804,26800,1007.8114013671875,65.74612426757812,0.010910063982009888,1014.5145263671875,42.56108093261719,0.011968149803578854,999.79248046875,53.41552734375,0.007457152474671602,1030.7626953125,33.02165222167969,0.01569533720612526,990.6011962890625,50.1163330078125,0.006108495406806469,1009.66650390625,15.311668395996094,0.024622486904263496,1008.0203247070312,4.90704345703125,0.009946935810148716,985.559326171875,61.954078674316406,0.0826355367898941,988.8516235351562,60.87455749511719,0.031824808567762375,978.2719116210938,119.6477279663086,0.09487040340900421,963.416259765625,132.79043579101562,0.04677145183086395,1061.626953125,108.28369903564453,0.7671230435371399,1026.8953857421875,106.13330841064453,0.6805446147918701,1076.6314697265625,467.0581359863281,0.9524522423744202,950.8324584960938,461.9718017578125,0.9282307624816895,1364.07763671875,736.7855224609375,0.9508699774742126,978.2402954101562,800.4283447265625,0.9354857206344604
805,26833,1002.0366821289062,71.64965057373047,0.01634160615503788,1013.09423828125,48.758697509765625,0.017096836119890213,992.0430908203125,59.685585021972656,0.010977568104863167,1038.1402587890625,40.82494354248047,0.01483216229826212,980.4794921875,57.689598083496094,0.006470450200140476,1026.3482666015625,19.61235809326172,0.023167230188846588,989.291748046875,10.203208923339844,0.010380139574408531,994.4048461914062,56.12315368652344,0.09286566823720932,970.6280517578125,48.365501403808594,0.040700145065784454,945.8701782226562,114.61905670166016,0.13591735064983368,940.6803588867188,105.36412811279297,0.07892896980047226,1067.74072265625,115.54032897949219,0.7601783275604248,1016.5572509765625,114.99222564697266,0.6839430332183838,1039.9586181640625,474.67291259765625,0.9506908655166626,958.1426391601562,475.1173095703125,0.9298074841499329,1354.0325927734375,728.9070434570312,0.9500746130943298,1021.953369140625,812.7564697265625,0.936555027961731
806,26866,954.5985717773438,104.18392181396484,0.0049980403855443,955.1543579101562,87.96340942382812,0.005949771497398615,950.356201171875,99.279052734375,0.0027789275627583265,985.0531005859375,69.15589141845703,0.013726229779422283,979.99609375,87.76570129394531,0.0035486742854118347,987.3403930664062,22.587203979492188,0.016245033591985703,1019.435302734375,8.316741943359375,0.0167751032859087,963.5927734375,48.36497497558594,0.05840689688920975,988.871337890625,59.78009033203125,0.06575514376163483,964.9669799804688,123.17349243164062,0.06000286713242531,950.426025390625,100.72306823730469,0.06371786445379257,1049.6282958984375,108.66389465332031,0.8665595054626465,1050.6376953125,114.95127868652344,0.8652550578117371,1015.1295776367188,493.72796630859375,0.9766878485679626,986.1398315429688,503.2976989746094,0.9746448993682861,1321.0743408203125,713.0015869140625,0.9822946786880493,1063.926025390625,826.7393188476562,0.9811371564865112
807,26900,883.0059814453125,45.709991455078125,0.002572892466560006,885.1212158203125,32.43424987792969,0.0030610933899879456,883.5480346679688,47.760658264160156,0.0010613813064992428,927.050537109375,21.72015380859375,0.017353564500808716,944.7802734375,46.052330017089844,0.002742560813203454,942.568359375,0.0,0.03900725021958351,1019.2280883789062,0.0,0.025702865794301033,880.9317626953125,0.0565338134765625,0.14983084797859192,914.8548583984375,16.50970458984375,0.09661789983510971,878.828125,6.4698028564453125,0.10870399326086044,861.0633544921875,2.98443603515625,0.08078743517398834,1055.45361328125,140.3106231689453,0.9385350942611694,1092.46728515625,144.5419464111328,0.9247502088546753,978.1957397460938,488.091552734375,0.9832876920700073,991.7824096679688,502.22698974609375,0.9787115454673767,1272.403564453125,697.6082763671875,0.9815701246261597,1084.8677978515625,828.957275390625,0.9775375127792358
808,26933,855.2377319335938,32.54722595214844,0.00441955728456378,856.8724365234375,15.095306396484375,0.00607004901394248,858.1954345703125,33.10597229003906,0.0016336239641532302,908.3594970703125,7.985321044921875,0.04050983116030693,944.8257446289062,32.70867919921875,0.004482516087591648,920.34228515625,0.0,0.07478300482034683,1051.3492431640625,0.0,0.033179644495248795,863.3190307617188,2.387420654296875,0.1683424413204193,962.8298950195312,22.063796997070312,0.06750746071338654,884.5538330078125,7.9514923095703125,0.10543683916330338,909.8840942382812,18.335311889648438,0.05018528178334236,1055.3778076171875,120.67941284179688,0.9292020797729492,1136.8631591796875,116.126220703125,0.8998984694480896,947.54296875,487.8763732910156,0.9819116592407227,1021.5509643554688,486.0630798339844,0.9737633466720581,1225.0517578125,711.82373046875,0.9785063862800598,1103.269775390625,820.3558959960938,0.9725135564804077
809,26966,913.8511962890625,68.65068054199219,0.003677664790302515,913.8419189453125,52.89161682128906,0.003835867391899228,915.199462890625,71.96527862548828,0.0013510719873011112,954.4992065429688,39.34657287597656,0.014149333350360394,980.9705200195312,69.35321044921875,0.0025669753085821867,965.7720947265625,0.0,0.0308684054762125,1082.724365234375,0.0,0.0239909365773201,950.4280395507812,3.2309417724609375,0.1830298751592636,1028.0211181640625,25.138320922851562,0.1340871900320053,899.3360595703125,0.262298583984375,0.22725573182106018,911.8436279296875,8.674392700195312,0.1859683096408844,1060.584228515625,109.58999633789062,0.9036641120910645,1140.884033203125,107.23965454101562,0.8888562917709351,934.7149658203125,467.0166320800781,0.9781428575515747,1052.0467529296875,485.530517578125,0.9729394316673279,1173.8094482421875,731.0350952148438,0.9732621908187866,1170.008544921875,804.7913818359375,0.9675776362419128
810,27000,922.6344604492188,84.96377563476562,0.002372808987274766,921.7928466796875,66.12162780761719,0.0031958732288330793,924.3898315429688,86.09632873535156,0.001306507270783186,956.8932495117188,46.85490417480469,0.02336324192583561,984.59912109375,79.37413787841797,0.004729995969682932,970.5051879882812,6.962493896484375,0.02257837913930416,1070.7464599609375,4.2963409423828125,0.026055602356791496,960.0084228515625,38.474761962890625,0.045227788388729095,1046.8824462890625,60.324623107910156,0.061721961945295334,968.599609375,101.39311981201172,0.035737715661525726,978.8276977539062,104.86015319824219,0.046688012778759,1060.8736572265625,105.25648498535156,0.8563178777694702,1137.43994140625,104.74836730957031,0.865756630897522,928.4496459960938,457.68194580078125,0.9736154079437256,1081.3468017578125,478.0068359375,0.9737537503242493,1108.6258544921875,782.7009887695312,0.9764525294303894,1226.52490234375,817.2222900390625,0.9754250645637512
811,27033,988.63330078125,82.15702056884766,0.007601853925734758,989.989990234375,53.99766540527344,0.00976282823830843,992.8796997070312,72.26177978515625,0.004995659925043583,1009.3079833984375,39.027557373046875,0.041866399347782135,1040.3956298828125,67.74744415283203,0.010482056066393852,1001.34521484375,0.0,0.051154725253582,1103.5509033203125,8.751457214355469,0.02612118422985077,1001.2182006835938,57.960548400878906,0.07642865180969238,1085.83349609375,75.07539367675781,0.043227873742580414,1034.88330078125,140.9834442138672,0.06742873787879944,1037.5980224609375,148.25482177734375,0.04831819236278534,1073.955810546875,100.96385192871094,0.8200704455375671,1156.3284912109375,107.67752838134766,0.7620764374732971,928.8312377929688,437.34735107421875,0.9632912278175354,1106.6641845703125,459.3373718261719,0.9461346864700317,1032.2642822265625,806.7138671875,0.9563642144203186,1269.923828125,796.8085327148438,0.9439226984977722
812,27066,998.3688354492188,83.80155944824219,0.007830986753106117,999.9761352539062,55.9346923828125,0.008748972788453102,1000.9242553710938,72.43946075439453,0.00487583177164197,1016.8427734375,43.16020202636719,0.029115287587046623,1042.675048828125,69.04910278320312,0.008287564851343632,1006.7034301757812,0.0,0.03593984246253967,1098.3416748046875,4.1619873046875,0.024297025054693222,999.99267578125,55.85700988769531,0.07333196699619293,1055.7462158203125,59.082916259765625,0.05975114926695824,1022.2465209960938,123.02176666259766,0.08819132298231125,995.7196655273438,111.33224487304688,0.08709386736154556,1071.8770751953125,94.54639434814453,0.8219257593154907,1153.007568359375,100.7911605834961,0.7861441969871521,938.7978515625,438.5685729980469,0.9694061875343323,1132.34228515625,456.0076904296875,0.9582957625389099,971.3778686523438,805.0859985351562,0.961753249168396,1307.126953125,772.69580078125,0.9536083936691284
813,27100,1005.9710693359375,94.5736312866211,0.0032757027074694633,1002.1221313476562,72.0018539428711,0.003532445291057229,1004.9363403320312,80.60721588134766,0.001762650441378355,1012.872314453125,56.80279541015625,0.012654566206037998,1044.5875244140625,69.80321502685547,0.003621638985350728,1007.005615234375,27.072830200195312,0.015846045687794685,1090.064208984375,19.794754028320312,0.01065265666693449,1000.598876953125,80.59208679199219,0.05161887779831886,1071.699462890625,70.56074523925781,0.03793586418032646,1023.0884399414062,114.03707885742188,0.07769608497619629,1008.2660522460938,97.60528564453125,0.06402778625488281,1063.44482421875,70.87770080566406,0.8250594735145569,1136.822265625,69.12794494628906,0.7845194935798645,973.8060302734375,443.27838134765625,0.9842096567153931,1152.0189208984375,450.7347106933594,0.9766585230827332,935.5072631835938,823.64306640625,0.9876339435577393,1325.88720703125,758.9059448242188,0.9839290380477905
814,27133,1014.7882690429688,89.15409851074219,0.003607997205108404,1012.4989624023438,66.32423400878906,0.003877480747178197,1012.5172119140625,75.29015350341797,0.001903387950733304,1024.1087646484375,54.2867431640625,0.01071911584585905,1043.8765869140625,68.56441497802734,0.003090471727773547,1018.56591796875,21.67620849609375,0.013079528696835041,1076.7088623046875,15.170379638671875,0.008397072553634644,1012.8973999023438,71.26515197753906,0.051967818289995193,1056.971435546875,57.83509826660156,0.035869646817445755,1037.5,97.17347717285156,0.09148620814085007,1003.5921020507812,71.25924682617188,0.07199987769126892,1067.390380859375,62.75038146972656,0.8044400215148926,1123.03857421875,63.29388427734375,0.7538694739341736,980.5853271484375,440.47174072265625,0.9834010004997253,1141.73828125,450.8024597167969,0.9741408228874207,932.8787841796875,821.9987182617188,0.987310528755188,1338.7147216796875,743.0678100585938,0.9827719330787659
815,27166,979.7470092773438,79.09220123291016,0.0027907593175768852,984.5354614257812,55.06874084472656,0.003749529365450144,982.2574462890625,73.24784088134766,0.0016262346180155873,1010.8700561523438,42.93427276611328,0.015614114701747894,1018.1255493164062,73.14505004882812,0.0035263574682176113,1013.864013671875,0.0,0.010484346188604832,1054.8800048828125,0.0,0.0123846884816885,1004.7764892578125,38.84520721435547,0.03373593091964722,1028.2144775390625,41.85509490966797,0.04504361003637314,1036.9068603515625,88.62824249267578,0.05165310576558113,991.3392944335938,77.72037506103516,0.06420976668596268,1074.5,67.46434020996094,0.7551872730255127,1120.7508544921875,70.98344421386719,0.7584691643714905,970.3694458007812,443.35797119140625,0.9671890735626221,1109.9228515625,447.3123779296875,0.9625383019447327,948.83349609375,816.3944702148438,0.9657300114631653,1365.7259521484375,734.3109741210938,0.9612748026847839
816,27200,997.422607421875,95.8385238647461,0.003624427132308483,997.9801635742188,72.8638687133789,0.003944247029721737,995.6796264648438,85.95856475830078,0.001838740543462336,1020.9631958007812,55.045074462890625,0.009798966348171234,1027.8553466796875,77.21614837646484,0.002467684680595994,1013.9631958007812,11.469223022460938,0.010809083469212055,1066.787109375,1.2253875732421875,0.009831414557993412,1004.9458618164062,55.727691650390625,0.05177285894751549,1047.428955078125,52.830780029296875,0.05577128380537033,1012.8797607421875,84.0223388671875,0.09561867266893387,989.7570190429688,70.15145874023438,0.11079728603363037,1060.3052978515625,80.1192626953125,0.8109897375106812,1102.732421875,78.74917602539062,0.7892597913742065,980.7879638671875,461.22784423828125,0.981028139591217,1079.8868408203125,466.3133544921875,0.973994791507721,993.5271606445312,825.2029418945312,0.9856525659561157,1336.24072265625,717.3031005859375,0.9819893836975098
817,27233,974.1193237304688,82.91079711914062,0.003964142873883247,976.1691284179688,63.53070831298828,0.004987913183867931,977.771484375,74.51577758789062,0.0017246822826564312,1006.7550659179688,47.90240478515625,0.02040049433708191,1018.8703002929688,65.42086029052734,0.0033628593664616346,1012.82177734375,13.12152099609375,0.023819101974368095,1058.5594482421875,1.7038421630859375,0.019228467717766762,1009.97705078125,52.71858215332031,0.07800697535276413,1066.703125,54.80442810058594,0.061694804579019547,1016.7083129882812,94.79988098144531,0.09762214124202728,1015.02490234375,74.62188720703125,0.07787207514047623,1059.969482421875,109.12298583984375,0.8767701387405396,1094.154541015625,104.88716125488281,0.8536291122436523,985.7400512695312,474.8066711425781,0.9839170575141907,1064.53466796875,479.3405456542969,0.9761833548545837,1026.9176025390625,844.3121337890625,0.985318660736084,1316.2530517578125,711.9224853515625,0.9809613823890686
818,27266,971.0799560546875,78.26836395263672,0.003020956413820386,973.62158203125,59.857452392578125,0.00382122746668756,971.1129150390625,73.53607177734375,0.0015516113489866257,1007.5052490234375,42.18896484375,0.018102336674928665,1004.3099365234375,65.76985931396484,0.003626594552770257,1013.281494140625,5.792083740234375,0.029187925159931183,1038.328857421875,0.0,0.0170536357909441,983.5556030273438,43.736297607421875,0.08426691591739655,1026.8538818359375,50.43708801269531,0.05055839195847511,980.8297729492188,62.85466003417969,0.0759621411561966,977.6279907226562,63.04023742675781,0.056981008499860764,1071.6163330078125,121.12380981445312,0.9086117148399353,1083.70703125,120.27085876464844,0.8747442960739136,989.7434692382812,486.2033386230469,0.9866253137588501,1030.641357421875,497.0698547363281,0.9768630266189575,1074.171142578125,842.2947387695312,0.9883948564529419,1288.0850830078125,701.26611328125,0.9833518862724304
819,27300,871.1497192382812,42.79151916503906,0.0032367196399718523,878.6734008789062,25.76019287109375,0.004377479199320078,876.5729370117188,43.74810791015625,0.0010888281976804137,939.466552734375,15.851783752441406,0.023456990718841553,931.0084228515625,44.60723876953125,0.0021241887006908655,975.8827514648438,0.0,0.03855143114924431,982.7960815429688,0.0,0.022150492295622826,894.4107055664062,5.910552978515625,0.16246487200260162,925.0230712890625,16.062103271484375,0.08607703447341919,908.4154052734375,5.2866668701171875,0.16891099512577057,899.9861450195312,4.796356201171875,0.10454153269529343,1083.0982666015625,138.81561279296875,0.9383743405342102,1075.3602294921875,134.08453369140625,0.9162490367889404,1001.04345703125,504.1258850097656,0.988816499710083,1013.1945190429688,484.97296142578125,0.9808973670005798,1121.3048095703125,846.2316284179688,0.984266459941864,1259.4444580078125,705.9024047851562,0.9794437885284424
820,27333,931.7850952148438,69.83207702636719,0.0017760194605216384,937.0198974609375,52.483428955078125,0.002365793101489544,931.232177734375,71.74827575683594,0.0006872548256069422,983.6261596679688,34.23591613769531,0.01764976978302002,958.1071166992188,70.338134765625,0.0019486368400976062,996.6464233398438,0.0,0.031703412532806396,970.6714477539062,0.0,0.01937101036310196,873.2505493164062,3.391387939453125,0.14757567644119263,914.6327514648438,21.125244140625,0.08033297955989838,931.7869262695312,3.7358551025390625,0.1334301233291626,929.078857421875,14.114273071289062,0.08095555007457733,1094.66455078125,140.77442932128906,0.9320913553237915,1051.387939453125,139.5827178955078,0.9076939821243286,1026.2318115234375,513.6737060546875,0.9838972091674805,948.18603515625,476.35198974609375,0.9717087149620056,1167.44384765625,837.071044921875,0.9746866226196289,1218.3634033203125,682.2310791015625,0.9673541784286499
821,27366,938.6094360351562,90.35371398925781,0.0014907049480825663,945.2942504882812,72.47048950195312,0.002133972942829132,935.7103271484375,90.97940826416016,0.000650482252240181,991.7451782226562,52.22918701171875,0.020141875371336937,954.2706909179688,87.13037109375,0.0023331171832978725,1015.2614135742188,5.929206848144531,0.03685843572020531,967.259033203125,0.0,0.021509289741516113,914.4168701171875,8.22564697265625,0.13630646467208862,940.1021728515625,17.641250610351562,0.07215682417154312,951.685791015625,0.0,0.09274888783693314,932.0626831054688,7.410369873046875,0.052603986114263535,1096.1668701171875,142.2277374267578,0.9304500222206116,1033.813232421875,138.89813232421875,0.9068841934204102,1057.961181640625,514.7411499023438,0.9798169732093811,927.7119140625,462.1053771972656,0.9654593467712402,1198.509521484375,830.5844116210938,0.9661858081817627,1154.7484130859375,681.8681030273438,0.9593377113342285
822,27400,949.4240112304688,98.58018493652344,0.0016068285331130028,954.8291015625,76.0129623413086,0.0025487039238214493,947.1672973632812,93.37328338623047,0.0009105200879275799,1000.2735595703125,55.89683532714844,0.022346079349517822,970.4725952148438,88.54403686523438,0.0030073050875216722,1040.5615234375,18.386672973632812,0.017161373049020767,993.2144775390625,12.469367980957031,0.024256451055407524,1014.0445556640625,52.653785705566406,0.03328349068760872,1044.4969482421875,65.49055480957031,0.0633017048239708,1036.4647216796875,120.02705383300781,0.020683208480477333,1047.3424072265625,135.1745147705078,0.032307449728250504,1101.3116455078125,131.46328735351562,0.8794355988502502,1036.2086181640625,130.61985778808594,0.8977147340774536,1102.3519287109375,492.7342834472656,0.9734912514686584,924.741455078125,447.4228820800781,0.9724975228309631,1260.1435546875,841.3181762695312,0.9705511927604675,1111.216552734375,735.0473022460938,0.9744909405708313
823,27433,1005.5003051757812,83.38174438476562,0.006332335527986288,1011.2850952148438,63.0076789855957,0.008463102392852306,1004.7272338867188,76.68065643310547,0.004115461837500334,1042.8636474609375,48.31187438964844,0.031733714044094086,1021.17333984375,69.8594970703125,0.008290190249681473,1053.7310791015625,9.567604064941406,0.060982439666986465,1046.63525390625,0.0,0.023306800052523613,1009.5154418945312,58.43012237548828,0.12121933698654175,1076.955078125,64.25033569335938,0.04740510880947113,1002.8311157226562,132.66009521484375,0.07570499926805496,1085.724365234375,144.0120391845703,0.03789385035634041,1110.831298828125,126.27605438232422,0.8774983882904053,1056.5419921875,115.45465850830078,0.8170496821403503,1141.3736572265625,476.1731872558594,0.9653894901275635,910.3212890625,437.3410949707031,0.9425906538963318,1297.886474609375,800.4593505859375,0.9539576768875122,1041.705322265625,740.7723999023438,0.9381797909736633
824,27466,968.2252807617188,89.48921203613281,0.0032057317439466715,972.4305419921875,69.63314056396484,0.004056743811815977,971.6299438476562,84.03641510009766,0.00236315093934536,1002.6590576171875,57.39708709716797,0.020558001473546028,996.775634765625,81.72754669189453,0.0069466205313801765,1028.1492919921875,13.987174987792969,0.020055213943123817,1021.7098388671875,15.746726989746094,0.03267296776175499,996.5036010742188,64.5992202758789,0.03482268005609512,1085.8048095703125,61.31785583496094,0.07573027908802032,1005.0452270507812,136.3952178955078,0.023009682074189186,1099.9090576171875,128.74911499023438,0.038746584206819534,1107.3944091796875,100.1033935546875,0.8243253231048584,1054.3133544921875,108.0387954711914,0.8595834374427795,1162.133056640625,457.09674072265625,0.9560102820396423,936.7711181640625,434.00592041015625,0.9594452381134033,1339.0982666015625,797.611083984375,0.9442246556282043,984.9221801757812,769.2367553710938,0.954509437084198
825,27500,994.7316284179688,76.95989227294922,0.004124303348362446,998.6196899414062,55.560264587402344,0.0045119295828044415,996.192626953125,66.95130157470703,0.002993886126205325,1019.1154174804688,51.09837341308594,0.013842268846929073,1015.459228515625,69.4805679321289,0.006114885210990906,1019.107177734375,16.72789764404297,0.013820161111652851,1044.2066650390625,15.840156555175781,0.0222309660166502,980.6722412109375,66.58877563476562,0.03352806344628334,1134.479736328125,49.07917785644531,0.07214676588773727,997.3436889648438,135.20631408691406,0.03248158469796181,1170.2406005859375,107.70744323730469,0.050798967480659485,1097.025146484375,83.89370727539062,0.7817541360855103,1055.3856201171875,93.95713806152344,0.8218175172805786,1184.0712890625,445.39892578125,0.956615686416626,941.3701171875,430.34051513671875,0.9604166150093079,1370.8355712890625,788.5682373046875,0.9496380686759949,931.7512817382812,798.6359252929688,0.9584554433822632
826,27533,1007.6508178710938,98.88141632080078,0.004460243973881006,1009.686279296875,78.92742919921875,0.005559074692428112,1000.673828125,85.94078063964844,0.002582395914942026,1036.550048828125,68.98624420166016,0.00996395479887724,1007.0609130859375,80.72158813476562,0.0024805862922221422,1048.3885498046875,48.591705322265625,0.010422817431390285,1027.5416259765625,31.201858520507812,0.007790319621562958,1011.7581176757812,98.321044921875,0.040574416518211365,1082.0921630859375,95.27146911621094,0.03428696095943451,1008.2594604492188,137.20330810546875,0.0475861094892025,1068.930908203125,154.3058624267578,0.038405437022447586,1107.48974609375,80.71728515625,0.8174018859863281,1041.928955078125,78.56790161132812,0.7970134615898132,1167.2454833984375,455.0684814453125,0.9802610874176025,958.6051025390625,439.787841796875,0.9745972752571106,1396.0557861328125,770.7605590820312,0.986801266670227,937.6887817382812,798.7789916992188,0.9855610728263855
827,27566,1022.3618774414062,67.38695526123047,0.007269051391631365,1024.832763671875,48.498138427734375,0.008686605840921402,1018.4846801757812,59.33418273925781,0.005105082876980305,1042.9969482421875,44.332763671875,0.018350735306739807,1022.3809204101562,61.16103744506836,0.006369678769260645,1026.0914306640625,22.81139373779297,0.027169711887836456,1048.1107177734375,7.663810729980469,0.01191727351397276,987.202880859375,64.41403198242188,0.07018657773733139,1057.9180908203125,58.39476013183594,0.031161976978182793,993.7025756835938,119.67832946777344,0.05936465784907341,1059.9866943359375,135.75221252441406,0.031206222251057625,1089.50146484375,97.13475036621094,0.8046422600746155,1056.457763671875,92.16240692138672,0.7385590076446533,1142.900390625,460.153564453125,0.9615247249603271,965.281494140625,443.2803039550781,0.9439228177070618,1399.197509765625,752.22021484375,0.9585425853729248,961.1279296875,796.23193359375,0.9481252431869507
828,27600,1030.2890625,72.40148162841797,0.011565418913960457,1035.1942138671875,50.87580871582031,0.013005521148443222,1022.9083251953125,60.55396270751953,0.008306692354381084,1051.7298583984375,44.34645080566406,0.01804235391318798,1015.7688598632812,59.56297302246094,0.007468641735613346,1035.0670166015625,24.79039764404297,0.02695629373192787,1028.05517578125,9.972129821777344,0.011997025460004807,1002.6934814453125,62.93394470214844,0.076263427734375,1010.9577026367188,52.438682556152344,0.033229127526283264,992.641845703125,115.8526382446289,0.07944288104772568,991.9603271484375,114.81440734863281,0.0425027534365654,1083.5736083984375,102.88103485107422,0.7777603268623352,1042.33935546875,99.76405334472656,0.7055897116661072,1105.5087890625,474.2214660644531,0.9538697600364685,971.1567993164062,459.0570373535156,0.9343063831329346,1394.7913818359375,735.7130126953125,0.9509798884391785,998.2265625,812.94287109375,0.9390849471092224
829,27633,999.9970703125,99.00801086425781,0.0037707926239818335,1003.4705810546875,81.59420013427734,0.00500858249142766,992.0812377929688,90.20551300048828,0.0024125652853399515,1030.231201171875,64.97337341308594,0.009493703953921795,999.3426513671875,79.2780990600586,0.0023291558027267456,1026.2799072265625,29.361831665039062,0.007403605617582798,1018.4639892578125,13.988845825195312,0.006010403390973806,1000.9916381835938,67.98211669921875,0.028189867734909058,1007.43603515625,82.98902893066406,0.026349294930696487,1005.4456787109375,142.3326873779297,0.03381139412522316,965.3265380859375,166.802734375,0.03174850717186928,1069.91943359375,84.25872802734375,0.7651987075805664,1035.38427734375,86.47512817382812,0.7470319867134094,1067.317138671875,494.61199951171875,0.969683825969696,988.5078735351562,484.07025146484375,0.9648275375366211,1388.34619140625,730.276611328125,0.9815837740898132,1041.531982421875,831.0186767578125,0.9805251359939575
830,27666,990.9351806640625,99.94821166992188,0.0032535798382014036,991.0742797851562,85.90628814697266,0.0039441268891096115,986.5020141601562,96.81763458251953,0.0019021814223378897,1014.003173828125,68.1573486328125,0.011199797503650188,1012.5302124023438,86.02205657958984,0.0026846318505704403,998.1362915039062,24.65093994140625,0.01245842594653368,1064.5770263671875,6.323822021484375,0.010902599431574345,970.43701171875,56.88555908203125,0.049231596291065216,1015.6251220703125,71.41378784179688,0.04742312803864479,946.35498046875,135.2882537841797,0.05140414088964462,948.0360717773438,138.13682556152344,0.052734848111867905,1058.5234375,104.03828430175781,0.8334118127822876,1083.8629150390625,104.71998596191406,0.8203448057174683,1018.1795654296875,500.0016174316406,0.9704474806785583,1008.7156372070312,504.5091552734375,0.9670374393463135,1343.8525390625,719.1519775390625,0.9793079495429993,1075.7459716796875,841.1224365234375,0.9774817824363708
831,27700,944.888916015625,58.709564208984375,0.00275325495749712,947.6109008789062,45.49598693847656,0.003372739301994443,943.625244140625,60.50230407714844,0.0012874753447249532,982.87451171875,32.3470458984375,0.015246610157191753,989.4959716796875,56.59025573730469,0.002643848303705454,974.075927734375,0.0,0.03073941357433796,1052.177490234375,0.0,0.016387151554226875,902.3713989257812,9.610702514648438,0.13462331891059875,931.9852294921875,19.188217163085938,0.06969975680112839,920.1289672851562,11.380050659179688,0.11865886300802231,906.99755859375,10.68035888671875,0.07764653861522675,1075.3155517578125,132.91529846191406,0.9241671562194824,1113.6109619140625,134.74758911132812,0.8969972729682922,981.0035400390625,493.23907470703125,0.9811726212501526,1011.5198974609375,502.26263427734375,0.9745940566062927,1295.083740234375,702.8193969726562,0.9813903570175171,1101.1412353515625,841.8416748046875,0.9766377210617065
832,27733,858.4773559570312,28.16333770751953,0.01282496191561222,863.7390747070312,7.391326904296875,0.018390681594610214,858.8084106445312,27.931365966796875,0.004742732271552086,926.9493408203125,1.5421371459960938,0.06568615883588791,937.7662963867188,31.205612182617188,0.005732980091124773,944.6290283203125,0.0,0.08414492011070251,1046.614990234375,0.0,0.04701559618115425,910.4945068359375,14.777801513671875,0.1519261747598648,955.5946655273438,27.532974243164062,0.0888514295220375,899.4049072265625,20.987777709960938,0.12033595889806747,909.7036743164062,17.749420166015625,0.08656511455774307,1075.8955078125,124.3853759765625,0.9150304794311523,1139.2276611328125,120.57014465332031,0.89249587059021,947.0110473632812,486.6654968261719,0.9772769212722778,1020.4547119140625,494.5406799316406,0.9718227982521057,1254.78955078125,717.0322875976562,0.9753262996673584,1122.4718017578125,832.3689575195312,0.971492350101471
833,27766,900.9796142578125,64.63817596435547,0.0025589033029973507,902.5285034179688,48.544281005859375,0.00329285254701972,902.8509521484375,68.92835998535156,0.000978639000095427,949.4575805664062,36.48760986328125,0.024407925084233284,976.0687866210938,67.52828979492188,0.0033484159503132105,949.39892578125,0.0,0.05264239013195038,1078.73291015625,0.0,0.022677045315504074,885.3369750976562,0.0,0.18081098794937134,1011.7639770507812,23.15496826171875,0.0667034313082695,931.3363037109375,2.6829071044921875,0.13863401114940643,943.0352783203125,15.766937255859375,0.061202868819236755,1071.276123046875,110.5810546875,0.9023577570915222,1156.65380859375,110.72584533691406,0.8569654226303101,947.2230834960938,468.4106140136719,0.9728965759277344,1073.7513427734375,492.0096130371094,0.9574704170227051,1181.8623046875,720.1510009765625,0.9647457599639893,1185.8494873046875,792.276123046875,0.9502346515655518
834,27800,979.0673217773438,85.64437866210938,0.0065064639784395695,983.1495361328125,58.865455627441406,0.008992577902972698,980.270751953125,79.34061431884766,0.004269584082067013,1013.9879150390625,41.8934326171875,0.04387654364109039,1027.204345703125,74.03568267822266,0.009689245373010635,1006.9457397460938,0.0,0.05083874240517616,1094.5264892578125,10.394485473632812,0.02911359630525112,992.9022827148438,42.01105499267578,0.07582531124353409,1060.721923828125,61.75639343261719,0.048613302409648895,1019.0033569335938,125.05217742919922,0.0608125664293766,1014.8237915039062,128.33900451660156,0.048400070518255234,1089.8287353515625,104.19442749023438,0.8148257732391357,1156.25634765625,110.39453887939453,0.7698128819465637,932.2058715820312,447.7762145996094,0.9493780136108398,1086.4874267578125,472.83343505859375,0.9336020946502686,1137.080810546875,786.4365234375,0.9391474723815918,1248.938232421875,813.0487060546875,0.9266648888587952
835,27833,995.2315673828125,85.15967559814453,0.010964075103402138,997.8939208984375,54.01890563964844,0.01217509526759386,994.0601806640625,73.59473419189453,0.0069796242751181126,1019.6297607421875,40.93482971191406,0.030017191544175148,1032.210693359375,72.95274353027344,0.009441126137971878,1014.0529174804688,5.673225402832031,0.03678583353757858,1096.2769775390625,15.297271728515625,0.02604999765753746,1014.7176513671875,65.27606964111328,0.0768762081861496,1057.8802490234375,68.7439956665039,0.06394778937101364,1025.1624755859375,136.7347869873047,0.10184589773416519,990.8102416992188,118.1096420288086,0.10162648558616638,1088.3201904296875,91.37374877929688,0.7805472016334534,1160.7747802734375,99.15106201171875,0.7435709834098816,937.4505615234375,434.7161865234375,0.9570401310920715,1116.5013427734375,465.6492919921875,0.944506049156189,1049.135986328125,803.0771484375,0.9485843181610107,1287.0372314453125,806.21630859375,0.9374295473098755
836,27866,1012.0995483398438,90.2006607055664,0.004294613841921091,1009.967529296875,67.89962768554688,0.004131512716412544,1008.5797119140625,79.59919738769531,0.002114023780450225,1025.4346923828125,52.415130615234375,0.009325453080236912,1042.468017578125,71.69886016845703,0.0028745580930262804,1024.0699462890625,19.115615844726562,0.012585162185132504,1089.50390625,13.52215576171875,0.01038425974547863,1019.4992065429688,74.8505859375,0.06340377777814865,1058.50341796875,63.896026611328125,0.057326789945364,1022.4684448242188,115.77937316894531,0.1331341415643692,993.0439453125,96.02842712402344,0.128773495554924,1076.616943359375,69.43547058105469,0.7845130562782288,1139.7147216796875,68.89979553222656,0.7531193494796753,970.6961059570312,440.9425964355469,0.9779638051986694,1149.1700439453125,460.1409606933594,0.9698994755744934,976.1014404296875,831.8726806640625,0.9813398718833923,1319.5162353515625,781.975341796875,0.9764042496681213
837,27900,1013.7444458007812,93.60518646240234,0.0034309912007302046,1012.80126953125,70.33364868164062,0.0038435219321399927,1010.16015625,79.48455047607422,0.001763171749189496,1029.7774658203125,57.575408935546875,0.011644056998193264,1042.1051025390625,72.25875091552734,0.003045193152502179,1032.25927734375,28.922836303710938,0.013878087513148785,1080.4031982421875,23.84417724609375,0.008465819992125034,1030.0123291015625,85.71180725097656,0.051681991666555405,1068.257080078125,74.77899169921875,0.03297901898622513,1038.7001953125,129.0695343017578,0.08713710308074951,1002.56787109375,121.49382019042969,0.06437601894140244,1083.45556640625,67.23797607421875,0.8103739619255066,1135.74951171875,67.50068664550781,0.7585387229919434,981.2716064453125,442.00244140625,0.9838019609451294,1160.43212890625,456.7907409667969,0.9746066331863403,939.3143920898438,834.0715942382812,0.987449049949646,1346.5633544921875,764.6517333984375,0.9827864170074463
838,27933,1013.0560913085938,89.68228912353516,0.0030179480090737343,1012.8211669921875,67.08700561523438,0.0035492407623678446,1010.8201904296875,76.54534149169922,0.0014373946469277143,1034.4583740234375,55.2359619140625,0.011014474555850029,1046.9110107421875,70.08705139160156,0.0023428748827427626,1037.4122314453125,20.901718139648438,0.012704171240329742,1082.1563720703125,15.642929077148438,0.00698459055274725,1028.2584228515625,66.54739379882812,0.05572136491537094,1072.823974609375,59.24015808105469,0.03150373697280884,1049.00732421875,92.95042419433594,0.0978337898850441,1013.8154296875,77.76475524902344,0.06471854448318481,1081.81298828125,64.41508483886719,0.8128042221069336,1128.136962890625,63.72857666015625,0.7520840167999268,985.8040161132812,447.79779052734375,0.9844128489494324,1147.9473876953125,454.2208557128906,0.9739867448806763,934.9881591796875,835.1070556640625,0.9873994588851929,1352.2110595703125,744.9639282226562,0.9823967218399048
839,27966,989.1636352539062,75.47515869140625,0.003670234465971589,992.9218139648438,52.85790252685547,0.004033766686916351,988.9114990234375,68.07550048828125,0.0014603057643398643,1021.2398071289062,41.07197570800781,0.008096150122582912,1017.05712890625,67.94874572753906,0.001542807905934751,1033.4737548828125,0.110137939453125,0.008537288755178452,1051.1151123046875,0.0,0.007606768514961004,1009.9047241210938,32.767181396484375,0.07454179227352142,1026.47607421875,36.39756774902344,0.06608560681343079,1023.4418334960938,63.45515441894531,0.19670595228672028,993.4161987304688,68.40433502197266,0.17970417439937592,1087.8023681640625,70.31817626953125,0.8002245426177979,1113.66064453125,71.65351867675781,0.772003173828125,984.9229125976562,442.2500915527344,0.9800352454185486,1110.3856201171875,455.57611083984375,0.9722684621810913,952.5789184570312,822.9779663085938,0.9807195067405701,1365.4300537109375,736.1847534179688,0.9745785593986511
840,28000,987.9580688476562,86.43390655517578,0.0031104523222893476,987.5252075195312,62.04938507080078,0.003706708550453186,991.6331176757812,74.8015365600586,0.0015333709307014942,1010.5250244140625,46.43376159667969,0.015759682282805443,1039.3914794921875,67.21678161621094,0.0037177959457039833,1007.92333984375,7.8153533935546875,0.016785088926553726,1093.9654541015625,2.4960479736328125,0.014075717888772488,1002.9342651367188,41.49609375,0.054992299526929855,1101.9466552734375,47.79107666015625,0.04581167548894882,1030.6435546875,78.62681579589844,0.07603604346513748,1043.95263671875,69.65121459960938,0.06203458085656166,1061.954345703125,79.76321411132812,0.8129936456680298,1126.123046875,76.46800231933594,0.7859567999839783,988.1246948242188,462.8258972167969,0.9783803820610046,1093.2843017578125,464.2369079589844,0.9695273041725159,986.167236328125,837.50390625,0.9817697405815125,1337.5716552734375,722.3278198242188,0.9766512513160706
841,28033,984.4655151367188,85.60661315917969,0.0029350214172154665,986.2216796875,64.56708526611328,0.0037826334591954947,987.435791015625,76.64449310302734,0.0013915480813011527,1015.239990234375,48.7210693359375,0.017901191487908363,1024.6375732421875,69.36126708984375,0.003335300600156188,1022.09326171875,12.38616943359375,0.01988411135971546,1060.9287109375,0.6407318115234375,0.016485074535012245,1012.5671997070312,57.944366455078125,0.06024426594376564,1078.2059326171875,59.9263916015625,0.05000501498579979,1027.6044921875,114.33091735839844,0.06959762424230576,1033.7872314453125,89.11679077148438,0.05848018452525139,1073.2496337890625,95.60591125488281,0.8652430772781372,1100.2408447265625,94.97067260742188,0.84054034948349,993.2266845703125,469.4410400390625,0.9830689430236816,1060.6551513671875,489.36749267578125,0.9747459292411804,1025.82080078125,851.6068725585938,0.9857223033905029,1318.6162109375,718.0009155273438,0.9805672764778137
842,28066,971.6475219726562,81.98817443847656,0.0037579135969281197,975.1697998046875,63.84471130371094,0.004629676230251789,970.5487060546875,77.30259704589844,0.0017767398385331035,1012.6859130859375,45.830474853515625,0.021184829995036125,996.2732543945312,70.38093566894531,0.004115401767194271,1037.6920166015625,10.044891357421875,0.030057363212108612,1019.447998046875,0.033233642578125,0.027637744322419167,1031.199951171875,54.81980895996094,0.07998427748680115,1024.8348388671875,64.38949584960938,0.07476358115673065,1028.833251953125,123.51031494140625,0.07888857275247574,1001.4329223632812,105.62704467773438,0.07302963733673096,1090.7205810546875,112.25038146972656,0.911469042301178,1079.6630859375,111.45625305175781,0.899273157119751,992.6969604492188,487.1822509765625,0.9859592318534851,1038.60986328125,501.910400390625,0.9797487854957581,1072.8770751953125,855.9214477539062,0.9859673380851746,1288.2298583984375,718.757568359375,0.9819769859313965
843,28100,892.3456420898438,54.441673278808594,0.00266401213593781,899.9170532226562,36.62207794189453,0.003595515387132764,896.2501831054688,56.67823791503906,0.0008694874122738838,964.15576171875,22.712356567382812,0.021520301699638367,944.4589233398438,56.87786865234375,0.0018421682761982083,1001.220947265625,0.0,0.03880342096090317,984.0536499023438,0.0,0.02162935398519039,896.4223022460938,5.8934326171875,0.18140798807144165,925.8270263671875,18.342086791992188,0.09057813137769699,915.1505737304688,4.04736328125,0.18713688850402832,903.6392211914062,4.64959716796875,0.10880181938409805,1096.2872314453125,141.25860595703125,0.9444866180419922,1070.244140625,136.70237731933594,0.9219288229942322,1000.5399780273438,504.5942687988281,0.9892109632492065,995.1070556640625,485.3333435058594,0.9805551171302795,1117.0145263671875,854.5484619140625,0.9835683107376099,1254.9818115234375,700.0909423828125,0.9778726100921631
844,28133,953.5545654296875,78.37328338623047,0.0020170644856989384,962.6263427734375,59.82298278808594,0.002461229218170047,948.35595703125,79.67809295654297,0.000903761014342308,1012.5628051757812,41.20930480957031,0.014675102196633816,957.228759765625,79.17505645751953,0.0023485959973186255,1027.5640869140625,0.5679931640625,0.023150896653532982,952.7296142578125,0.0,0.022976962849497795,896.0498657226562,5.969970703125,0.10499901324510574,890.1505737304688,17.743972778320312,0.09824513643980026,921.3680419921875,6.9505462646484375,0.10388779640197754,907.564453125,8.747451782226562,0.0993557721376419,1108.5286865234375,134.71041870117188,0.9136456251144409,1036.7490234375,134.38931274414062,0.9043952822685242,1022.8848266601562,509.1927795410156,0.9794491529464722,943.2078247070312,478.03619384765625,0.969626247882843,1159.3612060546875,845.631591796875,0.9683364033699036,1216.5096435546875,676.4844360351562,0.9632951021194458
845,28166,926.061767578125,91.92668151855469,0.001238428521901369,934.2797241210938,72.38097381591797,0.0019401743775233626,923.1725463867188,91.57500457763672,0.0005791072617284954,986.2528076171875,53.19108581542969,0.024561157450079918,944.1024169921875,88.74913787841797,0.0026494860649108887,1025.700927734375,9.999778747558594,0.035123586654663086,965.4328002929688,3.6298599243164062,0.02505503036081791,914.1654663085938,17.314498901367188,0.09660889953374863,940.94775390625,26.577301025390625,0.06355931609869003,862.97265625,16.276290893554688,0.051061153411865234,863.5702514648438,17.275588989257812,0.03672876954078674,1105.2181396484375,136.998046875,0.9160863161087036,1035.5816650390625,132.1200408935547,0.9005632400512695,1061.5750732421875,514.879638671875,0.9744229316711426,926.7333984375,466.2211608886719,0.9612985253334045,1195.7296142578125,840.2023315429688,0.9590327739715576,1150.9434814453125,705.2288818359375,0.9539486765861511
846,28200,986.1376342773438,100.99463653564453,0.002074853051453829,992.6614990234375,78.24996185302734,0.0030190874822437763,976.2883911132812,92.71009826660156,0.0010919194901362062,1035.011962890625,56.2236328125,0.017926357686519623,983.3998413085938,83.0211181640625,0.0026041646488010883,1063.1455078125,21.117324829101562,0.023258080706000328,1000.3225708007812,11.550521850585938,0.016343822702765465,1038.854248046875,62.24995422363281,0.06072789803147316,1040.47802734375,75.48138427734375,0.050952255725860596,1046.148681640625,127.29995727539062,0.04476052150130272,1036.5791015625,146.02981567382812,0.03843572363257408,1113.5146484375,124.08531188964844,0.887321949005127,1035.431396484375,116.35821533203125,0.870276927947998,1118.3599853515625,499.0408935546875,0.9781706929206848,917.4450073242188,437.438720703125,0.9692004323005676,1260.22265625,846.4318237304688,0.977938175201416,1101.1710205078125,725.8599243164062,0.9766378402709961
847,28233,1006.6630249023438,89.22891998291016,0.00824772845953703,1014.0593872070312,65.77642822265625,0.011031607165932655,1003.2490234375,80.14765167236328,0.00576225109398365,1048.62109375,51.659454345703125,0.030398370698094368,1014.0533447265625,74.4693374633789,0.009151219390332699,1064.629638671875,17.42003631591797,0.049739446491003036,1030.04443359375,5.104888916015625,0.02135280705988407,1028.9005126953125,64.1220474243164,0.0949169397354126,1045.962158203125,67.24424743652344,0.042401447892189026,1037.0986328125,133.21917724609375,0.06841948628425598,1055.50390625,146.7808837890625,0.03768555074930191,1122.7899169921875,113.82536315917969,0.8334227800369263,1055.156982421875,105.63567352294922,0.7676604390144348,1139.972412109375,467.1861877441406,0.9570237398147583,914.6282958984375,435.80743408203125,0.9317861795425415,1299.9755859375,812.0174560546875,0.9456722140312195,1040.430908203125,757.8926391601562,0.9285125732421875
848,28266,1006.1936645507812,78.44242858886719,0.0059167202562093735,1013.130126953125,57.47504425048828,0.007776487618684769,1002.9351196289062,70.42524719238281,0.004285268951207399,1045.6578369140625,48.33329772949219,0.023628845810890198,1011.5806884765625,67.79414367675781,0.0074951136484742165,1055.8177490234375,19.78289794921875,0.03700882941484451,1030.8863525390625,5.882743835449219,0.017470700666308403,1022.18115234375,69.08546447753906,0.0715479925274849,1059.7913818359375,64.4428482055664,0.03723081946372986,1040.0230712890625,119.86312866210938,0.04862236976623535,1083.1728515625,127.68356323242188,0.02959360182285309,1120.18359375,101.65983581542969,0.8282994031906128,1054.77734375,94.51531219482422,0.7736061215400696,1163.2838134765625,450.5781555175781,0.9606691598892212,934.427490234375,430.7952575683594,0.941976010799408,1332.685546875,796.210693359375,0.9537951946258545,980.59130859375,768.2077026367188,0.9416585564613342
849,28300,1011.361083984375,98.08426666259766,0.0036308560520410538,1015.2953491210938,76.27484893798828,0.004220322705805302,1004.7759399414062,83.36949920654297,0.002263932256028056,1044.1365966796875,65.67860412597656,0.008822459727525711,1010.7557983398438,76.62249755859375,0.0027325814589858055,1054.166748046875,45.676483154296875,0.00943524669855833,1031.135498046875,27.232040405273438,0.009059175848960876,1021.1174926757812,109.38702392578125,0.0324530303478241,1098.066650390625,94.6842041015625,0.04029539227485657,1044.4920654296875,145.40194702148438,0.03778669983148575,1105.2904052734375,144.14662170410156,0.04057711362838745,1111.9912109375,77.05169677734375,0.8042678236961365,1045.776611328125,73.94009399414062,0.8039507865905762,1175.6510009765625,455.7122802734375,0.9780559539794922,963.3551025390625,440.5137939453125,0.9748934507369995,1371.6971435546875,796.2366943359375,0.9847160577774048,937.2154541015625,806.3278198242188,0.9845996499061584
850,28333,1019.135009765625,92.57107543945312,0.004083304665982723,1022.035400390625,72.36286926269531,0.004759760573506355,1012.0457153320312,79.07585906982422,0.002487315097823739,1048.4195556640625,62.317955017089844,0.008818324655294418,1016.8828125,73.02660369873047,0.0026238481514155865,1055.3255615234375,43.00914001464844,0.00955822505056858,1036.2735595703125,24.486648559570312,0.008455967530608177,1028.7254638671875,100.12060546875,0.03574356436729431,1087.60693359375,89.11093139648438,0.03857927769422531,1040.5035400390625,144.15357971191406,0.04313342645764351,1091.297607421875,144.83326721191406,0.041649360209703445,1104.27880859375,75.28385925292969,0.8149217367172241,1043.9696044921875,73.83256530761719,0.8062065839767456,1163.732666015625,453.9963684082031,0.9798216819763184,973.0475463867188,445.4435119628906,0.975869357585907,1387.6951904296875,776.9091796875,0.9864040613174438,940.412353515625,807.4951171875,0.9856760501861572
851,28366,1040.4754638671875,71.09124755859375,0.008593009784817696,1046.9949951171875,49.37969970703125,0.010275708511471748,1032.5399169921875,60.097503662109375,0.00635192496702075,1069.56201171875,44.929527282714844,0.016926145181059837,1025.361572265625,61.74835968017578,0.006557445973157883,1055.931640625,27.62468719482422,0.022689273580908775,1032.208740234375,14.203628540039062,0.01067085936665535,1024.984130859375,74.39623260498047,0.058562323451042175,1025.7008056640625,68.05762481689453,0.027969181537628174,1022.0386962890625,118.9830322265625,0.056626029312610626,1035.1629638671875,151.5833740234375,0.031378842890262604,1096.3887939453125,87.90847778320312,0.7646533250808716,1041.342041015625,85.24138641357422,0.6955334544181824,1138.6781005859375,454.4289855957031,0.9565775990486145,974.3339233398438,446.14910888671875,0.9372700452804565,1389.1396484375,756.9779663085938,0.9552609920501709,963.8873901367188,797.9063110351562,0.9440034031867981
852,28400,1026.204833984375,70.04827880859375,0.010885865427553654,1034.403564453125,46.974609375,0.012785733677446842,1017.5736694335938,56.1917724609375,0.007959577254951,1054.4744873046875,39.90399169921875,0.016989974305033684,1005.6242065429688,53.56482696533203,0.006721540354192257,1040.33349609375,23.02338409423828,0.02193773351609707,1007.414306640625,7.7688446044921875,0.010027922689914703,1010.4094848632812,69.8049545288086,0.062308281660079956,992.7191772460938,62.303627014160156,0.02840612828731537,998.2013549804688,127.8255386352539,0.06874855607748032,980.51904296875,150.19703674316406,0.03833397477865219,1086.6019287109375,99.0252685546875,0.7515193223953247,1032.8984375,97.01394653320312,0.6790375113487244,1097.971923828125,468.8131103515625,0.9516714811325073,975.6494750976562,459.11737060546875,0.9315113425254822,1385.9063720703125,737.2593994140625,0.9521259665489197,1003.2218627929688,805.1033935546875,0.9407584071159363
853,28433,1005.8798828125,98.72069549560547,0.0033390342723578215,1009.6470947265625,81.78085327148438,0.0045267511159181595,996.9215698242188,89.67068481445312,0.002036989899352193,1035.4239501953125,66.24302673339844,0.008897198364138603,1001.9996337890625,78.91827392578125,0.0019646959844976664,1032.4461669921875,31.314376831054688,0.007011831738054752,1022.9240112304688,13.415863037109375,0.005316268187016249,1020.9620361328125,73.57241821289062,0.029916085302829742,1014.750244140625,84.6448974609375,0.02546066790819168,1013.5881958007812,162.32382202148438,0.03810988739132881,981.8075561523438,184.70082092285156,0.033331021666526794,1073.6083984375,80.52461242675781,0.7654373049736023,1042.03564453125,82.18070983886719,0.7400048971176147,1062.780029296875,492.9813537597656,0.969884991645813,999.1492309570312,485.0580139160156,0.963458776473999,1381.938232421875,737.6622314453125,0.9812953472137451,1050.4844970703125,825.6043090820312,0.9796475172042847
854,28466,996.5018920898438,87.30608367919922,0.002485881792381406,994.8316650390625,74.5180435180664,0.002968170680105686,992.9591674804688,85.32323455810547,0.0014926368603482842,1012.4685668945312,58.419158935546875,0.011410800740122795,1022.1179809570312,75.94761657714844,0.002835147548466921,987.6943969726562,13.500823974609375,0.013460864312946796,1073.6092529296875,0.0,0.012478125281631947,948.5846557617188,35.40962219238281,0.04674914479255676,1016.8339233398438,54.22279357910156,0.04949088394641876,975.2672119140625,106.22442626953125,0.04227352514863014,976.9949951171875,108.03689575195312,0.046327099204063416,1062.36962890625,103.45664978027344,0.856476902961731,1100.133544921875,106.263427734375,0.8478750586509705,1022.3738403320312,497.3270263671875,0.9735045433044434,1021.7301635742188,505.7447204589844,0.9711570739746094,1339.678466796875,718.2835693359375,0.9810718894004822,1082.843505859375,841.727783203125,0.9796562194824219
855,28500,863.50439453125,15.403060913085938,0.027334846556186676,871.2520751953125,0.0,0.043319035321474075,864.638671875,13.55950927734375,0.009278443641960621,935.1648559570312,0.0,0.10894976556301117,935.1992797851562,20.2188720703125,0.006655422039330006,958.588623046875,0.0,0.10622198134660721,1028.640869140625,0.0,0.05776214599609375,930.9510498046875,11.426422119140625,0.1490413248538971,950.0588989257812,21.486785888671875,0.08624674379825592,934.5478515625,20.041946411132812,0.11583221703767776,926.1791381835938,13.17498779296875,0.08133065700531006,1086.404296875,129.35011291503906,0.9204344749450684,1122.8087158203125,129.5371551513672,0.8982351422309875,983.9447631835938,485.5184631347656,0.9802120923995972,1015.7565307617188,496.8186950683594,0.9753440022468567,1291.26611328125,713.6041259765625,0.9797191619873047,1110.345947265625,840.5147094726562,0.9766156673431396
856,28533,906.2230224609375,52.22943878173828,0.0025886008515954018,905.67626953125,37.09126281738281,0.003135028062388301,909.1461181640625,53.52378845214844,0.0008629677467979491,947.2556762695312,26.710189819335938,0.020383859053254128,989.8782348632812,49.13763427734375,0.002586345188319683,943.8960571289062,0.0,0.058705754578113556,1086.7545166015625,0.0,0.019727932289242744,869.36376953125,0.0,0.25320878624916077,978.6044311523438,16.666946411132812,0.07202117890119553,937.0313110351562,0.0,0.2095196694135666,939.1331787109375,9.982589721679688,0.07342898100614548,1075.6751708984375,119.86491394042969,0.9351816177368164,1163.8189697265625,116.53976440429688,0.8922826647758484,965.9267578125,484.94769287109375,0.9837579131126404,1048.7850341796875,486.2476501464844,0.9718356132507324,1229.4532470703125,716.0965576171875,0.9776884317398071,1126.331298828125,824.3467407226562,0.9674108624458313
857,28566,966.4605712890625,85.93482971191406,0.0022841598838567734,965.9771728515625,68.16508483886719,0.0032498983200639486,965.492431640625,88.80189514160156,0.0014207871863618493,997.650390625,50.20555114746094,0.028127344325184822,1019.0709228515625,84.2655029296875,0.005883463658392429,989.8077392578125,4.993629455566406,0.036214426159858704,1104.7569580078125,0.0,0.02613937295973301,962.9154052734375,23.276321411132812,0.06294682621955872,1059.567138671875,47.587806701660156,0.050879865884780884,983.800048828125,65.51962280273438,0.03545330464839935,1000.769775390625,85.73455810546875,0.03284847363829613,1074.39111328125,114.00938415527344,0.882302463054657,1158.0552978515625,113.60540771484375,0.8654853701591492,923.1273193359375,465.11328125,0.9678094983100891,1071.9097900390625,491.76483154296875,0.9640185832977295,1188.341796875,721.34814453125,0.9727854132652283,1202.27783203125,828.96337890625,0.968286395072937
858,28600,987.6617431640625,85.78811645507812,0.007580895442515612,991.9892578125,58.70812225341797,0.009967982769012451,986.4702758789062,78.38143157958984,0.004864157177507877,1021.0596313476562,43.39453125,0.03766675293445587,1026.897705078125,74.68934631347656,0.0087931789457798,1016.8572387695312,5.277740478515625,0.04200651869177818,1089.6751708984375,13.623321533203125,0.027529630810022354,1014.41015625,57.190086364746094,0.07210738211870193,1047.053466796875,64.62897491455078,0.05467663332819939,1025.22802734375,150.0743408203125,0.07059220224618912,1001.3928833007812,133.251220703125,0.06462029367685318,1098.5784912109375,100.25775146484375,0.7982582449913025,1159.869140625,106.76103973388672,0.7623989582061768,933.8644409179688,442.09454345703125,0.9491828083992004,1097.2138671875,470.6939392089844,0.9365068078041077,1129.1085205078125,783.1432495117188,0.9406644105911255,1251.400146484375,812.47119140625,0.9302971959114075
859,28633,1003.0665893554688,83.48033142089844,0.010226805694401264,1005.8844604492188,54.89744567871094,0.011171428486704826,1002.8893432617188,73.0892105102539,0.005993095692247152,1028.722412109375,42.9810791015625,0.025675155222415924,1043.4132080078125,71.96127319335938,0.00721969548612833,1021.884521484375,4.8245086669921875,0.03145180270075798,1104.9844970703125,12.229911804199219,0.02315359376370907,1017.5427856445312,57.9217529296875,0.08271743357181549,1061.4022216796875,61.24896240234375,0.07123062014579773,1022.8970947265625,129.7898712158203,0.12552759051322937,993.7445068359375,111.41365814208984,0.12775589525699615,1091.8104248046875,92.86241912841797,0.8017334938049316,1166.3876953125,99.02533721923828,0.7699376940727234,940.6569213867188,435.3952331542969,0.9652301669120789,1133.9490966796875,463.5101013183594,0.955406129360199,1046.2894287109375,806.9002685546875,0.9577135443687439,1295.8890380859375,807.8411865234375,0.949508547782898
860,28666,1012.51904296875,91.69999694824219,0.004089547321200371,1008.9902954101562,70.2344741821289,0.003743984969332814,1011.1851196289062,82.02978515625,0.001837558695115149,1024.5924072265625,53.950653076171875,0.009056247770786285,1054.427001953125,72.37765502929688,0.002652362920343876,1021.6732177734375,17.497055053710938,0.014904346317052841,1110.5745849609375,10.62762451171875,0.011705877259373665,1019.9974365234375,67.65682983398438,0.086005799472332,1080.6798095703125,58.366424560546875,0.07159769535064697,1029.22900390625,105.46343994140625,0.18044978380203247,1009.2391357421875,92.30300903320312,0.16326722502708435,1078.31689453125,73.62071228027344,0.8371493220329285,1157.4525146484375,71.80641174316406,0.8065647482872009,973.8408203125,439.0243225097656,0.9837603569030762,1162.7314453125,458.24993896484375,0.9772666692733765,980.1051635742188,828.788818359375,0.9855747222900391,1333.2623291015625,783.3567504882812,0.9814307689666748
861,28700,1023.4898681640625,85.93913269042969,0.003366178832948208,1021.7737426757812,62.924720764160156,0.0035858096089214087,1020.7265625,72.15476989746094,0.0015920988516882062,1037.05029296875,49.00859069824219,0.009809089824557304,1056.89599609375,62.98219299316406,0.002539827721193433,1035.0782470703125,14.89013671875,0.013675925321877003,1101.6082763671875,9.46453857421875,0.007365738041698933,1031.2799072265625,60.05694580078125,0.0678408220410347,1084.618896484375,52.15992736816406,0.03578491508960724,1052.845703125,95.19721984863281,0.12816400825977325,1026.1326904296875,86.08259582519531,0.08034231513738632,1089.465087890625,63.105377197265625,0.8184275031089783,1153.7774658203125,62.50611877441406,0.7549926042556763,985.4557495117188,439.76568603515625,0.9847453236579895,1169.680908203125,451.8940734863281,0.9745814800262451,944.298583984375,830.3600463867188,0.9877088069915771,1351.4097900390625,767.3340454101562,0.9824218153953552
862,28733,1020.6854248046875,89.42768096923828,0.003973228391259909,1018.6155395507812,66.84567260742188,0.004084696993231773,1018.4092407226562,76.74508666992188,0.0016786066116765141,1036.9193115234375,53.84014892578125,0.008525487035512924,1053.95849609375,69.85171508789062,0.0019815065898001194,1038.8740234375,16.884109497070312,0.012559785507619381,1091.0557861328125,12.388687133789062,0.006915879435837269,1027.099365234375,56.8831787109375,0.08652938157320023,1070.76611328125,55.67115783691406,0.04604719951748848,1033.3619384765625,81.05154418945312,0.19664397835731506,1005.64892578125,77.10658264160156,0.130552738904953,1090.946044921875,59.7989501953125,0.8194928169250488,1141.5653076171875,60.79486083984375,0.7536354660987854,994.7217407226562,437.9114685058594,0.9850063920021057,1153.6005859375,455.04547119140625,0.9741443395614624,950.5536499023438,826.7015991210938,0.9873502850532532,1363.6256103515625,748.7032470703125,0.9812538027763367
863,28766,989.9600830078125,80.71376037597656,0.0029591291677206755,993.74560546875,56.40559387207031,0.0034982399083673954,990.7099609375,71.21836853027344,0.0013467322569340467,1021.1387329101562,42.94317626953125,0.010948180221021175,1023.0045776367188,68.27989196777344,0.0022202746476978064,1031.1461181640625,3.164886474609375,0.009990613907575607,1063.07373046875,0.0,0.010168327949941158,1018.2225952148438,44.82160949707031,0.053054336458444595,1049.7467041015625,44.68519592285156,0.056798700243234634,1039.7459716796875,79.22964477539062,0.10588846355676651,1007.7767944335938,77.48707580566406,0.10906027257442474,1090.134521484375,70.7135009765625,0.7860181331634521,1126.3328857421875,69.92674255371094,0.7730368375778198,989.75537109375,445.48040771484375,0.9754188656806946,1113.7952880859375,451.2199401855469,0.9690924882888794,969.2993774414062,822.4454956054688,0.9766469597816467,1371.6768798828125,737.7338256835938,0.9714625477790833
864,28800,1008.07568359375,92.16590881347656,0.0029076249338686466,1007.3187255859375,70.14491271972656,0.0032906776759773493,1007.026123046875,82.3223876953125,0.0013855352299287915,1029.588134765625,51.676849365234375,0.009639822877943516,1040.59619140625,72.95310974121094,0.0021202201023697853,1025.635986328125,11.782928466796875,0.01162607129663229,1085.5081787109375,0.0,0.008952183648943901,1032.63330078125,58.68177795410156,0.059603311121463776,1092.7216796875,51.21221923828125,0.051249053329229355,1038.7518310546875,105.44503784179688,0.10335763543844223,1020.5405883789062,88.06988525390625,0.10043338686227798,1076.0986328125,84.31489562988281,0.8273524045944214,1119.9078369140625,83.97999572753906,0.7916491627693176,1003.4430541992188,463.3019714355469,0.9818117022514343,1092.649169921875,480.996826171875,0.9723269939422607,1016.8859252929688,841.535400390625,0.9859192371368408,1352.875244140625,716.0093994140625,0.9804994463920593
865,28833,997.5205078125,89.21289825439453,0.0022311299107968807,998.6373291015625,70.90058898925781,0.0029573796782642603,997.4774780273438,83.3470687866211,0.0010846809018403292,1028.8431396484375,51.862060546875,0.014901896938681602,1029.534423828125,74.18408203125,0.0024425233714282513,1035.788818359375,16.095794677734375,0.01785065233707428,1063.7020263671875,1.7444915771484375,0.012700745835900307,1027.3211669921875,71.17840576171875,0.05762377381324768,1082.9879150390625,65.06666564941406,0.04651474580168724,1029.607666015625,126.83761596679688,0.06235390901565552,1026.0670166015625,109.07185363769531,0.058581963181495667,1083.613525390625,107.31500244140625,0.8774632811546326,1101.063720703125,108.311279296875,0.8473234176635742,997.8275756835938,465.9809875488281,0.9842111468315125,1063.2391357421875,493.2421875,0.9749813675880432,1047.48828125,843.1768798828125,0.9876460433006287,1323.2708740234375,701.4043579101562,0.9826268553733826
866,28866,967.0263671875,78.73008728027344,0.0025194641202688217,969.6054077148438,60.29704284667969,0.003120625391602516,969.2003173828125,76.73634338378906,0.00130122946575284,1000.1975708007812,40.05107116699219,0.019145706668496132,1001.1280517578125,69.35529327392578,0.004056826233863831,1015.8917236328125,5.36810302734375,0.023627812042832375,1044.9920654296875,0.0,0.029654452577233315,1018.7462768554688,55.617919921875,0.06544801592826843,1044.24365234375,61.60166931152344,0.08890148252248764,1016.6636962890625,137.14683532714844,0.06102028489112854,990.6605224609375,127.6124038696289,0.07962830364704132,1094.0364990234375,131.62307739257812,0.9058057069778442,1112.466796875,130.02215576171875,0.9079281687736511,1002.0789184570312,489.6905822753906,0.9830403923988342,1046.9666748046875,491.42828369140625,0.9788645505905151,1091.9755859375,850.840576171875,0.9816668033599854,1301.4014892578125,700.3009643554688,0.9787350296974182
867,28900,978.9388427734375,86.76576232910156,0.01651153527200222,984.2682495117188,65.09463500976562,0.01706298254430294,966.6568603515625,79.30174255371094,0.007784214336425066,1025.5535888671875,51.777740478515625,0.03021191619336605,987.2578735351562,71.68464660644531,0.00845613144338131,1041.1781005859375,9.369094848632812,0.06271428614854813,1005.7688598632812,10.26324462890625,0.035476572811603546,955.2771606445312,49.40217590332031,0.17136788368225098,976.9641723632812,61.18272399902344,0.0788130909204483,936.1616821289062,55.644195556640625,0.20558011531829834,934.4227294921875,41.14814758300781,0.11638269573450089,1124.97509765625,116.7073974609375,0.8672147989273071,1090.3966064453125,117.2655029296875,0.8161105513572693,996.9911499023438,489.37518310546875,0.9780572056770325,1011.2472534179688,489.75494384765625,0.9589610695838928,1155.16162109375,837.1854858398438,0.9778488278388977,1256.3089599609375,710.3322143554688,0.9688910245895386
868,28933,903.2832641601562,59.25215148925781,0.0019503234652802348,912.9495849609375,40.5281982421875,0.002697674324735999,901.9732055664062,59.856422424316406,0.0007723166490904987,974.2564697265625,27.704383850097656,0.01932433620095253,934.0767211914062,61.78605651855469,0.002083506900817156,1011.4286499023438,0.0,0.027755795046687126,965.02392578125,0.0,0.02118624560534954,910.2372436523438,1.494781494140625,0.10968858003616333,914.418701171875,13.008682250976562,0.07838894426822662,930.8917236328125,4.8791656494140625,0.09689886122941971,899.27490234375,5.386871337890625,0.07287339866161346,1116.802490234375,133.42291259765625,0.8840206265449524,1063.7154541015625,130.43426513671875,0.8643935322761536,1027.587158203125,504.9088439941406,0.9691542983055115,961.1817626953125,470.08392333984375,0.9529920816421509,1176.4466552734375,838.2623291015625,0.9504643082618713,1211.778076171875,692.183349609375,0.9421072006225586
869,28966,998.4226684570312,88.45953369140625,0.0023609620984643698,1007.0220336914062,66.07786560058594,0.003506864421069622,986.7874755859375,80.85527801513672,0.0010942009976133704,1055.2779541015625,45.49479675292969,0.02024690993130207,990.0484008789062,73.19050598144531,0.002382928505539894,1092.9532470703125,17.433563232421875,0.028427034616470337,1002.54736328125,6.533294677734375,0.017702776938676834,1090.1956787109375,67.42726135253906,0.08029633015394211,1037.020751953125,79.165283203125,0.05595614016056061,1078.3955078125,142.49130249023438,0.06494917720556259,1022.9703369140625,153.28656005859375,0.0480392649769783,1130.1649169921875,123.9993896484375,0.8812435269355774,1045.30126953125,115.66580200195312,0.8544021844863892,1085.76123046875,509.4798889160156,0.9715244174003601,930.5078125,455.09503173828125,0.9572158455848694,1234.0911865234375,832.2874755859375,0.9676070213317871,1155.6278076171875,711.0128784179688,0.9631118774414062
870,29000,1019.5515747070312,88.13862609863281,0.007860543206334114,1029.6025390625,66.03634643554688,0.010371704585850239,1014.5968017578125,79.50584411621094,0.005348151549696922,1065.768310546875,50.62760925292969,0.029442979022860527,1020.0159301757812,72.23828887939453,0.008659813553094864,1087.85791015625,13.874038696289062,0.0503939725458622,1025.2220458984375,1.0991363525390625,0.024302586913108826,1062.1378173828125,61.815879821777344,0.10149860382080078,1035.5877685546875,61.62139892578125,0.05209801346063614,1054.136962890625,135.5478973388672,0.07706145942211151,1034.85888671875,140.02333068847656,0.04911822825670242,1133.7066650390625,125.90853881835938,0.8625708818435669,1056.4173583984375,118.35999298095703,0.8121613264083862,1121.4705810546875,480.9758605957031,0.9644713401794434,923.9425659179688,445.2206726074219,0.9437872171401978,1282.9869384765625,832.0780029296875,0.9531302452087402,1110.1893310546875,751.0977172851562,0.9397737979888916
871,29033,981.875244140625,90.13888549804688,0.0035738202277570963,988.9898681640625,69.02969360351562,0.004610230680555105,980.6336669921875,81.82734680175781,0.0025601231027394533,1023.681884765625,53.56077575683594,0.02149125747382641,995.9979858398438,75.23961639404297,0.006793839856982231,1063.272705078125,12.062004089355469,0.021238062530755997,1008.2684936523438,8.813827514648438,0.0348966047167778,1050.031494140625,57.60173034667969,0.03710969164967537,1065.4970703125,49.18212890625,0.08025558292865753,1073.1912841796875,132.90989685058594,0.025768721476197243,1091.36328125,125.69073486328125,0.04218699038028717,1130.980712890625,111.08917236328125,0.8459880948066711,1056.1690673828125,114.33041381835938,0.8773394823074341,1151.432861328125,469.3467712402344,0.9618679285049438,944.61865234375,433.0107727050781,0.9640254378318787,1315.6168212890625,816.38623046875,0.9488832354545593,1032.5477294921875,756.6296997070312,0.9586891531944275
872,29066,995.4408569335938,85.02459716796875,0.0046670204028487206,1000.7921142578125,62.008094787597656,0.0053727594204247,994.8702392578125,74.3460693359375,0.003323534969240427,1028.558837890625,52.72535705566406,0.016065632924437523,1011.8672485351562,73.28865051269531,0.006527222227305174,1047.8778076171875,17.873817443847656,0.016312269493937492,1032.9156494140625,18.599624633789062,0.02619069255888462,1021.5990600585938,70.47720336914062,0.03553180396556854,1092.564453125,56.41486358642578,0.07382187992334366,1044.1141357421875,133.14852905273438,0.03223642706871033,1118.3106689453125,119.94376373291016,0.05025627091526985,1127.1455078125,86.11360931396484,0.8031519651412964,1069.541748046875,95.37664031982422,0.8396790623664856,1180.11865234375,451.5837707519531,0.9608863592147827,958.0049438476562,433.3940734863281,0.9635811448097229,1357.5003662109375,804.0283813476562,0.9518812894821167,971.8921508789062,794.5611572265625,0.9603416323661804
873,29100,1044.8818359375,69.481689453125,0.006779305636882782,1045.566650390625,50.21289825439453,0.008155195973813534,1042.298095703125,61.16807556152344,0.00481946486979723,1061.93603515625,47.45631408691406,0.017533689737319946,1050.8994140625,64.08595275878906,0.006132808979600668,1048.379150390625,30.406219482421875,0.022765453904867172,1085.824462890625,11.575309753417969,0.012315747328102589,1010.7962036132812,74.952392578125,0.058165647089481354,1115.47265625,52.87916564941406,0.034541938453912735,1020.6520385742188,116.53644561767578,0.05291736498475075,1109.70263671875,105.0967025756836,0.03431724011898041,1111.8944091796875,87.88574981689453,0.7821655869483948,1084.052734375,79.86300659179688,0.7310042381286621,1185.1943359375,457.4755554199219,0.9616779685020447,984.1611328125,439.2716064453125,0.9467321038246155,1384.66162109375,791.318115234375,0.9575847387313843,952.681640625,791.3391723632812,0.948891282081604
874,29133,1024.675537109375,91.35928344726562,0.003937603905797005,1027.36962890625,71.23505401611328,0.0048766667023301125,1019.48974609375,77.21177673339844,0.0022810790687799454,1054.8980712890625,61.210350036621094,0.009504489600658417,1030.88525390625,70.32586669921875,0.002305172383785248,1057.5621337890625,45.315765380859375,0.008532543666660786,1057.1783447265625,24.053695678710938,0.007978470996022224,1023.3922119140625,107.27847290039062,0.03218459337949753,1101.33349609375,90.20677185058594,0.03631588816642761,1025.8289794921875,146.9322967529297,0.03961370512843132,1089.0926513671875,149.3623809814453,0.039642270654439926,1113.3646240234375,70.98609924316406,0.8031495809555054,1065.96875,69.68124389648438,0.7989736199378967,1172.8558349609375,452.59295654296875,0.9797236919403076,995.43115234375,444.1159362792969,0.9760958552360535,1409.535400390625,768.1576538085938,0.9867608547210693,958.8712158203125,798.247802734375,0.9863746166229248
875,29166,1016.6786499023438,94.31673431396484,0.004435763228684664,1021.0596313476562,71.62797546386719,0.005759042222052813,1009.4168701171875,77.95500183105469,0.0026790460105985403,1051.2545166015625,62.59288787841797,0.009026849642395973,1017.0776977539062,72.22270202636719,0.002208117628470063,1060.8377685546875,42.40296936035156,0.006797750014811754,1034.7843017578125,24.21441650390625,0.006159503944218159,1027.3740234375,98.45223999023438,0.02774490974843502,1051.0018310546875,95.80082702636719,0.029260780662298203,1010.0143432617188,140.01438903808594,0.03835946321487427,1016.2478637695312,148.565185546875,0.03745005652308464,1110.2847900390625,58.21540832519531,0.7370150685310364,1051.5494384765625,57.70033264160156,0.7297053337097168,1154.1884765625,465.8491516113281,0.9717035889625549,993.6607055664062,446.8312683105469,0.9667024612426758,1418.825927734375,753.2012329101562,0.9817188382148743,992.5979614257812,803.175537109375,0.9812713265419006
876,29200,1005.4234008789062,93.26664733886719,0.004342790227383375,1009.1429443359375,73.42060089111328,0.00572817400097847,998.2438354492188,80.41545867919922,0.0025775341782718897,1037.6463623046875,62.700233459472656,0.00891475286334753,1006.7516479492188,73.63538360595703,0.0020179583225399256,1043.546142578125,36.04188537597656,0.006753821857273579,1025.2261962890625,18.962814331054688,0.005632032174617052,1021.5253295898438,73.17718505859375,0.030365128070116043,1034.3455810546875,72.91053771972656,0.029222194105386734,1011.1329956054688,128.76722717285156,0.042746130377054214,1000.8080444335938,116.20756530761719,0.039921801537275314,1093.317626953125,70.7786865234375,0.7606217265129089,1045.99658203125,73.69834899902344,0.744945228099823,1117.91162109375,479.8573913574219,0.9732394814491272,1004.5460815429688,468.2809143066406,0.9683017134666443,1418.0933837890625,739.620361328125,0.9832131266593933,1035.7523193359375,821.8134155273438,0.9823910593986511
877,29233,1010.3919677734375,95.18733215332031,0.0028805495239794254,1012.5974731445312,79.9922103881836,0.003690161043778062,1004.7852172851562,88.2256851196289,0.0018015088280662894,1036.0509033203125,62.728797912597656,0.009543322026729584,1019.3947143554688,75.45691680908203,0.0022839850280433893,1025.853759765625,23.2108154296875,0.008081041276454926,1047.3079833984375,5.9307403564453125,0.007761938963085413,1004.1055297851562,56.690460205078125,0.030210938304662704,1030.108154296875,67.53675842285156,0.034282051026821136,1012.6704711914062,144.70765686035156,0.03275531530380249,996.1111450195312,160.8600311279297,0.03566843643784523,1076.258056640625,88.05949401855469,0.8102309703826904,1064.420654296875,90.99833679199219,0.8064970374107361,1073.9217529296875,495.8690490722656,0.9731107950210571,1022.4569091796875,488.73248291015625,0.9706144332885742,1404.2208251953125,729.4334106445312,0.9822357892990112,1064.826171875,827.927734375,0.982111930847168
878,29266,1009.78125,98.45038604736328,0.003263843944296241,1009.4185791015625,85.19517517089844,0.003430601442232728,1005.0455932617188,94.34664916992188,0.0018372322665527463,1027.280029296875,66.54096221923828,0.008605660870671272,1028.5792236328125,80.6180419921875,0.002486942335963249,1011.515625,25.195175170898438,0.011304348707199097,1082.437255859375,0.61029052734375,0.013168510049581528,1008.857666015625,63.8909912109375,0.05507338047027588,1035.1300048828125,64.67710876464844,0.07498437911272049,998.8645629882812,145.63970947265625,0.06859367340803146,982.116455078125,132.3130645751953,0.09108713269233704,1076.0367431640625,108.82489013671875,0.8473262786865234,1108.979736328125,109.49253845214844,0.8515503406524658,1034.7890625,500.6146545410156,0.9715055227279663,1034.9149169921875,508.68328857421875,0.9713356494903564,1359.5533447265625,715.497314453125,0.9787082076072693,1103.385498046875,836.6869506835938,0.9781017899513245
879,29300,1014.389892578125,90.99295806884766,0.0030847860034555197,1012.452392578125,77.5206069946289,0.0033234998118132353,1007.5397338867188,87.91596221923828,0.0018545009661465883,1026.5562744140625,60.428810119628906,0.012906796298921108,1031.6312255859375,77.10527801513672,0.0041544679552316666,1009.9674682617188,27.052139282226562,0.02222631312906742,1094.39501953125,1.747100830078125,0.021430790424346924,1014.9505615234375,65.21859741210938,0.06848971545696259,1035.904052734375,70.54600524902344,0.07453835010528564,1020.997802734375,158.18508911132812,0.059479326009750366,987.7381591796875,143.72003173828125,0.06804443895816803,1082.8060302734375,119.69297790527344,0.8859625458717346,1134.125732421875,118.28192138671875,0.8799830079078674,1002.1864013671875,495.86407470703125,0.9736063480377197,1037.6158447265625,506.8621520996094,0.9721376895904541,1302.25732421875,705.528076171875,0.9802935123443604,1131.2838134765625,837.456298828125,0.9781899452209473
880,29333,972.2655639648438,82.53277587890625,0.002558472566306591,967.8515625,66.49044799804688,0.0030242656357586384,970.7462768554688,81.54972839355469,0.0014204435283318162,994.3030395507812,50.467071533203125,0.022593816742300987,1033.095947265625,71.76326751708984,0.005519451107829809,975.8280029296875,13.030197143554688,0.03887321427464485,1132.8079833984375,0.0,0.030009744688868523,945.9439086914062,33.676116943359375,0.08366625010967255,1095.617431640625,62.21635437011719,0.06656963378190994,942.427734375,92.69407653808594,0.05271098390221596,1025.061279296875,126.99714660644531,0.04722629860043526,1076.4462890625,106.75025939941406,0.9017099738121033,1177.5391845703125,102.29946899414062,0.8880615234375,970.2493896484375,484.33148193359375,0.9754840731620789,1076.6058349609375,500.9864501953125,0.971828043460846,1268.24853515625,719.6472778320312,0.9791167378425598,1170.671875,829.2291870117188,0.9759730100631714
881,29366,995.1229858398438,90.78998565673828,0.006047909148037434,997.1676635742188,66.4197769165039,0.008594256825745106,998.3402709960938,84.04733276367188,0.003990231081843376,1017.9459228515625,47.804100036621094,0.05051653832197189,1044.4647216796875,73.68391418457031,0.01059263851493597,1000.8988037109375,8.816917419433594,0.060270193964242935,1119.6785888671875,9.033119201660156,0.03271256014704704,1010.984619140625,68.94776916503906,0.08381854742765427,1106.2115478515625,83.19715118408203,0.04981303587555885,1040.126220703125,190.1133270263672,0.058895256370306015,1074.3631591796875,191.1044921875,0.04214303940534592,1092.175048828125,111.68028259277344,0.8149236440658569,1175.01513671875,110.81602478027344,0.7684842944145203,950.9718627929688,466.1084289550781,0.9375920295715332,1082.8607177734375,466.2254333496094,0.9203383326530457,1204.478759765625,767.4522094726562,0.922214925289154,1229.8150634765625,799.85009765625,0.9107492566108704
