frame,timestamp_ms,nose_x,nose_y,nose_conf,left_eye_x,left_eye_y,left_eye_conf,right_eye_x,right_eye_y,right_eye_conf,left_ear_x,left_ear_y,left_ear_conf,right_ear_x,right_ear_y,right_ear_conf,left_shoulder_x,left_shoulder_y,left_shoulder_conf,right_shoulder_x,right_shoulder_y,right_shoulder_conf,left_elbow_x,left_elbow_y,left_elbow_conf,right_elbow_x,right_elbow_y,right_elbow_conf,left_wrist_x,left_wrist_y,left_wrist_conf,right_wrist_x,right_wrist_y,right_wrist_conf,left_hip_x,left_hip_y,left_hip_conf,right_hip_x,right_hip_y,right_hip_conf,left_knee_x,left_knee_y,left_knee_conf,right_knee_x,right_knee_y,right_knee_conf,left_ankle_x,left_ankle_y,left_ankle_conf,right_ankle_x,right_ankle_y,right_ankle_conf
0,0,937.67822265625,91.78948974609375,0.005549127236008644,938.348388671875,70.01467895507812,0.005180437583476305,931.7865600585938,85.25834655761719,0.002472538501024246,966.0161743164062,53.680755615234375,0.008334200829267502,958.3890380859375,81.04486083984375,0.0024489660281687975,973.8202514648438,4.912261962890625,0.012622499838471413,1000.0677490234375,2.627197265625,0.012447459623217583,967.942626953125,34.23435974121094,0.0877215564250946,977.3589477539062,40.967559814453125,0.09483832120895386,969.7059326171875,74.0833740234375,0.20744764804840088,939.060302734375,67.57740783691406,0.22656433284282684,1027.0877685546875,70.78033447265625,0.8251899480819702,1055.3021240234375,72.10592651367188,0.8075299859046936,918.44677734375,446.0919189453125,0.9805245399475098,1027.1348876953125,462.1371765136719,0.9738876819610596,920.3049926757812,814.11474609375,0.9830099940299988,1255.80810546875,734.7509765625,0.9784265756607056
1,33,933.7496337890625,88.10135650634766,0.006773185450583696,935.0433349609375,67.56459045410156,0.006480304058641195,928.9867553710938,80.91268157958984,0.0024754295591264963,964.1724853515625,50.689361572265625,0.007110435049980879,949.6328125,74.80526733398438,0.0014867192367091775,978.0732421875,9.495391845703125,0.011117283254861832,978.6079711914062,0.0,0.0087816771119833,971.1973266601562,42.975128173828125,0.12469642609357834,964.1019287109375,46.71611022949219,0.09963980317115784,944.3173828125,81.92546081542969,0.3487904369831085,927.5484619140625,81.03437805175781,0.3169114589691162,1027.9892578125,74.46231079101562,0.8330129384994507,1029.5400390625,73.26878356933594,0.794804036617279,937.5987548828125,462.958740234375,0.9832385778427124,995.7650756835938,472.24267578125,0.9734610915184021,968.629638671875,839.5457153320312,0.9843423962593079,1239.7735595703125,715.3665771484375,0.9783487915992737
2,66,917.79736328125,74.9542465209961,0.006016125902533531,920.231689453125,58.8973388671875,0.006008543074131012,913.3656005859375,70.34864044189453,0.0022173842880874872,948.5365600585938,41.7037353515625,0.010598263703286648,929.1234741210938,62.65338134765625,0.002037846250459552,978.515625,5.4846954345703125,0.022838491946458817,962.8516845703125,0.0,0.014979619532823563,1020.9523315429688,56.29399108886719,0.16758881509304047,997.3905639648438,54.9345703125,0.11066407710313797,961.5699462890625,110.39634704589844,0.3152335584163666,940.5114135742188,77.91334533691406,0.24420054256916046,1033.6175537109375,96.37655639648438,0.9013654589653015,1021.9586791992188,94.62258911132812,0.8692426681518555,942.9607543945312,475.641357421875,0.9867216348648071,982.0118408203125,483.52294921875,0.9773805737495422,1019.819091796875,843.3442993164062,0.9855228662490845,1210.343017578125,700.9903564453125,0.9798034429550171
3,100,916.8241577148438,82.379150390625,0.005066536366939545,919.535400390625,64.90402221679688,0.005046685226261616,910.8154907226562,78.9330825805664,0.002091750968247652,956.03271484375,45.260101318359375,0.012280120514333248,926.5376586914062,71.6231689453125,0.0025023226626217365,985.2888793945312,12.201828002929688,0.020730113610625267,955.5382690429688,0.1158599853515625,0.027467964217066765,971.8141479492188,58.410919189453125,0.10968367010354996,974.3457641601562,60.88201904296875,0.16581273078918457,934.234375,104.11697387695312,0.17917582392692566,923.0595703125,87.59266662597656,0.25212419033050537,1045.16796875,109.87445068359375,0.9113079309463501,1013.2278442382812,104.63154602050781,0.9154530167579651,950.521728515625,489.9886779785156,0.9858925938606262,936.6017456054688,476.4848327636719,0.9826743006706238,1077.3709716796875,839.1989135742188,0.9844186305999756,1179.5408935546875,693.7615966796875,0.983335018157959
4,133,937.99169921875,76.30723571777344,0.0033684817608445883,945.5240478515625,54.32899475097656,0.004347819834947586,926.0564575195312,69.30844116210938,0.0015353463822975755,991.4119873046875,36.53865051269531,0.014268427155911922,924.3754272460938,66.17333221435547,0.002155840629711747,1027.7259521484375,9.1856689453125,0.016830909997224808,928.0953979492188,0.170745849609375,0.017457757145166397,1008.02197265625,55.65541076660156,0.06774676591157913,944.00830078125,64.06242370605469,0.08110637962818146,960.1447143554688,121.11209106445312,0.08740685135126114,909.5489501953125,101.16984558105469,0.10451863706111908,1056.383544921875,104.14302062988281,0.8443714380264282,973.1995849609375,101.0811767578125,0.8368929028511047,983.4962768554688,487.00537109375,0.9695332050323486,883.1863403320312,470.92364501953125,0.958591878414154,1095.667236328125,833.5043334960938,0.9686750769615173,1137.3824462890625,676.4719848632812,0.9640554785728455
5,166,899.24560546875,74.59268188476562,0.0025846175849437714,906.6749267578125,53.88182830810547,0.003508996218442917,895.8854370117188,70.54962158203125,0.0016789486398920417,946.4884643554688,37.33351135253906,0.019682131707668304,909.0847778320312,67.32965087890625,0.004599872510880232,997.330078125,0.0,0.014960655942559242,919.4180297851562,0.0,0.032210469245910645,980.092041015625,41.409828186035156,0.031957246363162994,956.2841186523438,42.20896911621094,0.08830088376998901,960.6914672851562,120.31590270996094,0.02637440524995327,933.9939575195312,105.4530029296875,0.05448034405708313,1057.5487060546875,127.01831817626953,0.8526063561439514,980.7660522460938,123.72834777832031,0.892646312713623,1008.8876953125,494.5400390625,0.9660357236862183,864.7540283203125,446.36004638671875,0.9687360525131226,1146.2596435546875,828.7805786132812,0.9550594687461853,1066.0928955078125,695.68212890625,0.9638703465461731
6,200,930.7034912109375,89.84188842773438,0.002869711723178625,936.5667724609375,68.42825317382812,0.0034050648100674152,922.095703125,81.51216888427734,0.0013462551869452,975.1421508789062,50.95037841796875,0.013538687489926815,930.3453979492188,74.88409423828125,0.0023421316873282194,1002.6216430664062,20.140640258789062,0.019988756626844406,952.2907104492188,7.1941680908203125,0.021952224895358086,980.4131469726562,56.6722412109375,0.07810398936271667,974.3746948242188,53.83232116699219,0.10317549109458923,957.3726196289062,99.98643493652344,0.08354473114013672,923.4876708984375,81.55801391601562,0.09934229403734207,1051.1629638671875,112.90704345703125,0.8865871429443359,982.611572265625,103.07771301269531,0.8909868001937866,1051.5390625,495.934326171875,0.9776901602745056,864.2761840820312,429.8334045410156,0.9739838242530823,1192.293212890625,836.8211059570312,0.9742067456245422,1008.3863525390625,750.2763061523438,0.9761777520179749
7,233,922.4188842773438,97.14244079589844,0.002988728228956461,926.578369140625,76.32410430908203,0.00347362388856709,916.5532836914062,87.64508056640625,0.0014744425425305963,963.6718139648438,59.64971923828125,0.01209555845707655,932.0211181640625,78.80211639404297,0.002340056700631976,992.716064453125,25.911209106445312,0.01592290960252285,958.4952392578125,9.9140625,0.020491309463977814,968.6262817382812,60.08674621582031,0.06184309348464012,982.0543212890625,46.117401123046875,0.10136304795742035,955.9684448242188,99.17454528808594,0.06768050044775009,933.09912109375,74.41282653808594,0.09412623196840286,1051.832763671875,97.417236328125,0.867965042591095,989.0888671875,89.07206726074219,0.8833309412002563,1076.2745361328125,478.5585021972656,0.9757644534111023,878.4332885742188,424.54339599609375,0.9747329354286194,1234.3739013671875,811.917724609375,0.9743616580963135,950.9329833984375,766.44091796875,0.9778456091880798
8,266,939.2598876953125,99.11579132080078,0.004033232573419809,943.76513671875,79.18929290771484,0.004340821411460638,932.21435546875,87.35733032226562,0.002054913667961955,976.4619140625,63.22810363769531,0.008270526304841042,941.3014526367188,76.4783935546875,0.0021138587035238743,997.3914184570312,31.249969482421875,0.010907243937253952,967.56591796875,14.35272216796875,0.012754281051456928,970.4309692382812,67.929931640625,0.05817994475364685,987.1148071289062,52.351959228515625,0.08100675791501999,954.0185546875,103.70626831054688,0.08298084884881973,936.4530639648438,70.94856262207031,0.09882590919733047,1054.562255859375,84.54025268554688,0.8446566462516785,993.9790649414062,80.21282958984375,0.8537725210189819,1082.1812744140625,468.6156921386719,0.9787275195121765,901.4439697265625,440.42706298828125,0.9765940308570862,1272.0118408203125,793.8035888671875,0.9809689521789551,904.3739013671875,796.6063842773438,0.9820212125778198
9,300,941.9231567382812,92.13304138183594,0.0040831477381289005,945.842529296875,72.8565673828125,0.0046559846960008144,935.1234741210938,79.57640075683594,0.0022190094459801912,974.8294067382812,59.49668884277344,0.008725169114768505,943.6286010742188,69.8759536743164,0.0022216737270355225,990.24267578125,34.30586242675781,0.009403892792761326,969.4969482421875,15.46893310546875,0.010831636376678944,970.857421875,77.31568908691406,0.04371966794133186,987.7064819335938,59.595062255859375,0.06045416370034218,955.075927734375,115.85737609863281,0.06016855686903,936.9042358398438,79.98106384277344,0.07136092334985733,1047.30224609375,76.71611022949219,0.8207801580429077,995.865234375,74.33454895019531,0.8302597999572754,1071.949951171875,464.616943359375,0.9777578711509705,919.7186279296875,445.6864929199219,0.9756028652191162,1286.614501953125,775.1297607421875,0.9824953079223633,907.7003173828125,797.3818359375,0.9832157492637634
10,333,996.23681640625,67.38908386230469,0.013535242527723312,1002.8941040039062,45.68470001220703,0.011577263474464417,983.0556030273438,55.238983154296875,0.008289027027785778,1015.7536010742188,31.89319610595703,0.009566177614033222,960.9814453125,46.58857727050781,0.004782018717378378,1012.5565795898438,6.888313293457031,0.01876106485724449,970.9362182617188,0.0,0.009777299128472805,982.7014770507812,69.01531219482422,0.09583532810211182,962.2593994140625,53.50481414794922,0.051807619631290436,942.1887817382812,110.17504119873047,0.15753717720508575,909.3524780273438,89.09571075439453,0.10623738169670105,1041.341552734375,105.4390869140625,0.718764066696167,980.5706787109375,95.45109558105469,0.6485960483551025,1036.089599609375,463.6871337890625,0.9447022080421448,915.6370239257812,455.2522888183594,0.9226349592208862,1289.20556640625,748.1383666992188,0.9457325339317322,946.4280395507812,781.1795654296875,0.9325278997421265
11,366,935.0520629882812,85.46399688720703,0.0053157866932451725,937.7415161132812,69.20466613769531,0.004901587497442961,925.9632568359375,79.45291900634766,0.002595173427835107,966.1992797851562,54.40525817871094,0.004920044913887978,936.2940673828125,71.16400909423828,0.0015029257629066706,974.8367309570312,9.593719482421875,0.005872574634850025,977.6430053710938,0.0,0.008887527510523796,974.1930541992188,36.616241455078125,0.0571797750890255,983.6155395507812,44.316009521484375,0.10534162074327469,941.5816040039062,94.00511169433594,0.1371959000825882,923.0347290039062,76.79827880859375,0.20608894526958466,1023.72314453125,62.11253356933594,0.8149287700653076,998.5532836914062,64.65412902832031,0.8380916118621826,1003.9201049804688,480.8836669921875,0.9767748713493347,944.739501953125,476.497314453125,0.9778924584388733,1294.455078125,727.7889404296875,0.9816067218780518,980.9501953125,815.9866943359375,0.9829772710800171
12,400,938.0941772460938,75.94198608398438,0.004690741188824177,939.0650024414062,60.11228942871094,0.00451390678063035,932.972900390625,73.03518676757812,0.0025039692409336567,958.61962890625,46.133880615234375,0.006242687348276377,950.2178344726562,68.2646484375,0.0019480109913274646,952.4036865234375,11.983818054199219,0.006159165408462286,1015.6226806640625,0.0,0.011531529948115349,963.1669921875,52.861427307128906,0.048054639250040054,997.0210571289062,47.68975067138672,0.11694101989269257,938.7447509765625,89.31298828125,0.10241862386465073,924.91259765625,78.43675231933594,0.2023749053478241,1018.2383422851562,90.27392578125,0.7960066795349121,1042.9134521484375,92.16091918945312,0.8358858823776245,973.8399047851562,479.97308349609375,0.9690772891044617,970.1224365234375,488.1323547363281,0.9739155173301697,1258.2037353515625,725.1930541992188,0.9745975732803345,1012.5831909179688,821.2321166992188,0.9768436551094055
13,433,928.6644897460938,85.34566497802734,0.003345573553815484,928.9513549804688,70.06517028808594,0.003523178631439805,924.0137939453125,83.26199340820312,0.001957264728844166,950.0911254882812,54.60960388183594,0.00836983136832714,949.1634521484375,76.39068603515625,0.002576906932517886,949.7137451171875,20.202735900878906,0.008585437200963497,1019.2948608398438,0.0,0.016582807525992393,975.3373413085938,57.718482971191406,0.04245627298951149,992.5756225585938,54.098236083984375,0.11622361838817596,958.1845703125,101.81675720214844,0.06309667974710464,933.8330078125,84.76970672607422,0.14665310084819794,1015.9660034179688,109.80180358886719,0.8459212183952332,1052.590576171875,107.30332946777344,0.8815729022026062,942.89208984375,482.85418701171875,0.9732778668403625,960.1556396484375,484.8399658203125,0.9792686104774475,1207.9610595703125,711.2073364257812,0.9803913831710815,1052.8172607421875,817.2252197265625,0.9825949668884277
14,466,931.5433959960938,90.90946197509766,0.0043793474324047565,928.5670776367188,73.25640106201172,0.0038442560471594334,923.0901489257812,89.01123046875,0.002191379200667143,951.6762084960938,54.0545654296875,0.010256227105855942,955.5095825195312,80.41156768798828,0.003677556524053216,948.5863037109375,17.339126586914062,0.019759994000196457,1036.0916748046875,0.0,0.027909137308597565,961.9092407226562,51.27827453613281,0.09309692680835724,994.1737670898438,51.9437255859375,0.14826467633247375,945.3711547851562,98.02043151855469,0.13385935127735138,932.5156860351562,81.87808227539062,0.1948709934949875,1023.14208984375,87.96405029296875,0.8375946879386902,1083.65869140625,84.8653564453125,0.8523342609405518,909.6416015625,467.13262939453125,0.9629753232002258,991.0492553710938,485.3000183105469,0.9641210436820984,1163.1536865234375,744.2883911132812,0.9636446833610535,1096.0760498046875,814.3602905273438,0.9625638127326965
15,500,928.15869140625,83.80897521972656,0.002863307250663638,924.059326171875,64.97742462158203,0.0033845549914985895,922.7620239257812,82.6234130859375,0.0015577703015878797,949.1741333007812,46.242828369140625,0.018740421161055565,969.8042602539062,75.37413024902344,0.00471201166510582,944.1287841796875,8.349655151367188,0.02640376426279545,1051.02099609375,0.0,0.023305727168917656,954.8281860351562,53.615020751953125,0.06260848790407181,1032.3424072265625,61.706634521484375,0.06099279969930649,977.8546752929688,135.58135986328125,0.05550197884440422,973.7576293945312,121.597412109375,0.05359359085559845,1017.802734375,93.64031982421875,0.8477485179901123,1096.92333984375,90.69818115234375,0.8373211622238159,887.0391235351562,462.947509765625,0.9693033695220947,1016.518310546875,478.8911437988281,0.9651332497596741,1103.385498046875,763.9918823242188,0.9744812250137329,1145.5765380859375,811.70068359375,0.9712273478507996
16,533,925.3421630859375,89.58238220214844,0.003702564164996147,925.3319702148438,70.12019348144531,0.004293737467378378,919.243896484375,85.9438705444336,0.0018667980330064893,957.2498168945312,52.42529296875,0.014381618238985538,959.5057983398438,77.89096069335938,0.0035205914173275232,967.8030395507812,13.991729736328125,0.01871882751584053,1024.412109375,4.101470947265625,0.015522575005888939,973.5252685546875,60.678314208984375,0.06296471506357193,999.4530029296875,52.86048889160156,0.056131865829229355,971.8779296875,115.41375732421875,0.0831039547920227,944.33349609375,83.4334716796875,0.07499446719884872,1033.2056884765625,80.137939453125,0.8170033693313599,1085.2467041015625,76.57914733886719,0.798122227191925,889.0816040039062,446.89227294921875,0.9732238054275513,1039.58056640625,468.7692565917969,0.967358410358429,1041.8140869140625,801.33935546875,0.9784548878669739,1191.7294921875,817.882568359375,0.9744043350219727
17,566,925.0210571289062,87.97874450683594,0.004113379400223494,922.406982421875,66.66339111328125,0.003765877103433013,927.3208618164062,84.36483764648438,0.0019367221975699067,941.5902099609375,47.781761169433594,0.007706520147621632,975.6890869140625,77.44725036621094,0.002394020091742277,943.8501586914062,4.792167663574219,0.009419968351721764,1054.8717041015625,0.0,0.013523189350962639,947.3141479492188,47.77873992919922,0.06699948012828827,1022.7288818359375,43.65300750732422,0.11801908910274506,957.2399291992188,92.10685729980469,0.16840538382530212,946.7559814453125,82.50686645507812,0.2596670687198639,1018.92041015625,83.17446899414062,0.8166465163230896,1107.26513671875,79.40812683105469,0.8319604396820068,903.718505859375,440.29852294921875,0.9796309471130371,1061.7989501953125,453.05108642578125,0.979375958442688,948.7958374023438,810.7457885742188,0.9818795919418335,1227.5406494140625,795.12158203125,0.9805514812469482
18,600,946.3246459960938,89.13809967041016,0.004345852881669998,945.0716552734375,66.34160614013672,0.003989061806350946,941.7979125976562,77.86688232421875,0.0017054275376722217,969.2069091796875,49.83457946777344,0.006659066770225763,978.3916625976562,68.55303955078125,0.0016865161014720798,982.8539428710938,9.966659545898438,0.009836796671152115,1028.3419189453125,2.86102294921875,0.008419153280556202,980.5718994140625,55.71839904785156,0.08801557868719101,997.117919921875,44.970428466796875,0.07847274839878082,968.5892944335938,106.81072998046875,0.24808672070503235,941.2150268554688,89.21919250488281,0.23134967684745789,1037.5233154296875,60.14140319824219,0.7867263555526733,1085.7955322265625,57.552520751953125,0.7565755844116211,920.7312622070312,439.1898193359375,0.9794774055480957,1077.136962890625,454.2872619628906,0.9715659022331238,902.2553100585938,832.181396484375,0.9813783168792725,1260.3856201171875,775.5831298828125,0.9759649634361267
19,633,951.3215942382812,89.59508514404297,0.005499073304235935,952.175048828125,66.97657012939453,0.004968002438545227,945.467529296875,78.04296112060547,0.0018912346567958593,980.0626831054688,50.82792663574219,0.005469035357236862,975.5682373046875,69.01343536376953,0.0012204701779410243,997.1492309570312,5.2902374267578125,0.0088405292481184,1015.9984130859375,0.0,0.006254309322685003,983.747314453125,40.89344787597656,0.12038030475378036,987.3457641601562,39.31846618652344,0.08268333971500397,963.9393920898438,87.39939880371094,0.3873395025730133,941.8806762695312,85.74348449707031,0.3149787187576294,1049.4351806640625,59.276824951171875,0.8053766489028931,1076.87255859375,57.57609558105469,0.7563893795013428,929.1822509765625,440.5875549316406,0.9838395714759827,1065.121826171875,454.0467529296875,0.9745585322380066,897.0263671875,829.0449829101562,0.9854295253753662,1276.503662109375,758.9364624023438,0.979473888874054
20,666,943.81787109375,90.06967163085938,0.0066054752096533775,944.9942016601562,66.67620849609375,0.005934874061495066,936.589599609375,80.96912384033203,0.002499880502000451,972.2499389648438,50.73847961425781,0.006061257794499397,958.844482421875,76.28052520751953,0.0015794953797012568,986.9583129882812,0.0,0.009272182360291481,996.9686889648438,0.0,0.00790711585432291,974.5205078125,32.3924560546875,0.1074061319231987,976.3125,39.059417724609375,0.09262879937887192,965.5441284179688,74.92826843261719,0.3363531231880188,940.8123779296875,74.63571166992188,0.3170105516910553,1054.5941162109375,52.176910400390625,0.7963931560516357,1070.65576171875,55.06672668457031,0.760642409324646,933.3466186523438,437.800537109375,0.9817091226577759,1039.3319091796875,459.228515625,0.9726291298866272,921.5548095703125,827.9183349609375,0.9839207530021667,1273.9146728515625,739.671630859375,0.9777531623840332
21,700,938.26318359375,85.04420471191406,0.006785604637116194,937.1570434570312,63.01673126220703,0.006457402370870113,934.6717529296875,77.84593963623047,0.002499699592590332,961.6060791015625,46.7794189453125,0.00653705932199955,959.0909423828125,74.03599548339844,0.0014447736321017146,974.0770263671875,4.3023834228515625,0.009486259892582893,995.1670532226562,0.0,0.00758330337703228,974.0072631835938,38.03132629394531,0.1152702122926712,982.0031127929688,45.22705078125,0.09092027693986893,955.164794921875,76.09872436523438,0.3483010530471802,936.177978515625,75.77522277832031,0.3132862448692322,1038.9052734375,61.56394958496094,0.7968146204948425,1053.3409423828125,63.0838623046875,0.7521464228630066,951.9906616210938,455.7695007324219,0.9807064533233643,1013.590087890625,473.44207763671875,0.969170093536377,982.8605346679688,847.1705932617188,0.9825978875160217,1255.59521484375,721.7399291992188,0.9752053022384644
22,733,947.2068481445312,88.19224548339844,0.006208969745784998,951.8135375976562,69.69314575195312,0.0061317565850913525,941.2427368164062,83.70268249511719,0.002481943927705288,987.4783325195312,50.83612060546875,0.009342164732515812,953.4600219726562,77.03567504882812,0.0020970660261809826,1008.701904296875,9.552108764648438,0.016456346958875656,979.3048095703125,0.0,0.014549977146089077,1006.9393310546875,46.1861572265625,0.12668679654598236,984.7783813476562,48.342041015625,0.11392054706811905,961.0924072265625,71.09930419921875,0.2639351487159729,940.1437377929688,61.860992431640625,0.25225064158439636,1049.778564453125,90.17298889160156,0.879642128944397,1028.58447265625,89.3543701171875,0.8577553629875183,956.2152709960938,471.677490234375,0.9851840734481812,992.3571166992188,486.8226013183594,0.9772351384162903,1022.99560546875,852.4639892578125,0.9849041700363159,1222.376953125,711.3240966796875,0.9798315167427063
23,766,931.291259765625,87.47767639160156,0.002391265472397208,938.5573120117188,68.77716064453125,0.00330239231698215,925.73291015625,85.48640441894531,0.0014028316363692284,974.6094360351562,50.025421142578125,0.01434328407049179,932.1716918945312,80.5847396850586,0.002893108408898115,996.6240234375,16.221153259277344,0.013008808717131615,953.5692138671875,4.003120422363281,0.016150493174791336,990.407470703125,60.20281219482422,0.04053410515189171,966.8190307617188,54.829124450683594,0.06363093107938766,970.833984375,112.7640609741211,0.043201226741075516,937.4573974609375,91.89102172851562,0.06521352380514145,1053.1214599609375,123.11380004882812,0.8753740787506104,1015.57763671875,119.30209350585938,0.8816280364990234,959.4111938476562,493.259033203125,0.9810081720352173,941.2005615234375,472.0410461425781,0.977168083190918,1073.84033203125,849.3850708007812,0.9828696846961975,1189.415771484375,694.3418579101562,0.9817944765090942
24,800,937.1255493164062,80.96429443359375,0.002319273306056857,945.7544555664062,59.75958251953125,0.003301572985947132,925.6331787109375,73.84048461914062,0.0009889727225527167,996.1608276367188,40.3377685546875,0.016514122486114502,927.356689453125,67.71867370605469,0.0017971795750781894,1035.26318359375,10.672256469726562,0.018330281600356102,934.8375244140625,0.0,0.01806126907467842,1013.1910400390625,54.02764892578125,0.06812261790037155,953.9465942382812,55.41082763671875,0.07715819776058197,965.890869140625,121.65664672851562,0.07355968654155731,922.1502685546875,99.75119018554688,0.08252330124378204,1070.0023193359375,114.64476013183594,0.8567302823066711,984.7871704101562,108.21867370605469,0.8494691252708435,998.80810546875,500.7354431152344,0.9676401615142822,886.0791015625,471.9548034667969,0.955929160118103,1105.5421142578125,844.28173828125,0.9628746509552002,1141.6387939453125,678.6129150390625,0.9586651921272278
25,833,931.3565063476562,93.14213562011719,0.0021352272015064955,938.2976684570312,72.87737274169922,0.0026768476236611605,921.68701171875,86.5630874633789,0.0009534336277283728,981.4931640625,53.1968994140625,0.013210353441536427,927.7556762695312,78.33078002929688,0.0019139049109071493,1013.8947143554688,16.899765014648438,0.019273949787020683,945.8062744140625,0.0,0.02035984955728054,983.9826049804688,54.94322204589844,0.0822220891714096,968.494140625,48.60227966308594,0.10109888762235641,954.490966796875,109.20625305175781,0.08668635785579681,925.8297729492188,91.5933837890625,0.09969320148229599,1065.28271484375,122.46267700195312,0.8991116285324097,989.9066772460938,111.16154479980469,0.9000124931335449,1028.3160400390625,511.26873779296875,0.9786661863327026,870.0524291992188,447.9120788574219,0.9733798503875732,1158.0677490234375,834.8877563476562,0.9743460416793823,1073.4034423828125,704.4375610351562,0.974973201751709
26,866,934.1614990234375,95.12303924560547,0.0030340796802192926,939.1170654296875,74.1884536743164,0.0033623003400862217,926.4094848632812,86.68986511230469,0.001372068072669208,976.4293823242188,56.26496887207031,0.010839109309017658,937.481201171875,78.76203918457031,0.0019904787186533213,1003.8387451171875,23.056777954101562,0.015221208333969116,964.6834716796875,7.08856201171875,0.020756304264068604,981.8111572265625,55.0133056640625,0.07526849955320358,989.0321044921875,47.798675537109375,0.12663660943508148,957.54052734375,97.18437194824219,0.09984412789344788,932.4774169921875,84.30903625488281,0.14324070513248444,1060.70166015625,114.17724609375,0.8798477053642273,998.078125,103.38995361328125,0.8943948745727539,1054.3729248046875,496.52593994140625,0.9785767197608948,872.4715576171875,430.95147705078125,0.9770187735557556,1196.00537109375,842.808349609375,0.9758339524269104,1010.7899780273438,756.9984741210938,0.9788289070129395
27,900,933.2552490234375,100.69976806640625,0.003626177553087473,938.3175659179688,79.57969665527344,0.003931151703000069,925.869384765625,90.99929809570312,0.0016120278742164373,978.3885498046875,61.63465118408203,0.009254056960344315,939.817626953125,81.03572845458984,0.0017775476444512606,1010.4088134765625,24.02252197265625,0.012893141247332096,967.8624267578125,7.4864959716796875,0.01695219613611698,983.1114501953125,53.06538391113281,0.07505849748849869,984.2781982421875,42.39697265625,0.12096958607435226,954.82421875,99.42095947265625,0.11179705709218979,938.955322265625,86.91696166992188,0.1527579426765442,1067.988037109375,96.21432495117188,0.8770124912261963,1001.7236938476562,88.81398010253906,0.8904454708099365,1076.3023681640625,483.08148193359375,0.9806511998176575,896.1493530273438,438.06573486328125,0.9796028733253479,1234.3084716796875,824.2929077148438,0.9796095490455627,959.5894775390625,792.1886596679688,0.9818816781044006
28,933,948.1766967773438,97.35871124267578,0.003921664785593748,952.1201171875,76.99504852294922,0.004624105058610439,941.3845825195312,86.1350326538086,0.001911400817334652,985.7876586914062,60.93022155761719,0.010339699685573578,954.542724609375,76.18315887451172,0.0021188717801123857,1009.8016357421875,31.715423583984375,0.01289893127977848,981.5220336914062,14.4876708984375,0.01287902146577835,987.07568359375,71.00509643554688,0.06148805841803551,996.8062133789062,59.488861083984375,0.07048690319061279,964.1707763671875,121.91294860839844,0.08021847903728485,948.4944458007812,104.56558227539062,0.08258318156003952,1063.6007080078125,90.18466186523438,0.854498028755188,1008.465087890625,86.06089782714844,0.8542792797088623,1076.428466796875,471.6434326171875,0.9795718789100647,914.909423828125,445.04107666015625,0.9762193560600281,1264.59326171875,793.7424926757812,0.9820835590362549,929.8283081054688,804.5326538085938,0.9822694063186646
29,966,995.8787841796875,69.38511657714844,0.012091382406651974,1002.9819946289062,47.893524169921875,0.010344776324927807,984.19873046875,57.84514617919922,0.00702789518982172,1019.7874145507812,32.548736572265625,0.011143861338496208,968.3074951171875,47.552215576171875,0.005030613858252764,1019.5856323242188,8.939231872558594,0.025062253698706627,985.4989624023438,0.0,0.013431336730718613,989.7271728515625,69.30194091796875,0.11735958606004715,976.1940307617188,54.259620666503906,0.0650949776172638,953.9170532226562,111.0996322631836,0.1716260015964508,924.6194458007812,94.89816284179688,0.11559450626373291,1057.7379150390625,114.63835144042969,0.7615214586257935,1000.9219360351562,103.02127075195312,0.699807345867157,1056.9237060546875,464.47576904296875,0.9474875926971436,921.9793090820312,447.7872619628906,0.9254906177520752,1286.0513916015625,770.3089599609375,0.9402822852134705,947.2299194335938,776.3349609375,0.9269917607307434
30,1000,1003.4857788085938,73.1363296508789,0.01300070621073246,1011.5542602539062,52.359100341796875,0.012205619364976883,989.9705200195312,61.97314453125,0.008317941799759865,1027.3311767578125,37.289337158203125,0.011709827929735184,967.8131713867188,52.41636657714844,0.0055166855454444885,1021.2484741210938,8.939117431640625,0.021770048886537552,971.2758178710938,0.0,0.010286888107657433,988.5254516601562,63.12831115722656,0.0923883318901062,956.4114990234375,54.68046569824219,0.04444167762994766,956.7360229492188,111.07173156738281,0.13503551483154297,921.8117065429688,92.89137268066406,0.08427324891090393,1051.9107666015625,110.01113891601562,0.7588591575622559,993.018310546875,103.75515747070312,0.6845026016235352,1011.9385986328125,471.8577575683594,0.9533790946006775,934.1488037109375,468.4241027832031,0.9327964782714844,1285.0401611328125,746.7645263671875,0.9570897221565247,992.575927734375,795.4833984375,0.9452756643295288
31,1033,948.248291015625,92.03132629394531,0.004389130510389805,950.0028076171875,75.10498809814453,0.004663296043872833,940.6286010742188,86.04192352294922,0.0024445634335279465,974.4741821289062,59.24803161621094,0.008663048036396503,955.6547241210938,77.07762908935547,0.0026346982922405005,974.3031616210938,14.320083618164062,0.010407993569970131,998.7804565429688,0.375823974609375,0.012624812312424183,974.5318603515625,49.395721435546875,0.051875192672014236,979.8129272460938,54.7635498046875,0.07194963842630386,958.4443359375,119.70826721191406,0.07344181090593338,938.5387573242188,86.89320373535156,0.09199104458093643,1041.44189453125,73.57388305664062,0.8443988561630249,1040.3360595703125,78.96798706054688,0.8508180379867554,1005.882568359375,476.542236328125,0.9783807396888733,981.7335205078125,487.5348815917969,0.9770167469978333,1278.061279296875,739.7922973632812,0.9834385514259338,1023.5022583007812,817.1360473632812,0.9829574227333069
32,1066,936.0750732421875,81.89694213867188,0.0026191603392362595,933.9805908203125,64.72979736328125,0.0030360447708517313,933.1876831054688,77.34976959228516,0.001708158408291638,948.2086181640625,50.24299621582031,0.010479616932570934,959.060302734375,71.31248474121094,0.00317953247576952,945.5564575195312,16.305267333984375,0.00817087758332491,1026.7567138671875,0.0,0.017126943916082382,966.5974731445312,52.46507263183594,0.027212977409362793,1009.6135864257812,49.977081298828125,0.08389075100421906,966.7102661132812,96.29425048828125,0.03126642480492592,943.5595703125,70.65717315673828,0.08059695363044739,1035.29638671875,88.37709045410156,0.7859604954719543,1075.453857421875,88.54367065429688,0.8397303223609924,981.7672729492188,475.64349365234375,0.9613881707191467,979.9110717773438,476.2098083496094,0.9703248739242554,1228.2669677734375,732.3667602539062,0.9703583121299744,1066.1358642578125,816.1110229492188,0.9742175340652466
33,1100,936.4296264648438,95.35340881347656,0.003342903684824705,936.5652465820312,77.78077697753906,0.0036092004738748074,932.75830078125,93.11064147949219,0.0017998914700001478,956.7557373046875,55.110145568847656,0.014628283679485321,959.5285034179688,80.73179626464844,0.0038549567107111216,957.5253295898438,15.6463623046875,0.019609134644269943,1025.007080078125,0.0,0.027779685333371162,972.0714721679688,53.15620422363281,0.07153912633657455,993.9196166992188,52.72581481933594,0.1214563325047493,967.564453125,111.89069366455078,0.08324349671602249,952.5320434570312,91.72618103027344,0.12941336631774902,1043.5137939453125,110.65873718261719,0.8458822965621948,1088.9652099609375,107.10406494140625,0.8630746006965637,952.66796875,474.173583984375,0.963600754737854,1009.92041015625,470.7673645019531,0.9642177820205688,1140.43017578125,764.5895385742188,0.9597432613372803,1119.7030029296875,766.1281127929688,0.9604191184043884
34,1133,938.9641723632812,93.33831024169922,0.003810945898294449,939.1828002929688,73.8823013305664,0.004176137503236532,932.848388671875,89.56878662109375,0.0020334976725280285,967.6260375976562,55.081878662109375,0.016285983845591545,968.6077880859375,79.15406799316406,0.004475897178053856,965.9586181640625,15.739471435546875,0.020982323214411736,1035.8558349609375,0.0,0.024665595963597298,955.2730102539062,57.5958251953125,0.05924913287162781,1004.3173828125,50.9739990234375,0.08091142028570175,973.4566650390625,116.65818786621094,0.0665888637304306,955.3057861328125,85.039306640625,0.08475552499294281,1045.056884765625,88.38290405273438,0.8306894898414612,1096.63818359375,85.162353515625,0.8374515175819397,937.856689453125,466.5047607421875,0.9696221947669983,1039.31591796875,482.31463623046875,0.9681145548820496,1111.2049560546875,796.7525024414062,0.9726132154464722,1164.2764892578125,817.9619750976562,0.9709180593490601
35,1166,945.119384765625,91.32794952392578,0.004346185363829136,945.2868041992188,70.46344757080078,0.005005888640880585,938.7696533203125,86.30655670166016,0.0021056029945611954,977.319091796875,54.10015869140625,0.015284075401723385,977.5027465820312,80.01789093017578,0.0036152175161987543,989.2619018554688,17.87384033203125,0.019259370863437653,1039.07763671875,9.940658569335938,0.016614869236946106,983.4171752929688,62.0386962890625,0.06624224781990051,1015.533935546875,58.62835693359375,0.060664210468530655,978.2772827148438,117.05850219726562,0.0922885313630104,956.4241333007812,93.066650390625,0.08501958847045898,1056.2574462890625,85.00428771972656,0.8242613077163696,1100.5511474609375,82.68370056152344,0.8073890805244446,927.961181640625,444.1385192871094,0.9765692949295044,1056.4713134765625,467.17303466796875,0.9709991216659546,1038.095703125,815.744384765625,0.9810536503791809,1196.8082275390625,817.3872680664062,0.977229654788971
36,1200,942.26513671875,85.79269409179688,0.004171991255134344,942.9679565429688,63.36076354980469,0.004538164474070072,941.8921508789062,78.50807189941406,0.0019635106436908245,966.3590698242188,47.73069763183594,0.010246885009109974,980.91455078125,72.83736419677734,0.002546119736507535,972.6085205078125,7.633689880371094,0.011416907422244549,1045.8431396484375,0.0,0.010669676586985588,972.4931640625,48.91600799560547,0.06624268740415573,1008.3220825195312,50.5689697265625,0.06744910031557083,973.5343017578125,111.54462432861328,0.13966210186481476,944.2198486328125,103.95023345947266,0.14558961987495422,1050.8719482421875,83.80448913574219,0.792374849319458,1113.97216796875,81.11869812011719,0.7759746313095093,931.2118530273438,445.1680603027344,0.9764689207077026,1067.7161865234375,453.3111877441406,0.9707735776901245,949.4540405273438,822.3416748046875,0.9790393710136414,1238.851806640625,791.7032470703125,0.9744008183479309
37,1233,962.4135131835938,81.73157501220703,0.0035453997552394867,962.51025390625,60.76819610595703,0.0038619539700448513,959.75390625,70.97685241699219,0.0013728314079344273,989.150634765625,44.97381591796875,0.010557679459452629,1000.0193481445312,61.14299011230469,0.002030126051977277,1000.180908203125,5.142059326171875,0.01702684722840786,1045.7967529296875,0.2686614990234375,0.00929104071110487,990.4801025390625,41.331756591796875,0.10334742814302444,1020.5748291015625,48.385894775390625,0.05236833542585373,1006.4660034179688,95.06707763671875,0.19357670843601227,975.4891357421875,84.00732421875,0.1143805980682373,1058.2816162109375,76.42250061035156,0.8432814478874207,1104.362548828125,74.3646240234375,0.786198079586029,936.809326171875,446.6585998535156,0.9836503863334656,1080.38037109375,457.8857116699219,0.9727914333343506,912.6753540039062,826.749267578125,0.9850640892982483,1263.3299560546875,772.2689208984375,0.9784027338027954
38,1266,969.8102416992188,82.59619903564453,0.004158174153417349,971.3950805664062,60.0816650390625,0.004347772337496281,963.7245483398438,71.72783660888672,0.0017832688754424453,996.4553833007812,45.26458740234375,0.009596019051969051,989.053955078125,66.06221008300781,0.0023443030659109354,1009.86767578125,5.62994384765625,0.014156385324895382,1025.05078125,4.1111297607421875,0.010034243576228619,1001.4827270507812,41.121734619140625,0.08115103095769882,999.954345703125,50.27742004394531,0.056931909173727036,1018.698486328125,96.84233093261719,0.1628798246383667,969.1146240234375,85.37608337402344,0.12489893287420273,1070.9189453125,68.4744873046875,0.8148711323738098,1096.037109375,70.0374755859375,0.7714414000511169,940.040771484375,441.2303771972656,0.9805225729942322,1063.0247802734375,457.79278564453125,0.9702215194702148,911.9732666015625,822.7468872070312,0.9833179712295532,1274.34814453125,755.7566528320312,0.9766772985458374
39,1300,967.7125854492188,74.83206939697266,0.005434675142168999,968.2249755859375,52.39631652832031,0.005239932332187891,965.81396484375,71.34173583984375,0.0021180661860853434,992.0010375976562,38.91371154785156,0.006976508069783449,992.8623046875,74.66304016113281,0.0017365183448418975,993.0772705078125,0.0,0.011611947789788246,1041.150634765625,0.0,0.008185037411749363,967.0906372070312,19.538955688476562,0.13289906084537506,998.3701171875,36.153900146484375,0.08965548127889633,979.6770629882812,78.86824035644531,0.3506435751914978,959.5746459960938,83.52806854248047,0.28528064489364624,1062.7698974609375,76.70205688476562,0.8215782642364502,1098.3533935546875,79.35040283203125,0.7697959542274475,948.4752197265625,445.7042541503906,0.9801356792449951,1028.861572265625,459.79248046875,0.9675626158714294,944.3162841796875,826.53955078125,0.9800184369087219,1272.7314453125,735.8683471679688,0.9697956442832947
40,1333,964.302978515625,86.53280639648438,0.006155041977763176,962.7931518554688,66.74752807617188,0.0064871227368712425,961.0964965820312,80.94406127929688,0.0023008030839264393,984.900146484375,48.79737854003906,0.010719283483922482,983.4943237304688,74.57400512695312,0.0020484006963670254,994.2924194335938,0.0,0.019036388024687767,1007.7352294921875,0.0,0.011170095764100552,980.9892578125,24.723495483398438,0.15140989422798157,986.7134399414062,38.26826477050781,0.08059274405241013,979.4537353515625,80.82572937011719,0.30724287033081055,960.3310546875,76.09281921386719,0.20259398221969604,1060.941650390625,69.24151611328125,0.8624736070632935,1067.906982421875,70.122802734375,0.8075830936431885,967.372802734375,462.66375732421875,0.983656644821167,1012.2755737304688,472.05963134765625,0.9703552722930908,1002.1073608398438,837.2305297851562,0.9833561182022095,1238.85498046875,716.3786010742188,0.9748382568359375
41,1366,958.5967407226562,79.9354248046875,0.0064513348042964935,959.1068115234375,63.61262512207031,0.006732475012540817,957.279296875,78.36817932128906,0.002224480966106057,991.7308959960938,43.05084228515625,0.01201124768704176,985.0096435546875,69.63880920410156,0.0020929756574332714,1008.74658203125,0.0,0.029762214049696922,1008.2088012695312,0.0,0.014412675984203815,985.1348876953125,23.013702392578125,0.22950640320777893,985.2228393554688,39.503631591796875,0.09849905967712402,982.5349731445312,83.06900024414062,0.38530808687210083,968.125,79.99717712402344,0.21719001233577728,1066.512451171875,106.11341857910156,0.920221745967865,1060.338623046875,106.66250610351562,0.8747448325157166,967.7188720703125,474.96856689453125,0.9891519546508789,999.1945190429688,488.2819519042969,0.9779984951019287,1048.8787841796875,839.8258666992188,0.9879918694496155,1204.92236328125,713.7236328125,0.9808818101882935
42,1400,946.5079345703125,90.80362701416016,0.0049766674637794495,952.28759765625,70.51444244384766,0.006027268245816231,936.886962890625,87.3900146484375,0.001882243319414556,1000.3131103515625,51.73388671875,0.017331138253211975,943.723388671875,85.00154113769531,0.002208721823990345,1034.947998046875,15.505966186523438,0.026476658880710602,953.3655395507812,7.822906494140625,0.02554253488779068,1006.446533203125,46.890289306640625,0.12240687757730484,958.890380859375,63.8778076171875,0.12710565328598022,980.3544311523438,108.04792785644531,0.16875074803829193,951.4673461914062,99.61074829101562,0.17504963278770447,1085.8817138671875,118.98344421386719,0.9194685816764832,1014.1141357421875,115.62135314941406,0.9109189510345459,1002.0338745117188,488.7886047363281,0.985704779624939,905.6193237304688,465.4338684082031,0.979544460773468,1093.59814453125,841.3180541992188,0.983953595161438,1171.1082763671875,685.6300659179688,0.9812307953834534
43,1433,928.8640747070312,83.94300842285156,0.003219788195565343,936.8623046875,61.178993225097656,0.0050034187734127045,917.4954223632812,76.96685028076172,0.001169554772786796,991.2855834960938,41.794281005859375,0.025945385918021202,923.8671264648438,72.40219116210938,0.0018339890521019697,1031.123046875,13.906036376953125,0.02716330625116825,933.6051635742188,2.5453948974609375,0.022452225908637047,979.18017578125,57.18077087402344,0.09218817949295044,937.917724609375,66.50505065917969,0.08082019537687302,927.9822387695312,128.50112915039062,0.09335415810346603,910.7066040039062,125.17716979980469,0.0858609601855278,1086.2808837890625,117.69447326660156,0.8889256119728088,998.5111083984375,110.47650146484375,0.8747207522392273,1024.003173828125,507.0669250488281,0.9752286672592163,884.7117919921875,462.8035583496094,0.9636173248291016,1115.2259521484375,841.475341796875,0.9691670536994934,1145.3082275390625,669.4425659179688,0.9653726816177368
44,1466,945.8969116210938,93.90808868408203,0.0023290826939046383,952.874267578125,72.02540588378906,0.0033640279434621334,936.8182983398438,85.3311538696289,0.0010989089496433735,995.50341796875,54.86988830566406,0.02012922428548336,945.2085571289062,79.10211181640625,0.002602021675556898,1031.7882080078125,28.58660888671875,0.02642199769616127,963.0092163085938,13.09332275390625,0.021137649193406105,1011.8258056640625,71.63493347167969,0.07252409309148788,989.0588989257812,71.82508850097656,0.06431388109922409,991.1138305664062,128.91627502441406,0.05776253342628479,955.580078125,120.2200927734375,0.04831954091787338,1081.22412109375,115.63613891601562,0.8989546895027161,1005.8815307617188,103.23966979980469,0.8894941806793213,1050.481201171875,500.9477233886719,0.9800729155540466,877.7078857421875,428.8337707519531,0.9731693863868713,1173.7738037109375,839.3155517578125,0.9776966571807861,1045.3961181640625,730.7681274414062,0.9775850176811218
45,1500,934.442138671875,95.61898040771484,0.0019943262450397015,940.2984619140625,74.58489990234375,0.0031582308001816273,933.4909057617188,88.83906555175781,0.0011997031979262829,979.3489990234375,60.237693786621094,0.02027256414294243,955.8872680664062,84.72129821777344,0.0032597726676613092,1014.7352294921875,31.109710693359375,0.017535915598273277,988.6871337890625,15.122222900390625,0.018345680087804794,997.027587890625,71.280029296875,0.0375903844833374,1022.5320434570312,68.31120300292969,0.050756629556417465,987.919921875,124.83048248291016,0.025549031794071198,981.9320678710938,131.47024536132812,0.03136437386274338,1073.842041015625,117.87799072265625,0.8619189262390137,1018.9971923828125,110.10694885253906,0.8685017824172974,1078.5709228515625,480.14349365234375,0.9737778306007385,888.8864135742188,429.56011962890625,0.9706302881240845,1203.8232421875,824.0927124023438,0.9750390648841858,985.2896728515625,755.521240234375,0.9765602946281433
46,1533,954.7498168945312,98.45148468017578,0.003963073715567589,958.4524536132812,77.92433166503906,0.004900332074612379,949.0046997070312,87.05669403076172,0.0017628854839131236,993.6240234375,62.621498107910156,0.011618374846875668,964.4599609375,78.17754364013672,0.0018964360933750868,1023.4191284179688,32.02569580078125,0.014279725030064583,989.6071166992188,17.762191772460938,0.013059016317129135,1000.3279418945312,70.1015625,0.07138704508543015,1004.8726196289062,69.71296691894531,0.07113011926412582,969.74853515625,117.6829833984375,0.09414029866456985,952.1140747070312,113.81478881835938,0.08578187227249146,1078.510986328125,93.853271484375,0.8586896657943726,1018.42529296875,88.14907836914062,0.8529274463653564,1085.7703857421875,475.4580993652344,0.979988694190979,911.244384765625,439.1254577636719,0.975115180015564,1251.590087890625,808.9324951171875,0.9809387922286987,933.85107421875,788.6422119140625,0.9809288382530212
47,1566,985.3242797851562,87.15870666503906,0.0051637268625199795,986.4204711914062,69.43437194824219,0.005762751214206219,977.3987426757812,78.59463500976562,0.0030694545712321997,1010.5415649414062,55.26763916015625,0.011496692895889282,985.8102416992188,70.27153015136719,0.0035586226731538773,1014.9877319335938,27.894927978515625,0.017894143238663673,1019.39306640625,12.300521850585938,0.011439177207648754,991.587890625,74.52552795410156,0.06617628782987595,1015.5465087890625,78.59793090820312,0.043707847595214844,983.1189575195312,114.95315551757812,0.07138947397470474,971.25830078125,130.24008178710938,0.04915425926446915,1068.6326904296875,92.41104125976562,0.8421952128410339,1033.9932861328125,83.605224609375,0.8077767491340637,1085.5220947265625,469.5863342285156,0.9776793122291565,935.484619140625,448.5443420410156,0.9691060185432434,1278.15869140625,781.0003662109375,0.9824862480163574,921.732666015625,795.9677124023438,0.9793024659156799
48,1600,994.86767578125,66.8016128540039,0.017021428793668747,1005.5696411132812,44.219970703125,0.018458904698491096,985.9088745117188,55.537147521972656,0.012262019328773022,1030.5609130859375,34.389015197753906,0.024646036326885223,976.7470703125,52.212615966796875,0.011134201660752296,1030.83740234375,14.202346801757812,0.04641476646065712,988.985595703125,10.277687072753906,0.018703829497098923,1028.66650390625,57.724365234375,0.10793901979923248,977.17529296875,67.73558807373047,0.04174128919839859,1034.1563720703125,120.76892852783203,0.10921097546815872,971.6720581054688,142.46343994140625,0.051925137639045715,1075.8031005859375,111.6782455444336,0.7797386050224304,1021.7305297851562,107.16295623779297,0.6948274374008179,1047.28564453125,459.4080810546875,0.9402999877929688,932.4583740234375,450.43341064453125,0.9088951945304871,1289.6380615234375,752.2559204101562,0.9271823167800903,956.64111328125,781.267333984375,0.9049472212791443
49,1633,999.5877685546875,68.02068328857422,0.01982429437339306,1011.3551025390625,44.918861389160156,0.022059166803956032,987.8685302734375,55.64263916015625,0.014144983142614365,1035.108154296875,34.316734313964844,0.023749345913529396,972.7463989257812,51.74871826171875,0.010572443716228008,1030.8565673828125,12.243919372558594,0.04562945291399956,979.6856689453125,11.576225280761719,0.014389286749064922,1049.5108642578125,52.47724914550781,0.1163499504327774,969.8536376953125,67.37047576904297,0.033604346215724945,1073.1668701171875,138.17138671875,0.1292266696691513,976.5789184570312,160.96519470214844,0.04915577545762062,1068.562744140625,117.4559326171875,0.7927163243293762,1017.3228759765625,117.1856918334961,0.6844537258148193,1006.9522705078125,470.240478515625,0.9462195038795471,939.3660278320312,469.5599060058594,0.9107342958450317,1292.6688232421875,736.10400390625,0.9413846731185913,996.373046875,794.2890014648438,0.9175224900245667
50,1666,953.3838500976562,91.45060729980469,0.00525745190680027,953.0773315429688,74.96937561035156,0.005825396627187729,948.282958984375,86.70829010009766,0.0029260863084346056,978.6472778320312,60.18058776855469,0.013517815619707108,977.8907470703125,78.57467651367188,0.003941265866160393,976.2991943359375,17.8157958984375,0.01717562973499298,1031.211181640625,3.7897796630859375,0.01914629526436329,978.2843627929688,47.37890625,0.0598503053188324,991.8302001953125,63.79083251953125,0.07350398600101471,977.4409790039062,127.27642822265625,0.06645767390727997,942.1536254882812,119.83245849609375,0.0761386826634407,1049.706298828125,88.58404541015625,0.8546033501625061,1071.537353515625,92.16220092773438,0.8566827178001404,1003.4716796875,473.30889892578125,0.975902259349823,988.6113891601562,483.0474548339844,0.9741212129592896,1267.810546875,721.6019897460938,0.9815396666526794,1033.7340087890625,813.1427001953125,0.9804738759994507
51,1700,945.4573974609375,77.84202575683594,0.0038568873424082994,944.4893798828125,62.57379913330078,0.00430096173658967,943.5615234375,76.69743347167969,0.0022536939941346645,964.9345092773438,47.714698791503906,0.013099092058837414,973.9725952148438,71.85594177246094,0.0038781510666012764,967.9799194335938,14.21356201171875,0.015293285250663757,1033.020751953125,0.0,0.022715266793966293,973.8970336914062,45.371543884277344,0.053567808121442795,994.832763671875,51.27754211425781,0.09972947835922241,976.283935546875,107.09028625488281,0.058505576103925705,953.8876342773438,95.44988250732422,0.0990188792347908,1051.9049072265625,117.64970397949219,0.861375629901886,1082.72412109375,119.24510192871094,0.8806946873664856,980.384765625,473.4085998535156,0.9730783700942993,983.6649780273438,476.7428283691406,0.9753794074058533,1222.969482421875,719.862548828125,0.9779574275016785,1067.6583251953125,801.0911865234375,0.9785267114639282
52,1733,927.16259765625,84.74592590332031,0.001752409152686596,925.7691650390625,66.89520263671875,0.0024003658909350634,926.9046020507812,83.13066101074219,0.0010343139292672276,948.9320068359375,48.444740295410156,0.025983819738030434,969.677490234375,74.40669250488281,0.0052658249624073505,947.48095703125,12.116844177246094,0.03019014373421669,1041.451171875,0.0,0.032002612948417664,947.3526000976562,43.490684509277344,0.05300171673297882,1010.3859252929688,55.109161376953125,0.0660623088479042,978.9891967773438,102.4936294555664,0.030745038762688637,980.3441772460938,94.85202026367188,0.037661775946617126,1053.5621337890625,102.67648315429688,0.8258094787597656,1114.6270751953125,100.28860473632812,0.8291245698928833,956.0533447265625,470.9159851074219,0.9468152523040771,1012.7666625976562,472.4480285644531,0.9420784115791321,1142.693603515625,769.1396484375,0.9391031265258789,1130.5364990234375,765.9025268554688,0.9350789189338684
53,1766,917.0354614257812,65.33214569091797,0.002518512774258852,915.6566772460938,48.89634704589844,0.0032264781184494495,919.3350830078125,66.00086975097656,0.0012288345023989677,943.7501831054688,36.280723571777344,0.023786963894963264,980.37548828125,62.66075134277344,0.004712803289294243,943.3687133789062,0.45636749267578125,0.04079284146428108,1069.9720458984375,0.0,0.02313261479139328,922.2887573242188,16.738174438476562,0.1041032075881958,1036.8460693359375,30.066604614257812,0.057280123233795166,971.8381958007812,31.877700805664062,0.07804989814758301,982.4595947265625,44.479156494140625,0.04820837453007698,1052.2540283203125,110.19886779785156,0.8974890112876892,1139.6649169921875,106.87728881835938,0.867032527923584,934.1519165039062,463.41607666015625,0.9793216586112976,1054.888671875,476.9116516113281,0.9713285565376282,1089.5093994140625,778.705078125,0.9785449504852295,1170.1829833984375,816.22705078125,0.9720578193664551
54,1800,980.0575561523438,71.74271392822266,0.009576031938195229,982.1561279296875,44.216468811035156,0.011637029238045216,983.9498901367188,61.94769287109375,0.006499818526208401,996.6245727539062,29.219512939453125,0.0428953617811203,1023.4801025390625,57.33128356933594,0.012352616526186466,987.393310546875,0.0,0.059456173330545425,1082.011474609375,0.0,0.029401099309325218,964.2083129882812,37.426231384277344,0.09413366764783859,1033.6827392578125,44.13432312011719,0.049064602702856064,996.429931640625,85.63213348388672,0.08382652699947357,1000.9404296875,88.6153564453125,0.05792001262307167,1068.734130859375,105.78540802001953,0.8223810791969299,1141.0108642578125,112.69912719726562,0.7592061161994934,927.3165893554688,441.71685791015625,0.9586565494537354,1077.4844970703125,464.1015930175781,0.9382413029670715,1038.2216796875,790.3711547851562,0.9487389922142029,1211.42333984375,799.8663940429688,0.9328547716140747
55,1833,956.609619140625,86.17142486572266,0.003611463587731123,954.4217529296875,62.839439392089844,0.003907911013811827,956.0341186523438,75.74922180175781,0.0017506865551695228,976.6007080078125,46.48274230957031,0.016216276213526726,1008.7731323242188,66.05147552490234,0.0043866015039384365,981.4034423828125,10.307052612304688,0.02342062070965767,1075.1126708984375,4.795166015625,0.01733359880745411,981.0313720703125,55.3681640625,0.06991677731275558,1057.655517578125,55.2528076171875,0.054265279322862625,1018.3922119140625,109.96357727050781,0.0911906287074089,1009.9339599609375,85.97653198242188,0.07133667171001434,1051.2886962890625,83.43846130371094,0.8465042114257812,1130.5408935546875,79.63407897949219,0.8202155828475952,949.4163208007812,450.3446044921875,0.982073187828064,1103.6595458984375,455.7590637207031,0.9759024977684021,934.132568359375,823.5514526367188,0.9843382239341736,1249.56201171875,789.964111328125,0.9805688858032227
56,1866,980.3467407226562,86.49334716796875,0.0023620629217475653,979.4597778320312,62.79132843017578,0.0030848311726003885,978.7831420898438,75.41720581054688,0.0012761553516611457,1000.8865356445312,49.36614990234375,0.013046054169535637,1017.7438354492188,70.31499481201172,0.0025779218412935734,1003.3692626953125,10.121864318847656,0.012848763726651669,1070.74951171875,3.2654800415039062,0.008117959834635258,1001.4345703125,59.69647979736328,0.044857971370220184,1044.78369140625,54.6500244140625,0.034051958471536636,1035.3170166015625,115.04276275634766,0.061839498579502106,994.2786865234375,93.13938903808594,0.05458872765302658,1065.9752197265625,83.69041442871094,0.8084973096847534,1126.111572265625,84.22718811035156,0.7646722793579102,962.1050415039062,444.1582336425781,0.9784391522407532,1102.2392578125,452.9638366699219,0.9689319729804993,916.0237426757812,818.2355346679688,0.9818562865257263,1276.4532470703125,769.723388671875,0.9763031005859375
57,1900,998.0564575195312,87.14513397216797,0.004900882486253977,994.6541748046875,64.36992645263672,0.004542259499430656,994.661376953125,75.83555603027344,0.002136461902409792,1009.1431274414062,46.53204345703125,0.008800363168120384,1030.9876708984375,64.83300018310547,0.0025502368807792664,1003.4500732421875,0.0,0.018854252994060516,1072.6114501953125,0.0,0.009124227799475193,985.1079711914062,32.35047912597656,0.12901435792446136,1035.8597412109375,35.373321533203125,0.06101890653371811,1010.184814453125,64.40089416503906,0.25779715180397034,993.2515869140625,62.11065673828125,0.16196563839912415,1064.3314208984375,78.17262268066406,0.8666207194328308,1122.5948486328125,78.42535400390625,0.8033602833747864,962.3385009765625,447.5594787597656,0.9870763421058655,1099.3564453125,455.0660095214844,0.9764629602432251,921.0855102539062,816.7113647460938,0.9882579445838928,1289.196533203125,748.3970947265625,0.9823085069656372
58,1933,965.4176025390625,78.705322265625,0.0030052242800593376,968.4811401367188,55.27015686035156,0.0033232392743229866,965.2300415039062,71.17002868652344,0.0014522804412990808,993.169189453125,40.388031005859375,0.009825456887483597,996.8391723632812,67.24820709228516,0.0024120293091982603,994.3687744140625,0.0,0.01051119714975357,1042.33447265625,0.0,0.011239164508879185,983.0969848632812,28.034820556640625,0.05726900324225426,1010.4690551757812,31.428680419921875,0.06907732039690018,1027.972900390625,59.87947082519531,0.10948926210403442,992.8181762695312,63.72129821777344,0.12770523130893707,1071.1522216796875,71.32489013671875,0.7986364960670471,1113.3079833984375,70.2685546875,0.7904987335205078,968.81396484375,449.5440673828125,0.9751117825508118,1070.40185546875,449.31829833984375,0.9696452021598816,948.7728881835938,814.914794921875,0.976212203502655,1304.3133544921875,742.3364868164062,0.9714308977127075
59,1966,972.427734375,91.14578247070312,0.005775458179414272,973.3872680664062,69.51347351074219,0.006317605264484882,970.0713500976562,82.54142761230469,0.0023941430263221264,999.4298095703125,51.24700927734375,0.012466895394027233,996.7819213867188,73.56635284423828,0.0026464462280273438,1008.3256225585938,0.8995513916015625,0.018868327140808105,1025.9718017578125,0.0,0.012692986987531185,1000.9197387695312,31.465301513671875,0.11154786497354507,1011.7320556640625,35.85383605957031,0.07042068988084793,1020.6757202148438,66.94715881347656,0.2060382217168808,997.7568969726562,58.393524169921875,0.14432066679000854,1071.125244140625,74.85795593261719,0.8489562273025513,1084.7015380859375,74.27732849121094,0.8043510913848877,988.9136962890625,462.7879943847656,0.9819459319114685,1043.15869140625,470.4280700683594,0.9705687165260315,1009.1334838867188,831.7575073242188,0.982835054397583,1275.9522705078125,719.2672729492188,0.9757415056228638
60,2000,969.1161499023438,83.1338882446289,0.005110825877636671,973.1109008789062,65.81414794921875,0.006131382193416357,965.6275634765625,77.61080932617188,0.002394238719716668,1004.5289306640625,49.58001708984375,0.018935222178697586,983.6987915039062,70.41046142578125,0.004060106817632914,1028.682373046875,11.092803955078125,0.0309706199914217,1006.950439453125,2.69677734375,0.019839199259877205,1053.1871337890625,55.40061950683594,0.10283879190683365,1032.15087890625,58.233306884765625,0.06292552500963211,1049.489501953125,126.090087890625,0.12424223124980927,1012.98193359375,99.58209228515625,0.0799449160695076,1078.399658203125,102.98213195800781,0.8918644189834595,1064.7276611328125,102.3255615234375,0.8581406474113464,992.378173828125,472.5946960449219,0.9836695194244385,1033.07421875,483.2757873535156,0.9732120633125305,1060.53173828125,835.984130859375,0.9840162992477417,1240.6593017578125,714.8617553710938,0.9780377149581909
61,2033,947.5310668945312,72.76364135742188,0.0018080325098708272,953.4255981445312,53.99311065673828,0.0027644967194646597,945.7166748046875,71.74827575683594,0.000904969172552228,997.6171875,36.269439697265625,0.021803230047225952,964.1321411132812,69.06834411621094,0.002607212169095874,1026.725341796875,6.656982421875,0.017942190170288086,982.1266479492188,0.0,0.02363010123372078,1009.0349731445312,50.75054168701172,0.043864503502845764,1001.1903686523438,60.90442657470703,0.07182061672210693,1001.1874389648438,129.2207489013672,0.03553673252463341,972.8802490234375,124.0609359741211,0.05344769358634949,1086.363037109375,132.3321075439453,0.8907716870307922,1041.1103515625,127.774658203125,0.8993863463401794,1014.7496337890625,499.70135498046875,0.9778092503547668,946.4681396484375,467.13201904296875,0.9739236831665039,1114.9886474609375,845.3602905273438,0.9762104749679565,1212.500244140625,674.7382202148438,0.975812554359436
62,2066,993.6929321289062,81.30276489257812,0.011649902909994125,1008.0733032226562,53.53125,0.014483261853456497,979.3546142578125,66.6965560913086,0.006021603476256132,1052.6588134765625,36.6240234375,0.033346522599458694,972.5809936523438,57.30633544921875,0.006612181197851896,1069.7674560546875,6.1881866455078125,0.05315745621919632,962.7994995117188,0.0,0.02141651324927807,1011.5213012695312,66.27099609375,0.11570027470588684,954.5999145507812,54.82086181640625,0.045971352607011795,977.9501953125,136.740966796875,0.11647909134626389,940.6726684570312,102.44595336914062,0.06444097310304642,1100.707763671875,129.90184020996094,0.7981154322624207,1008.810302734375,126.56076049804688,0.7080641388893127,1021.1079711914062,489.4540100097656,0.9501105546951294,915.558349609375,464.4228820800781,0.9045571684837341,1146.9169921875,827.8126831054688,0.9432240128517151,1176.3065185546875,677.84619140625,0.9207029938697815
63,2100,965.74462890625,93.16422271728516,0.0016674472717568278,975.9305419921875,73.83760070800781,0.0028406139463186264,959.138671875,88.4077377319336,0.0009709906880743802,1018.6107788085938,54.06825256347656,0.026567155495285988,961.7947998046875,79.7907943725586,0.00334352464415133,1050.3258056640625,22.38878631591797,0.030830003321170807,971.6527099609375,8.305274963378906,0.020351814106106758,1019.2894287109375,64.56367492675781,0.05700404569506645,998.4851684570312,61.22032928466797,0.046532876789569855,1012.7982788085938,138.59573364257812,0.02977917529642582,995.3432006835938,130.40255737304688,0.027362897992134094,1108.2420654296875,141.14292907714844,0.9132784008979797,1025.865478515625,133.4612274169922,0.8979406356811523,1062.4161376953125,503.1328125,0.9785014986991882,901.5382690429688,449.2933044433594,0.9693406224250793,1193.0137939453125,825.581787109375,0.9768754243850708,1104.358154296875,690.0785522460938,0.9745246767997742
64,2133,949.8226928710938,89.54086303710938,0.0014175624819472432,956.7308349609375,69.05525207519531,0.002254599006846547,946.5948486328125,84.10111999511719,0.0008229495142586529,999.950927734375,52.25450134277344,0.020311614498496056,962.2069702148438,79.64437866210938,0.0028369035571813583,1040.5023193359375,22.863487243652344,0.01680191233754158,981.2415161132812,10.79718017578125,0.02169731631875038,1031.8408203125,63.63185119628906,0.03261260315775871,1038.553466796875,63.880462646484375,0.057465557008981705,1055.42529296875,131.12742614746094,0.019836807623505592,1039.787353515625,138.25831604003906,0.028486886993050575,1094.501220703125,128.60153198242188,0.8811977505683899,1020.2855224609375,123.0937271118164,0.896714985370636,1090.9639892578125,492.7901306152344,0.9746326804161072,901.3693237304688,434.115966796875,0.9727498888969421,1242.8536376953125,842.730712890625,0.9718813300132751,1050.6719970703125,725.3250732421875,0.9758226871490479
65,2166,999.4676513671875,82.40155792236328,0.009741461835801601,1007.8789672851562,61.123844146728516,0.011890389956533909,996.353271484375,72.88691711425781,0.0069829500280320644,1037.47705078125,46.79205322265625,0.03056778758764267,1001.8031616210938,64.21479034423828,0.010937074199318886,1048.4876708984375,13.515243530273438,0.05703997611999512,1013.1328735351562,0.0472869873046875,0.02499186061322689,1020.1521606445312,64.93270111083984,0.10516718029975891,1029.732177734375,63.3021240234375,0.047597359865903854,1034.92041015625,128.8383331298828,0.07483619451522827,1039.39697265625,139.21925354003906,0.04061952605843544,1105.09619140625,121.65424346923828,0.8308064341545105,1038.72900390625,111.63848876953125,0.7674560546875,1121.8699951171875,470.1962585449219,0.9508126378059387,914.4041748046875,438.37774658203125,0.9245328307151794,1286.5841064453125,800.1617431640625,0.9325218200683594,990.5524291992188,759.6231689453125,0.914130687713623
66,2200,992.8145141601562,95.88784790039062,0.0031727266032248735,995.1835327148438,78.50537109375,0.0036667590029537678,987.9067993164062,86.35443878173828,0.0018220848869532347,1023.2012939453125,63.29072570800781,0.012171076610684395,999.2377319335938,75.54265594482422,0.0031894738785922527,1036.5413818359375,32.17680358886719,0.01939726062119007,1021.7399291992188,13.537261962890625,0.014743677340447903,1008.4963989257812,80.68171691894531,0.06183195114135742,1063.1678466796875,79.85824584960938,0.05359668657183647,1019.0694580078125,134.63145446777344,0.053169406950473785,1050.1595458984375,153.54396057128906,0.04386235773563385,1097.0030517578125,105.5775146484375,0.8644722700119019,1040.1280517578125,97.60272216796875,0.8493105173110962,1137.699951171875,476.9974365234375,0.9762337803840637,936.62548828125,445.5463562011719,0.96977299451828,1331.2159423828125,797.0729370117188,0.9780824184417725,935.99267578125,793.7644653320312,0.9766130447387695
67,2233,996.9810791015625,93.73562622070312,0.0033405309077352285,998.6193237304688,76.22403717041016,0.004089854191988707,990.6934204101562,83.68592834472656,0.0019232523627579212,1025.236083984375,64.20000457763672,0.011034339666366577,1000.261962890625,76.04358673095703,0.0026737672742456198,1036.49560546875,38.02601623535156,0.014229394495487213,1023.2640991210938,19.155715942382812,0.010074404999613762,1010.507080078125,88.03550720214844,0.049387697130441666,1066.957763671875,85.46145629882812,0.039641521871089935,1025.778076171875,138.99874877929688,0.048093780875205994,1059.6134033203125,148.19091796875,0.03691304847598076,1094.0504150390625,91.75685119628906,0.8428739905357361,1039.0220947265625,86.29586791992188,0.8211842179298401,1128.41259765625,470.9820861816406,0.9777770042419434,948.1885986328125,448.1618347167969,0.9711514115333557,1353.8348388671875,777.0274658203125,0.9823946356773376,938.0541381835938,798.1644287109375,0.9807091951370239
68,2266,1020.0633544921875,72.75247192382812,0.009622258134186268,1029.74267578125,52.084693908691406,0.011867638677358627,1011.4466552734375,62.560752868652344,0.00706831831485033,1056.161865234375,44.3280029296875,0.02307107299566269,1001.4796142578125,60.470970153808594,0.008529216051101685,1053.862548828125,20.282684326171875,0.03673170506954193,998.6033935546875,10.10650634765625,0.01488063856959343,1030.6368408203125,65.30115509033203,0.07965102046728134,988.2180786132812,65.46450805664062,0.03145255893468857,1028.77734375,129.40325927734375,0.06559863686561584,994.8565673828125,155.657470703125,0.03138255327939987,1098.536376953125,107.6147689819336,0.8022358417510986,1029.5496826171875,104.01951599121094,0.7279671430587769,1100.052490234375,467.60247802734375,0.9523425102233887,953.7412719726562,451.6543884277344,0.927911639213562,1344.153076171875,757.8455810546875,0.9447435736656189,979.9047241210938,789.935546875,0.9298604726791382
69,2300,1025.570068359375,76.44789123535156,0.0124131478369236,1035.8284912109375,54.454444885253906,0.015357529744505882,1015.7831420898438,64.94847869873047,0.009576723910868168,1057.9163818359375,44.100494384765625,0.022744493559002876,1001.5184326171875,60.71525573730469,0.009274140000343323,1046.7041015625,18.4764404296875,0.03223837539553642,995.2304077148438,10.347061157226562,0.01235890667885542,1024.509765625,60.41315460205078,0.07220229506492615,982.3317260742188,58.58482360839844,0.02663634717464447,1024.4339599609375,139.15223693847656,0.06834672391414642,988.49658203125,149.16018676757812,0.03213367983698845,1085.7857666015625,108.09574127197266,0.7836241722106934,1028.3963623046875,108.6976318359375,0.6979965567588806,1054.22998046875,470.9475402832031,0.9527850151062012,972.3984985351562,467.9680480957031,0.9281145334243774,1339.917236328125,744.098876953125,0.9528741836547852,1025.849853515625,805.3452758789062,0.9384180307388306
70,2333,974.2892456054688,96.81692504882812,0.00393763417378068,973.9796142578125,79.52334594726562,0.004478613380342722,968.7274169921875,89.25672912597656,0.002341475337743759,995.9452514648438,61.49169158935547,0.01309168990701437,993.1604614257812,76.63501739501953,0.004083191975951195,992.7317504882812,14.1961669921875,0.016988422721624374,1032.3909912109375,0.85418701171875,0.01845964603126049,987.86083984375,47.32319641113281,0.05210717394948006,1008.6493530273438,63.454193115234375,0.06250731647014618,1007.955322265625,143.9059295654297,0.048010434955358505,983.1517333984375,135.34432983398438,0.05255979299545288,1062.228515625,94.36541748046875,0.8715021014213562,1070.7835693359375,100.85462951660156,0.8727434873580933,1031.5968017578125,479.56549072265625,0.9779755473136902,1004.3361206054688,488.55352783203125,0.9762794375419617,1311.6004638671875,722.6295776367188,0.9830583333969116,1061.7786865234375,823.4214477539062,0.9821918606758118
71,2366,965.8140258789062,84.08047485351562,0.0028262268751859665,965.0435180664062,67.89651489257812,0.0033378221560269594,964.1845092773438,80.36251831054688,0.001656886888667941,984.8624267578125,51.755859375,0.014022290706634521,995.3640747070312,72.19908142089844,0.0038837313186377287,984.89794921875,12.578727722167969,0.017402974888682365,1050.80224609375,0.0,0.021556740626692772,1003.939697265625,52.93006896972656,0.053052641451358795,1028.6597900390625,57.223480224609375,0.07950473576784134,1034.7030029296875,136.86135864257812,0.047356437891721725,995.19873046875,117.34281921386719,0.06444859504699707,1067.697265625,111.49324035644531,0.8640362024307251,1098.8443603515625,114.69369506835938,0.8747329115867615,1002.3505249023438,477.6557922363281,0.9700701832771301,1003.0138549804688,481.6446533203125,0.971284031867981,1263.2286376953125,716.1163330078125,0.9736568927764893,1096.6644287109375,823.4298706054688,0.9732710123062134
72,2400,984.8963012695312,85.34468078613281,0.0023286440409719944,985.7131958007812,67.19453430175781,0.003095518099144101,981.8958129882812,83.78160095214844,0.00154830701649189,1005.2250366210938,47.41676330566406,0.022212794050574303,1009.803955078125,75.03923034667969,0.005238031502813101,987.7097778320312,14.3631591796875,0.026515943929553032,1076.227783203125,0.0,0.0247073732316494,992.5565185546875,64.01543426513672,0.04916474595665932,1032.5504150390625,73.77996826171875,0.058003511279821396,1012.3793334960938,158.5685577392578,0.032154254615306854,1002.9188842773438,148.96624755859375,0.04064567759633064,1058.126220703125,112.8526611328125,0.8612123727798462,1120.66796875,112.38414001464844,0.8562318682670593,937.0338745117188,474.6884765625,0.9613626003265381,1024.291259765625,492.09832763671875,0.9603179693222046,1197.1953125,726.832763671875,0.9677780270576477,1115.037353515625,818.7525024414062,0.9652337431907654
73,2433,973.7801513671875,92.04345703125,0.0023935746867209673,975.3572387695312,72.33380126953125,0.003278761636465788,971.6438598632812,89.60755920410156,0.0014950366457924247,1001.2073364257812,52.252418518066406,0.023573240265250206,1009.1048583984375,80.11534881591797,0.005005757790058851,993.7984008789062,15.233551025390625,0.026697656139731407,1080.103759765625,3.3166351318359375,0.023085618391633034,998.9925537109375,62.274375915527344,0.05097271874547005,1056.0272216796875,63.40264892578125,0.0544159971177578,1020.6476440429688,146.34417724609375,0.03766670078039169,1005.1212768554688,125.07394409179688,0.042499247938394547,1064.208251953125,112.27413940429688,0.8467118740081787,1130.68359375,107.97207641601562,0.838160514831543,921.1353759765625,465.720458984375,0.962669849395752,1047.470458984375,472.66351318359375,0.9592074751853943,1143.2298583984375,772.5716552734375,0.9663927555084229,1188.2261962890625,808.9583129882812,0.9637353420257568
74,2466,965.4321899414062,88.52755737304688,0.0034493901766836643,964.2832641601562,66.88359832763672,0.004302471410483122,959.7039794921875,84.01231384277344,0.0018125285860151052,994.07373046875,50.01361083984375,0.020890694111585617,1002.7373657226562,78.8309097290039,0.0050229537300765514,1005.859375,16.129440307617188,0.025593498721718788,1072.2484130859375,15.946334838867188,0.01951914280653,1020.9519653320312,69.6712646484375,0.05477015674114227,1069.70361328125,83.5264892578125,0.042939841747283936,1034.3963623046875,150.15682983398438,0.05395880714058876,1029.8594970703125,149.16000366210938,0.04182344675064087,1070.2374267578125,79.29698181152344,0.8358645439147949,1130.045654296875,80.7528076171875,0.8122897744178772,934.8907470703125,438.066650390625,0.9764686822891235,1092.61962890625,472.63726806640625,0.9703734517097473,1069.9599609375,802.2802734375,0.9819599390029907,1229.2467041015625,827.8434448242188,0.977482795715332
75,2500,965.5313110351562,82.19828796386719,0.003009350271895528,963.7709350585938,58.388946533203125,0.003739162813872099,964.3679809570312,72.34595489501953,0.0014868912985548377,990.4944458007812,44.136474609375,0.0191726703196764,1018.5745849609375,65.8366470336914,0.00432752026244998,997.938232421875,17.292251586914062,0.022216500714421272,1090.029541015625,13.8453369140625,0.014777767471969128,1002.9404296875,70.58491516113281,0.053241800516843796,1094.5933837890625,77.10328674316406,0.03552214056253433,1031.3040771484375,142.83192443847656,0.06153072044253349,1044.115234375,139.45834350585938,0.04165472090244293,1063.3994140625,76.32742309570312,0.8238928318023682,1141.400390625,73.37095642089844,0.7876028418540955,945.0889892578125,436.6669921875,0.980391263961792,1112.3309326171875,453.73712158203125,0.9726645350456238,977.7719116210938,828.5213012695312,0.9848782420158386,1264.1683349609375,800.3037109375,0.9804052114486694
76,2533,999.5987548828125,89.09040069580078,0.003500009188428521,998.3895874023438,65.36627197265625,0.004194546490907669,993.831298828125,75.57881927490234,0.0018072830280289054,1021.4760131835938,50.92529296875,0.014195014722645283,1029.979248046875,67.47013092041016,0.0033585408236831427,1026.45166015625,19.684890747070312,0.018498029559850693,1072.2564697265625,15.049484252929688,0.009175737388432026,1023.181884765625,72.42127990722656,0.058758508414030075,1053.8206787109375,68.455810546875,0.029941219836473465,1039.5047607421875,128.47572326660156,0.0819912850856781,999.701904296875,113.55075073242188,0.05046643689274788,1074.1007080078125,74.89558410644531,0.8191587924957275,1121.764892578125,74.09953308105469,0.7526035904884338,959.1315307617188,440.33038330078125,0.9818713665008545,1114.4429931640625,452.0742492675781,0.9696521162986755,936.1535034179688,830.6823120117188,0.9858877062797546,1292.0052490234375,772.9193115234375,0.9799265265464783
77,2566,1001.67431640625,84.38740539550781,0.003314065048471093,1000.9878540039062,61.488739013671875,0.003876874689012766,996.2857055664062,71.1668472290039,0.001781591447070241,1020.9622802734375,49.490020751953125,0.012164083309471607,1026.3985595703125,65.5510025024414,0.0031573434825986624,1024.6573486328125,18.139251708984375,0.01467505469918251,1061.2701416015625,10.44378662109375,0.00867619551718235,1021.55126953125,69.88691711425781,0.048762835562229156,1049.7857666015625,58.58445739746094,0.03190305083990097,1052.60009765625,113.32283020019531,0.07231148332357407,1006.698486328125,86.07518005371094,0.0550229512155056,1073.1461181640625,72.86521911621094,0.8122871518135071,1111.40478515625,73.304443359375,0.7584370374679565,965.92236328125,443.0496826171875,0.982337236404419,1103.81640625,456.5253601074219,0.9718627333641052,934.4170532226562,829.2288208007812,0.9869334697723389,1310.021484375,751.5286254882812,0.9818329811096191
78,2600,974.788330078125,70.6919174194336,0.003353359177708626,975.3662109375,47.1075439453125,0.0035126148723065853,977.054443359375,63.431922912597656,0.0013001677580177784,997.8145751953125,32.73847961425781,0.007839812897145748,1015.48486328125,61.13372039794922,0.0016128638526424766,999.8150634765625,0.0,0.010988455265760422,1066.2569580078125,0.0,0.008135809563100338,979.8252563476562,24.079513549804688,0.10276416689157486,1037.541015625,32.95838928222656,0.07353611290454865,1009.0698852539062,62.63932800292969,0.2454722672700882,989.6732177734375,69.34741973876953,0.1978309154510498,1070.994140625,72.43135070800781,0.8206767439842224,1122.1318359375,72.32254028320312,0.7781473994255066,969.0875244140625,443.5196228027344,0.9803048968315125,1070.644287109375,452.43597412109375,0.9700826406478882,952.862548828125,823.065673828125,0.9803078770637512,1318.80810546875,740.6591186523438,0.9719938039779663
79,2633,973.7708129882812,86.91057586669922,0.0055794487707316875,973.9096069335938,65.20230102539062,0.00611102906987071,972.1212768554688,78.94512176513672,0.0021090523805469275,1001.58642578125,48.23602294921875,0.010970182716846466,1001.8021240234375,72.58989715576172,0.0020723051857203245,1012.9462280273438,1.332916259765625,0.017507556825876236,1033.1605224609375,0.0,0.01015758328139782,999.1558837890625,30.316680908203125,0.1299763172864914,1016.102783203125,39.04124450683594,0.06677178293466568,1004.0643920898438,68.44235229492188,0.26380467414855957,986.7442016601562,62.11161804199219,0.16342811286449432,1075.22119140625,72.12973022460938,0.8488808274269104,1089.933349609375,72.40196228027344,0.7897585034370422,982.6253051757812,457.85662841796875,0.9835741519927979,1041.83935546875,472.4327392578125,0.97039794921875,1001.9536743164062,844.2864990234375,0.9843617677688599,1282.170166015625,726.2041625976562,0.9759815335273743
80,2666,966.4066772460938,79.25457000732422,0.004655209369957447,968.5264892578125,61.79454803466797,0.0054754819720983505,964.3910522460938,75.15385437011719,0.001994665013626218,1001.295654296875,45.240234375,0.016694899648427963,985.7603759765625,69.90325927734375,0.0030395251233130693,1023.10546875,6.5658416748046875,0.025966159999370575,1003.1687622070312,0.0,0.019800672307610512,1010.905517578125,46.0821533203125,0.1052568182349205,1007.2108154296875,54.400177001953125,0.0783468708395958,1012.7420654296875,86.42999267578125,0.1388639211654663,985.1837768554688,73.29473876953125,0.10853786021471024,1077.30029296875,96.47323608398438,0.9027700424194336,1060.062255859375,96.53787231445312,0.8789560794830322,990.0721435546875,473.87506103515625,0.9866375923156738,1016.50927734375,484.7721862792969,0.978644847869873,1054.3199462890625,849.0010986328125,0.9864324927330017,1241.33740234375,708.4172973632812,0.9817575812339783
81,2700,956.5296020507812,71.79361724853516,0.002838839776813984,961.8228149414062,51.88787841796875,0.004547341726720333,949.2523193359375,67.00664520263672,0.001151108997873962,1007.9989624023438,36.3984375,0.028012918308377266,962.0289916992188,65.91112518310547,0.002356701297685504,1044.2669677734375,11.725982666015625,0.02854655683040619,971.39453125,1.4478607177734375,0.02239147014915943,1031.7835693359375,61.18647766113281,0.071146659553051,992.3941650390625,78.91795349121094,0.05890651419758797,1011.4003295898438,144.79019165039062,0.05989043042063713,964.2437133789062,138.0743408203125,0.05114733427762985,1089.3792724609375,114.89323425292969,0.9132278561592102,1027.830322265625,112.14486694335938,0.8972135782241821,1012.5029907226562,493.6782531738281,0.9844794869422913,942.6460571289062,480.2485656738281,0.9765164256095886,1104.60400390625,848.9183349609375,0.9843876361846924,1213.3355712890625,694.2183837890625,0.9807420969009399
82,2733,955.010009765625,93.54045867919922,0.0013538245111703873,963.1307983398438,71.0185546875,0.002271277830004692,949.275146484375,89.86875915527344,0.0007709687924943864,1012.5677490234375,51.779296875,0.02087933011353016,960.7714233398438,87.21549224853516,0.0026824073866009712,1048.587158203125,23.692176818847656,0.015669729560613632,977.6078491210938,11.353477478027344,0.018972160294651985,1032.7027587890625,66.5123519897461,0.0332549512386322,1010.994140625,68.71334838867188,0.051790036261081696,1026.602783203125,136.685302734375,0.023583075031638145,993.1353759765625,122.31951141357422,0.03352167457342148,1093.463134765625,124.33195495605469,0.8378081917762756,1027.013671875,119.75372314453125,0.8462613821029663,1027.6142578125,492.52069091796875,0.9618950486183167,918.1668090820312,465.4116516113281,0.9540978074073792,1126.297607421875,850.8995971679688,0.9592737555503845,1164.960205078125,680.879150390625,0.9573619365692139
83,2766,944.0685424804688,94.6391372680664,0.0012949438532814384,949.4530029296875,73.59553527832031,0.0020419687498360872,942.0322265625,90.43416595458984,0.0007537215133197606,991.4755249023438,56.20774841308594,0.020981820300221443,963.7592163085938,86.60934448242188,0.0030304109677672386,1027.30517578125,27.62670135498047,0.017809376120567322,994.648681640625,10.876968383789062,0.024038702249526978,1007.3952026367188,71.1412582397461,0.03552301973104477,1038.5859375,68.53864288330078,0.06446285545825958,1006.0449829101562,130.78330993652344,0.02218104712665081,1006.7224731445312,121.6285400390625,0.03466949611902237,1087.68359375,128.41796875,0.8841249942779541,1034.861328125,118.99809265136719,0.8995662331581116,1057.66943359375,497.978515625,0.9751908183097839,900.2113037109375,438.66064453125,0.9729553461074829,1181.89111328125,841.7318725585938,0.9729810953140259,1096.6910400390625,696.359619140625,0.9756091237068176
84,2800,947.4659423828125,89.98853302001953,0.001566942548379302,953.606689453125,68.47760009765625,0.002457298804074526,946.2218627929688,84.0901107788086,0.0009355390793643892,995.4422607421875,53.27881622314453,0.018613412976264954,968.9051513671875,80.8634033203125,0.002893411088734865,1031.47802734375,22.975570678710938,0.014846385456621647,996.80712890625,9.75274658203125,0.018562601879239082,1011.226318359375,64.2575912475586,0.031004648655653,1046.41064453125,65.87947082519531,0.053144022822380066,1029.4493408203125,125.67249298095703,0.021049458533525467,1030.8350830078125,135.63121032714844,0.03018338233232498,1083.8568115234375,120.69937133789062,0.8713200092315674,1024.44140625,114.50285339355469,0.8861148357391357,1086.5723876953125,485.5377502441406,0.9765609502792358,902.1466064453125,433.0330810546875,0.9750917553901672,1221.602783203125,843.0994262695312,0.9770054817199707,1031.8411865234375,750.7194213867188,0.9797083735466003
85,2833,999.0357666015625,76.95172882080078,0.011896309442818165,1006.527099609375,53.014915466308594,0.014139153063297272,995.4140625,65.94905090332031,0.009122814051806927,1032.2667236328125,39.62464141845703,0.03101237118244171,1001.6323852539062,59.24462127685547,0.012949981726706028,1036.8670654296875,10.001678466796875,0.05286561697721481,1024.0516357421875,0.0,0.023544583469629288,1012.5481567382812,60.18736267089844,0.09122475981712341,1036.095947265625,59.027435302734375,0.04122177138924599,1029.556640625,114.94670104980469,0.06861797720193863,1043.7640380859375,119.45516967773438,0.03657908737659454,1093.06201171875,107.72273254394531,0.7893970012664795,1043.18701171875,97.5783920288086,0.7168216109275818,1109.69677734375,465.0281982421875,0.9433398246765137,919.7402954101562,435.7040710449219,0.913894534111023,1275.368408203125,806.7215576171875,0.9245855212211609,969.755126953125,768.6248168945312,0.9041375517845154
86,2866,997.5084228515625,92.06975555419922,0.003901597112417221,999.9505615234375,73.80420684814453,0.004681275691837072,990.7368774414062,82.07855987548828,0.0022956542670726776,1027.60546875,61.48358917236328,0.010544034652411938,998.0625610351562,74.90677642822266,0.0028004180639982224,1038.2547607421875,38.287994384765625,0.013470747508108616,1019.0304565429688,21.55352783203125,0.009432550519704819,1006.1283569335938,88.59402465820312,0.04921453446149826,1037.5736083984375,86.735595703125,0.0376829095184803,1013.2640991210938,117.8734130859375,0.05341468006372452,1005.2032470703125,128.76626586914062,0.03995470702648163,1089.4053955078125,90.72331237792969,0.8240353465080261,1034.2283935546875,82.78065490722656,0.7968013286590576,1113.3570556640625,466.7550048828125,0.9776290059089661,940.9310913085938,441.99810791015625,0.9698767066001892,1307.91357421875,800.619384765625,0.9827712178230286,930.91650390625,798.8214111328125,0.9806075096130371
87,2900,970.0887451171875,90.70866394042969,0.00467432476580143,973.0536499023438,67.5849838256836,0.005904994439333677,963.6324462890625,77.78594970703125,0.0024862242862582207,1006.7750244140625,56.06524658203125,0.014050645753741264,981.4531860351562,73.19181060791016,0.00311767659150064,1025.880615234375,30.303543090820312,0.014943800866603851,1013.08251953125,22.793838500976562,0.013432815670967102,994.8624267578125,75.08509826660156,0.04959647357463837,1032.2271728515625,79.71537780761719,0.04665607213973999,972.6273193359375,128.36764526367188,0.05299749597907066,985.4698486328125,132.78094482421875,0.04477057233452797,1088.0140380859375,75.62722778320312,0.8283512592315674,1042.027099609375,77.80412292480469,0.8217766284942627,1096.8092041015625,461.0364074707031,0.9770784378051758,951.27783203125,444.7174987792969,0.971696674823761,1325.8560791015625,775.2658081054688,0.9809606075286865,942.3106079101562,799.1685791015625,0.9806010127067566
88,2933,975.5079345703125,93.0234603881836,0.00423434516415,978.0137329101562,74.1009750366211,0.005405507981777191,968.6013793945312,83.86019897460938,0.0024375903885811567,1007.1651000976562,60.87128448486328,0.011670592240989208,985.8365478515625,76.59514617919922,0.0028486521914601326,1010.5628051757812,17.888671875,0.010876046493649483,1013.8798828125,8.997756958007812,0.010179094038903713,1006.326416015625,44.7506103515625,0.039723675698041916,1006.215087890625,64.09144592285156,0.039994604885578156,1019.3917236328125,130.4934539794922,0.045429594814777374,982.9343872070312,125.0654296875,0.04096909612417221,1063.9998779296875,72.43258666992188,0.8218120336532593,1043.339599609375,79.2733154296875,0.8137944936752319,1039.0611572265625,478.6869812011719,0.9759495258331299,984.4110717773438,479.1894836425781,0.9716667532920837,1327.4593505859375,739.22314453125,0.982499361038208,1019.0429077148438,818.5294799804688,0.9813608527183533
89,2966,953.609619140625,88.00520324707031,0.002688693581148982,953.2320556640625,71.2745361328125,0.0033701020292937756,951.8241577148438,85.95822143554688,0.0017364572267979383,976.831298828125,56.53459167480469,0.016227714717388153,986.1070556640625,81.19713592529297,0.004593207035213709,978.2672119140625,21.361495971679688,0.016301490366458893,1049.96826171875,6.278160095214844,0.023972507566213608,993.1978149414062,53.11676788330078,0.03795807063579559,1016.6627807617188,66.06715393066406,0.07211368530988693,999.5936279296875,131.9395294189453,0.029401153326034546,972.7913818359375,117.95709228515625,0.05002560839056969,1060.33984375,114.58584594726562,0.8485033512115479,1098.2000732421875,116.96585083007812,0.8712387084960938,982.2801513671875,477.5148010253906,0.9673928618431091,992.4807739257812,481.17352294921875,0.9710912704467773,1246.912353515625,721.4244384765625,0.9738858938217163,1088.30419921875,821.5418701171875,0.9748625159263611
90,3000,950.14697265625,88.97529602050781,0.0018088810611516237,948.0029296875,71.01885223388672,0.0022452273406088352,949.8878784179688,88.81324768066406,0.0010081831132993102,972.0140991210938,51.26609802246094,0.02029315009713173,995.089599609375,80.22958374023438,0.0044709560461342335,969.8607788085938,16.093116760253906,0.024989154189825058,1075.3057861328125,0.0,0.033185090869665146,987.849609375,55.467041015625,0.05475533753633499,1051.8804931640625,61.41815185546875,0.0897580161690712,1016.229736328125,134.09588623046875,0.03917451575398445,1004.165771484375,104.08802032470703,0.05828672647476196,1057.0482177734375,105.46417236328125,0.852583646774292,1127.46240234375,103.56912231445312,0.8680999875068665,954.8685302734375,474.7773132324219,0.959177553653717,1028.1905517578125,482.31329345703125,0.9596989154815674,1169.8515625,764.5714111328125,0.9538201689720154,1139.9287109375,780.0849609375,0.9533845782279968
91,3033,970.0309448242188,85.6171875,0.0024941852316260338,970.6278686523438,65.13331604003906,0.003502053441479802,967.711669921875,83.17716979980469,0.001559615833684802,995.7001342773438,46.77220916748047,0.02462386153638363,1007.285400390625,76.32627868652344,0.0052073048427701,986.9622802734375,13.129096984863281,0.028248421847820282,1081.8017578125,2.0359725952148438,0.02059054560959339,990.5225830078125,59.1046142578125,0.05201764032244682,1056.5767822265625,63.67753601074219,0.04468940198421478,1019.2691040039062,142.49790954589844,0.03797085955739021,1007.0718994140625,128.47970581054688,0.035984065383672714,1062.95556640625,107.58805847167969,0.8550226092338562,1135.5604248046875,103.5311279296875,0.8350804448127747,917.0660400390625,465.0127258300781,0.9689598679542542,1048.46484375,471.4468688964844,0.9630916118621826,1126.2923583984375,785.74365234375,0.9731488227844238,1198.577392578125,815.94140625,0.9692138433456421
92,3066,959.1329956054688,83.32530212402344,0.003065496915951371,957.1148681640625,62.53861999511719,0.003845273284241557,954.8450927734375,78.2860336303711,0.001564149628393352,983.631103515625,46.962249755859375,0.019277293235063553,1000.3275756835938,72.53789520263672,0.00438713887706399,994.6583862304688,14.596664428710938,0.0235910527408123,1068.919677734375,10.57525634765625,0.01692173443734646,1006.8527221679688,64.16926574707031,0.05548936501145363,1063.4525146484375,70.61270141601562,0.03999684005975723,1030.8883056640625,137.28053283691406,0.05642608553171158,1020.7718505859375,124.77854919433594,0.040640540421009064,1067.540283203125,79.81745910644531,0.8284271955490112,1130.8704833984375,79.33067321777344,0.7995730638504028,937.6265869140625,439.98699951171875,0.9765152931213379,1090.2071533203125,466.51300048828125,0.9690349698066711,1067.9512939453125,817.2009887695312,0.9814053177833557,1228.849365234375,820.8638305664062,0.9766527414321899
93,3100,966.47021484375,80.89373016357422,0.0030855806544423103,964.3397827148438,57.092926025390625,0.00367442867718637,964.821533203125,70.07478332519531,0.0014541099080815911,987.0458374023438,41.56050109863281,0.017572058364748955,1015.2340087890625,61.528587341308594,0.004008444491773844,994.9900512695312,11.482635498046875,0.023796549066901207,1084.76025390625,6.2373504638671875,0.014346081763505936,1005.6677856445312,64.18368530273438,0.06736849248409271,1080.5157470703125,63.143280029296875,0.038695067167282104,1033.614501953125,131.97097778320312,0.08225696533918381,1030.6043701171875,113.40660095214844,0.04937322810292244,1067.6378173828125,74.55812072753906,0.8273791074752808,1144.486572265625,70.94380187988281,0.7822936177253723,955.1700439453125,439.2904357910156,0.9797483086585999,1113.43798828125,451.09185791015625,0.970119297504425,981.6094360351562,832.0010375976562,0.9828826785087585,1269.8651123046875,795.6380004882812,0.9771773219108582
94,3133,994.1546630859375,85.2967300415039,0.00333114224486053,991.9317626953125,61.697044372558594,0.0037203754764050245,990.1835327148438,71.38774108886719,0.0017103381687775254,1010.044189453125,46.249237060546875,0.01310747116804123,1028.6231689453125,60.908912658691406,0.0033000512048602104,1010.4951782226562,16.461181640625,0.01729300431907177,1077.4468994140625,7.2235107421875,0.01087325718253851,1006.4844360351562,73.47015380859375,0.05882223695516586,1055.376953125,65.3792724609375,0.039899393916130066,1018.2500610351562,129.4939727783203,0.08562083542346954,988.1451416015625,115.53158569335938,0.06700529158115387,1070.337890625,78.98075866699219,0.821438193321228,1129.529296875,75.69451904296875,0.7759058475494385,970.9680786132812,447.44805908203125,0.9811841249465942,1115.324951171875,451.339599609375,0.9714837670326233,951.447021484375,830.6178588867188,0.9847086668014526,1290.87939453125,765.4888916015625,0.9798794388771057
95,3166,1007.759033203125,86.537109375,0.003938518464565277,1007.8134155273438,63.82347106933594,0.004079166334122419,1000.9951171875,73.85874938964844,0.002012966899201274,1024.8543701171875,49.63714599609375,0.009559805504977703,1021.6846313476562,66.35474395751953,0.0028757513500750065,1028.351806640625,12.321533203125,0.014416428282856941,1047.7327880859375,4.0286865234375,0.009017683565616608,1016.7169799804688,56.01860046386719,0.06878627836704254,1018.59033203125,44.611358642578125,0.045466408133506775,1030.934326171875,83.4283447265625,0.12467942386865616,984.8551635742188,61.59063720703125,0.09755142778158188,1081.42529296875,66.48641967773438,0.8094804883003235,1108.0445556640625,67.48562622070312,0.756327748298645,978.7062377929688,440.4991149902344,0.9803107380867004,1101.9207763671875,452.9163513183594,0.9688041806221008,955.5775146484375,820.9259643554688,0.9837047457695007,1304.9212646484375,750.424072265625,0.9774004817008972
96,3200,979.5964965820312,69.67941284179688,0.0035062693059444427,981.040283203125,43.7962646484375,0.0036130715161561966,980.8943481445312,59.780548095703125,0.001520839286968112,1002.0932006835938,29.015167236328125,0.008413637988269329,1015.064453125,56.44789123535156,0.002059338381513953,1003.1039428710938,0.0,0.010063126683235168,1066.978271484375,0.0,0.009961099363863468,993.8988647460938,35.05458068847656,0.07646078616380692,1048.3643798828125,34.52032470703125,0.07794156670570374,1013.1945190429688,61.440032958984375,0.18025600910186768,991.4090576171875,66.35009765625,0.18444745242595673,1071.302978515625,67.2725830078125,0.7716757655143738,1119.36376953125,65.103515625,0.7512710094451904,988.224609375,452.9672546386719,0.9714141488075256,1072.1038818359375,455.1065368652344,0.9624896049499512,980.4564208984375,833.77587890625,0.9703564047813416,1318.80029296875,744.2261962890625,0.9621998071670532
97,3233,980.32177734375,88.2846908569336,0.004448487423360348,984.0551147460938,66.61827850341797,0.005079831928014755,977.2467651367188,77.60428619384766,0.0020967687014490366,1012.7950439453125,51.82905578613281,0.011815709061920643,998.3644409179688,70.19297790527344,0.0028468756936490536,1026.4822998046875,10.022552490234375,0.015271450392901897,1022.5699462890625,0.0,0.0117618627846241,1019.607666015625,42.8023681640625,0.07542075961828232,1017.4642333984375,45.21656799316406,0.05617612972855568,1026.500732421875,70.25546264648438,0.12841983139514923,997.995361328125,55.96659851074219,0.09910515695810318,1078.69091796875,74.30451965332031,0.832840621471405,1078.265625,70.99388122558594,0.7975007891654968,1001.820556640625,472.6745300292969,0.9808182716369629,1047.909912109375,473.81097412109375,0.9709962010383606,1030.9658203125,848.1282348632812,0.982723593711853,1286.3294677734375,732.7256469726562,0.9769794940948486
98,3266,974.9984130859375,86.48812866210938,0.004637820180505514,977.8692626953125,68.8655776977539,0.005212682764977217,972.124755859375,82.50029754638672,0.0021858643740415573,1011.2128295898438,50.2591552734375,0.019750071689486504,993.4515380859375,75.14412689208984,0.004465553443878889,1031.013916015625,9.340347290039062,0.032673269510269165,1017.9882202148438,2.0819549560546875,0.03082909621298313,1022.228271484375,47.35125732421875,0.09887862950563431,1026.629150390625,57.98075866699219,0.09460452198982239,1028.4334716796875,99.3511962890625,0.10761409997940063,998.8800659179688,84.6650390625,0.09977924823760986,1085.7978515625,108.69415283203125,0.9134266376495361,1074.3538818359375,107.37396240234375,0.9030681252479553,1004.218017578125,482.2052307128906,0.9857942461967468,1031.0489501953125,485.627685546875,0.979949414730072,1082.4232177734375,845.1026000976562,0.9846568703651428,1249.36328125,713.2935791015625,0.9813312292098999
99,3300,1015.3077392578125,78.70832061767578,0.008449109271168709,1027.310302734375,54.32171630859375,0.009744607843458652,1000.2951049804688,66.2039794921875,0.004420751240104437,1063.1279296875,35.289825439453125,0.02386239729821682,986.5845336914062,55.79974365234375,0.0053963735699653625,1082.7305908203125,0.0,0.043271198868751526,971.4815063476562,0.0,0.019448116421699524,1065.4453125,70.11021423339844,0.10736300051212311,981.7210693359375,76.37045288085938,0.0505380742251873,1030.8984375,162.13247680664062,0.11346089839935303,970.032958984375,149.73019409179688,0.07138340920209885,1102.439208984375,124.53021240234375,0.8507674336433411,1014.0390625,124.38858032226562,0.78580242395401,1020.32373046875,496.45306396484375,0.9699317216873169,946.1002807617188,470.8353271484375,0.9432147741317749,1149.1263427734375,842.1654663085938,0.9664202332496643,1213.9097900390625,677.3442993164062,0.9547110795974731
100,3333,1018.7931518554688,93.17108917236328,0.00800140481442213,1035.6732177734375,68.37561798095703,0.011638185940682888,1011.1787719726562,81.97029876708984,0.0055994801223278046,1076.765625,50.622779846191406,0.042661286890506744,1000.7228393554688,72.54197692871094,0.010386202484369278,1102.6241455078125,12.704292297363281,0.057731743901968,974.6041259765625,4.5924224853515625,0.029335031285881996,1081.55322265625,71.10946655273438,0.08414144068956375,987.489990234375,69.91692352294922,0.046117473393678665,1048.63330078125,175.2370147705078,0.0569998100399971,998.890380859375,168.98583984375,0.03929954394698143,1125.245361328125,129.29522705078125,0.8462326526641846,1021.8187866210938,123.5691146850586,0.7945995330810547,1039.177001953125,495.77874755859375,0.9526947736740112,904.815185546875,454.1825866699219,0.9190068244934082,1153.154296875,842.869873046875,0.9297619462013245,1158.9908447265625,658.8214721679688,0.9105600118637085
101,3366,955.617919921875,94.62762451171875,0.0023205126635730267,960.910400390625,72.24751281738281,0.0034304808359593153,947.4609375,86.58098602294922,0.0010234981309622526,1005.9382934570312,55.4754638671875,0.02400871179997921,962.88134765625,82.01760864257812,0.0025463933125138283,1045.8818359375,25.88525390625,0.026501165702939034,983.972412109375,14.594329833984375,0.02629060298204422,1038.060791015625,64.05807495117188,0.06230509281158447,1041.68408203125,71.02011108398438,0.07382527738809586,1056.7939453125,129.97471618652344,0.04665204510092735,1046.3515625,128.90350341796875,0.04709509760141373,1102.01806640625,122.45672607421875,0.9125911593437195,1030.7471923828125,114.70710754394531,0.9134770631790161,1079.3675537109375,504.1670837402344,0.9827393293380737,913.7058715820312,440.7008361816406,0.9788175225257874,1222.221435546875,849.2345581054688,0.9799284338951111,1101.3648681640625,730.5718994140625,0.9814159870147705
102,3400,954.7459716796875,91.77639770507812,0.001455463352613151,960.9110107421875,70.70594787597656,0.002139031421393156,952.4412231445312,84.91058349609375,0.0009039866272360086,1000.3222045898438,54.287200927734375,0.01701008901000023,970.4822387695312,79.79086303710938,0.0030817987862974405,1036.3050537109375,20.545143127441406,0.014123489148914814,991.9136352539062,9.540618896484375,0.02206241898238659,1025.2889404296875,59.67887878417969,0.02755829133093357,1055.46533203125,57.75208282470703,0.0631009191274643,1068.097412109375,117.57083129882812,0.01750030554831028,1066.840576171875,120.72457122802734,0.0308506041765213,1098.8525390625,124.13447570800781,0.8701174259185791,1031.0274658203125,121.9768295288086,0.8965293169021606,1109.18603515625,483.8006286621094,0.9736794829368591,913.0743408203125,435.1754455566406,0.974852979183197,1268.8365478515625,836.7762451171875,0.9725273847579956,1033.645751953125,755.7330932617188,0.9777891039848328
103,3433,962.8422241210938,102.89636993408203,0.00339613133110106,966.8345947265625,80.1097640991211,0.004467366263270378,959.0051879882812,90.5496826171875,0.0017191788647323847,1005.4124145507812,65.3722915649414,0.020252561196684837,981.4483032226562,82.50686645507812,0.003527589375153184,1035.4442138671875,30.68572998046875,0.02362953871488571,1006.1924438476562,23.386825561523438,0.024401340633630753,1019.8321533203125,66.17848205566406,0.054504845291376114,1059.6187744140625,73.46823120117188,0.06751272082328796,1044.990234375,119.59725952148438,0.04209345579147339,1057.9368896484375,124.2601318359375,0.04299033060669899,1098.2154541015625,102.15234375,0.8716045618057251,1037.839111328125,101.20426940917969,0.877200722694397,1126.8916015625,480.4695739746094,0.9754135012626648,933.0510864257812,440.335693359375,0.9726831316947937,1307.831298828125,815.5416870117188,0.9737972617149353,977.488037109375,795.7643432617188,0.9767394065856934
104,3466,980.6581420898438,89.08060455322266,0.004366770386695862,985.7109375,68.61554718017578,0.0056691039353609085,979.4682006835938,80.58295440673828,0.003281740937381983,1011.1381225585938,58.20288848876953,0.01840139739215374,991.7757568359375,78.35545349121094,0.006464830599725246,1032.77490234375,21.14421844482422,0.01752573996782303,1005.3305053710938,19.00250244140625,0.021883144974708557,1018.1651000976562,63.60081481933594,0.03491458669304848,1050.344970703125,54.094024658203125,0.05440341681241989,1047.0592041015625,132.67007446289062,0.027162304148077965,1062.7567138671875,130.70362854003906,0.034294094890356064,1100.015869140625,97.1887435913086,0.8121321797370911,1039.9442138671875,105.73477935791016,0.8313446044921875,1130.64208984375,464.89105224609375,0.9608227610588074,946.163330078125,449.2002868652344,0.9604832530021667,1333.3389892578125,788.8438720703125,0.9550014734268188,957.7425537109375,808.749755859375,0.9594815373420715
105,3500,1018.0774536132812,72.24552917480469,0.008318936452269554,1026.6925048828125,52.047203063964844,0.01009665708988905,1010.4293212890625,63.06298828125,0.006233730353415012,1051.703125,43.4813232421875,0.02392295002937317,1002.9602661132812,60.53068542480469,0.009107787162065506,1049.9876708984375,18.293014526367188,0.04037408158183098,1005.2638549804688,9.3834228515625,0.017839403823018074,1032.6307373046875,68.52488708496094,0.07773392647504807,1006.6256103515625,69.90717315673828,0.034978970885276794,1047.6097412109375,136.26907348632812,0.05670013278722763,1021.67529296875,165.62612915039062,0.02973468042910099,1100.5633544921875,108.81974029541016,0.8166667222976685,1036.423095703125,105.6097412109375,0.7537100911140442,1107.93603515625,463.94000244140625,0.9528632760047913,952.9835815429688,451.69171142578125,0.9309754371643066,1339.3817138671875,765.9439086914062,0.9431948661804199,966.0294799804688,789.772216796875,0.9290823936462402
106,3533,1016.8090209960938,71.37922668457031,0.00975001696497202,1027.629150390625,49.527008056640625,0.012446224689483643,1007.4636840820312,60.51108169555664,0.00722054997459054,1054.0074462890625,39.688201904296875,0.021538689732551575,995.0839233398438,56.918861389160156,0.007662610150873661,1051.678955078125,17.06531524658203,0.030454624444246292,988.2448120117188,8.684715270996094,0.01199240330606699,1035.5943603515625,65.38195037841797,0.0705537497997284,977.7672729492188,64.50501251220703,0.027211053296923637,1030.4010009765625,139.35797119140625,0.06399685144424438,975.258544921875,158.3316192626953,0.03089776635169983,1091.927490234375,108.54700469970703,0.7825498580932617,1024.7357177734375,107.75262451171875,0.7011919021606445,1064.0228271484375,467.4919738769531,0.9501764178276062,958.8387451171875,462.07855224609375,0.9244153499603271,1336.9493408203125,745.5009155273438,0.9486551880836487,1011.1008911132812,790.7316284179688,0.9334635138511658
107,3566,962.3009033203125,98.61094665527344,0.004190155304968357,964.0797729492188,79.80830383300781,0.0054257954470813274,955.4268188476562,89.51740264892578,0.0022986300755292177,994.9290771484375,64.58528137207031,0.01310639176517725,977.422119140625,79.98603057861328,0.0028193907346576452,1005.3345947265625,19.7969970703125,0.01188080944120884,1007.6792602539062,8.470550537109375,0.01262318342924118,997.7703247070312,44.89219665527344,0.04138939827680588,1003.7890014648438,58.05647277832031,0.049648452550172806,1012.1471557617188,132.51727294921875,0.04516661539673805,974.5047607421875,113.81231689453125,0.0480433851480484,1071.439453125,86.77899169921875,0.8357638120651245,1050.7977294921875,93.08084106445312,0.8388781547546387,1042.4000244140625,481.9679260253906,0.9754973649978638,992.0626831054688,480.3968811035156,0.9735320210456848,1331.0694580078125,733.7604370117188,0.9817072749137878,1063.527099609375,823.5745849609375,0.9815216064453125
108,3600,963.2095336914062,79.22179412841797,0.002361069666221738,961.4513549804688,63.26195526123047,0.002955028088763356,963.0084838867188,75.21874237060547,0.0014575772220268846,978.9871826171875,48.02851867675781,0.016561849042773247,998.7647705078125,66.98062133789062,0.004377890843898058,971.7488403320312,10.785232543945312,0.01856234110891819,1059.0037841796875,0.0,0.022834233939647675,986.8947143554688,51.386810302734375,0.04411615803837776,1039.5213623046875,54.545494079589844,0.06671811640262604,1030.460693359375,137.67938232421875,0.031336963176727295,1010.578857421875,114.00228881835938,0.04269056394696236,1064.4571533203125,109.10659790039062,0.8717426657676697,1107.654296875,112.73863220214844,0.8827045559883118,1014.8572998046875,483.0405578613281,0.972074568271637,1012.19482421875,484.2964782714844,0.9731666445732117,1279.9251708984375,717.6209106445312,0.9755869507789612,1092.5775146484375,818.624267578125,0.9756253361701965
109,3633,959.67431640625,89.34109497070312,0.002246198710054159,958.2056274414062,72.4654541015625,0.002864343347027898,959.1791381835938,87.36048889160156,0.0014916463987901807,976.8696899414062,54.23780822753906,0.020394491031765938,997.6283569335938,78.242431640625,0.005747441668063402,971.2128295898438,14.6898193359375,0.022501710802316666,1065.656005859375,0.0,0.028840627521276474,983.633056640625,53.094154357910156,0.04070863872766495,1030.8565673828125,67.9321060180664,0.06517220288515091,1013.5675659179688,137.92572021484375,0.024737773463129997,995.2236938476562,132.74392700195312,0.036138273775577545,1055.3843994140625,111.99082946777344,0.8743929862976074,1114.3037109375,113.59259033203125,0.8876152038574219,977.70263671875,481.7029724121094,0.9709485173225403,1026.4991455078125,486.9454650878906,0.9731876254081726,1223.38623046875,724.59619140625,0.9748638868331909,1107.707763671875,822.4937133789062,0.9752530455589294
110,3666,968.3823852539062,90.2318115234375,0.0023722583428025246,971.1331787109375,69.61152648925781,0.003419081913307309,964.6505737304688,88.41357421875,0.0014999433187767863,1001.7763061523438,49.16239929199219,0.02882486954331398,1002.7197875976562,79.91180419921875,0.005716545507311821,991.6234741210938,12.428215026855469,0.033747296780347824,1082.2193603515625,2.0373458862304688,0.026353318244218826,997.7518310546875,60.56575012207031,0.05510096997022629,1053.32470703125,74.42369842529297,0.051208965480327606,1011.614501953125,153.4891815185547,0.03334299474954605,1002.1642456054688,151.10345458984375,0.03400946408510208,1064.6119384765625,112.46992492675781,0.8493483662605286,1132.5762939453125,109.71734619140625,0.8345599174499512,926.1793823242188,472.787841796875,0.9551958441734314,1038.0469970703125,483.2928161621094,0.9498502016067505,1173.8135986328125,752.7848510742188,0.9581746459007263,1168.5098876953125,809.0476684570312,0.953453004360199
111,3700,955.6752319335938,85.3575210571289,0.004761039279401302,955.2284545898438,65.14558410644531,0.005319233983755112,950.3604125976562,81.1600112915039,0.0024825730361044407,979.4935913085938,48.26971435546875,0.021284785121679306,986.9205932617188,73.75279998779297,0.005692191421985626,988.817138671875,10.992050170898438,0.026705514639616013,1049.3682861328125,6.0151519775390625,0.028420738875865936,1001.877197265625,62.909637451171875,0.059741247445344925,1045.2061767578125,62.58265686035156,0.07136122137308121,1023.935546875,136.5681610107422,0.06379526853561401,1003.879638671875,118.49922180175781,0.07137740403413773,1066.7491455078125,97.00914001464844,0.8422858119010925,1117.3143310546875,98.15167236328125,0.8427659273147583,945.8001708984375,456.8659973144531,0.9737953543663025,1080.30859375,484.8189697265625,0.9716485142707825,1088.942138671875,806.882080078125,0.977493405342102,1229.4266357421875,828.1085815429688,0.974983274936676
112,3733,991.3900146484375,71.35295104980469,0.008175024762749672,996.0894165039062,43.011497497558594,0.009600333869457245,990.3587646484375,60.244972229003906,0.005384273827075958,1016.2333984375,29.487533569335938,0.03319939225912094,1021.3123168945312,57.457672119140625,0.009799688123166561,1012.937255859375,0.0,0.044324859976768494,1071.908935546875,0.0,0.02630973793566227,1010.8573608398438,53.925567626953125,0.07643701136112213,1031.3968505859375,53.71991729736328,0.05278998240828514,1028.6513671875,142.4507598876953,0.07784687727689743,995.9606323242188,117.86176300048828,0.06725666671991348,1081.8797607421875,95.87425231933594,0.8258254528045654,1138.2578125,103.49267578125,0.7816495299339294,933.2329711914062,441.7636413574219,0.9653369188308716,1094.4749755859375,460.32073974609375,0.9507278203964233,1007.1019287109375,815.2342529296875,0.9560022354125977,1263.60400390625,791.7343139648438,0.9451960325241089
113,3766,1000.7177124023438,92.2228775024414,0.003995945211499929,1000.197509765625,69.55492401123047,0.004072598647326231,995.033203125,80.30591583251953,0.0019694084767252207,1021.7523193359375,52.08970642089844,0.010294177569448948,1026.979736328125,69.59101867675781,0.0029294893611222506,1022.7301025390625,11.871597290039062,0.016116546466946602,1067.9942626953125,4.9009552001953125,0.01060149259865284,1014.12255859375,54.38584899902344,0.07448922842741013,1033.380615234375,45.83399963378906,0.05257652327418327,1028.3408203125,93.73159790039062,0.12983247637748718,988.7953491210938,71.50758361816406,0.10538025200366974,1075.15576171875,82.73171997070312,0.8362141251564026,1121.2235107421875,82.17315673828125,0.7931464314460754,960.4449462890625,447.7222900390625,0.982817530632019,1106.92041015625,460.3383483886719,0.9735784530639648,945.1294555664062,833.5089721679688,0.9853236675262451,1289.7545166015625,768.7476806640625,0.98023921251297
114,3800,1009.1834716796875,90.10453033447266,0.004789070226252079,1009.5325927734375,66.65618133544922,0.004696022719144821,1001.3042602539062,77.6253433227539,0.002344617387279868,1028.4366455078125,51.77641296386719,0.008292794227600098,1020.1063842773438,71.04595184326172,0.002610900904983282,1030.9283447265625,13.340744018554688,0.012894711457192898,1045.6087646484375,7.202178955078125,0.008390013128519058,1015.4953002929688,52.2139892578125,0.07565423101186752,1004.93798828125,42.74821472167969,0.051542334258556366,1017.9246826171875,86.42532348632812,0.16232699155807495,975.7899780273438,68.20980834960938,0.13222740590572357,1081.7408447265625,74.04414367675781,0.814889669418335,1106.8441162109375,76.0052490234375,0.7633616328239441,963.3963012695312,445.1765441894531,0.9825872778892517,1094.805908203125,459.0918273925781,0.9718329310417175,933.476318359375,831.9501953125,0.9856232404708862,1304.12548828125,751.2529907226562,0.9797617197036743
115,3833,975.9302368164062,78.86041259765625,0.002992782974615693,981.4732055664062,53.76580810546875,0.0034227981232106686,971.8515625,70.15681457519531,0.0014549479819834232,1008.8448486328125,39.257080078125,0.008112175390124321,990.6560668945312,68.33578491210938,0.0019277251558378339,1014.4546508789062,0.0,0.007552061229944229,1024.830078125,0.0,0.008084711618721485,1001.6539306640625,32.97825622558594,0.04808983579277992,994.7993774414062,33.721435546875,0.05776681751012802,1028.484619140625,78.25323486328125,0.10674349963665009,985.3606567382812,73.61876678466797,0.12518952786922455,1079.193603515625,65.29408264160156,0.7597642540931702,1097.97265625,67.29698181152344,0.7476769685745239,968.5028686523438,448.1513671875,0.9721625447273254,1065.5693359375,459.61358642578125,0.9648362994194031,950.7030029296875,828.3138427734375,0.9749189019203186,1316.385498046875,743.083740234375,0.9685325026512146
116,3866,970.6390380859375,81.9920654296875,0.006487953010946512,972.9869995117188,61.798255920410156,0.006830604746937752,965.86962890625,75.88554382324219,0.002335038036108017,1005.6841430664062,44.793914794921875,0.010332100093364716,986.6719360351562,70.00865936279297,0.0018566993530839682,1020.5531616210938,0.0,0.016739781945943832,1007.1400146484375,0.0,0.011144365184009075,998.156982421875,21.746566772460938,0.13674607872962952,981.4436645507812,24.786758422851562,0.08460871875286102,1006.5584716796875,78.42764282226562,0.29840797185897827,980.8912353515625,71.19548034667969,0.21471846103668213,1080.158203125,75.52235412597656,0.8647633790969849,1073.33203125,76.67715454101562,0.820097804069519,977.8547973632812,460.18011474609375,0.9847258925437927,1036.1689453125,477.2303466796875,0.973894476890564,1004.9317016601562,845.8282470703125,0.9847869277000427,1278.3057861328125,726.7392578125,0.9776439070701599
117,3900,959.0177001953125,82.01133728027344,0.005518690217286348,962.0147094726562,64.45307922363281,0.0058704037219285965,954.7326049804688,77.49934387207031,0.0023250840604305267,994.3804321289062,46.30229187011719,0.01297491043806076,971.8635864257812,69.9433822631836,0.0027169291861355305,1018.1781005859375,5.2924346923828125,0.02006099559366703,994.981201171875,0.0,0.019759956747293472,1021.8391723632812,46.37196350097656,0.10311627388000488,999.2869873046875,40.61219787597656,0.1048201397061348,1002.2120971679688,90.30935668945312,0.17066697776317596,971.912353515625,74.71343994140625,0.17326852679252625,1078.193115234375,99.5467529296875,0.8893188834190369,1061.26806640625,99.09580993652344,0.8769975900650024,983.751953125,472.5093688964844,0.9850119352340698,1020.3748779296875,488.1896057128906,0.9786391258239746,1052.6702880859375,848.1984252929688,0.9850454926490784,1242.6578369140625,714.1839599609375,0.9810733795166016
118,3933,947.3952026367188,77.60845184326172,0.0026172352954745293,952.4672241210938,58.319091796875,0.003942491952329874,939.9769287109375,73.14781951904297,0.0010311066871508956,997.797607421875,40.718170166015625,0.023891137912869453,953.2113647460938,69.32988739013672,0.0020661286544054747,1031.5052490234375,11.43841552734375,0.02618275210261345,966.1188354492188,0.0,0.023747295141220093,1013.8202514648438,55.92604064941406,0.07665795832872391,984.4459228515625,64.75144958496094,0.07696452736854553,995.6986083984375,129.30015563964844,0.06934372335672379,958.9985961914062,115.78866577148438,0.06980309635400772,1085.307861328125,121.02470397949219,0.9241095185279846,1026.6007080078125,116.54937744140625,0.9161378741264343,1014.3926391601562,499.9561462402344,0.986368715763092,936.6041259765625,476.8961181640625,0.9807177186012268,1105.6351318359375,849.6152954101562,0.9856796860694885,1203.9737548828125,690.1204833984375,0.983514666557312
119,3966,943.33154296875,80.16222381591797,0.002177594229578972,951.601318359375,58.29441833496094,0.0035013712476938963,931.3222045898438,73.38874053955078,0.0009238774655386806,1004.1575317382812,40.04814147949219,0.024801289662718773,934.2262573242188,69.59191131591797,0.0021160023752599955,1049.9139404296875,16.6138916015625,0.02356114238500595,945.951416015625,3.3983001708984375,0.02221439965069294,1033.7882080078125,65.78096008300781,0.059461839497089386,979.9400024414062,67.7874755859375,0.06441143155097961,1005.0375366210938,145.1802978515625,0.04919225350022316,957.093994140625,131.09307861328125,0.05067083239555359,1099.4129638671875,113.146728515625,0.8636470437049866,1009.8161010742188,105.33197021484375,0.8576474189758301,1030.5430908203125,505.6595764160156,0.9674056768417358,902.0132446289062,463.4399719238281,0.9553966522216797,1131.6470947265625,855.4282836914062,0.9597384333610535,1147.7313232421875,672.8258666992188,0.9571360349655151
120,4000,937.9451904296875,91.87655639648438,0.0012710279552266002,944.1708984375,72.22444152832031,0.002012011129409075,934.4038696289062,87.93901062011719,0.000728996645193547,984.6463623046875,55.4293212890625,0.020531771704554558,950.72705078125,83.41218566894531,0.002855700207874179,1021.39697265625,24.877532958984375,0.018492799252271652,976.7998046875,7.4897003173828125,0.02242235653102398,1006.1773681640625,66.48241424560547,0.03761906921863556,1031.31591796875,60.862701416015625,0.06183800846338272,1017.0328369140625,130.50807189941406,0.02320948615670204,1028.816650390625,125.1895751953125,0.03287795931100845,1088.5677490234375,132.1087188720703,0.8975772261619568,1027.34033203125,122.84669494628906,0.908236563205719,1051.4168701171875,500.2562255859375,0.9785054922103882,894.9168090820312,437.09490966796875,0.9761202931404114,1179.6446533203125,840.3826904296875,0.9767946600914001,1080.7725830078125,708.1944580078125,0.9790458679199219
121,4033,941.4013061523438,92.66777801513672,0.0014747235691174865,947.712158203125,71.9091567993164,0.002285584108904004,939.9797973632812,86.18302917480469,0.0008825730765238404,987.5952758789062,56.06089782714844,0.017828645184636116,960.577392578125,80.54118347167969,0.002803199924528599,1021.5626220703125,25.42504119873047,0.014575685374438763,987.0181884765625,7.887725830078125,0.018400125205516815,1003.4703979492188,68.55489349365234,0.03151414915919304,1031.121337890625,61.57079315185547,0.05453149601817131,1026.9796142578125,122.30133819580078,0.021595630794763565,1020.8663330078125,127.46640014648438,0.030975893139839172,1081.4000244140625,119.677734375,0.8616010546684265,1022.5339965820312,111.26605224609375,0.8786243796348572,1074.5802001953125,490.97735595703125,0.9735565185546875,897.5220947265625,430.234130859375,0.9719408750534058,1220.57666015625,845.2415771484375,0.9723381400108337,1022.89990234375,747.6200561523438,0.97597336769104
122,4066,947.4343872070312,95.4107437133789,0.0029574106447398663,951.4055786132812,74.75161743164062,0.003872280940413475,943.1776123046875,84.71692657470703,0.001425709924660623,988.7022094726562,61.063499450683594,0.015444232150912285,966.0165405273438,76.93473815917969,0.002541355090215802,1016.5822143554688,26.564254760742188,0.019033173099160194,996.101318359375,13.588348388671875,0.01657443679869175,1004.899658203125,59.54937744140625,0.060229454189538956,1044.7884521484375,63.744964599609375,0.06136114150285721,1038.762451171875,97.23605346679688,0.05594976991415024,1041.6512451171875,100.09890747070312,0.048558637499809265,1081.3077392578125,98.59963989257812,0.8693497776985168,1028.3839111328125,93.47319030761719,0.8650837540626526,1088.2215576171875,480.7086181640625,0.9783226251602173,914.921142578125,435.270263671875,0.9739065766334534,1263.375732421875,813.5048217773438,0.9781791567802429,954.3436889648438,794.0962524414062,0.9792218804359436
123,4100,985.31396484375,85.45175170898438,0.003976110834628344,986.4901123046875,68.65708923339844,0.0047223386354744434,978.4210205078125,77.2979965209961,0.002185712568461895,1012.9932861328125,53.366180419921875,0.011279807426035404,990.0447387695312,67.01605224609375,0.002720927121117711,1020.3759765625,25.184783935546875,0.016827084124088287,1020.92822265625,7.932861328125,0.009850753471255302,983.4811401367188,72.45094299316406,0.06721296161413193,1028.9300537109375,74.31275939941406,0.03992901369929314,980.8932495117188,122.49559020996094,0.0699203684926033,988.8431396484375,137.76988220214844,0.04311848059296608,1078.38623046875,99.13325500488281,0.8558067083358765,1036.9078369140625,88.9017333984375,0.8202027678489685,1093.818603515625,477.99755859375,0.9797816276550293,934.7869262695312,446.2477111816406,0.9711511135101318,1298.1192626953125,784.1409301757812,0.9835516810417175,923.4395751953125,795.146728515625,0.9808363914489746
124,4133,1014.6017456054688,74.9996566772461,0.00886324979364872,1018.88818359375,54.63750457763672,0.009521118365228176,1003.9854736328125,65.85079193115234,0.005840193014591932,1038.5482177734375,40.328704833984375,0.01568499766290188,995.5404052734375,58.84991455078125,0.00596676766872406,1036.6380615234375,14.708908081054688,0.026918385177850723,1013.7440795898438,2.3380508422851562,0.012373414821922779,995.2485961914062,72.6760025024414,0.08020227402448654,990.5634155273438,71.47654724121094,0.03600384667515755,982.5465087890625,122.96477508544922,0.08034265041351318,956.0610961914062,144.5832061767578,0.04325266182422638,1080.6767578125,110.97212219238281,0.7870341539382935,1030.3360595703125,100.75959777832031,0.7178742289543152,1064.2520751953125,467.6475524902344,0.9563900232315063,933.5991821289062,451.6341247558594,0.935958206653595,1305.1885986328125,759.7012939453125,0.9588541984558105,942.2107543945312,790.856689453125,0.9478200078010559
125,4166,946.0281982421875,98.83527374267578,0.008128155954182148,950.4130249023438,78.97567749023438,0.008674177341163158,936.86083984375,91.01129150390625,0.004263126756995916,987.2567749023438,66.1614990234375,0.009846996515989304,948.1737670898438,87.0431900024414,0.002800876274704933,1008.080078125,28.471160888671875,0.010395262390375137,979.5531616210938,25.365921020507812,0.013503502123057842,976.0192260742188,52.2784423828125,0.056733567267656326,979.580810546875,78.66265869140625,0.08330731838941574,929.6656494140625,123.11622619628906,0.09949015825986862,922.7574462890625,119.11152648925781,0.12739118933677673,1064.8505859375,79.14724731445312,0.814270555973053,1016.3655395507812,84.13215637207031,0.8295321464538574,1036.4146728515625,479.4289855957031,0.9746899008750916,948.613037109375,469.645751953125,0.973871648311615,1310.7784423828125,734.083251953125,0.9798256754875183,986.5836791992188,810.8379516601562,0.9806898236274719
126,4200,968.9619140625,87.73310852050781,0.004403677769005299,969.3938598632812,71.16703033447266,0.0051467400044202805,962.9447021484375,83.12562561035156,0.002631356008350849,993.5370483398438,58.17828369140625,0.01233724970370531,985.3401489257812,77.89434814453125,0.0036979105789214373,985.5410766601562,17.103836059570312,0.014294108375906944,1030.9398193359375,4.6934051513671875,0.01438806764781475,993.5563354492188,42.52876281738281,0.046673376113176346,1001.0306396484375,63.15376281738281,0.05155011638998985,1028.709228515625,109.918212890625,0.04763052985072136,969.4164428710938,112.67349243164062,0.04768748953938484,1049.5379638671875,82.87051391601562,0.850757360458374,1062.4920654296875,88.15562438964844,0.846628725528717,1005.9496459960938,482.69329833984375,0.9776780605316162,980.77978515625,488.8320007324219,0.9747811555862427,1290.2081298828125,726.6947631835938,0.9837508797645569,1013.1747436523438,816.8054809570312,0.9825230836868286
127,4233,953.3179321289062,92.31852722167969,0.002370656467974186,952.3434448242188,75.06184387207031,0.0030550763476639986,950.707763671875,89.54303741455078,0.0015274456236511469,973.6941528320312,56.416534423828125,0.013874942436814308,984.1604614257812,80.2115249633789,0.0036452801432460546,964.991455078125,14.802360534667969,0.012387930415570736,1052.212890625,0.0,0.0178696159273386,973.151611328125,45.765380859375,0.033214133232831955,1005.9270629882812,49.270751953125,0.06297668814659119,999.033935546875,123.6492691040039,0.027553033083677292,966.0844116210938,102.87615966796875,0.04659127816557884,1048.6937255859375,101.72158813476562,0.8373892307281494,1095.9515380859375,102.50962829589844,0.8604644536972046,972.0322265625,482.06231689453125,0.967818021774292,982.76513671875,483.20855712890625,0.971419632434845,1246.3546142578125,712.0304565429688,0.9756041169166565,1055.248291015625,819.092529296875,0.9765557646751404
128,4266,937.7601928710938,104.54173278808594,0.0027655919548124075,936.1360473632812,87.3314208984375,0.003392751794308424,935.2485961914062,103.661865234375,0.0017309312243014574,959.8386840820312,67.57923889160156,0.015524711459875107,974.6196899414062,94.32259368896484,0.00427648238837719,963.607421875,30.2603759765625,0.015556990168988705,1051.6658935546875,11.182846069335938,0.024767078459262848,971.7343139648438,59.07806396484375,0.04090966284275055,1001.9397583007812,67.27237701416016,0.08675937354564667,959.6241455078125,124.91022491455078,0.03603275865316391,949.23486328125,108.21050262451172,0.0699017122387886,1046.0086669921875,119.480712890625,0.8636608123779297,1102.2928466796875,116.86839294433594,0.8884318470954895,943.705078125,477.1007080078125,0.9731898903846741,995.7744750976562,482.1651306152344,0.9773025512695312,1184.0216064453125,718.1499633789062,0.9796594977378845,1080.5960693359375,807.86865234375,0.9808923602104187
129,4300,941.1307983398438,113.7136001586914,0.002836383879184723,941.06640625,93.59674072265625,0.004126769490540028,939.2615356445312,111.91090393066406,0.0017714390996843576,970.0808715820312,70.40217590332031,0.033604033291339874,985.2766723632812,99.84798431396484,0.006475712638348341,962.1622924804688,29.102645874023438,0.04253409430384636,1067.65771484375,12.89959716796875,0.030662240460515022,967.8858032226562,83.91844940185547,0.06840363889932632,1035.5537109375,85.43465423583984,0.05854164808988571,971.2525634765625,181.3290252685547,0.04096150025725365,981.4976806640625,170.81434631347656,0.04106537997722626,1047.558837890625,117.84489440917969,0.8590226769447327,1124.748046875,113.64472961425781,0.8393197655677795,883.9266357421875,463.30755615234375,0.9541442394256592,1003.05126953125,482.4753112792969,0.9474179148674011,1127.016357421875,725.7743530273438,0.9589195251464844,1126.867919921875,791.5994262695312,0.9521757960319519
130,4333,931.4547729492188,88.27830505371094,0.002038101200014353,930.9508666992188,69.89149475097656,0.0027372557669878006,930.8449096679688,87.86819458007812,0.0011488939635455608,960.6390380859375,51.00856018066406,0.017752863466739655,980.7638549804688,80.3748550415039,0.0038277204148471355,966.708251953125,15.176925659179688,0.01835789531469345,1064.0789794921875,2.3206329345703125,0.018571412190794945,976.2919921875,62.586158752441406,0.04463214799761772,1042.6861572265625,60.786094665527344,0.053736019879579544,989.5093383789062,136.90924072265625,0.03996375575661659,972.5021362304688,109.35429382324219,0.047367826104164124,1044.6964111328125,108.80250549316406,0.8357800245285034,1121.6876220703125,105.52922058105469,0.8365998268127441,889.96826171875,454.53936767578125,0.9699518084526062,1042.609130859375,477.5481262207031,0.9684093594551086,1069.927734375,775.8609008789062,0.9756796956062317,1187.078125,819.14501953125,0.9729053378105164
131,4366,941.4464721679688,87.75453186035156,0.0017521821428090334,939.6384887695312,67.58271789550781,0.0023714392445981503,944.448486328125,86.35011291503906,0.000973322952631861,965.9854125976562,49.29286193847656,0.017120707780122757,1001.1919555664062,80.48432922363281,0.003620899049565196,972.2532348632812,11.455902099609375,0.01707649417221546,1081.9140625,5.548187255859375,0.01538753416389227,977.537841796875,60.225608825683594,0.04193003475666046,1075.81201171875,64.08190155029297,0.04478048160672188,1004.230224609375,137.67645263671875,0.040434904396533966,1005.416015625,115.02046966552734,0.04312949627637863,1041.49658203125,103.71368408203125,0.8400565385818481,1128.46142578125,102.59761047363281,0.8313356041908264,902.2219848632812,443.7973327636719,0.9766155481338501,1068.6046142578125,469.2505187988281,0.9732068181037903,983.2058715820312,802.6560668945312,0.9816955327987671,1223.8414306640625,810.995361328125,0.9783146381378174
132,4400,961.8164672851562,84.8309555053711,0.0030085963662713766,960.2542114257812,62.244895935058594,0.003572570625692606,960.7827758789062,74.74809265136719,0.0012962925247848034,987.26904296875,45.608367919921875,0.013942317105829716,1011.9019775390625,65.87248992919922,0.002770635997876525,994.7543334960938,12.712142944335938,0.019444596022367477,1074.2164306640625,8.954864501953125,0.010579759255051613,995.4437866210938,57.895751953125,0.07755346596240997,1055.548095703125,61.33538818359375,0.03930254653096199,1014.3535766601562,116.79922485351562,0.11429978907108307,994.8472290039062,97.08755493164062,0.06475722044706345,1053.708740234375,80.9578857421875,0.8246332406997681,1125.648193359375,79.09776306152344,0.7661763429641724,924.5336303710938,443.04327392578125,0.9805564880371094,1096.33203125,462.7614440917969,0.9686793088912964,923.5794677734375,824.0087280273438,0.9836432337760925,1261.785888671875,780.4056396484375,0.9764539003372192
133,4433,978.1096801757812,83.49158477783203,0.003952797036617994,979.9384155273438,62.24455261230469,0.003994466736912727,973.5053100585938,72.31613159179688,0.001550544984638691,1006.212890625,46.29121398925781,0.008467104285955429,1003.1691284179688,62.84349060058594,0.0018723148386925459,1016.2960205078125,6.344146728515625,0.013149240985512733,1038.1466064453125,0.4087371826171875,0.009111355058848858,1003.1339721679688,41.51609802246094,0.09432511776685715,1000.0595092773438,41.2738037109375,0.06294882297515869,1006.7882080078125,96.65057373046875,0.210743248462677,969.7000732421875,85.439208984375,0.15516822040081024,1064.8819580078125,73.45710754394531,0.8317054510116577,1098.6083984375,71.80975341796875,0.7887512445449829,935.8980102539062,445.7303771972656,0.9832159876823425,1086.732421875,459.2963562011719,0.9741578698158264,905.956787109375,826.4564208984375,0.9848266839981079,1284.3673095703125,765.6815795898438,0.9789630174636841
134,4466,967.7249145507812,80.55125427246094,0.004176538437604904,969.1895751953125,58.76353454589844,0.004103364888578653,965.7659912109375,74.46757507324219,0.0014741492923349142,994.9814453125,44.51268768310547,0.00565511966124177,995.8510131835938,72.7364501953125,0.001130430493503809,1000.0825805664062,0.0,0.00825515016913414,1040.3529052734375,0.0,0.006065201014280319,971.700439453125,15.880462646484375,0.11921271681785583,990.2609252929688,26.703414916992188,0.086052805185318,986.5281372070312,80.90396118164062,0.3624841272830963,963.3748168945312,86.698974609375,0.306851863861084,1068.988037109375,74.845458984375,0.8007164597511292,1105.7947998046875,75.43574523925781,0.7524964809417725,943.6563720703125,441.5928039550781,0.9790962934494019,1056.4132080078125,451.62213134765625,0.9680255055427551,913.9229736328125,815.1022338867188,0.9791427850723267,1297.7557373046875,750.637939453125,0.9699863791465759
135,4500,966.7828369140625,89.04212951660156,0.005646631587296724,966.4090576171875,66.33247375488281,0.005654811859130859,963.4622192382812,81.24410247802734,0.0021627871319651604,990.754638671875,48.89373779296875,0.007959520444273949,990.2770385742188,75.67691802978516,0.0017343978397548199,996.0596923828125,0.41326904296875,0.01123816892504692,1024.6995849609375,0.0,0.00867254938930273,983.61474609375,33.36676025390625,0.10403487831354141,990.927978515625,40.69926452636719,0.0760265663266182,990.8646240234375,84.10684204101562,0.2711353003978729,961.705322265625,82.53579711914062,0.22147947549819946,1062.906005859375,64.82395935058594,0.8103148937225342,1087.99169921875,66.41276550292969,0.7658066153526306,956.1760864257812,451.2560119628906,0.9816403985023499,1044.3426513671875,467.24261474609375,0.9702404737472534,969.8838500976562,847.2178344726562,0.9833534955978394,1283.017822265625,723.9517211914062,0.9761685729026794
136,4533,963.6509399414062,91.0451889038086,0.0057990034110844135,963.94482421875,70.66209411621094,0.006219028029590845,960.178955078125,85.91905975341797,0.0022390137892216444,991.690673828125,51.656341552734375,0.010155300609767437,980.33154296875,79.94881439208984,0.0018797956872731447,1003.648681640625,3.1109619140625,0.014247369952499866,1001.6402587890625,0.0,0.011601384729146957,992.1090698242188,32.290283203125,0.10974991321563721,982.1852416992188,39.779754638671875,0.08762823790311813,987.25732421875,81.8792724609375,0.2395847588777542,965.4823608398438,77.95903015136719,0.20808225870132446,1064.4609375,76.82102966308594,0.8526172041893005,1061.6895751953125,78.19834899902344,0.8198567628860474,969.3370971679688,466.940185546875,0.9833299517631531,1011.2102661132812,480.2965393066406,0.9734929203987122,1013.7069091796875,851.8775634765625,0.9839929938316345,1254.674072265625,715.5117797851562,0.9777826070785522
137,4566,958.20361328125,86.64239501953125,0.005134588107466698,959.3280029296875,69.62418365478516,0.005582441575825214,956.0256958007812,84.98531341552734,0.0021924960892647505,991.2828979492188,49.27226257324219,0.01479070633649826,978.0972290039062,77.85932922363281,0.0030477666296064854,1008.583251953125,4.96142578125,0.026131300255656242,999.3601684570312,0.0,0.022671539336442947,991.8790283203125,44.642486572265625,0.1205793097615242,988.8659057617188,52.82427978515625,0.10354860872030258,984.8005981445312,91.94966125488281,0.16732053458690643,964.3394165039062,84.3812255859375,0.15179336071014404,1068.2401123046875,108.07763671875,0.9128637313842773,1058.1756591796875,110.72831726074219,0.895843505859375,969.1351318359375,474.1625061035156,0.9872490763664246,1005.7392578125,498.2471923828125,0.9803698062896729,1067.5909423828125,845.5468139648438,0.9871521592140198,1223.898193359375,716.6263427734375,0.9826825857162476
138,4600,1003.2750244140625,90.98558807373047,0.01341063529253006,1016.5662231445312,62.19646453857422,0.013917544856667519,988.34765625,73.78330993652344,0.007511497940868139,1047.1322021484375,43.77314758300781,0.022836560383439064,972.9703369140625,61.92638397216797,0.006982500199228525,1057.822265625,5.3645782470703125,0.04111861810088158,962.0958862304688,1.1398773193359375,0.019867602735757828,1022.6275634765625,76.67715454101562,0.11377056688070297,957.806396484375,66.85835266113281,0.055056095123291016,974.7559204101562,147.9770050048828,0.14658020436763763,936.843017578125,108.49397277832031,0.09528637677431107,1081.3094482421875,121.49308776855469,0.7991703152656555,1003.9733276367188,118.38427734375,0.7229387164115906,980.7786254882812,487.36920166015625,0.960206925868988,918.0857543945312,457.7110595703125,0.9263745546340942,1112.3133544921875,835.8242797851562,0.9562775492668152,1184.538330078125,680.304443359375,0.9411826133728027
139,4633,930.1181030273438,74.44475555419922,0.0022727090399712324,939.3709716796875,52.506317138671875,0.00355264893732965,920.7802734375,67.61434936523438,0.0009143774514086545,997.496337890625,36.3958740234375,0.022650253027677536,929.5735473632812,65.08174896240234,0.0018304948462173343,1038.64990234375,10.444290161132812,0.021483173593878746,942.3490600585938,0.0,0.020652852952480316,999.7652587890625,49.200897216796875,0.06506557762622833,960.3480834960938,55.22163391113281,0.07039943337440491,968.6058349609375,103.45756530761719,0.05985739082098007,932.9637451171875,84.17353820800781,0.061718735843896866,1088.698974609375,111.65478515625,0.851783275604248,1000.4425048828125,103.70933532714844,0.8457223176956177,1024.761962890625,509.3365173339844,0.9645813703536987,887.6787109375,463.1048583984375,0.9510977268218994,1135.67138671875,853.9863891601562,0.9541050791740417,1128.568115234375,666.5645141601562,0.9516175985336304
140,4666,939.4370727539062,100.11021423339844,0.0013383968034759164,946.1522827148438,78.98167419433594,0.00224367156624794,936.657958984375,95.39199829101562,0.0007847773376852274,990.183349609375,60.687538146972656,0.022432759404182434,955.2656860351562,90.01318359375,0.0029574779327958822,1030.2239990234375,29.912200927734375,0.01920999586582184,977.82568359375,13.185699462890625,0.02089879661798477,1007.291259765625,74.5305404663086,0.03726988658308983,1013.3128051757812,70.88253021240234,0.0519183911383152,994.6375122070312,140.53225708007812,0.021845759823918343,982.8776245117188,140.83091735839844,0.027439726516604424,1079.1962890625,131.8070526123047,0.8891305327415466,1014.4125366210938,122.16606903076172,0.8951753973960876,1049.904052734375,501.2398681640625,0.9763901233673096,888.835693359375,442.0423583984375,0.9725682139396667,1185.8507080078125,847.7048950195312,0.9747486710548401,1070.258544921875,728.605224609375,0.9761608242988586
141,4700,941.2305908203125,93.83578491210938,0.0015820242697373033,947.3218383789062,72.75736999511719,0.002507694996893406,940.2050170898438,88.00181579589844,0.0009543542400933802,988.1751708984375,57.92326354980469,0.019585642963647842,962.2265625,84.77165222167969,0.0030412105843424797,1020.7453002929688,26.614288330078125,0.016671353951096535,991.0889282226562,13.415336608886719,0.01909482665359974,999.0227661132812,63.46295928955078,0.03396891430020332,1029.6263427734375,69.67066955566406,0.05144021660089493,1013.160888671875,113.30136108398438,0.02121470682322979,1011.2531127929688,128.5568084716797,0.027724189683794975,1077.2860107421875,117.189697265625,0.8676077723503113,1019.5408325195312,111.49232482910156,0.8781926035881042,1082.044189453125,483.8105163574219,0.9738224744796753,888.3466186523438,431.1014099121094,0.9710883498191833,1233.1907958984375,833.1683959960938,0.9734485149383545,1004.885986328125,751.918212890625,0.975797712802887
142,4733,992.3025512695312,79.7515640258789,0.007738708984106779,996.4098510742188,58.051048278808594,0.008240831084549427,986.0978393554688,69.51139068603516,0.005059249233454466,1019.126953125,40.86250305175781,0.019904006272554398,990.4207763671875,58.245758056640625,0.007330161519348621,1021.1914672851562,8.646492004394531,0.039833832532167435,1021.5062866210938,0.0,0.01945294439792633,993.2157592773438,70.17352294921875,0.09477505832910538,1024.062744140625,63.98872375488281,0.04841630533337593,997.6901245117188,124.5809097290039,0.07605314254760742,1000.6134033203125,133.4947509765625,0.045074671506881714,1079.91015625,116.76370239257812,0.8214105367660522,1036.183837890625,101.92405700683594,0.7651986479759216,1103.9381103515625,472.5033874511719,0.9576132893562317,910.0323486328125,438.175048828125,0.9375836849212646,1285.6922607421875,807.523681640625,0.9512766599655151,946.56298828125,775.7993774414062,0.9398029446601868
143,4766,989.4407958984375,89.60950469970703,0.004380891099572182,991.4221801757812,72.67444610595703,0.005164834205061197,981.3019409179688,81.33492279052734,0.0024784894194453955,1018.2786865234375,59.9036865234375,0.010760410688817501,986.4743041992188,74.2416000366211,0.002804382471367717,1028.1146240234375,31.1077880859375,0.016449209302663803,1006.601806640625,15.88568115234375,0.009604021906852722,1007.0339965820312,69.61170959472656,0.06556722521781921,1019.46923828125,74.502685546875,0.039956577122211456,1027.0283203125,100.30535888671875,0.07034043222665787,1004.015869140625,114.41354370117188,0.04379020631313324,1081.4462890625,96.54739379882812,0.8521578907966614,1025.2923583984375,88.96577453613281,0.8146800994873047,1104.6324462890625,472.3418884277344,0.9797749519348145,926.5094604492188,443.4595947265625,0.9709551930427551,1304.655517578125,786.0532836914062,0.9837710857391357,925.9061889648438,795.7093505859375,0.9809021949768066
144,4800,1007.17626953125,66.32794952392578,0.013590392656624317,1015.2877807617188,43.99786376953125,0.015386370941996574,1000.1489868164062,55.454498291015625,0.009902668185532093,1036.55615234375,34.757286071777344,0.02343173697590828,993.8875122070312,52.65868377685547,0.009879416786134243,1029.6793212890625,15.448379516601562,0.039257436990737915,1006.1282958984375,6.622810363769531,0.015966417267918587,999.7279052734375,58.29634094238281,0.09202377498149872,987.840087890625,58.489952087402344,0.03492658957839012,1002.013427734375,112.34937286376953,0.08774933964014053,979.7802124023438,124.57008361816406,0.04058495908975601,1081.617431640625,105.645263671875,0.7694371342658997,1031.7738037109375,99.45348358154297,0.683747410774231,1075.2711181640625,459.5789794921875,0.943866491317749,934.5355224609375,444.24444580078125,0.9135150909423828,1317.357177734375,763.2634887695312,0.9330601096153259,948.1693725585938,785.599365234375,0.9129809737205505
145,4833,997.7155151367188,66.18155670166016,0.011976751498878002,1009.7406005859375,43.1927490234375,0.014093530364334583,986.8141479492188,55.088035583496094,0.008308821357786655,1037.898193359375,33.75395965576172,0.0168235432356596,973.7459716796875,52.81633758544922,0.0061894371174275875,1031.80322265625,12.499122619628906,0.02367011457681656,979.74560546875,9.234260559082031,0.009869989939033985,1011.96826171875,49.50709533691406,0.07666106522083282,966.580810546875,58.06592559814453,0.031609948724508286,1006.0112915039062,112.048095703125,0.09477853775024414,945.4677124023438,117.12579345703125,0.049833279103040695,1077.1068115234375,109.13751983642578,0.7492437362670898,1017.523681640625,108.35863494873047,0.6649044156074524,1032.961669921875,465.452392578125,0.9457046985626221,940.2107543945312,462.3570556640625,0.9196228384971619,1314.4559326171875,738.10400390625,0.9455701112747192,998.265380859375,790.81787109375,0.9296531677246094
146,4866,963.4469604492188,91.31227111816406,0.004626936744898558,965.6218872070312,73.73087310791016,0.005440097767859697,956.90869140625,84.62315368652344,0.002590759890154004,994.845703125,58.748291015625,0.011476589366793633,977.8434448242188,76.43966674804688,0.003027162980288267,994.6499633789062,14.125579833984375,0.012625941075384617,1015.9904174804688,4.6005706787109375,0.01316474936902523,988.03271484375,34.388580322265625,0.04952329397201538,993.1184692382812,54.49324035644531,0.05657614767551422,994.5570068359375,110.13999938964844,0.05766737833619118,960.4805297851562,99.84352111816406,0.05980947986245155,1052.8759765625,84.64718627929688,0.8531427383422852,1047.509765625,90.96437072753906,0.8515568971633911,1020.9032592773438,482.4903259277344,0.9788289070129395,985.724365234375,487.6152038574219,0.9762812852859497,1305.5316162109375,735.199951171875,0.9840847253799438,1028.2515869140625,821.7760620117188,0.9832814335823059
147,4900,947.7844848632812,86.02043151855469,0.0027288272976875305,947.51513671875,69.77650451660156,0.003532987553626299,946.08642578125,83.51261901855469,0.0017333545256406069,970.99658203125,53.89933776855469,0.01500358060002327,978.5147094726562,76.82386779785156,0.0038542738184332848,971.048095703125,16.3509521484375,0.014124976471066475,1035.201171875,0.0,0.018802842125296593,983.342529296875,44.66825866699219,0.03689882904291153,1002.5281372070312,54.29120635986328,0.06312349438667297,1009.254638671875,114.20565032958984,0.03052716888487339,971.4306030273438,101.51559448242188,0.04690610617399216,1051.7825927734375,108.23538208007812,0.8505147099494934,1081.3431396484375,111.22654724121094,0.8674545288085938,990.5416259765625,478.2955627441406,0.9710228443145752,986.2214965820312,479.57244873046875,0.9730861783027649,1256.7750244140625,720.4213256835938,0.9773728251457214,1063.8101806640625,816.193603515625,0.9780032634735107
148,4933,941.25830078125,87.99396514892578,0.0025773823726922274,940.0116577148438,72.71836853027344,0.0030090799555182457,940.3641357421875,87.39756774902344,0.0015391578199341893,961.313232421875,54.56849670410156,0.01604059711098671,980.6902465820312,77.7671127319336,0.004365004599094391,962.1421508789062,16.13623809814453,0.018943870440125465,1055.6326904296875,0.0,0.02852153591811657,975.8798217773438,51.51720428466797,0.04949847608804703,1015.3030395507812,55.2286376953125,0.0949816033244133,973.1722412109375,125.65347290039062,0.04069487750530243,966.9871215820312,109.6581802368164,0.07096588611602783,1047.798583984375,117.88600158691406,0.8817287683486938,1106.990234375,116.1668701171875,0.9009256362915039,956.5151977539062,476.6758117675781,0.9745650887489319,1011.2388305664062,482.1294250488281,0.9776336550712585,1202.619384765625,729.5076293945312,0.9777757525444031,1085.6583251953125,813.1546020507812,0.978996992111206
149,4966,935.79052734375,87.65611267089844,0.0017365770181640983,936.5079956054688,70.96156311035156,0.002354799536988139,932.5303344726562,87.81871032714844,0.0010792592074722052,963.970703125,53.22789001464844,0.02150413580238819,970.7697143554688,80.22093200683594,0.0048356568440794945,966.4515991210938,12.840843200683594,0.023154282942414284,1042.6986083984375,0.0,0.02719634212553501,971.78564453125,50.36524200439453,0.041635915637016296,1016.4796142578125,57.07246398925781,0.06089853122830391,987.698974609375,138.19003295898438,0.02579035423696041,978.6303100585938,124.88509368896484,0.03577340021729469,1053.115234375,104.77505493164062,0.8627561926841736,1109.940673828125,103.92892456054688,0.8731092810630798,934.7669677734375,465.055419921875,0.9668893218040466,1039.588623046875,481.4193420410156,0.967835545539856,1147.59228515625,753.5776977539062,0.9692255258560181,1137.9349365234375,811.3009643554688,0.9687538146972656
150,5000,940.7860107421875,87.40885162353516,0.0017428077990189195,941.6124267578125,68.59075927734375,0.0025658670347183943,939.1033325195312,84.85249328613281,0.001036468311212957,969.1265258789062,50.80558776855469,0.018582727760076523,980.3247680664062,76.8709716796875,0.0036994570400565863,979.9713745117188,14.146041870117188,0.01640838012099266,1046.84423828125,3.3305740356445312,0.014681853353977203,990.97705078125,60.34126281738281,0.034552231431007385,1032.3507080078125,62.50096893310547,0.03621724992990494,1018.0413818359375,145.48338317871094,0.028432147577404976,994.5454711914062,133.11997985839844,0.029279671609401703,1058.373046875,98.70533752441406,0.8257223963737488,1115.15380859375,96.16447448730469,0.8186413645744324,920.6922607421875,453.91845703125,0.9720379710197449,1058.826171875,469.19927978515625,0.968559205532074,1066.7130126953125,802.3214721679688,0.9777177572250366,1201.029296875,818.6583251953125,0.9748576283454895
151,5033,998.0753784179688,85.50906372070312,0.007767876144498587,998.9156494140625,56.244712829589844,0.008344493806362152,994.7836303710938,70.66822814941406,0.005066385492682457,1009.6421508789062,38.894805908203125,0.026663661003112793,1021.59326171875,62.89201354980469,0.008605949580669403,1000.7726440429688,0.0,0.0336918942630291,1072.2308349609375,0.0,0.02352212928235531,993.1517944335938,65.90473937988281,0.06262002140283585,1028.796875,57.59889221191406,0.05384111776947975,1011.5435180664062,141.64312744140625,0.06960687786340714,986.8729248046875,126.53084564208984,0.07258673757314682,1062.2213134765625,99.02316284179688,0.793246328830719,1126.8994140625,104.1064453125,0.7570441365242004,911.638916015625,436.0068359375,0.9620835185050964,1085.3212890625,458.39300537109375,0.950087308883667,991.9105834960938,799.13818359375,0.9628568291664124,1237.5482177734375,798.2179565429688,0.9551101326942444
152,5066,985.5491333007812,93.28271484375,0.004362404812127352,981.8936157226562,69.80660247802734,0.004595198202878237,979.2572631835938,80.52227783203125,0.002242607530206442,1001.789306640625,52.61883544921875,0.015067524276673794,1020.451416015625,69.21160125732422,0.004213366657495499,1002.3640747070312,9.418212890625,0.02383301965892315,1071.253662109375,5.417633056640625,0.014510633423924446,996.52734375,58.59104919433594,0.07554079592227936,1037.6546630859375,56.061859130859375,0.04953267052769661,1012.3305053710938,117.52102661132812,0.10397550463676453,982.3634643554688,100.41773986816406,0.07962580770254135,1062.7015380859375,81.51434326171875,0.852332592010498,1126.3037109375,80.73568725585938,0.8099544048309326,938.40625,445.5051574707031,0.9827909469604492,1105.3248291015625,456.14111328125,0.9739254713058472,918.689453125,818.04638671875,0.9850277900695801,1260.7607421875,779.0255126953125,0.98023521900177
153,5100,1008.7498168945312,92.51303100585938,0.004686088301241398,1006.7922973632812,70.44719696044922,0.004686722066253424,1000.5549926757812,80.32557678222656,0.0023275341372936964,1025.0830078125,54.7825927734375,0.009809289127588272,1024.8914794921875,71.90853881835938,0.0029490648303180933,1027.1876220703125,12.4013671875,0.014894785359501839,1052.9205322265625,8.959991455078125,0.009757164865732193,1011.7630004882812,47.218231201171875,0.07220578193664551,1011.2144775390625,42.98707580566406,0.05094565823674202,1025.30615234375,85.39036560058594,0.13877254724502563,977.0747680664062,68.13478088378906,0.11448313295841217,1072.3524169921875,73.30636596679688,0.8245533108711243,1106.236572265625,74.986083984375,0.7773815989494324,949.1839599609375,440.382568359375,0.9827517867088318,1098.1583251953125,453.2548828125,0.9730162024497986,906.5443725585938,821.71875,0.9856471419334412,1289.5308837890625,758.4017944335938,0.9804304242134094
154,5133,983.6481323242188,82.64268493652344,0.003004375845193863,988.7855224609375,60.84286880493164,0.0035417138133198023,981.52001953125,78.73040771484375,0.0016983689274638891,1011.1767578125,47.893043518066406,0.011384880170226097,1002.9080810546875,79.40567779541016,0.003084834199398756,1014.6776733398438,0.0,0.010983751155436039,1031.3067626953125,0.0,0.012527447193861008,994.1753540039062,18.894287109375,0.04940233379602432,986.1260986328125,27.574676513671875,0.06310456991195679,1027.0382080078125,73.21728515625,0.08676621317863464,981.2386474609375,71.7626953125,0.10671095550060272,1072.5440673828125,75.57067108154297,0.7960154414176941,1101.7445068359375,81.10567474365234,0.7921644449234009,937.4097900390625,439.46942138671875,0.9714745283126831,1073.3172607421875,450.115478515625,0.965897798538208,909.3602294921875,815.2058715820312,0.9681531190872192,1310.3902587890625,750.75146484375,0.9622212052345276
155,5166,969.9407958984375,89.09248352050781,0.005232565570622683,970.2092895507812,66.80921173095703,0.005614618305116892,967.0603637695312,81.1365966796875,0.002154458314180374,995.8629150390625,51.47552490234375,0.010210441425442696,996.96044921875,76.53966522216797,0.0021988258231431246,997.6311645507812,3.8556060791015625,0.013679146766662598,1034.290771484375,0.0,0.009938341565430164,981.2931518554688,30.118148803710938,0.09302118420600891,1007.869873046875,37.327606201171875,0.06455172598361969,1006.5606079101562,66.10752868652344,0.20078158378601074,979.31982421875,57.76322937011719,0.1523546278476715,1060.46044921875,71.28936767578125,0.8319718837738037,1090.7431640625,71.3807373046875,0.7897473573684692,961.0693969726562,453.9326477050781,0.9835143089294434,1050.970458984375,462.93896484375,0.9736628532409668,967.5325927734375,833.10791015625,0.9856849908828735,1286.1732177734375,720.837890625,0.9799822568893433
156,5200,967.9158325195312,86.54273986816406,0.004892139695584774,970.0543823242188,66.21684265136719,0.006066618487238884,965.3399047851562,80.37821960449219,0.00202930998057127,1002.3180541992188,49.36102294921875,0.015264739282429218,989.4044189453125,75.01638793945312,0.002383400220423937,1017.2649536132812,5.84490966796875,0.01701219193637371,1012.3359375,0.0,0.013744207099080086,1006.7195434570312,39.77384948730469,0.07941530644893646,1004.2324829101562,43.7391357421875,0.06446109712123871,1004.011474609375,82.37644958496094,0.1306442767381668,976.842041015625,64.12115478515625,0.11031104624271393,1068.45361328125,84.05955505371094,0.8472040891647339,1065.3343505859375,84.38095092773438,0.8176730871200562,971.4168701171875,462.9001770019531,0.9816649556159973,1019.4259643554688,475.2979736328125,0.9717450737953186,1009.9989624023438,847.1597900390625,0.9833385944366455,1253.460205078125,711.0104370117188,0.9777155518531799
157,5233,956.8184204101562,87.39628601074219,0.004950695671141148,958.74560546875,70.05457305908203,0.0060576568357646465,954.1561889648438,84.71099853515625,0.0021991939283907413,994.2371215820312,51.3922119140625,0.01863432489335537,977.2593383789062,78.60397338867188,0.0032485409174114466,1018.0324096679688,13.471115112304688,0.02462153695523739,1001.1151123046875,1.9167022705078125,0.02302442118525505,1015.3046875,55.44012451171875,0.085139699280262,1007.6284790039062,55.608856201171875,0.08478741347789764,1007.24365234375,106.26502990722656,0.106298066675663,981.2359008789062,82.42652893066406,0.10643994808197021,1072.758056640625,107.01832580566406,0.9023486971855164,1058.525634765625,108.01213073730469,0.8898952007293701,971.2359008789062,470.2685241699219,0.9864332675933838,1006.3561401367188,493.05963134765625,0.9804054498672485,1057.6971435546875,845.654296875,0.987575352191925,1222.0577392578125,713.8750610351562,0.9840400815010071
158,5266,999.2393188476562,99.17424774169922,0.013989326544106007,1013.1139526367188,71.36107635498047,0.015306049957871437,983.688720703125,82.73650360107422,0.007427146192640066,1048.0235595703125,49.61201477050781,0.025899915024638176,969.68505859375,67.55245971679688,0.0067245010286569595,1064.8544921875,9.202056884765625,0.04682844504714012,954.9529418945312,1.57818603515625,0.01999078504741192,1017.9056396484375,81.81124877929688,0.1293257176876068,951.3148193359375,67.489013671875,0.053729984909296036,961.08251953125,147.89437866210938,0.159449502825737,929.07666015625,111.446044921875,0.09240876883268356,1084.685791015625,128.1954803466797,0.8141335248947144,996.71875,123.70756530761719,0.731054425239563,983.9259033203125,489.5657043457031,0.9619238376617432,912.0157470703125,458.7277526855469,0.9260305762290955,1106.2354736328125,829.7202758789062,0.9568971395492554,1181.5211181640625,674.5223999023438,0.9403337240219116
159,5300,932.4655151367188,72.49124908447266,0.002903023734688759,943.3716430664062,51.690673828125,0.00418037548661232,920.881591796875,66.29390716552734,0.0011639356380328536,1000.0043334960938,35.72406005859375,0.022947628051042557,921.466796875,63.712646484375,0.0022235941141843796,1036.63623046875,6.068389892578125,0.02901575155556202,924.6756591796875,0.0,0.02417011745274067,975.3312377929688,27.130691528320312,0.09375940263271332,929.305908203125,31.692214965820312,0.08119113743305206,958.0037841796875,46.56587219238281,0.08558914065361023,923.1940307617188,25.846206665039062,0.07423052191734314,1093.0316162109375,115.75401306152344,0.8737796545028687,994.3352661132812,110.29591369628906,0.8577980399131775,1022.1317138671875,504.0899963378906,0.9672008156776428,884.9383544921875,462.8962097167969,0.9507929086685181,1130.1162109375,843.2957153320312,0.9540302753448486,1129.0244140625,660.9598999023438,0.9485338926315308
160,5333,951.8411865234375,99.92079162597656,0.0023537243250757456,960.6162109375,77.7828140258789,0.0034885373897850513,940.4602661132812,91.15106964111328,0.0010827359510585666,1007.8460083007812,58.42835998535156,0.021905645728111267,943.7369384765625,83.46109771728516,0.0025255230721086264,1050.625732421875,31.57708740234375,0.027324581518769264,957.8906860351562,16.700180053710938,0.023387150838971138,1042.0640869140625,75.74418640136719,0.07161162793636322,991.9476928710938,77.66908264160156,0.06859374046325684,1007.50634765625,146.35313415527344,0.05601506307721138,959.8253784179688,142.22080993652344,0.04913168027997017,1091.8516845703125,122.91513061523438,0.9136860966682434,1004.0799560546875,109.20304870605469,0.9086450338363647,1052.620849609375,511.679443359375,0.982519268989563,884.17822265625,432.4748840332031,0.9770349264144897,1182.35205078125,842.4173583984375,0.9795095324516296,1074.4127197265625,720.9658813476562,0.9802156090736389
161,5366,942.1234741210938,94.49299621582031,0.0014441476669162512,949.2034301757812,73.98751831054688,0.002359134377911687,939.7727661132812,88.59020233154297,0.0008428791770711541,991.7796020507812,58.17173767089844,0.021121874451637268,957.5733642578125,83.95655822753906,0.002893383614718914,1029.420654296875,28.208656311035156,0.018330426886677742,980.4397583007812,14.458305358886719,0.020528506487607956,1010.695556640625,64.0060043334961,0.03567952662706375,1027.1693115234375,67.37228393554688,0.05298136547207832,1026.879638671875,125.47792053222656,0.0208569522947073,1017.1058959960938,137.48794555664062,0.0267354603856802,1086.9534912109375,124.72654724121094,0.8829960227012634,1017.3441162109375,118.43348693847656,0.892013669013977,1082.1810302734375,486.1124267578125,0.975302517414093,886.913330078125,430.3777770996094,0.9724215269088745,1226.291748046875,832.0713500976562,0.9740567803382874,1011.8367919921875,739.3764038085938,0.9765309691429138
162,5400,997.67724609375,84.69520568847656,0.007143597584217787,1003.1250610351562,63.645973205566406,0.0077887712977826595,991.5338745117188,74.06355285644531,0.0045656305737793446,1029.138427734375,47.168701171875,0.021457025781273842,994.8984985351562,62.54292297363281,0.007387018296867609,1035.1021728515625,12.977989196777344,0.046328164637088776,1018.8286743164062,0.0,0.022381117567420006,1010.899169921875,64.96998596191406,0.10622218251228333,1030.072265625,63.913856506347656,0.054642755538225174,1037.0113525390625,109.05516815185547,0.08047579228878021,1026.340576171875,114.77906799316406,0.04767198860645294,1095.1934814453125,119.83035278320312,0.8384274840354919,1039.484375,105.296630859375,0.7842859029769897,1112.144287109375,472.0490417480469,0.9567076563835144,902.6486206054688,434.5393981933594,0.9356260299682617,1273.9010009765625,804.6853637695312,0.9468008279800415,954.1907958984375,765.3336181640625,0.9338886141777039
163,5433,987.9089965820312,91.79724884033203,0.003990157041698694,990.1983032226562,73.0220947265625,0.004711058922111988,980.2364501953125,82.21282196044922,0.0022810855880379677,1019.2710571289062,59.49732971191406,0.010691755451261997,987.9146728515625,74.74681091308594,0.0028090067207813263,1032.5401611328125,34.49958801269531,0.015367730520665646,1013.1325073242188,16.75140380859375,0.010280078276991844,998.6903686523438,85.65815734863281,0.05817853659391403,1030.442626953125,81.19070434570312,0.04197969287633896,997.0573120117188,120.64888000488281,0.06084989011287689,994.3594360351562,127.28379821777344,0.04402291029691696,1091.0426025390625,91.78738403320312,0.8508658409118652,1033.4849853515625,83.45256042480469,0.824047863483429,1119.244140625,470.4846496582031,0.9802870154380798,929.7945556640625,443.9030456542969,0.9731709361076355,1312.4876708984375,798.4676513671875,0.984252393245697,923.8114624023438,804.1854858398438,0.9820374250411987
164,5466,994.4419555664062,89.82415008544922,0.004098208621144295,996.6231079101562,71.8824462890625,0.004771776497364044,986.1801147460938,80.6425552368164,0.002443378558382392,1023.0423583984375,58.81571960449219,0.010604755021631718,991.5905151367188,73.34115600585938,0.003031852189451456,1032.7440185546875,33.157470703125,0.01456161867827177,1015.0109252929688,15.8682861328125,0.010305955074727535,995.4144897460938,84.96258544921875,0.05258823558688164,1028.9163818359375,81.52313232421875,0.0405518114566803,992.5382080078125,127.34587097167969,0.054838575422763824,999.0263671875,135.208740234375,0.042138874530792236,1087.7451171875,84.37779235839844,0.840631365776062,1034.6898193359375,78.71406555175781,0.8164910674095154,1107.245361328125,467.7377014160156,0.9784454107284546,949.4074096679688,450.11279296875,0.9717653393745422,1326.9287109375,773.4463500976562,0.9833425283432007,932.1718139648438,803.174560546875,0.9812664985656738
165,5500,1010.591552734375,65.96846008300781,0.010592648759484291,1019.4056396484375,43.61304473876953,0.013019845820963383,1002.4462890625,55.21025848388672,0.007962476462125778,1042.84716796875,35.389320373535156,0.020793825387954712,993.98828125,53.598724365234375,0.007999050430953503,1037.8880615234375,14.24798583984375,0.028719017282128334,997.82080078125,5.962120056152344,0.011704790405929089,1018.7362060546875,64.31009674072266,0.06700954586267471,990.6911010742188,64.39466857910156,0.02687760442495346,1024.4783935546875,124.53083038330078,0.06434745341539383,992.57177734375,146.5952911376953,0.0317128486931324,1082.61279296875,98.54230499267578,0.7548682689666748,1026.8653564453125,95.87789154052734,0.6698366403579712,1065.6162109375,457.5203552246094,0.9472931027412415,950.6184692382812,452.00640869140625,0.9209097027778625,1324.2359619140625,753.0997924804688,0.9460408091545105,981.367919921875,791.0509643554688,0.9301086664199829
166,5533,969.0179443359375,91.91276550292969,0.0043350690975785255,971.1491088867188,72.14636993408203,0.005659902933984995,962.7026977539062,81.78630065917969,0.0025358591228723526,1000.4328002929688,59.0672607421875,0.012210276909172535,981.5185546875,74.51893615722656,0.0028562445659190416,1005.97705078125,18.31072998046875,0.009954259730875492,1009.5762329101562,10.771133422851562,0.00999443419277668,998.6089477539062,48.8360595703125,0.03421051427721977,996.6766357421875,72.54386901855469,0.03748396784067154,998.225830078125,135.0230255126953,0.039331238716840744,947.5043334960938,144.14437866210938,0.038651928305625916,1058.369140625,65.51852416992188,0.8011519312858582,1037.675537109375,72.53549194335938,0.7981811761856079,1041.1802978515625,476.9594421386719,0.9738388657569885,985.2705688476562,479.4737854003906,0.9701681137084961,1326.702392578125,743.40087890625,0.981421947479248,1012.6399536132812,826.0808715820312,0.9805799126625061
167,5566,956.2989501953125,95.81849670410156,0.0047939312644302845,956.9002075195312,77.83456420898438,0.005375611130148172,949.8983154296875,88.4168930053711,0.0027062431909143925,982.989990234375,63.07715606689453,0.012719263322651386,976.3231811523438,79.29551696777344,0.003744819201529026,982.6619262695312,18.7437744140625,0.01560190785676241,1028.7430419921875,4.91693115234375,0.017268985509872437,992.4497680664062,49.281646728515625,0.05477669835090637,1007.0814208984375,64.6904296875,0.06777288764715195,990.0242309570312,136.20639038085938,0.060794949531555176,965.3575439453125,114.16305541992188,0.06900054961442947,1058.4085693359375,82.23898315429688,0.8528268337249756,1074.119384765625,87.40438842773438,0.8553892970085144,1016.9459838867188,478.34381103515625,0.9761550426483154,1003.20263671875,489.67218017578125,0.9748100638389587,1290.0499267578125,725.0458374023438,0.9815426468849182,1055.234619140625,831.1272583007812,0.980614960193634
168,5600,960.6486206054688,91.93782806396484,0.0022155861370265484,960.2354736328125,74.66519165039062,0.0028958211187273264,959.1214599609375,89.67109680175781,0.00143825588747859,984.578857421875,56.721656799316406,0.015451237559318542,997.1470336914062,81.05181884765625,0.004081323277205229,978.8427124023438,15.138496398925781,0.014682537876069546,1062.8912353515625,0.0,0.020137986168265343,992.6123657226562,48.36284637451172,0.03431002423167229,1016.509521484375,59.26533508300781,0.06154767796397209,1019.2703247070312,140.19529724121094,0.025651302188634872,985.617919921875,127.61585998535156,0.04117926210165024,1053.4588623046875,109.0440673828125,0.8513392210006714,1102.75341796875,110.5572509765625,0.8702199459075928,974.6318359375,477.1048583984375,0.9689818620681763,998.74365234375,482.7808532714844,0.9724562764167786,1238.0302734375,712.5059204101562,0.9766291975975037,1082.1741943359375,829.5994262695312,0.977196455001831
169,5633,975.6776733398438,97.68658447265625,0.00247977115213871,976.6542358398438,76.42790222167969,0.0033137560822069645,972.5392456054688,95.07582092285156,0.0016350930090993643,997.2864990234375,53.10118103027344,0.02506941556930542,999.8966674804688,84.75102996826172,0.005788143258541822,983.7914428710938,17.996475219726562,0.029682442545890808,1066.85791015625,5.968803405761719,0.02921379543840885,996.1532592773438,70.64826965332031,0.052583057433366776,1022.6004638671875,74.29058074951172,0.06414304673671722,998.4343872070312,164.57040405273438,0.035343002527952194,981.9398803710938,144.492919921875,0.046366047114133835,1057.6951904296875,104.08442687988281,0.8309984803199768,1118.841064453125,102.87515258789062,0.8268617391586304,926.5236206054688,466.8630065917969,0.9476568102836609,1012.2391357421875,479.78521728515625,0.9423503875732422,1166.0203857421875,756.2662353515625,0.9490541219711304,1143.750732421875,765.7291870117188,0.9441587924957275
170,5666,954.5610961914062,90.6492919921875,0.0019176952773705125,954.820556640625,70.17041015625,0.002611477393656969,950.7837524414062,91.01390075683594,0.0012565988581627607,982.5282592773438,51.95960998535156,0.019611109048128128,987.7094116210938,87.75308990478516,0.005022104829549789,985.88916015625,15.154495239257812,0.017845839262008667,1063.910888671875,7.953117370605469,0.02237161621451378,1000.273193359375,56.606048583984375,0.03180836886167526,1043.353515625,63.82191467285156,0.04998672008514404,1030.9200439453125,131.75108337402344,0.02331112138926983,1003.6082763671875,113.386962890625,0.03306015208363533,1062.6080322265625,90.91506958007812,0.8167303204536438,1123.4263916015625,91.41636657714844,0.8324395418167114,932.8402099609375,458.9374084472656,0.9637442231178284,1054.230224609375,477.1105041503906,0.9644536972045898,1125.8270263671875,788.7760620117188,0.9681379199028015,1190.76171875,815.3482055664062,0.9670454859733582
171,5700,967.7689819335938,88.25804901123047,0.003135761246085167,966.9218139648438,66.89623260498047,0.003961698152124882,959.7778930664062,84.39864349365234,0.001700986991636455,994.8155517578125,50.972808837890625,0.01739496923983097,994.717529296875,81.8624038696289,0.0043360101990401745,1009.427001953125,18.648422241210938,0.020404472947120667,1056.910888671875,19.994110107421875,0.014827578328549862,1021.9111328125,70.75611877441406,0.04848983883857727,1044.5079345703125,79.68241882324219,0.03541317209601402,1033.5909423828125,144.9272918701172,0.05141925439238548,1005.29833984375,137.07188415527344,0.037936676293611526,1068.814208984375,73.65701293945312,0.8078601360321045,1118.7318115234375,76.37301635742188,0.7761962413787842,916.34130859375,433.2999572753906,0.9737790822982788,1088.8609619140625,473.6011047363281,0.9657328724861145,1057.9530029296875,809.197509765625,0.9804826974868774,1227.0487060546875,830.1781005859375,0.9748964905738831
172,5733,958.0784912109375,91.13802337646484,0.003237105906009674,956.4376831054688,66.5167007446289,0.004155047703534365,956.7973022460938,80.90721130371094,0.0014969510957598686,987.5938720703125,49.917572021484375,0.018995050340890884,1014.6363525390625,72.6049575805664,0.0036912336945533752,1001.3729248046875,20.08154296875,0.02154604159295559,1086.536865234375,16.78692626953125,0.01333904080092907,1008.094482421875,70.68045043945312,0.05869940668344498,1077.685302734375,79.04338073730469,0.03540016710758209,1025.5169677734375,134.6854705810547,0.07303222268819809,1018.1508178710938,132.11668395996094,0.04653177782893181,1065.6207275390625,79.34747314453125,0.8230725526809692,1141.44091796875,76.46347045898438,0.7799548506736755,937.6318359375,437.2981872558594,0.9808870553970337,1110.7659912109375,458.5021667480469,0.9723134636878967,964.9971923828125,832.2741088867188,0.9851799011230469,1270.7843017578125,805.3685913085938,0.9800716638565063
173,5766,999.8771362304688,89.11326599121094,0.0033050035126507282,997.3773193359375,65.04178619384766,0.003939255606383085,994.8416748046875,75.42279052734375,0.001705468399450183,1019.5057983398438,50.39332580566406,0.014685957692563534,1035.227294921875,67.11593627929688,0.003447002964094281,1019.6012573242188,18.035064697265625,0.019215557724237442,1080.4859619140625,12.95709228515625,0.00989118218421936,1011.7822875976562,68.28822326660156,0.05873757228255272,1056.7745361328125,66.06834411621094,0.03153366222977638,1037.4468994140625,122.8875732421875,0.0785406157374382,1001.0747680664062,107.23164367675781,0.050561487674713135,1069.4287109375,75.12913513183594,0.8213467597961426,1125.6829833984375,74.42898559570312,0.7579798102378845,958.1083374023438,442.4382019042969,0.9812554717063904,1111.598388671875,455.40911865234375,0.9692572951316833,935.4315185546875,832.2559814453125,0.9851287603378296,1289.7711181640625,779.1636352539062,0.9789654612541199
174,5800,1008.626220703125,87.51876068115234,0.0035333684645593166,1008.5436401367188,64.35015106201172,0.003964726813137531,1002.5306396484375,74.48199462890625,0.0018387186573818326,1029.0185546875,51.696533203125,0.01066083088517189,1029.1204833984375,68.81085205078125,0.002857398008927703,1032.99462890625,16.540557861328125,0.013967867940664291,1056.5738525390625,9.911087036132812,0.008117610588669777,1022.4896850585938,58.118499755859375,0.056800536811351776,1032.18994140625,50.21882629394531,0.03562063351273537,1047.8804931640625,86.376708984375,0.09468431770801544,997.8233642578125,66.51887512207031,0.07005441933870316,1073.805908203125,71.05682373046875,0.8066231608390808,1104.394775390625,71.813232421875,0.7482777237892151,964.717529296875,445.12274169921875,0.9812001585960388,1100.2933349609375,457.32672119140625,0.9698041677474976,931.4066162109375,826.1559448242188,0.9853508472442627,1307.8443603515625,759.1298828125,0.9794586896896362
175,5833,973.0205078125,82.88607788085938,0.003916009794920683,975.07177734375,57.650482177734375,0.004670673981308937,969.261474609375,71.930419921875,0.0018944316543638706,1003.8820190429688,45.01007080078125,0.015033497475087643,1001.9998779296875,69.201416015625,0.003422575304284692,1012.7671508789062,6.8280029296875,0.016063062474131584,1044.9686279296875,3.047607421875,0.013609756715595722,1003.7032470703125,45.25932312011719,0.053842224180698395,1033.0653076171875,48.30638122558594,0.04788393899798393,1030.2861328125,88.66007995605469,0.08002010732889175,1001.5999145507812,66.838623046875,0.07132814079523087,1077.5450439453125,65.92112731933594,0.8170820474624634,1110.7547607421875,66.01547241210938,0.7926256060600281,969.0745239257812,448.10650634765625,0.9801859855651855,1074.2305908203125,459.10455322265625,0.9730123281478882,956.8480224609375,823.1226806640625,0.9843409657478333,1308.6307373046875,748.185302734375,0.9798552989959717
176,5866,981.6414184570312,87.21908569335938,0.004158283118158579,983.4630126953125,64.18828582763672,0.004979996010661125,979.7664794921875,77.35533142089844,0.0019478524336591363,1010.2736206054688,48.808135986328125,0.01305708009749651,1005.3013916015625,72.12190246582031,0.0027926324401050806,1019.1681518554688,8.07421875,0.01460348442196846,1034.8729248046875,0.0,0.01174623891711235,1013.3087768554688,45.37156677246094,0.06432761251926422,1026.2296142578125,50.94529724121094,0.05129502713680267,1019.1082763671875,78.34803771972656,0.1054002121090889,995.994140625,60.86576843261719,0.08675136417150497,1071.4962158203125,67.51295471191406,0.8234625458717346,1084.6090087890625,66.74606323242188,0.7894575595855713,986.0810546875,464.1292419433594,0.9809339642524719,1043.2325439453125,473.58343505859375,0.9710295796394348,1004.5325317382812,850.365478515625,0.9837608933448792,1282.535888671875,723.9154052734375,0.9779647588729858
177,5900,977.9008178710938,81.49589538574219,0.005261745769530535,979.7901000976562,62.90522003173828,0.006116101983934641,976.8345336914062,77.8619155883789,0.0023602659348398447,1011.9666137695312,46.5267333984375,0.015398850664496422,1002.0617065429688,73.45159149169922,0.003326370846480131,1027.8404541015625,0.0,0.02375764399766922,1023.6068725585938,0.0,0.01613389328122139,1003.8140869140625,35.39739990234375,0.10539081692695618,1012.9208374023438,52.43421936035156,0.06466732919216156,1007.072998046875,81.34300231933594,0.14912499487400055,982.8724975585938,80.43109130859375,0.10056561976671219,1082.7818603515625,90.038818359375,0.8786083459854126,1076.1552734375,91.21893310546875,0.8406632542610168,984.9359130859375,472.79840087890625,0.9842737913131714,1022.7322998046875,489.5920104980469,0.9734079837799072,1051.0335693359375,850.220458984375,0.9849523901939392,1247.890869140625,726.5731201171875,0.9782388210296631
178,5933,960.1455688476562,81.70889282226562,0.003244009567424655,965.1006469726562,61.83197021484375,0.004891176708042622,953.7274169921875,77.34761810302734,0.0012644821545109153,1013.594482421875,44.400146484375,0.026020890101790428,969.8632202148438,74.55072784423828,0.002266238210722804,1049.8831787109375,16.64501953125,0.027217553928494453,983.23388671875,6.6198577880859375,0.02435118332505226,1037.0650634765625,59.6810302734375,0.07797416299581528,1003.510986328125,82.10394287109375,0.07524403929710388,1021.4965209960938,135.99948120117188,0.0759645625948906,985.9743041992188,134.61341857910156,0.07129921764135361,1095.5396728515625,119.83415222167969,0.9168821573257446,1037.436767578125,114.60891723632812,0.9071497917175293,1012.0873413085938,501.76080322265625,0.9857254028320312,944.470703125,477.3837890625,0.9795076251029968,1110.2940673828125,860.2892456054688,0.984621524810791,1207.807373046875,699.8768920898438,0.9821880459785461
179,5966,948.8485107421875,82.60313415527344,0.0015164432115852833,957.6434326171875,59.4063720703125,0.0026543454732745886,943.0891723632812,80.4045639038086,0.0008424600819125772,1011.0234375,42.31645202636719,0.02415287308394909,955.7313232421875,81.72116088867188,0.002728251274675131,1042.3011474609375,15.71630859375,0.016118573024868965,970.7706298828125,8.853355407714844,0.01875114068388939,999.939208984375,40.28851318359375,0.032160963863134384,984.9638671875,54.01659393310547,0.04591412469744682,1002.8968505859375,100.75520324707031,0.021751899272203445,968.3712158203125,99.93193817138672,0.02866693027317524,1096.7838134765625,124.56706237792969,0.8436962962150574,1029.191162109375,120.67758178710938,0.8496020436286926,1025.7811279296875,503.9198913574219,0.9653714895248413,919.027099609375,466.30975341796875,0.9570561051368713,1130.821533203125,855.4559326171875,0.9623792767524719,1171.6307373046875,676.7778930664062,0.9610772728919983
180,6000,957.4837646484375,98.1419677734375,0.0013530703727155924,964.5303955078125,77.6524658203125,0.002150731161236763,951.7028198242188,94.30595397949219,0.0008172518573701382,1006.5681762695312,58.73506164550781,0.021320736035704613,962.17626953125,89.78480529785156,0.0032023400999605656,1045.737548828125,27.049530029296875,0.01818872056901455,981.79248046875,13.770698547363281,0.024208219721913338,1024.0146484375,64.25898742675781,0.034328948706388474,1024.143798828125,72.14398956298828,0.06177331879734993,1016.28955078125,139.74888610839844,0.020513517782092094,1003.3662109375,142.9075164794922,0.031825412064790726,1095.8775634765625,135.9516143798828,0.895391047000885,1025.5902099609375,127.13209533691406,0.909142792224884,1054.3228759765625,508.0827941894531,0.9768480062484741,899.266845703125,447.39697265625,0.9753938913345337,1174.2366943359375,831.35546875,0.975669801235199,1096.1240234375,710.6685791015625,0.978202760219574
181,6033,942.6341552734375,95.17046356201172,0.0014570900239050388,947.7019653320312,73.28585815429688,0.002302790293470025,941.0228271484375,89.85868835449219,0.0008572856895625591,989.3471069335938,57.41468811035156,0.019153784960508347,964.8516235351562,87.31773376464844,0.0028358798008412123,1029.4271240234375,27.871078491210938,0.014823964796960354,998.2269897460938,15.491157531738281,0.01901223696768284,1020.4175415039062,72.16506958007812,0.030136367306113243,1071.00439453125,75.33446502685547,0.05403362959623337,1043.438232421875,129.9557342529297,0.020423201844096184,1076.1988525390625,142.34112548828125,0.02941199205815792,1089.31787109375,122.09445190429688,0.8655552268028259,1030.519775390625,115.91285705566406,0.8827160000801086,1083.7119140625,488.05352783203125,0.9750632047653198,894.2996215820312,430.50579833984375,0.9734052419662476,1231.6651611328125,848.3779907226562,0.9746286273002625,1042.9727783203125,738.794677734375,0.9778987169265747
182,6066,997.840087890625,85.41483306884766,0.013074555434286594,1004.469970703125,60.14949417114258,0.01607014238834381,994.0105590820312,73.23641967773438,0.00986814871430397,1031.7044677734375,46.00316619873047,0.0326298326253891,1002.7161865234375,66.01803588867188,0.013001782819628716,1041.3636474609375,16.923316955566406,0.05363260582089424,1031.07470703125,3.3049163818359375,0.022433815523982048,1018.5267944335938,69.36154174804688,0.09336451441049576,1056.8626708984375,68.58448791503906,0.03920235484838486,1028.50244140625,133.6100616455078,0.07239334285259247,1069.9886474609375,146.66213989257812,0.03620864823460579,1101.502685546875,109.89381408691406,0.7797427773475647,1050.770751953125,97.44564056396484,0.6996639966964722,1108.548095703125,470.8715515136719,0.9417707324028015,905.102783203125,432.4711608886719,0.9096236228942871,1282.4781494140625,813.9981689453125,0.9244076013565063,990.0296630859375,770.040771484375,0.9026504755020142
183,6100,987.9284057617188,96.6862564086914,0.003896961687132716,989.5341796875,76.84357452392578,0.004915578290820122,981.167236328125,87.00970458984375,0.0021029915660619736,1020.2581787109375,63.73029327392578,0.012575281783938408,996.095947265625,80.76255798339844,0.0027357148937880993,1034.1153564453125,39.024993896484375,0.017334800213575363,1033.8914794921875,20.672470092773438,0.00996171124279499,994.8001708984375,88.513916015625,0.06589146703481674,1060.8072509765625,89.71170043945312,0.038109179586172104,966.9409790039062,123.52207946777344,0.06639722734689713,1003.2373046875,149.53298950195312,0.04040661081671715,1093.19287109375,94.15480041503906,0.8441810607910156,1046.9102783203125,83.14846801757812,0.8063350915908813,1117.7611083984375,475.4826354980469,0.9785672426223755,929.8817138671875,439.1282043457031,0.9687972664833069,1314.4476318359375,801.3173217773438,0.9822772145271301,941.7713623046875,795.834228515625,0.9791699647903442
184,6133,968.3322143554688,81.3768310546875,0.00234395288862288,972.5555419921875,60.95970153808594,0.0033414980862289667,966.7676391601562,72.1776123046875,0.001453569857403636,1003.5099487304688,51.81083679199219,0.012632095254957676,984.75830078125,70.64691925048828,0.002650613896548748,1023.435791015625,27.276031494140625,0.009277422912418842,1011.4990234375,15.061454772949219,0.011146104894578457,1002.9039916992188,71.83149719238281,0.02618495561182499,1054.4547119140625,65.2712173461914,0.040483735501766205,1026.58837890625,121.7684326171875,0.02377471514046192,1035.7576904296875,121.71583557128906,0.030028177425265312,1084.4444580078125,86.03581237792969,0.798689067363739,1035.4683837890625,89.90354919433594,0.8172388076782227,1098.9901123046875,461.6459045410156,0.9693931937217712,944.6294555664062,447.47308349609375,0.9681264758110046,1328.5343017578125,773.0328979492188,0.9742869734764099,944.94873046875,797.4561767578125,0.9761351943016052
185,6166,1011.2770385742188,67.55028533935547,0.007627509068697691,1020.287841796875,47.114341735839844,0.010177926160395145,1003.3934326171875,58.45573425292969,0.0055094072595238686,1045.336181640625,37.40043640136719,0.020655829459428787,995.96337890625,55.192909240722656,0.006316447164863348,1043.140625,13.640464782714844,0.026680514216423035,1002.2633056640625,6.426910400390625,0.010528345592319965,1030.0452880859375,61.137908935546875,0.06365511566400528,996.4744873046875,67.49446105957031,0.024736959487199783,1034.3961181640625,128.3737030029297,0.05600638687610626,993.486572265625,149.96791076660156,0.02680450864136219,1086.857666015625,104.11051940917969,0.754019558429718,1031.7689208984375,100.8303451538086,0.6675070524215698,1055.52685546875,462.9056396484375,0.9417605996131897,948.2274169921875,454.45587158203125,0.9116734266281128,1324.615478515625,744.4129028320312,0.93993079662323,986.48388671875,772.6376953125,0.9225490093231201
186,6200,982.0281982421875,95.34059143066406,0.004772476386278868,983.4051513671875,76.62114715576172,0.005643435753881931,976.4059448242188,86.98402404785156,0.0026826001703739166,1011.4613037109375,61.85462951660156,0.010430428199470043,1000.4872436523438,78.41848754882812,0.00285109831020236,1009.4237060546875,18.0274658203125,0.01001105085015297,1041.257080078125,8.963699340820312,0.010793360881507397,995.9286499023438,48.76103210449219,0.042649056762456894,1014.19189453125,72.93690490722656,0.048544224351644516,988.4042358398438,133.30178833007812,0.05563827604055405,959.147705078125,137.90977478027344,0.056205037981271744,1063.510986328125,76.25999450683594,0.8058629035949707,1061.83740234375,81.1116943359375,0.8070482611656189,1028.4949951171875,478.2781677246094,0.9739764928817749,984.0589599609375,476.6221618652344,0.9708239436149597,1328.830078125,730.5255126953125,0.9812147617340088,1015.4073486328125,818.2538452148438,0.9804337620735168
187,6233,971.9690551757812,91.80569458007812,0.00443786708638072,970.4485473632812,74.83472442626953,0.0048729293048381805,967.119384765625,86.69366455078125,0.002732187742367387,993.335693359375,60.21025085449219,0.015045857056975365,999.56982421875,79.09622955322266,0.005419687367975712,985.4586791992188,17.2320556640625,0.021022286266088486,1057.105224609375,2.993316650390625,0.02389281988143921,986.915283203125,45.5072021484375,0.05421556159853935,1015.5172119140625,67.40428161621094,0.06894224882125854,1007.4111328125,133.26699829101562,0.04602834954857826,981.3195190429688,115.06466674804688,0.05326063930988312,1059.7275390625,87.19587707519531,0.8706281185150146,1093.907958984375,91.47601318359375,0.8742648363113403,1004.8601684570312,480.3912048339844,0.9762780666351318,1000.15966796875,489.251953125,0.975472629070282,1288.822265625,707.5969848632812,0.98183274269104,1058.5821533203125,825.2722778320312,0.980865478515625
188,6266,948.3147583007812,88.57145690917969,0.0028425431810319424,946.9453735351562,72.14323425292969,0.003608288709074259,947.4100341796875,85.90374755859375,0.001935567706823349,967.945556640625,58.21893310546875,0.01788683608174324,987.2422485351562,79.81892395019531,0.0054626124911010265,968.2075805664062,25.86822509765625,0.01658138632774353,1061.1207275390625,5.245353698730469,0.02555874176323414,983.4385986328125,62.99505615234375,0.03302188590168953,1021.6393432617188,72.42761993408203,0.06788239628076553,988.5540161132812,139.7499542236328,0.023929452523589134,968.3615112304688,124.23566436767578,0.04428081959486008,1055.87548828125,114.67341613769531,0.8444910049438477,1110.0933837890625,113.63992309570312,0.8719567656517029,966.7925415039062,477.18450927734375,0.967958390712738,995.107421875,478.3671569824219,0.9731001853942871,1232.296875,700.7003784179688,0.9769416451454163,1083.8675537109375,814.7960815429688,0.9783370494842529
189,6300,940.36962890625,89.51742553710938,0.0024107354693114758,939.437255859375,71.28144836425781,0.0028420202434062958,939.022705078125,89.07179260253906,0.001391516299918294,966.32958984375,51.063629150390625,0.021640384569764137,983.4483032226562,80.01432037353516,0.0056496793404221535,966.8248901367188,17.50543212890625,0.027765870094299316,1068.3211669921875,0.0,0.04116905480623245,981.4168090820312,55.435386657714844,0.0573590062558651,1037.4290771484375,62.55352020263672,0.10471025109291077,984.1591796875,129.64697265625,0.04176702722907066,987.7416381835938,108.9634780883789,0.06979653984308243,1059.5128173828125,107.4810791015625,0.8402431607246399,1128.90869140625,104.26876831054688,0.8633765578269958,938.1610717773438,467.36566162109375,0.9521321654319763,1016.4999389648438,474.5982971191406,0.9545697569847107,1168.182861328125,743.1646728515625,0.9473831653594971,1140.114990234375,757.6475830078125,0.9477827548980713
190,6333,934.6104125976562,87.31842041015625,0.001672934740781784,934.2032470703125,69.4185562133789,0.0023716536816209555,933.8416137695312,89.52694702148438,0.0009765173308551311,966.9717407226562,52.185333251953125,0.02355310134589672,986.449951171875,84.75471496582031,0.004783491604030132,969.1194458007812,12.327415466308594,0.025935687124729156,1070.825927734375,1.7389755249023438,0.0253019779920578,963.2232666015625,33.399078369140625,0.04622558876872063,1042.556884765625,49.498443603515625,0.05237006023526192,1000.5315551757812,92.72222900390625,0.02797728218138218,1002.0623168945312,90.6415786743164,0.03091026283800602,1060.3465576171875,103.07327270507812,0.8680238723754883,1134.63720703125,101.91188049316406,0.8677651882171631,919.5164794921875,464.2343444824219,0.9709436893463135,1048.85302734375,480.59271240234375,0.9690126776695251,1134.904296875,766.6695556640625,0.9732403755187988,1186.044189453125,811.5355224609375,0.9707715511322021
191,6366,937.8710327148438,80.51245880126953,0.0016871833940967917,937.0103759765625,62.16581726074219,0.0024158691521734,939.4340209960938,81.16323852539062,0.0009913480607792735,968.7003173828125,46.020172119140625,0.020942118018865585,995.9447021484375,76.75927734375,0.004313846118748188,980.2171020507812,9.052093505859375,0.018904924392700195,1075.8785400390625,3.5625228881835938,0.019233403727412224,981.1283569335938,48.43318176269531,0.03414567932486534,1065.838623046875,59.883636474609375,0.042322997003793716,1008.0961303710938,131.47544860839844,0.025339294224977493,1017.5852661132812,123.2508773803711,0.030227869749069214,1058.4310302734375,98.12626647949219,0.8543417453765869,1136.0386962890625,98.12425231933594,0.8562867641448975,909.6474609375,445.4921569824219,0.9768856763839722,1083.5277099609375,477.0032958984375,0.9759042859077454,1062.83935546875,787.9453125,0.9824586510658264,1224.1885986328125,826.0327758789062,0.9805124998092651
192,6400,1000.446044921875,86.31924438476562,0.00765258027240634,1003.3414306640625,55.77983093261719,0.00939408503472805,1002.20654296875,73.81494140625,0.00518850889056921,1022.5534057617188,38.73516082763672,0.03818145766854286,1041.9298095703125,67.84616088867188,0.010760283097624779,1015.8221435546875,0.0,0.04552115127444267,1094.48974609375,4.4684600830078125,0.02719241939485073,1010.3316650390625,58.88921356201172,0.06800182163715363,1057.0855712890625,66.49555206298828,0.0474839061498642,1030.6466064453125,151.011474609375,0.06377971917390823,1019.5401000976562,150.25650024414062,0.0550251267850399,1075.5792236328125,95.76535034179688,0.7915087342262268,1147.4610595703125,103.2183837890625,0.7424880862236023,918.8687133789062,435.5028381347656,0.9544540643692017,1103.1478271484375,457.06964111328125,0.9370112419128418,985.0888061523438,802.41650390625,0.9439702033996582,1271.143310546875,791.7639770507812,0.9302815198898315
193,6433,994.8116455078125,92.74678802490234,0.0031049130484461784,991.0740966796875,70.1978759765625,0.0034168369602411985,992.2597045898438,79.7951431274414,0.0015776888467371464,1006.7098999023438,51.956268310546875,0.013676760718226433,1035.3642578125,66.43535614013672,0.003465681802481413,1004.2036743164062,15.381500244140625,0.020593997091054916,1085.4036865234375,7.5319061279296875,0.011594120413064957,1004.45947265625,65.76393127441406,0.06861157715320587,1065.1483154296875,58.80097961425781,0.04091400280594826,1032.035888671875,119.505615234375,0.09222579002380371,1009.7886352539062,101.00958251953125,0.0644969642162323,1061.4678955078125,87.41349792480469,0.8491038680076599,1133.1939697265625,85.26603698730469,0.799810528755188,954.5765991210938,452.1968078613281,0.9833223819732666,1123.882080078125,459.77215576171875,0.9736367464065552,927.84912109375,828.1719360351562,0.9857426881790161,1296.195068359375,770.60546875,0.9806329607963562
194,6466,1007.00390625,91.48908233642578,0.004303674679249525,1005.701904296875,70.385009765625,0.0042502437718212605,1002.8408203125,79.26589965820312,0.0019666296429932117,1023.223388671875,55.777496337890625,0.008783724159002304,1032.24853515625,69.81658172607422,0.0023533739149570465,1024.2578125,15.268753051757812,0.013851983472704887,1060.327880859375,7.378692626953125,0.008614207617938519,1008.2850952148438,53.39739990234375,0.0833122730255127,1023.1732788085938,45.75270080566406,0.05383773893117905,1016.2315063476562,78.98638916015625,0.17392894625663757,983.411865234375,64.365234375,0.1348842978477478,1071.5115966796875,76.78546142578125,0.8394061326980591,1111.6612548828125,76.953369140625,0.7896932363510132,966.7507934570312,444.1337585449219,0.9854817390441895,1117.171630859375,456.5493469238281,0.9765139222145081,924.9992065429688,825.2113647460938,0.987667441368103,1315.4400634765625,754.2918090820312,0.9828208684921265
195,6500,1005.18896484375,78.05191040039062,0.008007806725800037,1012.0625610351562,49.698486328125,0.008292731828987598,1000.5390014648438,65.48819732666016,0.004448586143553257,1035.4500732421875,41.31111145019531,0.01835579052567482,1018.8809204101562,67.50336456298828,0.0053917658515274525,1035.3958740234375,0.0,0.027371522039175034,1042.916015625,0.0,0.016739631071686745,1009.164794921875,43.41551971435547,0.09566491097211838,988.843505859375,38.9212646484375,0.0693708211183548,1008.8358764648438,88.15583038330078,0.16055402159690857,970.6539916992188,74.76136779785156,0.15470124781131744,1080.375,87.62040710449219,0.8169935345649719,1103.758544921875,96.52906036376953,0.7679046392440796,946.578369140625,437.1660461425781,0.96947181224823,1091.9754638671875,454.84552001953125,0.9537214040756226,937.5321044921875,796.4616088867188,0.9588921666145325,1324.08984375,737.75341796875,0.9458662867546082
196,6533,978.8796997070312,87.30828094482422,0.005984554532915354,980.8110961914062,63.91703796386719,0.006117391865700483,977.086669921875,77.04286193847656,0.0026044545229524374,1005.9646606445312,47.3441162109375,0.011818687431514263,1006.7971801757812,69.28372192382812,0.0029746380168944597,1009.97314453125,2.8461456298828125,0.015461977571249008,1043.52099609375,0.0,0.013994642533361912,1003.062744140625,37.894134521484375,0.085260309278965,1016.5661010742188,40.71295166015625,0.07558425515890121,1011.2338256835938,71.62527465820312,0.17564575374126434,987.8003540039062,62.49229431152344,0.15623411536216736,1066.4671630859375,75.98043823242188,0.819982647895813,1099.137451171875,73.93643188476562,0.7949272990226746,972.5511474609375,460.51190185546875,0.980140745639801,1072.2996826171875,463.2298278808594,0.9715957641601562,981.048583984375,837.9979858398438,0.9815118908882141,1313.5093994140625,722.1597900390625,0.9762361645698547
197,6566,966.429443359375,87.42805480957031,0.00575778353959322,967.3513793945312,68.00305938720703,0.006304621696472168,966.5294189453125,82.08817291259766,0.0022309101186692715,1000.1810302734375,48.326385498046875,0.014106607995927334,999.9545288085938,73.22005462646484,0.002556543331593275,1014.8717651367188,1.4777984619140625,0.02185157686471939,1030.99267578125,0.0,0.01705373264849186,1002.0699462890625,36.19248962402344,0.12301753461360931,1011.7749633789062,41.41667175292969,0.09112133830785751,993.9578247070312,84.23497009277344,0.21251030266284943,976.8230590820312,74.39021301269531,0.16966524720191956,1068.7021484375,97.64730834960938,0.8840082287788391,1081.2908935546875,96.82695007324219,0.8560013771057129,978.7279052734375,466.5870666503906,0.9852502942085266,1038.951904296875,480.877197265625,0.9766870737075806,1025.4873046875,844.2958374023438,0.9854891896247864,1281.171630859375,716.3421630859375,0.9799806475639343
198,6600,957.4473266601562,80.75374603271484,0.00521814776584506,959.0516967773438,65.13661193847656,0.006039430852979422,956.0035400390625,77.7835922241211,0.00215711398050189,991.8684692382812,46.916839599609375,0.021010752767324448,982.0866088867188,69.42842102050781,0.0035498563665896654,1014.5679931640625,9.285369873046875,0.034861501306295395,1004.6386108398438,0.0,0.02914053574204445,1002.0143432617188,45.47209167480469,0.12353983521461487,1001.5982666015625,47.8546142578125,0.10214008390903473,995.1095581054688,91.69793701171875,0.14566053450107574,974.0004272460938,75.4112548828125,0.12304766476154327,1071.335693359375,120.40681457519531,0.9207283854484558,1062.1494140625,117.65817260742188,0.9063966870307922,986.2233276367188,485.3682861328125,0.9869439601898193,1022.2271728515625,486.74615478515625,0.9805315136909485,1076.085205078125,842.2841186523438,0.9855442643165588,1238.933837890625,710.3524169921875,0.9819891452789307
199,6633,932.7431640625,62.88587951660156,0.0022059848997741938,942.1282348632812,43.968727111816406,0.0035493015311658382,928.2691650390625,61.72650146484375,0.0010768448701128364,992.5547485351562,30.779708862304688,0.02064576745033264,939.3587036132812,63.2039794921875,0.0022090161219239235,1024.013916015625,4.14825439453125,0.015256598591804504,953.37255859375,0.0,0.017172016203403473,994.6177978515625,29.746673583984375,0.04349561408162117,958.5505981445312,33.92884826660156,0.05794696882367134,972.4733276367188,54.69932556152344,0.039168260991573334,940.5035400390625,48.181640625,0.04994022846221924,1081.1634521484375,120.28184509277344,0.8819702863693237,1018.8766479492188,115.86479187011719,0.8838330507278442,1010.545166015625,505.928466796875,0.9793217778205872,942.32763671875,470.43255615234375,0.9738681316375732,1128.762939453125,847.34912109375,0.9782217741012573,1208.7421875,676.3187255859375,0.9771692156791687
200,6666,943.772705078125,79.66561889648438,0.002598849358037114,951.8507690429688,59.038055419921875,0.003758851205930114,932.0870971679688,73.91482543945312,0.0010373543482273817,1005.4031982421875,40.821624755859375,0.02108486369252205,936.6244506835938,70.04967498779297,0.0019530821591615677,1050.251953125,13.25390625,0.023064622655510902,945.301025390625,0.479644775390625,0.024927383288741112,1026.1451416015625,52.336944580078125,0.07325522601604462,966.509033203125,55.165557861328125,0.09145667403936386,995.015625,122.39730834960938,0.07113168388605118,947.4988403320312,103.74591064453125,0.083623506128788,1096.667724609375,118.63764953613281,0.8916040062904358,1007.4966430664062,112.61984252929688,0.8914195895195007,1033.927734375,502.6392517089844,0.9747337102890015,911.9513549804688,467.9008483886719,0.9674652814865112,1148.0020751953125,838.9794311523438,0.9691283106803894,1173.087890625,681.4468994140625,0.9677271246910095
201,6700,938.9031372070312,102.11853790283203,0.002349449787288904,944.0636596679688,79.8003158569336,0.003609706647694111,931.3964233398438,94.69807434082031,0.0010334167163819075,990.989013671875,60.610313415527344,0.024739498272538185,949.3273315429688,88.2235336303711,0.0024464500602334738,1030.41064453125,29.42376708984375,0.0265016108751297,973.6129760742188,17.219741821289062,0.024287132546305656,1007.8065185546875,70.17073059082031,0.06594657152891159,1012.1760864257812,77.40847778320312,0.06915941834449768,995.90185546875,134.24862670898438,0.04997239634394646,988.944091796875,140.0653839111328,0.047981567680835724,1088.9716796875,122.44766235351562,0.9045250415802002,1021.51416015625,113.30314636230469,0.9019179344177246,1064.66748046875,502.3948059082031,0.9808893799781799,902.8881225585938,437.7488098144531,0.9755605459213257,1204.9661865234375,838.3939819335938,0.9784682393074036,1098.0634765625,717.741943359375,0.9792670011520386
202,6733,943.2850952148438,95.63495635986328,0.0025430854875594378,947.1599731445312,73.3399887084961,0.0037390009965747595,938.0072631835938,86.29096984863281,0.0011545461602509022,989.4461059570312,56.52740478515625,0.02263469062745571,960.5628662109375,79.65543365478516,0.0026032880414277315,1024.5257568359375,25.490066528320312,0.025072939693927765,985.8898315429688,15.914199829101562,0.022386962547898293,1001.4124145507812,63.942901611328125,0.06299974024295807,1027.0577392578125,72.56373596191406,0.06427424401044846,1006.3590087890625,129.95571899414062,0.047896355390548706,1012.1240844726562,138.54771423339844,0.04317411407828331,1087.689697265625,116.57656860351562,0.8820706009864807,1024.130126953125,109.42922973632812,0.8795461654663086,1091.996826171875,491.0968322753906,0.9759072661399841,897.0110473632812,424.7145080566406,0.9700822830200195,1254.3460693359375,826.9530029296875,0.9731190204620361,1029.448486328125,744.2470703125,0.9750869870185852
203,6766,997.7119140625,78.18915557861328,0.011647113598883152,1005.2586059570312,56.36805725097656,0.0135172288864851,993.1943359375,68.72801971435547,0.008337627165019512,1032.578125,43.28929138183594,0.02857762761414051,996.6511840820312,62.274330139160156,0.011204228736460209,1040.082275390625,12.132888793945312,0.05466732382774353,1011.279052734375,0.0,0.023788584396243095,1012.6446533203125,62.52660369873047,0.10846543312072754,1011.4003295898438,58.866371154785156,0.04741724207997322,1020.8262329101562,125.82332611083984,0.08513051271438599,1013.3323974609375,134.6663055419922,0.04452642798423767,1096.8995361328125,114.83944702148438,0.8222726583480835,1036.5047607421875,105.13721466064453,0.7554194331169128,1113.3885498046875,464.93389892578125,0.9511088728904724,915.3637084960938,435.90985107421875,0.9249375462532043,1288.5797119140625,792.7564697265625,0.9340310096740723,967.78125,767.1033935546875,0.9155682921409607
204,6800,989.5379028320312,89.8916015625,0.004446342121809721,992.0501098632812,70.88328552246094,0.0051291524432599545,981.81396484375,80.2825698852539,0.0025501444470137358,1020.800048828125,56.3961181640625,0.010883733630180359,989.6796264648438,72.07491302490234,0.0029779518954455853,1030.634765625,32.19282531738281,0.015443513169884682,1014.9010620117188,14.70172119140625,0.010811780579388142,988.751953125,84.29644775390625,0.05919327586889267,1023.443115234375,82.06201171875,0.044191766530275345,980.277099609375,119.73316955566406,0.06402838230133057,979.1455688476562,133.95565795898438,0.04808748885989189,1085.7686767578125,90.75773620605469,0.8334923386573792,1031.5272216796875,82.57255554199219,0.8075013160705566,1116.77880859375,468.79632568359375,0.9765681624412537,933.9702758789062,440.7091369628906,0.9687325954437256,1322.398681640625,780.3565063476562,0.9810190796852112,930.9629516601562,791.57666015625,0.9787018299102783
205,6833,1007.1793823242188,68.35902404785156,0.012668343260884285,1014.9470825195312,46.082313537597656,0.014536991715431213,999.6221923828125,58.25530242919922,0.00913473591208458,1038.5091552734375,36.977989196777344,0.023566024377942085,993.9746704101562,56.35523986816406,0.009592240676283836,1035.1666259765625,16.51856231689453,0.03993135690689087,1003.7202758789062,7.585487365722656,0.016310324892401695,1002.8801879882812,67.7720947265625,0.09199047088623047,988.9905395507812,65.18598175048828,0.035665787756443024,1001.9471435546875,125.83541107177734,0.08517196774482727,987.822021484375,146.3302001953125,0.040153078734874725,1088.1478271484375,102.53185272216797,0.7857311964035034,1032.1435546875,97.03850555419922,0.7052426338195801,1086.906005859375,452.9314270019531,0.9487730264663696,938.739990234375,439.82427978515625,0.9213472604751587,1319.4495849609375,755.4160766601562,0.9401616454124451,947.7083740234375,777.5994873046875,0.9221943616867065
206,6866,1005.7120971679688,68.78787994384766,0.010025395080447197,1017.9570922851562,46.44493103027344,0.013163008727133274,995.6746215820312,57.74986267089844,0.0073188901878893375,1048.5780029296875,37.16404724121094,0.021139029413461685,984.04931640625,54.88069152832031,0.007105367258191109,1049.613037109375,18.567169189453125,0.028136173263192177,978.4905395507812,12.118309020996094,0.010230536572635174,1031.858154296875,67.6205062866211,0.06754576414823532,966.6450805664062,73.12353515625,0.02385023422539234,1024.4263916015625,141.52194213867188,0.06526650488376617,963.9078979492188,168.80723571777344,0.02956503815948963,1082.3929443359375,109.73865509033203,0.7431010007858276,1011.8500366210938,108.24593353271484,0.6459354758262634,1039.455078125,459.6427001953125,0.9393096566200256,942.8750610351562,459.580078125,0.9064421057701111,1313.658935546875,731.66455078125,0.9414618015289307,996.9763793945312,779.778076171875,0.9218394160270691
207,6900,962.8174438476562,92.50973510742188,0.004211340565234423,963.2642211914062,74.43630981445312,0.004904604982584715,957.50830078125,84.55082702636719,0.0024094192776829004,989.4669799804688,60.743202209472656,0.011569158174097538,982.866455078125,76.51583862304688,0.0031832156237214804,986.381103515625,18.869842529296875,0.012297079898416996,1026.1497802734375,5.73284912109375,0.013944094069302082,986.524169921875,48.56181335449219,0.04422621428966522,1004.0764770507812,64.74810791015625,0.05729430541396141,1001.72265625,126.06033325195312,0.050533782690763474,967.8013916015625,110.28218078613281,0.05791231617331505,1050.4073486328125,72.21070861816406,0.8342527151107788,1057.1396484375,76.93212890625,0.8389336466789246,1019.4876708984375,475.2040100097656,0.9755887985229492,983.1527709960938,478.0643310546875,0.9740866422653198,1304.915283203125,730.7457275390625,0.981726884841919,1024.4630126953125,824.7379760742188,0.9813265204429626
208,6933,956.5472412109375,83.3353271484375,0.0022988435812294483,955.2020874023438,67.05290222167969,0.0031272899359464645,956.0827026367188,81.37733459472656,0.001506239641457796,976.8860473632812,51.50422668457031,0.016537543386220932,991.3841552734375,75.61164093017578,0.0040650516748428345,971.3164672851562,14.681053161621094,0.014574275352060795,1047.0389404296875,0.0,0.018988648429512978,968.6968383789062,50.16954803466797,0.03240791708230972,1012.6375732421875,58.497161865234375,0.05507393553853035,997.0362548828125,143.30636596679688,0.02317717671394348,974.0676879882812,122.18659973144531,0.0360603965818882,1048.302734375,108.0260009765625,0.8540578484535217,1084.4964599609375,111.90243530273438,0.869602382183075,990.5374145507812,476.15234375,0.9713737368583679,988.574951171875,483.7408447265625,0.973506510257721,1249.4378662109375,716.9225463867188,0.979031503200531,1062.601806640625,823.505126953125,0.9792000651359558
209,6966,949.0819702148438,97.46063232421875,0.0023532642517238855,948.59130859375,81.0326156616211,0.0029833775479346514,947.5775756835938,95.6180648803711,0.0016406148206442595,971.4797973632812,62.00486755371094,0.019173288717865944,989.4990234375,84.57156372070312,0.0057942853309214115,962.4384155273438,22.721054077148438,0.018083719536662102,1071.0736083984375,3.3773345947265625,0.030357373878359795,979.11767578125,56.77320098876953,0.03111661784350872,1019.9077758789062,71.24578857421875,0.07274878770112991,983.1376342773438,151.61285400390625,0.019588101655244827,971.2573852539062,137.40414428710938,0.04071451351046562,1044.8529052734375,116.29371643066406,0.8739804625511169,1117.12109375,114.67327880859375,0.9007185697555542,947.7105102539062,476.67242431640625,0.9733204245567322,1008.3365478515625,482.9630126953125,0.9789292216300964,1207.3798828125,701.6338500976562,0.9810796976089478,1084.5208740234375,825.1235961914062,0.9827759265899658
210,7000,947.38623046875,87.71967315673828,0.00247909314930439,945.0857543945312,69.89277648925781,0.003050577361136675,941.0070190429688,87.16248321533203,0.001363848801702261,976.5537109375,50.28497314453125,0.021955737844109535,984.7692260742188,78.7892074584961,0.00524595333263278,975.0318603515625,13.2476806640625,0.032630614936351776,1057.8831787109375,0.1550445556640625,0.031204134225845337,978.37646484375,53.980682373046875,0.06313125789165497,1021.390380859375,68.83108520507812,0.06515631824731827,983.4164428710938,155.0463409423828,0.0429474376142025,979.6162719726562,144.2500762939453,0.04374372959136963,1050.5755615234375,88.57717895507812,0.8508227467536926,1113.192626953125,88.65989685058594,0.8447005748748779,915.573486328125,452.6015625,0.9605658650398254,1024.8671875,482.7748718261719,0.9557432532310486,1158.7122802734375,724.1080932617188,0.9650126695632935,1137.255126953125,787.0574340820312,0.959904134273529
211,7033,940.66259765625,73.19924926757812,0.0031243704725056887,936.8001708984375,54.62654113769531,0.003644566750153899,937.415771484375,73.5538330078125,0.0016113549936562777,968.1779174804688,38.77757263183594,0.020029330626130104,992.0374145507812,70.53263854980469,0.0050700330175459385,973.1448364257812,7.0988616943359375,0.03032124973833561,1069.527099609375,0.023345947265625,0.02705303020775318,967.03076171875,42.76872253417969,0.06884089857339859,1037.1649169921875,53.71966552734375,0.06478694081306458,982.0643920898438,100.83787536621094,0.05949528142809868,980.4467163085938,85.25587463378906,0.0560276173055172,1048.427978515625,93.98931884765625,0.863049328327179,1123.173828125,93.92298889160156,0.8519637584686279,900.9794311523438,445.6718444824219,0.9746572375297546,1048.41064453125,481.00543212890625,0.9700044393539429,1100.255126953125,774.3286743164062,0.9792187809944153,1188.70751953125,813.0166625976562,0.9750472903251648
212,7066,977.8890991210938,89.56256103515625,0.0031227709259837866,975.2188720703125,69.5859146118164,0.0039271204732358456,973.0955200195312,89.09676361083984,0.002078589517623186,988.957763671875,51.883758544921875,0.015816112980246544,999.3607788085938,88.59249114990234,0.005090226884931326,986.2286376953125,15.006568908691406,0.014515470713376999,1063.7808837890625,15.923927307128906,0.015466724522411823,992.0194702148438,54.72248840332031,0.03463129326701164,1034.419921875,64.5608139038086,0.04155983030796051,1012.7882080078125,132.31027221679688,0.037419628351926804,979.6732177734375,117.21400451660156,0.04326983913779259,1047.8843994140625,88.21453857421875,0.809188187122345,1117.3973388671875,91.10142517089844,0.8065588474273682,895.0718994140625,436.71234130859375,0.974358856678009,1075.646240234375,467.11444091796875,0.9717825651168823,1033.921875,790.282470703125,0.9818456172943115,1225.8914794921875,813.369873046875,0.9789159893989563
213,7100,961.8832397460938,87.32130432128906,0.002233098726719618,962.3886108398438,64.6116943359375,0.0027615302242338657,961.6389770507812,82.758544921875,0.00120677356608212,988.2954711914062,46.49530792236328,0.010673083364963531,1001.9866943359375,77.96102142333984,0.0025421581231057644,996.0460205078125,3.3778839111328125,0.009112409316003323,1065.9407958984375,0.0,0.009841283783316612,1000.6732177734375,47.87535095214844,0.03607604652643204,1040.7286376953125,46.97227478027344,0.0462493896484375,1017.9036254882812,117.96002197265625,0.057671889662742615,987.15234375,95.4568862915039,0.06972502171993256,1055.3642578125,75.6031494140625,0.7831945419311523,1120.8892822265625,74.91311645507812,0.7815127968788147,919.7694091796875,437.5835266113281,0.9757028222084045,1086.6875,454.9241638183594,0.9721455574035645,945.2318115234375,820.9376220703125,0.9807501435279846,1265.887939453125,788.2293701171875,0.9775407910346985
214,7133,1034.28955078125,74.02761840820312,0.0066747176460921764,1035.6060791015625,48.11814880371094,0.005778701044619083,1027.2913818359375,59.124916076660156,0.004053144250065088,1030.5765380859375,35.305755615234375,0.012916726991534233,1026.1688232421875,56.48890686035156,0.008138380944728851,1028.25048828125,0.0,0.01846374198794365,1048.677978515625,4.8415374755859375,0.02255970984697342,1022.6880493164062,58.41416931152344,0.06129065528512001,1026.52197265625,62.565032958984375,0.06698054075241089,1018.3724365234375,130.48870849609375,0.11329621821641922,983.1773681640625,114.02833557128906,0.10710527002811432,1060.6314697265625,73.93309020996094,0.752790093421936,1097.0916748046875,73.51602172851562,0.7501571178436279,923.628173828125,439.6064147949219,0.965057373046875,1087.47802734375,448.94635009765625,0.9591783285140991,903.0271606445312,816.8988647460938,0.9622417688369751,1282.281494140625,771.3648071289062,0.9554407000541687
215,7166,979.1409301757812,78.03435516357422,0.0030684098601341248,981.7710571289062,54.30793762207031,0.00339805381372571,976.2037963867188,69.7437973022461,0.0014526634477078915,1006.0584106445312,41.55244445800781,0.006874792277812958,999.8135375976562,69.94210052490234,0.0016477038152515888,1015.7100219726562,2.9767684936523438,0.005920987576246262,1040.26806640625,0.0,0.006784007418900728,1003.0155639648438,41.180145263671875,0.04386625066399574,1011.0568237304688,43.253631591796875,0.058138392865657806,1007.1985473632812,88.05132293701172,0.11687978357076645,970.405029296875,80.20193481445312,0.14751091599464417,1063.2652587890625,68.00129699707031,0.7423477172851562,1093.9952392578125,68.56260681152344,0.7366878390312195,946.5023803710938,443.7578430175781,0.974484920501709,1068.987548828125,454.4831848144531,0.9688177108764648,913.10107421875,825.3621826171875,0.9788305163383484,1305.5826416015625,751.0317993164062,0.9740115404129028
216,7200,1005.8071899414062,77.76553344726562,0.004213642794638872,1005.16650390625,54.419151306152344,0.004400139674544334,1001.5338134765625,71.80535888671875,0.0024888168554753065,1014.318603515625,43.387664794921875,0.008371779695153236,1012.5054931640625,77.94671630859375,0.003229225752875209,1005.5542602539062,8.550407409667969,0.007865382358431816,1045.9736328125,2.2419204711914062,0.010594358667731285,989.758544921875,39.6474609375,0.041118308901786804,1014.2157592773438,45.48218536376953,0.0630786269903183,1010.1527709960938,79.94142150878906,0.0886639952659607,971.2177734375,76.50361633300781,0.1290774643421173,1058.2681884765625,72.81600952148438,0.7589256167411804,1091.9283447265625,75.78895568847656,0.760403573513031,953.8971557617188,445.2951354980469,0.9741800427436829,1042.37890625,460.7880554199219,0.9685969948768616,952.3765869140625,829.5606079101562,0.9798744320869446,1299.87451171875,728.2362670898438,0.9747231602668762
217,7233,967.7423095703125,91.27397918701172,0.005914726760238409,967.2140502929688,70.80601501464844,0.006392935290932655,965.7896118164062,85.59732055664062,0.002136373659595847,996.7169189453125,51.93562316894531,0.010173694230616093,993.9042358398438,78.9173355102539,0.0016836036229506135,1009.0133666992188,3.4010467529296875,0.013771412894129753,1020.8927001953125,0.0,0.011101954616606236,990.992431640625,28.514602661132812,0.11578328162431717,993.6024169921875,38.43443298339844,0.09018512815237045,983.693115234375,82.20355224609375,0.26690900325775146,964.7428588867188,79.02374267578125,0.22873952984809875,1067.6905517578125,78.61546325683594,0.8439537286758423,1074.92919921875,79.14262390136719,0.8085283637046814,971.2177734375,460.2216796875,0.9825405478477478,1021.0093383789062,476.20330810546875,0.9722512364387512,1002.955078125,841.3604736328125,0.9836344718933105,1264.1748046875,714.60791015625,0.9769706726074219
218,7266,965.8863525390625,82.82439422607422,0.007557769771665335,966.7747192382812,66.17591857910156,0.007676451466977596,964.2030639648438,81.21958923339844,0.0024019377306103706,1003.0621948242188,45.577972412109375,0.012339824810624123,991.7757568359375,73.10481262207031,0.0018556452123448253,1019.9150390625,0.0,0.026957156136631966,1014.8917846679688,0.0,0.016825450584292412,992.9677734375,26.694992065429688,0.22599662840366364,990.7058715820312,39.546478271484375,0.12979784607887268,980.7229614257812,82.33323669433594,0.41836491227149963,965.9319458007812,83.08419799804688,0.2923506796360016,1067.995849609375,107.18568420410156,0.9231844544410706,1059.9039306640625,106.40199279785156,0.8915243148803711,974.3646850585938,477.9710998535156,0.9898449182510376,1010.8123779296875,488.8373107910156,0.981480062007904,1050.73486328125,846.7937622070312,0.9881836771965027,1223.4010009765625,713.0160522460938,0.9827110171318054
219,7300,941.675048828125,79.9398193359375,0.0037711954209953547,946.9345703125,61.90747833251953,0.004675247706472874,934.2550048828125,76.40803527832031,0.0013719634152948856,994.6436157226562,42.535675048828125,0.01702747866511345,947.3328247070312,70.41073608398438,0.0018457904225215316,1033.55615234375,9.847366333007812,0.023541875183582306,960.8984985351562,0.0,0.02583562582731247,1019.5250244140625,54.860137939453125,0.10597509890794754,971.5774536132812,62.41259765625,0.12942571938037872,976.0574340820312,132.50289916992188,0.1410171240568161,949.23486328125,123.48426818847656,0.1656491905450821,1080.2169189453125,121.04328918457031,0.9259095191955566,1018.7920532226562,115.45372009277344,0.9237582683563232,994.523681640625,496.3772277832031,0.9868371486663818,935.778076171875,475.5449523925781,0.9825398921966553,1105.7347412109375,846.8870239257812,0.9849666357040405,1191.3494873046875,694.9488525390625,0.9834144711494446
220,7333,923.5166015625,55.904296875,0.004820832516998053,932.9725952148438,34.22987365722656,0.0070595527067780495,914.5658569335938,51.03277587890625,0.0016265707090497017,996.4823608398438,23.360137939453125,0.030557461082935333,927.9175415039062,55.152099609375,0.0021588634699583054,1046.361083984375,5.15972900390625,0.034681059420108795,943.87890625,0.0,0.02968727983534336,1012.9390869140625,33.926788330078125,0.10828280448913574,957.9215698242188,39.06358337402344,0.09971778839826584,974.8877563476562,62.09788513183594,0.11385029554367065,937.2474975585938,45.861236572265625,0.10474653542041779,1093.654052734375,114.51809692382812,0.8846026062965393,1005.6754760742188,109.0499267578125,0.8707433342933655,1013.1486206054688,499.0338439941406,0.971904993057251,893.706298828125,472.9889221191406,0.9591968655586243,1126.611572265625,846.813720703125,0.9625917673110962,1157.112060546875,686.8638305664062,0.9569125175476074
221,7366,936.5235595703125,101.7421875,0.0022839773446321487,943.8118286132812,79.52661895751953,0.0034644831903278828,927.0685424804688,94.82764434814453,0.0009833027143031359,993.0888061523438,60.656455993652344,0.022148575633764267,937.5965576171875,89.06231689453125,0.0021944206673651934,1033.0947265625,30.268569946289062,0.02610437572002411,960.943359375,15.046005249023438,0.02224530652165413,1016.3216552734375,70.19746398925781,0.0756586566567421,997.2866821289062,70.06095886230469,0.07202501595020294,994.220947265625,128.0299072265625,0.06242326274514198,966.48193359375,117.02128601074219,0.055473748594522476,1089.6666259765625,118.12797546386719,0.9004077315330505,1012.9092407226562,106.39791870117188,0.8935968279838562,1044.5625,507.3556823730469,0.9790430068969727,877.7493896484375,436.87823486328125,0.9716058969497681,1178.145263671875,837.30029296875,0.9749758243560791,1087.291259765625,698.721923828125,0.9748603701591492
222,7400,941.3796997070312,97.18659210205078,0.002451372565701604,945.944091796875,75.24394226074219,0.003757399506866932,936.0549926757812,88.08524322509766,0.001079543144442141,988.848876953125,58.74073791503906,0.023967601358890533,958.0090942382812,81.61022186279297,0.002415311988443136,1024.62744140625,33.34703063964844,0.02618236280977726,985.7803955078125,18.79833984375,0.021618114784359932,1007.7094116210938,74.70350646972656,0.06664392352104187,1023.4583740234375,80.06130981445312,0.062329310923814774,997.1038208007812,135.34043884277344,0.05091414600610733,989.6049194335938,144.027099609375,0.043328218162059784,1079.091064453125,119.74758911132812,0.8947651982307434,1017.1349487304688,107.95660400390625,0.8886002898216248,1074.93505859375,501.6401672363281,0.9797240495681763,882.9642944335938,426.4881591796875,0.9738010764122009,1218.482177734375,841.3998413085938,0.9773539900779724,1021.40771484375,744.6278686523438,0.9784653782844543
223,7433,987.5404052734375,81.92040252685547,0.008362802676856518,992.78466796875,59.59716796875,0.009531831368803978,980.4417114257812,71.48222351074219,0.005352826323360205,1020.0448608398438,42.23789978027344,0.021823164075613022,984.3867797851562,60.949676513671875,0.007170045282691717,1032.02197265625,12.13348388671875,0.04121270403265953,1012.2183837890625,0.0,0.017797410488128662,998.4983520507812,77.20983123779297,0.09761971235275269,1017.0262451171875,72.53377532958984,0.04246632382273674,987.0956420898438,135.13723754882812,0.0784224346280098,983.3944702148438,151.55751037597656,0.041008006781339645,1087.34033203125,124.34953308105469,0.8138923645019531,1030.267578125,108.11274719238281,0.7462942004203796,1097.219970703125,474.0021057128906,0.9563419818878174,895.692626953125,432.84613037109375,0.9319442510604858,1272.3016357421875,805.605712890625,0.9517579674720764,960.7230834960938,760.5560302734375,0.938585638999939
224,7466,987.4765014648438,91.22220611572266,0.004512025974690914,989.37744140625,72.75636291503906,0.005363331642001867,979.6929931640625,81.96192169189453,0.002562552224844694,1016.9278564453125,59.0526123046875,0.011422554031014442,986.5138549804688,74.48055267333984,0.0029668714851140976,1030.4605712890625,33.96134948730469,0.016573285683989525,1008.9541625976562,17.038101196289062,0.01030205562710762,997.1484985351562,84.02568054199219,0.06281961500644684,1018.4415893554688,82.91244506835938,0.0406259261071682,983.8740844726562,123.638671875,0.06687255203723907,976.7318115234375,135.55393981933594,0.04497849568724632,1082.5517578125,95.92996215820312,0.8408638834953308,1025.4854736328125,86.76493835449219,0.8062875866889954,1104.9752197265625,468.89996337890625,0.9782071113586426,921.0747680664062,440.0819091796875,0.9691740870475769,1298.24853515625,792.208251953125,0.982774555683136,929.9605102539062,791.6526489257812,0.9798117280006409
225,7500,964.8128051757812,83.46228790283203,0.002566315932199359,968.8418579101562,62.404083251953125,0.0038011486176401377,962.7933349609375,73.69871520996094,0.0016106670955196023,1000.1041870117188,52.80253601074219,0.01227776799350977,978.9344482421875,72.1515884399414,0.002462049014866352,1021.763671875,29.71662139892578,0.007992284372448921,999.4942016601562,16.526275634765625,0.009291563183069229,993.3111572265625,80.32351684570312,0.023724790662527084,1027.641357421875,74.70323181152344,0.03523576632142067,998.74951171875,142.9642333984375,0.023445820435881615,1004.7645263671875,149.3989715576172,0.02946460247039795,1075.157958984375,83.20733642578125,0.7801798582077026,1021.0704956054688,86.34860229492188,0.7964034080505371,1088.2177734375,458.28436279296875,0.9694445133209229,936.87744140625,445.972412109375,0.9676697254180908,1313.7119140625,770.3507080078125,0.9767917990684509,941.2249145507812,798.1080932617188,0.9778643250465393
226,7533,1005.3378295898438,69.86702728271484,0.013282752595841885,1015.9594116210938,45.266876220703125,0.016294818371534348,994.9601440429688,56.48588562011719,0.009931143373250961,1042.318359375,35.605224609375,0.02308068238198757,982.238525390625,53.460296630859375,0.009100297465920448,1045.091552734375,18.983047485351562,0.03301236033439636,980.491943359375,13.294212341308594,0.012455234304070473,1030.7039794921875,72.07749938964844,0.07382695376873016,967.320068359375,82.93373107910156,0.026472697034478188,1031.0936279296875,138.85231018066406,0.0739508643746376,968.5199584960938,185.4414825439453,0.03302518650889397,1082.921142578125,99.75869750976562,0.7276498675346375,1014.525146484375,96.97286224365234,0.6286277174949646,1049.1138916015625,458.9864501953125,0.9342369437217712,936.3551025390625,451.28009033203125,0.8980163931846619,1310.892333984375,745.58935546875,0.9307664632797241,985.9981079101562,777.1483154296875,0.9084639549255371
227,7566,959.6505126953125,94.76763153076172,0.0044829826802015305,961.2526245117188,75.6716079711914,0.0054756952449679375,953.0143432617188,86.15203857421875,0.0026346154045313597,989.1478271484375,61.49224090576172,0.011489888653159142,972.7415771484375,78.53924560546875,0.003048856509849429,992.1765747070312,22.208175659179688,0.010708851739764214,1009.7677612304688,12.971511840820312,0.011545822024345398,989.6234130859375,53.177398681640625,0.03848187252879143,994.834228515625,72.71983337402344,0.04674828052520752,993.8408813476562,138.9818115234375,0.045866675674915314,954.5717163085938,134.4349822998047,0.04983579367399216,1052.1689453125,72.826904296875,0.8122418522834778,1043.0697021484375,79.04035949707031,0.814103364944458,1025.1549072265625,474.92864990234375,0.9740489721298218,981.1111450195312,479.1902160644531,0.9714060425758362,1309.18994140625,735.0255126953125,0.9815059900283813,1013.3585815429688,817.7532348632812,0.9808626174926758
228,7600,971.3297119140625,91.57319641113281,0.004343159031122923,970.210693359375,74.97230529785156,0.004475640133023262,966.5853881835938,86.21401977539062,0.0024853127542883158,992.61865234375,60.15351104736328,0.011751825921237469,997.311767578125,77.75360870361328,0.004064138513058424,980.62890625,17.241714477539062,0.016854669898748398,1054.313232421875,0.41912841796875,0.021224645897746086,983.3635864257812,42.71580505371094,0.059695035219192505,1009.5003662109375,57.88023376464844,0.08605779707431793,1000.5035400390625,111.68037414550781,0.06480444967746735,968.4804077148438,89.27609252929688,0.08335503935813904,1045.7806396484375,85.97932434082031,0.8607197999954224,1081.5667724609375,88.39668273925781,0.86884605884552,999.6647338867188,479.0865783691406,0.9749554395675659,993.5339965820312,485.9517517089844,0.974913477897644,1270.978759765625,716.2957763671875,0.9799244403839111,1055.5697021484375,822.9384765625,0.9793724417686462
229,7633,957.7622680664062,88.6435546875,0.002111089415848255,955.1484985351562,72.66114807128906,0.0027384664863348007,958.3580932617188,87.33895111083984,0.0014133125077933073,975.6806640625,55.0821533203125,0.017810944467782974,1006.3847045898438,78.13938903808594,0.004928682930767536,965.456787109375,17.92005157470703,0.016029823571443558,1087.55029296875,0.0,0.02530466951429844,976.833984375,54.828460693359375,0.030383862555027008,1034.517333984375,64.11154174804688,0.06615404784679413,1007.0460815429688,145.18560791015625,0.020023109391331673,988.80712890625,117.46778869628906,0.0379854179918766,1046.055419921875,120.4097900390625,0.8550950288772583,1122.4700927734375,118.78958129882812,0.8826869130134583,954.519287109375,481.2331237792969,0.9694255590438843,999.7665405273438,481.6982421875,0.9749327301979065,1221.11572265625,703.7842407226562,0.9780026078224182,1074.4583740234375,820.6532592773438,0.9797611236572266
230,7666,923.5069580078125,94.81134796142578,0.002241313923150301,924.4230346679688,76.03225708007812,0.0028987620025873184,921.7564086914062,94.51929473876953,0.0013017785968258977,956.7119750976562,57.041839599609375,0.023023350164294243,965.8193359375,86.54759216308594,0.005136712919920683,959.9732666015625,20.497100830078125,0.027386901900172234,1048.0753173828125,5.238349914550781,0.03275913745164871,970.821044921875,60.386009216308594,0.05435001850128174,1016.2039184570312,71.14924621582031,0.07727828621864319,964.162353515625,140.79991149902344,0.037018634378910065,967.3312377929688,126.51406860351562,0.05073486268520355,1052.638916015625,102.92733764648438,0.8488216996192932,1115.4693603515625,101.46688842773438,0.8592604994773865,932.0387573242188,467.2581787109375,0.9591219425201416,1022.0359497070312,481.90301513671875,0.9584692120552063,1166.8076171875,757.8140869140625,0.9568294286727905,1132.0577392578125,789.303955078125,0.9551215171813965
231,7700,930.3878784179688,84.55686950683594,0.0017843556124716997,932.1432495117188,67.31098937988281,0.0025432766415178776,928.0554809570312,86.49765014648438,0.001021617092192173,967.937255859375,49.84130859375,0.02283524163067341,974.5039672851562,81.11128234863281,0.004445069469511509,973.48974609375,8.279411315917969,0.026105672121047974,1049.275634765625,0.0,0.02338396944105625,971.9912109375,36.67396545410156,0.04956728219985962,1018.4615478515625,50.976905822753906,0.050749510526657104,998.6679077148438,117.88018798828125,0.03178153932094574,983.5620727539062,116.89974975585938,0.03268089517951012,1055.2822265625,106.09652709960938,0.870150089263916,1116.502197265625,105.70358276367188,0.8647825717926025,905.5763549804688,461.610107421875,0.9702548384666443,1045.926513671875,483.0585021972656,0.9674293398857117,1119.083740234375,760.615966796875,0.9730754494667053,1187.3837890625,813.1475830078125,0.9697924852371216
232,7733,953.6297607421875,82.53826904296875,0.0035339531023055315,951.0682983398438,62.841819763183594,0.004196698311716318,948.2875366210938,79.7515869140625,0.0018331444589421153,977.6971435546875,45.4998779296875,0.01789039559662342,992.52490234375,74.03592681884766,0.004489400889724493,989.266357421875,9.539016723632812,0.022420506924390793,1059.67041015625,6.271270751953125,0.01955248787999153,989.439697265625,57.3592529296875,0.056141197681427,1036.6820068359375,63.67744445800781,0.05151105672121048,1000.5147094726562,121.65678405761719,0.06004459783434868,983.436279296875,109.2425537109375,0.05507071688771248,1059.3427734375,86.95124816894531,0.8311541676521301,1121.5665283203125,87.84878540039062,0.8162810802459717,907.86767578125,437.2984313964844,0.975371778011322,1076.9190673828125,475.07904052734375,0.9703866243362427,1052.640869140625,797.2705078125,0.9813455939292908,1221.7291259765625,822.720947265625,0.9772820472717285
233,7766,956.5821533203125,88.77763366699219,0.0030035218223929405,954.2052612304688,65.93096923828125,0.003524088067933917,954.863037109375,80.77194213867188,0.0014689223608002067,980.7059936523438,48.70262145996094,0.01574726030230522,1007.1964111328125,72.36163330078125,0.003771994961425662,989.3908081054688,14.151901245117188,0.020162861794233322,1074.56494140625,9.451629638671875,0.015046337619423866,995.7451171875,60.6492919921875,0.05933079868555069,1056.9232177734375,62.52978515625,0.04548848047852516,1016.2591552734375,127.70791625976562,0.07458022236824036,1001.7346801757812,110.03114318847656,0.05819610878825188,1054.5194091796875,80.27041625976562,0.844230592250824,1130.7845458984375,77.62747192382812,0.817653477191925,929.0881958007812,439.81292724609375,0.9824017882347107,1102.4808349609375,460.3512268066406,0.9763113856315613,972.02294921875,823.8252563476562,0.9862587451934814,1263.6561279296875,797.6215209960938,0.9824668169021606
234,7800,992.0137939453125,91.55170440673828,0.0036776296328753233,990.5848999023438,68.79251861572266,0.0039789313450455666,986.0524291992188,78.79094696044922,0.0019590435549616814,1010.0578002929688,51.9609375,0.012768109329044819,1019.3648071289062,68.07907104492188,0.0035946867428719997,1012.2850952148438,14.75115966796875,0.017822541296482086,1062.84423828125,9.774032592773438,0.011751437559723854,1011.0086059570312,62.43562316894531,0.059819743037223816,1039.779541015625,56.21882629394531,0.043677542358636856,1026.9359130859375,117.450439453125,0.08711493760347366,984.9541625976562,95.06121826171875,0.07260685414075851,1063.6776123046875,84.3431396484375,0.8180074691772461,1114.3414306640625,83.99899291992188,0.7748804688453674,947.2159423828125,444.0262145996094,0.9789477586746216,1103.196533203125,457.24932861328125,0.9686981439590454,937.11767578125,824.7515869140625,0.982696533203125,1284.7032470703125,767.2908325195312,0.9772430062294006
235,7833,1003.2434692382812,91.72405242919922,0.0049767810851335526,1003.1665649414062,69.81605529785156,0.004614438395947218,995.8145751953125,81.73523712158203,0.0023059488739818335,1022.6065673828125,53.2144775390625,0.00823824480175972,1018.8814086914062,73.32820129394531,0.0026230295188724995,1021.8550415039062,1.680267333984375,0.01617480255663395,1044.0911865234375,0.0,0.009429254569113255,989.4783935546875,29.95440673828125,0.10817901045084,993.2998046875,29.60504150390625,0.06402147561311722,1000.5932006835938,75.8536376953125,0.22731339931488037,972.4942626953125,67.08668518066406,0.17060506343841553,1070.1875,75.70188903808594,0.8365205526351929,1099.518798828125,78.49937438964844,0.7790694236755371,952.3859252929688,440.42120361328125,0.981780469417572,1087.9129638671875,457.4201965332031,0.969572126865387,928.012451171875,809.91650390625,0.9835166335105896,1296.11962890625,750.3060302734375,0.976123571395874
236,7866,967.6171875,74.17071533203125,0.003646099241450429,968.1871948242188,50.08905029296875,0.0038798314053565264,968.4168701171875,67.3300552368164,0.0015692523447796702,989.9115600585938,34.946319580078125,0.008123275823891163,1002.6495361328125,65.44525909423828,0.0018816754454746842,988.8944702148438,0.0,0.009857146069407463,1052.7293701171875,0.0,0.008475588634610176,968.9972534179688,20.956558227539062,0.08165334910154343,1016.512939453125,28.140975952148438,0.07113673537969589,1001.9938354492188,62.074951171875,0.1943640410900116,979.8902587890625,65.25535583496094,0.1807948499917984,1063.8760986328125,67.70924377441406,0.790718674659729,1112.16650390625,68.2294921875,0.7573358416557312,968.6712036132812,446.0528869628906,0.9759028553962708,1061.0572509765625,454.6678161621094,0.9657502174377441,968.4314575195312,824.1165161132812,0.9768056869506836,1307.6064453125,735.46240234375,0.9684777855873108
237,7900,983.1242065429688,86.74756622314453,0.007831200957298279,984.7540283203125,64.5827865600586,0.0075883823446929455,978.5806884765625,79.74861145019531,0.0031815969850867987,1010.8936767578125,47.36700439453125,0.00963296927511692,996.70458984375,74.74628448486328,0.0025005380157381296,1017.4861450195312,0.0,0.016250232234597206,1018.0977172851562,0.0,0.011753624305129051,992.6728515625,18.722396850585938,0.13128629326820374,990.6978759765625,28.290756225585938,0.08676224946975708,995.166748046875,65.39227294921875,0.30044806003570557,975.97119140625,63.962310791015625,0.22620344161987305,1068.6046142578125,76.76449584960938,0.8346132636070251,1069.6629638671875,78.41871643066406,0.787911593914032,986.2483520507812,461.0546569824219,0.9806807637214661,1036.2828369140625,473.3289489746094,0.9680946469306946,1013.7530517578125,840.4435424804688,0.9810914993286133,1269.888427734375,722.3296508789062,0.9728986024856567
238,7933,961.5899047851562,79.289794921875,0.005856536794453859,964.6229248046875,62.119285583496094,0.006474393419921398,959.1253051757812,74.7751235961914,0.002484099240973592,999.7669067382812,44.0269775390625,0.015485537238419056,981.4151000976562,66.3460464477539,0.0030890428461134434,1022.685302734375,4.50750732421875,0.0241074301302433,1002.2662353515625,0.0,0.020973021164536476,1010.16162109375,47.6312255859375,0.1096237301826477,1001.938720703125,51.99540710449219,0.09463462978601456,995.6848754882812,103.68548583984375,0.1650380790233612,969.8926391601562,102.88307189941406,0.14658232033252716,1074.5113525390625,105.11988830566406,0.8995019793510437,1057.650146484375,103.30123901367188,0.8824422359466553,993.606689453125,475.75048828125,0.9861415028572083,1022.7886962890625,484.7648010253906,0.9794361591339111,1067.140869140625,841.8558349609375,0.9862349629402161,1234.9915771484375,714.083740234375,0.9824199676513672
239,7966,1001.4466552734375,86.22466278076172,0.009115716442465782,1011.8701171875,60.977394104003906,0.009877504780888557,990.5094604492188,72.4489517211914,0.004627576097846031,1043.6812744140625,39.781402587890625,0.02105860225856304,985.2368774414062,58.00218200683594,0.004905177280306816,1053.7783203125,0.0,0.036995742470026016,977.2421264648438,0.0,0.017523212358355522,1012.3418579101562,69.1083984375,0.11654599756002426,978.2822265625,67.41339111328125,0.05663805082440376,970.6228637695312,138.07086181640625,0.14552465081214905,945.8871459960938,111.10670471191406,0.09583264589309692,1082.9432373046875,125.40444946289062,0.8198537826538086,1013.2754516601562,122.40536499023438,0.7484281063079834,1011.6240234375,495.6360168457031,0.9649940133094788,938.794921875,466.1523132324219,0.93492591381073,1135.1278076171875,838.6597290039062,0.9600337743759155,1201.7025146484375,673.3140258789062,0.9467535018920898
240,8000,931.4840698242188,80.73857116699219,0.0013307842891663313,941.0206298828125,59.565032958984375,0.0021388086024671793,925.7246704101562,77.3774642944336,0.0007635323563590646,992.609619140625,43.239166259765625,0.021752985194325447,935.0944213867188,76.40817260742188,0.00285230646841228,1028.8883056640625,17.185775756835938,0.016463665291666985,948.2958984375,6.044677734375,0.025210881605744362,991.7008666992188,48.90641784667969,0.03108339197933674,966.0674438476562,52.419593811035156,0.0664696991443634,986.84423828125,108.9312744140625,0.019704381003975868,954.7813110351562,104.08296203613281,0.03797216713428497,1091.993408203125,127.87893676757812,0.8748733997344971,1015.9304809570312,123.29095458984375,0.8946123123168945,1051.936767578125,498.7554931640625,0.9705716371536255,914.1914672851562,458.2487487792969,0.9683274626731873,1137.9454345703125,850.3346557617188,0.967536449432373,1165.2034912109375,668.6455688476562,0.9698058366775513
241,8033,934.4708862304688,100.31153869628906,0.002638128586113453,940.5672607421875,76.81278991699219,0.0037316526286303997,925.4436645507812,90.7247543334961,0.0011048648739233613,987.7410278320312,58.52032470703125,0.02013918198645115,940.0441284179688,83.83563995361328,0.0021032157819718122,1028.6484375,29.977752685546875,0.02224699780344963,965.0237426757812,13.571731567382812,0.024643003940582275,1009.2315673828125,70.55918884277344,0.06924284249544144,998.297119140625,61.74769592285156,0.09268104285001755,978.983154296875,120.76995849609375,0.06478383392095566,960.0333251953125,107.26986694335938,0.07835565507411957,1090.86474609375,113.96612548828125,0.8989875316619873,1017.8765258789062,103.99525451660156,0.904590904712677,1075.677734375,499.6266174316406,0.9801937341690063,901.1356811523438,437.0793762207031,0.9771376848220825,1200.6353759765625,842.6173095703125,0.977179229259491,1092.0098876953125,736.8018188476562,0.9791616201400757
242,8066,942.7846069335938,101.72671508789062,0.00293494900688529,947.0240478515625,78.93511962890625,0.003910060506314039,936.5015258789062,92.28199768066406,0.0013410852989181876,988.10400390625,60.70355987548828,0.0166238471865654,955.3524780273438,84.58948516845703,0.0023428546264767647,1020.9188232421875,23.188247680664062,0.019674869254231453,981.0554809570312,11.359451293945312,0.0198140237480402,988.239501953125,55.0601806640625,0.06782859563827515,1009.0128173828125,50.24537658691406,0.07894844561815262,980.4598388671875,96.2904052734375,0.06534082442522049,972.5867309570312,84.02119445800781,0.06732919812202454,1083.080078125,108.88050842285156,0.8703434467315674,1017.419189453125,101.51687622070312,0.8728890419006348,1099.3299560546875,490.3065490722656,0.9752966165542603,895.560791015625,426.2601013183594,0.9706935882568359,1248.713134765625,830.7650756835938,0.9724632501602173,1023.7520751953125,753.3408203125,0.9749245047569275
243,8100,991.16748046875,75.67339324951172,0.012269385159015656,1000.1196899414062,53.169158935546875,0.01438173372298479,986.2232666015625,65.19525146484375,0.008869452401995659,1027.91455078125,40.25109100341797,0.029871219769120216,986.5670166015625,58.50819396972656,0.011851607821881771,1035.7998046875,11.246200561523438,0.058078695088624954,994.6004028320312,0.0,0.022331582382321358,999.6403198242188,60.38282775878906,0.11344266682863235,994.4716186523438,61.323692321777344,0.042250145226716995,1008.98291015625,117.41844177246094,0.08849232643842697,1000.0503540039062,133.54922485351562,0.04112781584262848,1089.8017578125,114.90076446533203,0.8093309998512268,1020.0443115234375,105.990234375,0.726245105266571,1116.1759033203125,464.6915588378906,0.9466104507446289,908.8677978515625,436.89129638671875,0.9126505255699158,1281.509033203125,792.9719848632812,0.9265919923782349,969.971923828125,755.4592895507812,0.9021742343902588
244,8133,985.8907470703125,94.17521667480469,0.004644338041543961,988.9259643554688,75.88616180419922,0.005503281019628048,976.7998046875,85.1279067993164,0.002700220560654998,1017.2893676757812,61.50249481201172,0.0113007677718997,979.7294311523438,77.25322723388672,0.003035500645637512,1029.3065185546875,35.140777587890625,0.015775267034769058,997.17578125,20.20147705078125,0.00997181236743927,988.8444213867188,85.53240966796875,0.058921609073877335,1001.5272827148438,89.5517578125,0.03882741183042526,967.4016723632812,127.5955810546875,0.0631122961640358,961.8532104492188,154.1220703125,0.04391154274344444,1078.0865478515625,93.87730407714844,0.8292716145515442,1015.5693969726562,87.14227294921875,0.7945568561553955,1108.0234375,467.1568298339844,0.9763325452804565,932.2220458984375,443.30230712890625,0.9671089053153992,1310.3896484375,782.500732421875,0.9814276695251465,934.9909057617188,794.6824951171875,0.9784860610961914
245,8166,964.27392578125,93.43254089355469,0.0053290496580302715,969.6218872070312,70.68658447265625,0.007148709148168564,955.2836303710938,81.33048248291016,0.002995635848492384,1007.092529296875,58.26763916015625,0.016012083739042282,963.0993041992188,77.05906677246094,0.0034074794966727495,1034.88623046875,34.29899597167969,0.01595638133585453,977.7908935546875,28.846298217773438,0.013977505266666412,1009.5379638671875,77.82138061523438,0.04579131305217743,986.703369140625,93.14680480957031,0.04272081330418587,985.9697265625,134.22962951660156,0.04552360996603966,944.893798828125,151.75039672851562,0.03872644156217575,1078.8548583984375,78.43995666503906,0.8364138603210449,1008.68994140625,81.26541137695312,0.8278253674507141,1080.78515625,465.0199890136719,0.9772216081619263,936.2965087890625,446.45526123046875,0.9719600081443787,1317.2325439453125,759.5960083007812,0.9819821715354919,951.3945922851562,796.1190185546875,0.9815180897712708
246,8200,1002.154541015625,73.82425689697266,0.0202768724411726,1015.1885986328125,48.922943115234375,0.023390822112560272,990.0392456054688,60.64335250854492,0.01545227412134409,1044.377197265625,38.57244873046875,0.023308301344513893,974.7422485351562,57.47209167480469,0.010979820042848587,1042.0841064453125,20.753402709960938,0.03552659973502159,971.3119506835938,16.325706481933594,0.013251184485852718,1022.83740234375,63.747047424316406,0.0850553959608078,948.7257080078125,66.3830337524414,0.02962464466691017,1001.6092529296875,132.8992462158203,0.09616291522979736,939.9743041992188,146.7918701171875,0.043333008885383606,1073.291748046875,114.1530990600586,0.7502382397651672,1005.5072631835938,112.3751220703125,0.6536350846290588,1026.1234130859375,465.54949951171875,0.9432348012924194,938.468994140625,462.16351318359375,0.9123597741127014,1307.246337890625,737.2000732421875,0.9436373710632324,995.1463623046875,792.9263305664062,0.9247961044311523
247,8233,957.0076904296875,92.17147064208984,0.005373931489884853,957.6760864257812,75.2567367553711,0.005582648329436779,950.657470703125,86.3514633178711,0.0028038399759680033,985.0904541015625,60.19031524658203,0.008884387090802193,974.3026123046875,78.16676330566406,0.002552279969677329,983.869140625,16.5245361328125,0.010389309376478195,1021.4448852539062,3.0520477294921875,0.013847469352185726,980.5822143554688,44.46913146972656,0.056228816509246826,985.6150512695312,58.6490478515625,0.08578871935606003,965.1611938476562,119.1859130859375,0.08729926496744156,940.1679077148438,100.10980224609375,0.11752331256866455,1046.009033203125,81.46357727050781,0.8423518538475037,1053.3709716796875,86.45072937011719,0.8543277978897095,1007.663818359375,480.0786437988281,0.9772455096244812,984.0729370117188,489.7764892578125,0.9772140979766846,1294.8197021484375,722.2546997070312,0.9827619194984436,1031.7379150390625,826.4683227539062,0.9826672673225403
248,8266,950.769287109375,87.7144546508789,0.002949363784864545,952.0906372070312,70.39764404296875,0.0036144654732197523,947.0299682617188,84.90504455566406,0.0019343391759321094,976.2316284179688,53.268310546875,0.012093445286154747,971.230224609375,77.92515563964844,0.003521948354318738,973.4883422851562,14.370803833007812,0.01046516839414835,1023.9495849609375,0.0,0.017221087589859962,975.9556884765625,48.88334655761719,0.032216109335422516,985.0061645507812,50.422279357910156,0.07231295853853226,978.11279296875,123.71715545654297,0.03266022726893425,947.7235107421875,99.19182586669922,0.06442367285490036,1041.89501953125,100.73995971679688,0.8224123120307922,1064.87890625,103.89088439941406,0.8539643287658691,975.1287841796875,475.89752197265625,0.9655747413635254,982.9198608398438,485.06536865234375,0.9710071086883545,1240.61474609375,712.0125732421875,0.9744748473167419,1065.7684326171875,820.1121826171875,0.9760830402374268
249,8300,938.0237426757812,97.16844177246094,0.0031136495526880026,939.0679321289062,81.21931457519531,0.0030911448411643505,933.1778564453125,96.46902465820312,0.001768564572557807,964.8184814453125,61.07794189453125,0.010384188033640385,966.2212524414062,85.10357666015625,0.003355249762535095,958.568115234375,19.98236846923828,0.012979093939065933,1046.5849609375,0.0,0.028099166229367256,969.45703125,47.023406982421875,0.0522250235080719,986.5131225585938,44.25505828857422,0.15341122448444366,965.1854248046875,115.28968048095703,0.06412067264318466,949.0885620117188,98.04080200195312,0.15789668262004852,1041.4930419921875,117.03511047363281,0.8802410960197449,1100.277099609375,114.09878540039062,0.9132077097892761,938.2597045898438,474.20526123046875,0.9754891991615295,1002.047119140625,482.3162841796875,0.9816045761108398,1193.84033203125,711.453857421875,0.9792237281799316,1077.6314697265625,810.5707397460938,0.9819980263710022
250,8333,939.2882080078125,94.6021728515625,0.003124331356957555,938.8379516601562,77.20486450195312,0.003231202019378543,929.73291015625,94.99555206298828,0.0015790307661518455,971.5279541015625,55.59883117675781,0.0143329668790102,965.4095458984375,85.46379089355469,0.0038989277090877295,972.7220458984375,8.668167114257812,0.024261001497507095,1038.629150390625,0.0,0.03053649328649044,973.6162719726562,39.80836486816406,0.07811924070119858,988.4786376953125,47.40971374511719,0.11193902045488358,964.1444702148438,108.15106201171875,0.0802571251988411,946.9552612304688,87.35243225097656,0.10832259804010391,1045.9962158203125,93.88792419433594,0.8563875555992126,1100.574951171875,94.10174560546875,0.8661108016967773,899.9240112304688,457.9293212890625,0.9638632535934448,1023.6953125,488.9654846191406,0.9646285772323608,1137.86572265625,727.096435546875,0.9659280776977539,1130.9864501953125,811.7378540039062,0.9642773270606995
251,8366,941.0447998046875,88.97442626953125,0.0032376123126596212,938.3560180664062,70.12586975097656,0.003636085195466876,937.0889282226562,87.57428741455078,0.0015713470056653023,968.4607543945312,50.79917907714844,0.015234250575304031,986.2108764648438,80.28620910644531,0.0037039800081402063,976.453857421875,13.463790893554688,0.02276652492582798,1059.58544921875,6.8354644775390625,0.02047746628522873,977.3970336914062,56.409576416015625,0.07266645133495331,1030.6416015625,60.91273498535156,0.06981142610311508,976.8900756835938,106.72686767578125,0.08390573412179947,963.9520263671875,85.30128479003906,0.08169706910848618,1041.606201171875,94.18034362792969,0.8555311560630798,1111.1622314453125,94.01536560058594,0.8428215384483337,892.9324951171875,443.4938049316406,0.9771717190742493,1054.9638671875,484.2334899902344,0.9728557467460632,1053.19384765625,790.7960815429688,0.9817072749137878,1198.5433349609375,825.4418334960938,0.9776321649551392
252,8400,940.012451171875,86.4268569946289,0.0019818812143057585,940.0834350585938,66.19725036621094,0.002767702331766486,940.503662109375,85.16889953613281,0.0011030087480321527,970.1972045898438,49.442298889160156,0.016612516716122627,988.7495727539062,81.96107482910156,0.0033549482468515635,981.6719970703125,10.553192138671875,0.015534275211393833,1058.3455810546875,8.567276000976562,0.013370964676141739,985.1127319335938,54.31370544433594,0.039743442088365555,1037.8995361328125,61.83650207519531,0.039569608867168427,1001.26171875,138.72866821289062,0.0406930074095726,972.6714477539062,121.11225128173828,0.04145089536905289,1045.7972412109375,95.96415710449219,0.8386370539665222,1113.9609375,96.36959838867188,0.8251659274101257,901.0944213867188,435.5494384765625,0.9786609411239624,1065.83251953125,462.5153503417969,0.9743883609771729,974.5441284179688,807.698974609375,0.9840548634529114,1234.26416015625,804.1382446289062,0.980583667755127
253,8433,965.3223876953125,88.9453353881836,0.0030826223082840443,964.0302124023438,65.39744567871094,0.0035093112383037806,961.4951171875,78.6482162475586,0.0015222170623019338,985.9425659179688,48.04559326171875,0.012473535723984241,1000.0840454101562,71.04302215576172,0.0032758864108473063,991.9437255859375,10.20556640625,0.017150478437542915,1055.8848876953125,9.47882080078125,0.010636722669005394,1000.5322265625,51.98652648925781,0.06320373713970184,1040.7901611328125,55.64263916015625,0.03838079050183296,1025.8759765625,115.43499755859375,0.09242609143257141,992.4788818359375,97.57786560058594,0.060846854001283646,1049.51953125,71.43841552734375,0.8216438889503479,1111.781982421875,72.24412536621094,0.772395670413971,923.6806640625,442.1044006347656,0.9809926152229309,1090.127197265625,463.7723693847656,0.9707989692687988,913.0894775390625,826.2588500976562,0.9848281741142273,1264.036865234375,778.5730590820312,0.9786515831947327
254,8466,966.1312866210938,78.16484069824219,0.0027436804957687855,967.6820678710938,54.914337158203125,0.0034251429606229067,962.1443481445312,64.15345001220703,0.0012809498002752662,991.8062133789062,42.6815185546875,0.012541824951767921,995.9844970703125,57.56561279296875,0.002546366536989808,1001.291259765625,14.379180908203125,0.014168640598654747,1039.7442626953125,7.8279876708984375,0.00811637844890356,1007.0421752929688,62.4041748046875,0.0529961995780468,1040.6649169921875,59.62294006347656,0.030110472813248634,1039.1080322265625,124.54421997070312,0.08138912171125412,996.3464965820312,101.25128173828125,0.050660356879234314,1054.4366455078125,68.89686584472656,0.8016355037689209,1096.734375,67.11351013183594,0.7438139915466309,937.57470703125,446.6946716308594,0.980531632900238,1080.0462646484375,456.3600158691406,0.9692649245262146,903.224365234375,828.2109375,0.985028862953186,1283.2474365234375,764.4321899414062,0.9789220094680786
255,8500,954.1239624023438,81.1520004272461,0.0024826086591929197,957.3447875976562,58.00163269042969,0.003175543388351798,951.8086547851562,72.58772277832031,0.0012662140652537346,983.449951171875,45.76611328125,0.009406468831002712,977.280029296875,71.62504577636719,0.0019329035421833396,995.163818359375,7.069129943847656,0.007176171522587538,1016.4114990234375,0.0,0.007366491481661797,986.505615234375,49.396087646484375,0.035536643117666245,994.2034301757812,47.20628356933594,0.04364864528179169,1003.1002807617188,106.19835662841797,0.06843315064907074,952.7459106445312,89.43321990966797,0.08483610302209854,1058.4942626953125,67.90415954589844,0.7499513626098633,1084.6298828125,68.4063720703125,0.7385159134864807,940.7215576171875,444.99298095703125,0.9728767275810242,1046.586181640625,455.87908935546875,0.9661298394203186,912.915771484375,823.5069580078125,0.9785096645355225,1292.139892578125,747.3674926757812,0.9731767177581787
256,8533,953.7863159179688,90.4427261352539,0.005733007099479437,954.4627685546875,68.37274932861328,0.006132404785603285,949.76953125,82.75236511230469,0.0023301520850509405,982.9764404296875,53.66212463378906,0.00868421234190464,974.2533569335938,79.81494140625,0.0018038866110146046,993.2855224609375,12.102676391601562,0.010169551707804203,1007.1106567382812,3.109130859375,0.008665873669087887,982.1678466796875,42.369415283203125,0.08209042251110077,981.6351928710938,42.655059814453125,0.07027208060026169,968.2892456054688,78.50138854980469,0.21083219349384308,944.7160034179688,69.5595703125,0.19500505924224854,1052.8853759765625,64.09767150878906,0.7881251573562622,1066.5516357421875,64.89125061035156,0.7511642575263977,956.4547729492188,449.9587097167969,0.9790345430374146,1030.05419921875,469.3759460449219,0.9681510925292969,976.3681640625,843.947021484375,0.9824045300483704,1271.403564453125,725.2710571289062,0.9756274819374084
257,8566,947.66552734375,83.77228546142578,0.005337949376553297,947.6526489257812,65.11534881591797,0.005528926383703947,945.1805419921875,78.8799819946289,0.0020312857814133167,973.6351318359375,47.127685546875,0.009683407843112946,966.9715576171875,72.12611389160156,0.0018310568993911147,987.3428344726562,3.6825714111328125,0.01548965834081173,993.8931884765625,0.0,0.012568942271173,983.0637817382812,41.44120788574219,0.12289822101593018,988.762451171875,44.114227294921875,0.09867068380117416,963.6734619140625,80.50648498535156,0.25614792108535767,948.0505981445312,72.08940124511719,0.22788682579994202,1053.420654296875,80.7374267578125,0.8726382851600647,1054.1734619140625,81.65487670898438,0.8438004851341248,967.2070922851562,464.4943542480469,0.9853196144104004,1006.9822998046875,481.92462158203125,0.9767374396324158,1021.8325805664062,846.237548828125,0.9857327938079834,1234.869873046875,714.814453125,0.9802587032318115
258,8600,939.25,82.09261322021484,0.006338849198073149,943.0214233398438,64.81993103027344,0.005988549906760454,931.5311279296875,79.30762481689453,0.0022629122249782085,981.9854736328125,45.55316162109375,0.010691482573747635,943.0827026367188,72.1739273071289,0.0020281157921999693,1009.8543701171875,4.7604217529296875,0.023236511275172234,962.8740234375,0.0,0.024044889956712723,996.2412109375,40.731903076171875,0.1736295372247696,961.7640991210938,38.35523986816406,0.1862071305513382,960.2597045898438,109.09776306152344,0.32413291931152344,944.0077514648438,101.8037109375,0.34506702423095703,1068.75634765625,106.80656433105469,0.9311674237251282,1027.1834716796875,101.48355102539062,0.9246198534965515,972.381591796875,487.2214050292969,0.9894976615905762,952.1162109375,473.46258544921875,0.9851878881454468,1080.10546875,846.599365234375,0.9875566959381104,1196.8726806640625,704.7542114257812,0.985267162322998
259,8633,883.506103515625,56.91856384277344,0.004257389809936285,890.9229125976562,36.82356262207031,0.004804213996976614,878.7958984375,56.37762451171875,0.0015642502112314105,941.4274291992188,23.749671936035156,0.0175766758620739,896.798583984375,60.88348388671875,0.0025956747122108936,973.4698486328125,0.0,0.030559901148080826,914.8496704101562,0.0,0.02545406110584736,888.5361328125,1.8404388427734375,0.1525648981332779,909.2810668945312,20.320999145507812,0.11295344680547714,934.6447143554688,10.742660522460938,0.18916261196136475,935.0906982421875,43.12156677246094,0.13559161126613617,1065.942626953125,130.33206176757812,0.8993632197380066,1003.7581787109375,128.97683715820312,0.8814864158630371,980.2844848632812,501.8152160644531,0.9770622253417969,899.5285034179688,467.8224792480469,0.9644614458084106,1096.976318359375,837.8994140625,0.9616810083389282,1142.12841796875,680.131591796875,0.9550611972808838
260,8666,913.7061767578125,84.92701721191406,0.00230208202265203,923.6409912109375,64.90187072753906,0.0029251279775053263,907.6204833984375,84.44091796875,0.0010509532876312733,970.7715454101562,48.177886962890625,0.016255682334303856,914.9500732421875,84.41631317138672,0.0025554639287292957,989.0427856445312,5.825431823730469,0.03227396309375763,924.3577880859375,0.0,0.02051469497382641,891.4336547851562,6.873504638671875,0.14026574790477753,897.44775390625,19.808303833007812,0.08943607658147812,925.7911987304688,5.3761138916015625,0.12985049188137054,916.5704956054688,16.970947265625,0.09171756356954575,1069.0487060546875,128.5030517578125,0.9163647294044495,992.6727905273438,126.60710906982422,0.8920611143112183,1022.2721557617188,499.9783020019531,0.9775919318199158,868.5552978515625,451.0947265625,0.9639160633087158,1152.431396484375,826.6975708007812,0.9657707810401917,1087.39892578125,698.6389770507812,0.9588693380355835
261,8700,923.9395751953125,99.03385162353516,0.0030240830965340137,929.2985229492188,78.01604461669922,0.0033641557674854994,915.91259765625,91.84487915039062,0.0012890704674646258,970.8535766601562,59.56292724609375,0.01165864709764719,928.2552490234375,84.67572784423828,0.00185563659761101,1002.1516723632812,26.302825927734375,0.015983739867806435,958.0845947265625,9.286605834960938,0.024268630892038345,976.1643676757812,59.07398986816406,0.0791310966014862,984.809326171875,47.09880065917969,0.152140274643898,950.4138793945312,101.51225280761719,0.10561266541481018,936.1639404296875,85.82601928710938,0.16942231357097626,1063.4381103515625,121.32366943359375,0.8925011157989502,996.8128662109375,109.69816589355469,0.9103884696960449,1053.3292236328125,503.583984375,0.979832112789154,866.1231079101562,433.02587890625,0.9791556000709534,1195.2899169921875,849.3350830078125,0.9757698774337769,1028.510986328125,744.5315551757812,0.9796033501625061
262,8733,932.459716796875,96.84796142578125,0.0021170033141970634,938.4505004882812,78.8291015625,0.00263575348071754,930.6403198242188,91.86419677734375,0.0011935095535591245,976.1141967773438,60.924522399902344,0.010872461833059788,947.640380859375,83.57185363769531,0.0022280788980424404,1008.0911865234375,20.98370361328125,0.010821428149938583,972.69873046875,2.329559326171875,0.01913832500576973,972.879638671875,56.18053436279297,0.04139689356088638,988.7893676757812,39.97544860839844,0.10543584078550339,958.7792358398438,105.50566864013672,0.04285423830151558,944.7894287109375,94.22083282470703,0.09051769971847534,1060.064697265625,124.33218383789062,0.860561728477478,995.5695190429688,118.45834350585938,0.8921241760253906,1079.804931640625,479.9045104980469,0.9720137715339661,881.5816040039062,439.98187255859375,0.97488933801651,1229.107666015625,812.0084838867188,0.971472978591919,964.3419799804688,772.4088745117188,0.9763718247413635
263,8766,964.3786010742188,92.53216552734375,0.005944355856627226,967.399658203125,74.37052917480469,0.005784991662949324,954.3710327148438,84.06932830810547,0.0031134216114878654,997.7330932617188,58.142486572265625,0.009037088602781296,957.3192138671875,73.9419937133789,0.0027989272493869066,1012.0294189453125,24.185394287109375,0.016580896452069283,983.3383178710938,6.7267913818359375,0.01393439993262291,977.5658569335938,66.31031799316406,0.08681312203407288,983.7376098632812,52.094879150390625,0.0809190422296524,945.2720947265625,96.29960632324219,0.11887034773826599,929.1535034179688,77.78453063964844,0.11030225455760956,1066.708740234375,97.68814086914062,0.8468981981277466,1002.861572265625,86.21580505371094,0.832690417766571,1092.44091796875,468.8304748535156,0.9759792685508728,893.6488037109375,438.3568115234375,0.9696246981620789,1267.95263671875,800.4291381835938,0.9771929979324341,905.4336547851562,783.76171875,0.975279688835144
264,8800,952.4473266601562,89.96649169921875,0.00430061062797904,957.1755981445312,69.44151306152344,0.005254210904240608,945.5468139648438,76.71148681640625,0.0023092094343155622,989.5882568359375,56.27545166015625,0.009813518263399601,955.705078125,67.6684341430664,0.0022304451558738947,1005.6069946289062,32.44194030761719,0.009678676724433899,981.5735473632812,15.1827392578125,0.00989608746021986,983.2095336914062,75.4346923828125,0.041628364473581314,1000.0955200195312,67.81416320800781,0.04908527433872223,975.8062744140625,121.27084350585938,0.05435362458229065,953.0702514648438,102.64018249511719,0.055358096957206726,1055.56103515625,77.11614990234375,0.8138422966003418,1000.526611328125,74.02908325195312,0.8156638741493225,1075.9913330078125,467.9805908203125,0.9773942232131958,913.485595703125,444.5364074707031,0.9738630652427673,1294.6678466796875,774.6824340820312,0.9827255010604858,898.1398315429688,795.9629516601562,0.982921838760376
265,8833,996.8818969726562,71.8040771484375,0.012867392972111702,1003.8290405273438,50.5155029296875,0.01122997049242258,984.0104370117188,60.57582092285156,0.008137880824506283,1020.7582397460938,35.966514587402344,0.011389873921871185,965.5097045898438,51.64771270751953,0.005680043250322342,1019.3231201171875,8.733078002929688,0.02318226546049118,981.0557250976562,0.0,0.01329231821000576,994.468505859375,66.74874114990234,0.09679625183343887,962.9661865234375,56.09381103515625,0.057490378618240356,963.8419799804688,104.76001739501953,0.1347518265247345,914.1146850585938,90.8873291015625,0.09416146576404572,1053.430908203125,108.93264770507812,0.7561303377151489,995.5405883789062,98.3704833984375,0.700826108455658,1040.15576171875,461.82177734375,0.9470787644386292,914.1815185546875,449.2645568847656,0.9279860854148865,1295.149658203125,744.9450073242188,0.9457284808158875,932.2256469726562,771.6088256835938,0.9346076250076294
266,8866,940.93212890625,93.97089385986328,0.0039106495678424835,943.9140625,75.89836120605469,0.004788231570273638,932.218017578125,86.1181869506836,0.0021693429443985224,973.78662109375,61.198974609375,0.007943914271891117,943.0149536132812,78.01400756835938,0.0018525602063164115,985.1094970703125,20.915451049804688,0.006973939016461372,970.9546508789062,7.697021484375,0.007406129036098719,974.1788330078125,52.340240478515625,0.03700265660881996,967.5737915039062,56.61662292480469,0.04655066132545471,964.8896484375,116.54461669921875,0.056836873292922974,928.8173217773438,88.89779663085938,0.06383092701435089,1031.770751953125,61.88658142089844,0.796087920665741,995.8020629882812,64.991455078125,0.7992390990257263,1010.452392578125,476.9036865234375,0.9747657775878906,939.312744140625,469.97235107421875,0.9727222919464111,1299.7174072265625,730.4462890625,0.9825615882873535,972.855712890625,816.4251708984375,0.9826085567474365
267,8900,937.678955078125,90.33467102050781,0.005373867694288492,936.6256713867188,74.91316223144531,0.005049839150160551,931.8594970703125,86.2078628540039,0.0026804539375007153,958.6749267578125,60.52324676513672,0.006204660516232252,956.4324340820312,79.13275909423828,0.0019352213712409139,955.3598022460938,18.224395751953125,0.007830715738236904,1015.9014282226562,2.0390167236328125,0.010752235539257526,964.968017578125,48.947113037109375,0.06272339820861816,984.8772583007812,57.2156982421875,0.09966094046831131,941.7140502929688,102.68019104003906,0.12759551405906677,921.6425170898438,82.81782531738281,0.17765545845031738,1013.6504516601562,79.60501098632812,0.8196539878845215,1036.1358642578125,82.67340087890625,0.8333228826522827,978.1834716796875,482.6886291503906,0.9749317169189453,965.0402221679688,493.98211669921875,0.9752878546714783,1277.2645263671875,716.7559814453125,0.9811956882476807,1008.5400390625,825.6740112304688,0.9810656905174255
268,8933,936.5850219726562,90.84512329101562,0.0029017061460763216,938.1303100585938,75.32684326171875,0.003464373294264078,931.831787109375,88.48450469970703,0.0018789413152262568,961.7484741210938,59.677642822265625,0.008979235775768757,953.8336181640625,81.57389831542969,0.002579656196758151,959.5964965820312,22.07421112060547,0.0066747297532856464,1012.4258422851562,0.25998687744140625,0.01327567920088768,966.0499877929688,55.52732849121094,0.026745803654193878,968.552734375,53.277305603027344,0.07828676700592041,944.9899291992188,121.76010131835938,0.03499392792582512,919.3987426757812,93.6789779663086,0.08720451593399048,1018.6763916015625,101.90126037597656,0.7966322302818298,1044.2440185546875,102.04591369628906,0.8446536660194397,942.091552734375,478.0048828125,0.9646559953689575,959.8938598632812,485.8401794433594,0.973121702671051,1228.306640625,702.1649169921875,0.976809561252594,1040.8092041015625,823.2918090820312,0.979620635509491
269,8966,931.6935424804688,88.24646759033203,0.003623802214860916,927.406005859375,72.84217071533203,0.0032308977097272873,923.884521484375,87.2039566040039,0.0020713224075734615,944.2897338867188,56.16302490234375,0.010726279579102993,958.1646118164062,79.11607360839844,0.004447431769222021,930.0570068359375,21.541854858398438,0.01976909302175045,1046.71875,0.0,0.030740898102521896,946.598876953125,52.415130615234375,0.06976025551557541,981.1351318359375,53.07875061035156,0.13070796430110931,947.296142578125,116.2481689453125,0.07781971991062164,930.5198974609375,84.96771240234375,0.13206727802753448,1012.5181274414062,90.24009704589844,0.8761380314826965,1093.5791015625,87.26673889160156,0.8934770226478577,907.40478515625,469.19677734375,0.9739998579025269,990.0133666992188,487.4858093261719,0.9770963788032532,1189.0994873046875,706.7710571289062,0.9788230061531067,1062.0970458984375,825.4762573242188,0.9792013168334961
270,9000,919.0477905273438,81.58895874023438,0.00319074303843081,915.759033203125,63.81939697265625,0.003410253208130598,910.7195434570312,82.09778594970703,0.001747836358845234,942.8941040039062,46.40478515625,0.016623908653855324,953.8851928710938,77.04608917236328,0.0048327455297112465,936.3677368164062,6.9412994384765625,0.026267236098647118,1038.0885009765625,0.0,0.029091857373714447,936.7322998046875,40.36885070800781,0.06803032010793686,992.7493286132812,50.6773681640625,0.08626376837491989,948.81689453125,107.0518798828125,0.06315427273511887,933.703857421875,85.46498107910156,0.07791841775178909,1012.2009887695312,90.75865173339844,0.8494186401367188,1090.3525390625,89.88327026367188,0.8525044322013855,867.7055053710938,454.22381591796875,0.9650415182113647,1009.2463989257812,481.8393859863281,0.9646492004394531,1116.8336181640625,732.77197265625,0.970121443271637,1123.096923828125,819.64599609375,0.968073308467865
271,9033,910.4535522460938,83.89759826660156,0.0031060525216162205,908.291015625,64.05313110351562,0.0036815544590353966,908.5006713867188,83.96566772460938,0.0017813550075516105,933.5123291015625,45.61802673339844,0.01644100248813629,954.2049560546875,79.92418670654297,0.004348255228251219,937.5823974609375,10.874977111816406,0.018210958689451218,1038.1097412109375,5.124778747558594,0.020903870463371277,952.76953125,60.03105926513672,0.04965567588806152,1007.8562622070312,60.720794677734375,0.07017483562231064,962.6148071289062,128.56553649902344,0.056083742529153824,934.9920043945312,93.62242126464844,0.0766211450099945,1013.92919921875,97.19664001464844,0.8222002983093262,1095.8958740234375,95.70510864257812,0.8296870589256287,865.1911010742188,447.44140625,0.9680055379867554,1028.801513671875,470.1253967285156,0.9679974913597107,1049.62646484375,779.4971923828125,0.9728487133979797,1180.5794677734375,821.5654907226562,0.9709897637367249
272,9066,931.5618896484375,84.58927917480469,0.005407541058957577,926.7381591796875,63.456871032714844,0.004796181805431843,928.1969604492188,80.03162384033203,0.002428140491247177,947.6636962890625,46.500091552734375,0.00883653573691845,974.5175170898438,73.98966979980469,0.0029580644331872463,949.24755859375,8.051742553710938,0.015492924489080906,1045.2198486328125,1.704345703125,0.01416871603578329,948.1387939453125,45.99028015136719,0.09779589623212814,1010.13427734375,45.14222717285156,0.09301044791936874,956.0178833007812,79.13960266113281,0.21094565093517303,940.6981201171875,67.66818237304688,0.2058255970478058,1017.8593139648438,73.78701782226562,0.8364452123641968,1096.576171875,71.30520629882812,0.8170944452285767,885.7153930664062,436.5553894042969,0.9822787046432495,1052.951904296875,461.5496826171875,0.977200984954834,967.8460693359375,812.6024780273438,0.9853579998016357,1211.57861328125,797.7603759765625,0.9816610813140869
273,9100,938.6519775390625,91.48626708984375,0.004873861093074083,936.6088256835938,69.38433837890625,0.00453021377325058,934.1834106445312,82.3395767211914,0.0019972173031419516,962.71240234375,53.655029296875,0.007943774573504925,973.0404052734375,75.76121520996094,0.0020606843754649162,976.6353759765625,16.936431884765625,0.0115170544013381,1027.10595703125,10.828262329101562,0.011150184087455273,977.7030029296875,59.32562255859375,0.08490045368671417,1001.8475341796875,53.35249328613281,0.08987352252006531,961.9304809570312,100.73300170898438,0.21786965429782867,934.3543090820312,82.26841735839844,0.23210996389389038,1028.066162109375,66.85871887207031,0.8033161759376526,1076.9678955078125,64.89637756347656,0.7852580547332764,909.9315185546875,436.82391357421875,0.9797163009643555,1055.225830078125,457.59332275390625,0.9737265110015869,911.9590454101562,822.346435546875,0.9824108481407166,1244.60888671875,775.8348999023438,0.9779353141784668
274,9133,941.1614379882812,88.89644622802734,0.004292997531592846,941.0897827148438,65.68073272705078,0.004083951935172081,935.8027954101562,78.00940704345703,0.0018535867566242814,965.11474609375,51.12030029296875,0.00777748879045248,966.3841552734375,72.4812240600586,0.002109882654622197,978.1908569335938,12.929168701171875,0.010866730473935604,1012.1163940429688,7.764129638671875,0.010325427167117596,975.9840087890625,58.90333557128906,0.0737791582942009,996.6429443359375,53.70062255859375,0.07784072309732437,968.3075561523438,97.49276733398438,0.1807822734117508,938.8802490234375,76.75685119628906,0.1931963562965393,1031.1593017578125,63.315948486328125,0.8016314506530762,1067.489501953125,62.64820861816406,0.7821711301803589,913.3723754882812,440.5787658691406,0.9803488850593567,1044.28857421875,456.2446594238281,0.9737553000450134,896.1281127929688,829.2116088867188,0.9831370711326599,1256.655029296875,759.8824462890625,0.9786264896392822
275,9166,932.843994140625,103.02049255371094,0.013592591509222984,933.3285522460938,76.5809326171875,0.010603059083223343,923.8887329101562,91.00941467285156,0.006640556268393993,960.6222534179688,64.2890625,0.014795780181884766,958.1270141601562,82.36569213867188,0.006949025206267834,975.088623046875,7.7127685546875,0.024634847417473793,998.9215087890625,16.416458129882812,0.03130081295967102,960.0098876953125,64.54856872558594,0.08918639272451401,981.7582397460938,59.70135498046875,0.12495952844619751,951.7877807617188,97.64543151855469,0.19313931465148926,941.0438232421875,64.02012634277344,0.24625036120414734,1035.8153076171875,59.83758544921875,0.7430811524391174,1064.48681640625,63.08967590332031,0.7503445148468018,906.9283447265625,439.1681213378906,0.9655211567878723,1037.6859130859375,459.1867980957031,0.9600566029548645,905.836181640625,799.8006591796875,0.9705486297607422,1243.001220703125,743.6505126953125,0.9667463302612305
276,9200,930.9299926757812,81.01892852783203,0.004262262489646673,932.0425415039062,58.758544921875,0.004408061970025301,926.9456176757812,71.88150787353516,0.0020144477020949125,957.2225341796875,43.7662353515625,0.008996495977044106,949.453125,67.28800964355469,0.002342616207897663,968.2454223632812,10.092498779296875,0.011236303485929966,984.5266723632812,0.0,0.01163410022854805,971.3501586914062,61.5743408203125,0.06329650431871414,981.1842041015625,57.3753662109375,0.0747983530163765,959.8839721679688,89.47576904296875,0.12990252673625946,930.9473876953125,69.18580627441406,0.15473896265029907,1024.26171875,72.34556579589844,0.8109948635101318,1037.644775390625,71.302001953125,0.7970996499061584,931.9515380859375,458.33935546875,0.9794152975082397,993.9688110351562,469.3190002441406,0.972283124923706,962.1240844726562,839.0083618164062,0.9829385280609131,1230.5162353515625,722.6616821289062,0.9786205291748047
277,9233,927.3887329101562,83.71282196044922,0.0052758678793907166,929.5740966796875,65.11333465576172,0.005350917112082243,922.89208984375,78.766845703125,0.0021167846862226725,962.4067993164062,45.42974853515625,0.009261973202228546,942.8817138671875,70.30874633789062,0.0020187217742204666,982.4293212890625,6.6947021484375,0.017709221690893173,974.2705688476562,0.0,0.012933268211781979,981.8051147460938,45.512054443359375,0.13520637154579163,975.3681030273438,48.687103271484375,0.09882400184869766,951.2367553710938,71.09152221679688,0.2634121775627136,931.3090209960938,58.5889892578125,0.2190699726343155,1033.3070068359375,89.03439331054688,0.8841474652290344,1024.9661865234375,86.49490356445312,0.8528409004211426,936.7095336914062,472.30242919921875,0.9855768084526062,972.504638671875,479.67236328125,0.9764957427978516,1019.1780395507812,837.3195190429688,0.9857187867164612,1202.403564453125,707.0492553710938,0.9803320169448853
278,9266,911.9266357421875,82.60711669921875,0.003938806708902121,914.1365356445312,64.0792236328125,0.0041246418841183186,906.4391479492188,77.94209289550781,0.0015909114154055715,952.24072265625,44.132354736328125,0.011897698044776917,928.1993408203125,69.78302764892578,0.002158729126676917,982.037841796875,12.335128784179688,0.019580388441681862,964.60498046875,0.0,0.024117540568113327,969.0804443359375,58.056060791015625,0.10641315579414368,987.7450561523438,56.28373718261719,0.149349182844162,931.553466796875,98.50263977050781,0.16592560708522797,923.537841796875,82.52755737304688,0.22208479046821594,1044.5482177734375,116.48199462890625,0.9085544943809509,1017.09912109375,107.59144592285156,0.91066974401474,945.1829833984375,493.68658447265625,0.9853214621543884,909.643310546875,469.47454833984375,0.981429398059845,1072.45166015625,841.2709350585938,0.9842685461044312,1169.958984375,687.1713256835938,0.9829544425010681
279,9300,892.2108764648438,70.76509094238281,0.0028249139431864023,899.0105590820312,49.394805908203125,0.003346638986840844,885.3598022460938,68.61746978759766,0.0014083519345149398,946.0128173828125,30.601661682128906,0.016257185488939285,895.0848999023438,68.27609252929688,0.003071025013923645,991.303955078125,5.626190185546875,0.01454077661037445,909.827880859375,0.0,0.03499212861061096,966.547119140625,37.899261474609375,0.04404871538281441,934.2039184570312,48.03321075439453,0.13711011409759521,953.770263671875,111.39601135253906,0.05075482651591301,927.023681640625,112.34900665283203,0.11975563317537308,1052.3486328125,134.49998474121094,0.8447279334068298,979.3056030273438,130.80267333984375,0.8878638744354248,967.9783325195312,496.8168640136719,0.9624353647232056,868.66650390625,465.38665771484375,0.9650669693946838,1074.3480224609375,839.6801147460938,0.9523640275001526,1122.3326416015625,676.5335693359375,0.9587855935096741
280,9333,918.4478759765625,88.47134399414062,0.0021840594708919525,925.1423950195312,67.28070831298828,0.003184314351528883,906.879638671875,82.78587341308594,0.0010070474818348885,969.4440307617188,47.67352294921875,0.020231591537594795,911.8180541992188,77.28142547607422,0.0023471699096262455,1004.0350341796875,17.7110595703125,0.026314305141568184,930.7095336914062,7.5067291259765625,0.021146992221474648,978.5194702148438,59.15611267089844,0.07478462159633636,956.42724609375,68.29257202148438,0.06847608834505081,961.1546630859375,133.8728485107422,0.058831702917814255,920.8756713867188,126.20947265625,0.05314306914806366,1052.946044921875,131.10946655273438,0.9003836512565613,974.5509033203125,120.49813842773438,0.8904578685760498,1008.3246459960938,514.1589965820312,0.9774881601333618,839.1937866210938,444.0282287597656,0.9689604043960571,1146.97216796875,832.1328735351562,0.9742984175682068,1055.2122802734375,695.6071166992188,0.9735161066055298
281,9366,885.8065795898438,88.51065063476562,0.003015208523720503,891.6117553710938,67.83241271972656,0.003995134495198727,884.497802734375,83.25609588623047,0.0018863648874685168,929.9482421875,50.68384552001953,0.021441813558340073,905.7009887695312,77.6543960571289,0.005011477507650852,978.950927734375,8.795860290527344,0.019322926178574562,924.4746704101562,3.9740753173828125,0.03715818002820015,966.0410766601562,51.544166564941406,0.03979174420237541,967.2879638671875,47.99315643310547,0.09768155962228775,973.462646484375,129.98223876953125,0.03066033497452736,946.7943115234375,126.54370880126953,0.05639985203742981,1052.0980224609375,128.2275390625,0.8717186450958252,983.0055541992188,126.02190399169922,0.9046734571456909,1026.8189697265625,491.6509094238281,0.9703866243362427,846.9066162109375,439.08837890625,0.9726620316505432,1188.668701171875,844.128173828125,0.9573938250541687,996.9136962890625,747.177978515625,0.966651201248169
282,9400,893.6279296875,90.74024963378906,0.0025886932853609324,897.5720825195312,68.42060852050781,0.0034133705776184797,893.2364501953125,81.53734588623047,0.0014654811238870025,934.4969482421875,52.86817932128906,0.020132314413785934,920.5662841796875,75.8367919921875,0.004005045630037785,968.83740234375,19.792236328125,0.017416859045624733,951.1674194335938,9.067703247070312,0.031715020537376404,944.5556640625,64.89269256591797,0.034853678196668625,1006.9618530273438,59.7978515625,0.08727520704269409,964.4390258789062,129.3429718017578,0.025361767038702965,992.3471069335938,123.10370635986328,0.04673093557357788,1034.01171875,118.51231384277344,0.8711712956428528,981.1201171875,116.61062622070312,0.9043191075325012,1048.431884765625,482.8636169433594,0.9740238785743713,855.2611083984375,437.3134765625,0.9771476984024048,1220.98388671875,816.3515625,0.9707567691802979,936.6319580078125,774.06689453125,0.9777505397796631
283,9433,913.4865112304688,81.89485931396484,0.004342006519436836,915.8622436523438,61.78669738769531,0.0044258348643779755,913.8827514648438,74.63075256347656,0.0028942024800926447,939.9078979492188,49.53492736816406,0.015260627493262291,936.903076171875,71.58978271484375,0.00652223639190197,960.3942260742188,11.043891906738281,0.017277872189879417,974.3479614257812,10.578437805175781,0.036326076835393906,956.9610595703125,61.828147888183594,0.041053928434848785,1062.4296875,52.817138671875,0.12177055329084396,1007.297607421875,132.89840698242188,0.0415569506585598,1124.8624267578125,118.08233642578125,0.08039963990449905,1036.3148193359375,102.9085464477539,0.8192933797836304,996.8148193359375,109.89095306396484,0.8698371648788452,1064.9195556640625,469.69940185546875,0.9575231075286865,867.2499389648438,443.382568359375,0.9647905826568604,1256.8819580078125,795.6817016601562,0.9398608803749084,883.8485107421875,784.6056518554688,0.9544514417648315
284,9466,934.0222778320312,88.6614761352539,0.003881652606651187,937.1494140625,68.19023895263672,0.004896873142570257,927.6575927734375,76.98181915283203,0.0021717490162700415,968.4966430664062,54.136962890625,0.011633140966296196,940.4817504882812,69.18461608886719,0.0026088296435773373,979.353515625,34.73712158203125,0.012210622429847717,968.6259765625,21.1168212890625,0.010169110260903835,955.6276245117188,89.26840209960938,0.042467448860406876,995.9329833984375,95.98828125,0.03981135040521622,960.7966918945312,144.26760864257812,0.046520743519067764,967.018798828125,166.45977783203125,0.03969277814030647,1028.018798828125,83.12214660644531,0.8206355571746826,981.18017578125,80.81753540039062,0.8073794841766357,1053.377197265625,468.9986572265625,0.9766789674758911,897.2919311523438,449.22320556640625,0.9708651900291443,1280.230224609375,773.853515625,0.9822795987129211,884.5552368164062,794.3523559570312,0.981268584728241
285,9500,984.0714111328125,64.58406829833984,0.01309417374432087,987.3433837890625,40.089111328125,0.012375762686133385,975.0617065429688,51.38200378417969,0.009271888993680477,995.8115844726562,25.034683227539062,0.016717882826924324,966.1069946289062,42.24806213378906,0.008524834178388119,982.3299560546875,4.1065521240234375,0.03084610216319561,993.7646484375,0.0,0.0120540177449584,958.5111694335938,75.34396362304688,0.0827888697385788,1008.0884399414062,81.650390625,0.03184468299150467,975.6771850585938,124.482421875,0.09027882665395737,1018.1530151367188,154.9345703125,0.04310082644224167,1013.4166870117188,108.15042114257812,0.6913964152336121,985.1153564453125,96.70884704589844,0.586944580078125,1020.832275390625,463.8821716308594,0.9280750751495361,905.3704833984375,448.9508056640625,0.8916623592376709,1278.4085693359375,750.61669921875,0.9309412240982056,922.6793212890625,774.4883422851562,0.9099206924438477
286,9533,925.4049682617188,88.2506332397461,0.003383820177987218,928.0264892578125,71.39872741699219,0.004505464341491461,917.8427124023438,81.12133026123047,0.0018728113500401378,956.6195068359375,58.425384521484375,0.009033787995576859,932.1823120117188,74.4019775390625,0.0017953234491869807,957.7642822265625,26.136383056640625,0.00755209568887949,965.2822875976562,11.581192016601562,0.006158654578030109,933.1898803710938,58.95396423339844,0.036691900342702866,951.1334838867188,67.37265014648438,0.032896172255277634,916.5625,131.0540313720703,0.049884069710969925,900.2626342773438,120.78076171875,0.04404786229133606,1005.996826171875,74.69448852539062,0.7875991463661194,984.4945678710938,75.78836059570312,0.7693370580673218,983.5398559570312,481.04095458984375,0.9734779000282288,922.4708862304688,472.09735107421875,0.9681155681610107,1278.2147216796875,729.5636596679688,0.9828206300735474,957.3622436523438,813.3688354492188,0.9815374612808228
287,9566,931.6659545898438,87.34636688232422,0.002866084687411785,929.0352783203125,72.91165924072266,0.003185625420883298,926.739501953125,83.29110717773438,0.0017639169236645103,944.6159057617188,59.1551513671875,0.01094575971364975,955.7904052734375,75.42411804199219,0.0033457232639193535,924.249267578125,21.8924560546875,0.013218156062066555,1022.5748901367188,0.35540771484375,0.015748044475913048,927.6436157226562,54.69474792480469,0.043303895741701126,972.8778686523438,61.48182678222656,0.06174170970916748,934.2017211914062,125.24560546875,0.041540391743183136,916.8104248046875,98.35066223144531,0.05558151751756668,993.4011840820312,87.58808898925781,0.8490126729011536,1045.3677978515625,87.8646240234375,0.8555081486701965,950.25146484375,482.9277648925781,0.973775327205658,952.5791625976562,490.3032531738281,0.9738954901695251,1250.83447265625,713.99560546875,0.9816203117370605,998.1486206054688,829.6434326171875,0.9812116622924805
288,9600,933.393310546875,96.57996368408203,0.0030111607629805803,928.4967041015625,82.22218322753906,0.0029836511239409447,927.8672485351562,94.18025207519531,0.0018719255458563566,939.6492919921875,64.82320404052734,0.010935749858617783,958.0372924804688,84.60363006591797,0.0042143273167312145,921.1847534179688,27.260650634765625,0.017864719033241272,1031.956787109375,2.6548919677734375,0.02454921044409275,930.8795166015625,56.32891845703125,0.05831193923950195,975.933837890625,62.811126708984375,0.10003292560577393,939.5023193359375,120.80552673339844,0.056046273559331894,915.2349243164062,90.23066711425781,0.09101082384586334,989.0219116210938,100.35319519042969,0.876294732093811,1055.6658935546875,97.52970886230469,0.8881242275238037,916.7730102539062,486.0215148925781,0.9734014272689819,943.8133544921875,493.5258483886719,0.9760569334030151,1200.63916015625,694.9867553710938,0.9806395173072815,1027.6636962890625,830.7447509765625,0.9805960655212402
289,9633,928.653076171875,93.968994140625,0.003193935612216592,924.588134765625,78.43004608154297,0.003037153510376811,921.8048095703125,92.8102798461914,0.0019591825548559427,939.5755004882812,59.6275634765625,0.012575501576066017,955.8305053710938,82.86540985107422,0.005130069330334663,912.2666015625,24.20306396484375,0.0227192509919405,1042.664794921875,0.8719024658203125,0.031898126006126404,927.5086669921875,56.75633239746094,0.06473417580127716,971.7870483398438,60.16337585449219,0.1107543408870697,941.6409301757812,129.89263916015625,0.05927444249391556,920.6435546875,94.54692077636719,0.09623940289020538,987.1146240234375,101.30154418945312,0.8731024861335754,1078.5706787109375,98.55953979492188,0.8856359124183655,867.4259643554688,477.25634765625,0.9688717722892761,958.371337890625,498.8672180175781,0.9720055460929871,1172.0933837890625,698.5714111328125,0.9759825468063354,1048.079345703125,831.6141967773438,0.9754367470741272
290,9666,864.4050903320312,79.19160461425781,0.0022681679110974073,864.2452392578125,61.97511291503906,0.0026268898509442806,862.669921875,81.1717758178711,0.0012570321559906006,897.2691650390625,45.63983917236328,0.019880587235093117,912.8582153320312,77.26361846923828,0.005129565950483084,910.3612670898438,11.683937072753906,0.02406359277665615,998.8419799804688,5.2544403076171875,0.03996885567903519,926.6541748046875,52.25988006591797,0.049231406301259995,971.78466796875,65.00690460205078,0.10392216593027115,937.7379150390625,134.48524475097656,0.03692146763205528,912.6982421875,110.69728088378906,0.06704198569059372,995.543701171875,112.43582153320312,0.8619101047515869,1061.89013671875,114.92816162109375,0.8903145790100098,864.851318359375,460.1634521484375,0.9638218283653259,991.9856567382812,488.24993896484375,0.9699020385742188,1093.1590576171875,722.8743286132812,0.9633924961090088,1091.479736328125,807.8820190429688,0.9654927849769592
291,9700,869.8433227539062,77.37421417236328,0.0019587145652621984,868.4374389648438,56.825592041015625,0.0025755565147846937,871.5593872070312,76.95510864257812,0.0010766468476504087,900.5857543945312,39.709442138671875,0.02163041941821575,930.3878173828125,72.87462615966797,0.004689227789640427,913.5185546875,8.012763977050781,0.020396867766976357,1017.6863403320312,5.2234954833984375,0.02638905867934227,933.4898071289062,61.11456298828125,0.03798244521021843,1007.3093872070312,70.20606994628906,0.05966075882315636,959.8786010742188,143.3601837158203,0.030469048768281937,945.1929931640625,124.57695007324219,0.04190802946686745,993.132568359375,101.15254211425781,0.8392875790596008,1075.63134765625,101.67631530761719,0.8566584587097168,855.3360595703125,451.4480895996094,0.9704319834709167,1015.6891479492188,477.1707458496094,0.972021758556366,1027.7330322265625,780.01171875,0.973615288734436,1159.911865234375,819.9746704101562,0.9728154540061951
292,9733,923.5197143554688,88.5300064086914,0.007221633568406105,926.6693115234375,58.897064208984375,0.009255141019821167,922.6919555664062,79.47926330566406,0.004588726907968521,954.942138671875,43.280982971191406,0.03175574913620949,964.6636962890625,77.51575469970703,0.007956098765134811,951.1763916015625,1.1707763671875,0.036247994750738144,1022.1648559570312,11.436264038085938,0.02239290066063404,949.7979736328125,53.46233367919922,0.06878642737865448,971.926025390625,56.312416076660156,0.04889310151338577,958.9579467773438,134.83749389648438,0.07415503263473511,919.9147338867188,108.88444519042969,0.06462140381336212,1005.5158081054688,91.76891326904297,0.8102927803993225,1073.50244140625,99.75528717041016,0.7653721570968628,850.4732666015625,434.0162048339844,0.9635377526283264,1030.358642578125,466.23046875,0.949653685092926,939.218994140625,802.4599609375,0.9586476683616638,1200.0751953125,797.9225463867188,0.9471944570541382
293,9766,931.5404663085938,92.89006805419922,0.00385685614310205,929.1077270507812,70.07853698730469,0.0037757358513772488,928.3333740234375,83.42937469482422,0.0018478488782420754,948.029296875,53.43214416503906,0.010093744844198227,966.0908813476562,76.07514953613281,0.0029567847959697247,947.3984985351562,17.18426513671875,0.014953047968447208,1017.9347534179688,11.923324584960938,0.012477102689445019,944.266845703125,66.82649230957031,0.07165256887674332,986.2008056640625,59.86033630371094,0.06475457549095154,943.9735717773438,115.43449401855469,0.13465794920921326,915.5252075195312,99.21597290039062,0.13027794659137726,994.6356811523438,72.60772705078125,0.8203144669532776,1060.017822265625,72.18598937988281,0.7921910285949707,883.73095703125,441.4259033203125,0.980221152305603,1049.9188232421875,463.1801452636719,0.9725328087806702,883.3577270507812,826.6417236328125,0.9829976558685303,1233.9554443359375,768.2825317382812,0.9778889417648315
294,9800,931.1829223632812,90.14952850341797,0.003741780063137412,931.6155395507812,66.49520874023438,0.003816924523562193,924.9093017578125,78.36664581298828,0.001773140043951571,953.2780151367188,52.31964111328125,0.008711425587534904,950.3328247070312,73.010009765625,0.002358054742217064,959.6944580078125,18.38433837890625,0.011617169715464115,985.12353515625,14.262588500976562,0.008847154676914215,957.526611328125,67.43888854980469,0.06277374923229218,959.2625122070312,56.78324890136719,0.052359048277139664,955.2704467773438,107.28236389160156,0.13327831029891968,905.9740600585938,85.83018493652344,0.12170051038265228,996.6619873046875,64.39608764648438,0.802489161491394,1031.6300048828125,64.93350219726562,0.7653216123580933,894.9375,444.01556396484375,0.9809709191322327,1041.2451171875,458.44219970703125,0.9721536636352539,864.5021362304688,832.0285034179688,0.9839598536491394,1249.592529296875,754.6826171875,0.9787993431091309
295,9833,887.7727661132812,77.45901489257812,0.0035623395815491676,891.2794189453125,53.23503112792969,0.004202894400805235,888.9320678710938,70.85508728027344,0.0018182193161919713,914.6156616210938,39.22991180419922,0.013180703856050968,922.2662353515625,68.74365997314453,0.0031743752770125866,922.7651977539062,0.0,0.011882640421390533,968.3606567382812,0.0,0.013752074912190437,921.1533203125,30.892501831054688,0.054118454456329346,942.3228149414062,34.042579650878906,0.06685779243707657,934.5711059570312,95.7271728515625,0.10229633748531342,903.015380859375,83.87015533447266,0.11864645034074783,1003.368408203125,68.24219512939453,0.7932950258255005,1050.460205078125,69.62178039550781,0.793362557888031,887.2017211914062,452.6641845703125,0.9729106426239014,1014.5783081054688,448.3666076660156,0.9684919118881226,866.7376098632812,824.2950439453125,0.9682464003562927,1269.7144775390625,747.4129028320312,0.9637516140937805
296,9866,913.3471069335938,89.79226684570312,0.00394268287345767,911.2450561523438,67.95501708984375,0.004307086113840342,910.5271606445312,82.24758911132812,0.0017408104613423347,932.08544921875,53.55766296386719,0.008702568709850311,938.4428100585938,79.75074005126953,0.001916805631481111,934.5294799804688,12.969314575195312,0.01200940366834402,972.2930297851562,5.909637451171875,0.007729738485068083,927.9986572265625,50.75990295410156,0.08077605068683624,955.04736328125,51.49351501464844,0.052532825618982315,931.0281372070312,91.75099182128906,0.16807983815670013,904.2462768554688,78.61248779296875,0.1339164525270462,995.6924438476562,71.25782775878906,0.8270178437232971,1024.5440673828125,75.2691650390625,0.7717248797416687,901.7374877929688,446.04156494140625,0.9835046529769897,987.7344970703125,473.51983642578125,0.9714563488960266,925.3861694335938,842.4912109375,0.9870755076408386,1244.249755859375,716.9947509765625,0.9803512692451477
297,9900,915.1188354492188,82.64277648925781,0.003447440452873707,916.0891723632812,63.05584716796875,0.0034592391457408667,913.0248413085938,77.42417907714844,0.0015168648678809404,942.673095703125,44.78521728515625,0.007931665517389774,935.8289794921875,71.14059448242188,0.0019545243121683598,948.9320068359375,1.047271728515625,0.014824021607637405,958.7944946289062,0.0,0.010787990875542164,928.3634033203125,43.182861328125,0.10454817116260529,940.8267211914062,50.24015808105469,0.07920823991298676,918.9735717773438,84.41853332519531,0.19268769025802612,904.388916015625,75.22737121582031,0.17264439165592194,995.1061401367188,89.5638427734375,0.8749339580535889,999.6004638671875,91.46022033691406,0.8390576243400574,907.8692016601562,466.5050354003906,0.9849691390991211,954.5105590820312,485.8034362792969,0.975031316280365,960.2607421875,846.3307495117188,0.9862669706344604,1216.0916748046875,709.3055419921875,0.9801362752914429
298,9933,886.1365356445312,75.31182861328125,0.00360569404438138,891.9078979492188,56.397308349609375,0.0038844614755362272,885.2045288085938,72.238037109375,0.0016356705455109477,928.2614135742188,36.988929748535156,0.010965041816234589,905.7210083007812,65.25604248046875,0.0024832640774548054,947.703369140625,1.4691009521484375,0.014873922802507877,935.4505004882812,0.0,0.0181818176060915,937.92919921875,46.57640075683594,0.08683016151189804,924.4146118164062,47.94042205810547,0.10815683752298355,916.380615234375,105.19532775878906,0.1477501541376114,894.7628784179688,102.58257293701172,0.1693405956029892,1000.1323852539062,115.87055969238281,0.8728944063186646,990.05126953125,111.89103698730469,0.8715400695800781,913.6083984375,485.0479736328125,0.980015218257904,946.2654418945312,478.1458740234375,0.9741129875183105,1009.7210083007812,853.1724243164062,0.9763461351394653,1186.127197265625,704.4942626953125,0.9726316928863525
299,9966,883.2594604492188,74.10630798339844,0.002093303482979536,889.2994995117188,52.599517822265625,0.002896129386499524,879.2298583984375,71.90437316894531,0.0011443195398896933,931.8096313476562,34.94773864746094,0.01735912822186947,892.1995849609375,71.58247375488281,0.0030379376839846373,965.8890991210938,10.407737731933594,0.01497673336416483,907.0958862304688,0.2609710693359375,0.022874819114804268,958.9169311523438,59.400238037109375,0.04078957065939903,923.56494140625,60.87718963623047,0.07354043424129486,921.192626953125,133.5515594482422,0.038698311895132065,885.2382202148438,116.78633880615234,0.060036491602659225,1013.43017578125,123.74894714355469,0.8601648211479187,961.108154296875,118.91775512695312,0.8768323659896851,934.4163208007812,500.4643249511719,0.9718790650367737,869.583984375,470.22528076171875,0.9680815935134888,1062.040283203125,850.071533203125,0.9687362909317017,1141.3504638671875,687.4486694335938,0.968494713306427
300,10000,899.9082641601562,90.79330444335938,0.002161996904760599,907.2656860351562,67.79203033447266,0.003200308885425329,888.4310302734375,83.22445678710938,0.0009029225911945105,952.5577392578125,46.7559814453125,0.018317703157663345,892.3856201171875,76.23058319091797,0.0017652962123975158,981.6780395507812,16.437652587890625,0.022532209753990173,906.3404541015625,7.8715667724609375,0.015225868672132492,950.868408203125,61.77864074707031,0.08216788619756699,923.2529907226562,69.77572631835938,0.06158481165766716,912.0848388671875,130.17347717285156,0.08167973160743713,875.332275390625,112.55401611328125,0.06845726072788239,1020.04541015625,115.2586669921875,0.8216392397880554,946.7503662109375,109.40473937988281,0.7873254418373108,957.85693359375,500.66192626953125,0.9526506066322327,836.10888671875,464.58160400390625,0.9288870692253113,1086.64892578125,840.6602783203125,0.9421607255935669,1083.3096923828125,699.98095703125,0.9317495226860046
301,10033,897.5623779296875,88.88188934326172,0.002801895374432206,902.3446655273438,66.73670196533203,0.0035547560546547174,888.0537109375,81.29896545410156,0.0013116452610120177,939.3081665039062,46.900177001953125,0.01386223267763853,895.3365478515625,74.12869262695312,0.002119736047461629,965.2512817382812,17.618453979492188,0.01850828155875206,918.1737670898438,7.4798126220703125,0.016669657081365585,933.4932861328125,63.75123596191406,0.07363767921924591,937.75634765625,67.49354553222656,0.07743199169635773,900.869384765625,120.08963012695312,0.08048012852668762,880.2037963867188,108.19807434082031,0.08472681790590286,1020.6215209960938,118.50251770019531,0.8755918145179749,955.06494140625,109.64959716796875,0.8686482310295105,1002.9939575195312,495.1478576660156,0.9782364964485168,831.8545532226562,434.6194152832031,0.9711800217628479,1153.6519775390625,841.970947265625,0.9773826003074646,1020.287109375,719.5556030273438,0.9769670963287354
302,10066,914.7310180664062,81.01739501953125,0.008643749170005322,921.1514282226562,57.2508544921875,0.010146068409085274,910.7274169921875,71.36888885498047,0.005720780696719885,950.3175659179688,42.132545471191406,0.023197224363684654,919.9264526367188,64.70194244384766,0.0075774164870381355,963.0135498046875,12.812164306640625,0.03718745708465576,944.8868408203125,1.11456298828125,0.02276635728776455,929.9330444335938,59.720970153808594,0.09358170628547668,950.376220703125,52.614234924316406,0.06279667466878891,916.9178466796875,110.26167297363281,0.08763712644577026,903.5535278320312,97.39514923095703,0.06803032010793686,1024.0555419921875,116.27446746826172,0.8128287196159363,969.9381103515625,106.25981140136719,0.7722276449203491,1029.0517578125,470.9028625488281,0.9527484178543091,827.384765625,434.4554443359375,0.9334644079208374,1195.592041015625,816.1800537109375,0.9371552467346191,951.1953735351562,749.1095581054688,0.925091564655304
303,10100,923.1336059570312,80.98681640625,0.00951178278774023,929.2633666992188,57.13517761230469,0.011147581040859222,917.8135986328125,70.86406707763672,0.006522127892822027,957.3514404296875,44.57219696044922,0.023583125323057175,923.494873046875,66.34144592285156,0.008313776925206184,962.7925415039062,19.138641357421875,0.0384691022336483,946.9526977539062,10.024681091308594,0.020543871447443962,929.0454711914062,63.58268737792969,0.09077852964401245,946.5642700195312,59.15155792236328,0.0509013757109642,912.6373901367188,114.85173797607422,0.08096130937337875,913.0440673828125,112.86515808105469,0.05266215279698372,1019.729248046875,108.33643341064453,0.8008776307106018,967.1133422851562,100.4106216430664,0.7482861280441284,1045.2857666015625,465.0617980957031,0.9503991603851318,850.1255493164062,439.18463134765625,0.9293484687805176,1216.203857421875,794.9122924804688,0.9358360767364502,895.9578247070312,770.3375854492188,0.9218065142631531
304,10133,926.6356201171875,94.5439224243164,0.0038145084399729967,927.8529052734375,74.24354553222656,0.004385604057461023,920.4560546875,83.69837951660156,0.0023261860478669405,953.7308959960938,59.572265625,0.01037733443081379,933.3850708007812,75.61372375488281,0.0030881587881594896,955.61083984375,36.842742919921875,0.012015335261821747,967.0,20.8795166015625,0.011152093298733234,921.653564453125,96.61257934570312,0.04084388539195061,986.7726440429688,95.89077758789062,0.04430491849780083,923.445556640625,136.86859130859375,0.04469627887010574,945.9913940429688,156.20965576171875,0.04360126703977585,1001.7371215820312,77.192138671875,0.8209320306777954,967.2318115234375,70.62149047851562,0.8154681324958801,1038.2662353515625,465.1132507324219,0.9775742888450623,876.5486450195312,439.17626953125,0.9736460447311401,1248.7022705078125,778.5888061523438,0.9832420349121094,853.1709594726562,797.0716552734375,0.9828365445137024
305,10166,927.1661376953125,71.3946762084961,0.009863822720944881,934.0647583007812,47.8590087890625,0.012364577502012253,919.41015625,60.437313079833984,0.007045293692499399,960.4228515625,41.086509704589844,0.022266827523708344,917.6217041015625,61.052696228027344,0.007591428700834513,959.4981079101562,25.666831970214844,0.029371211305260658,931.2277221679688,17.570480346679688,0.013087520375847816,930.0216674804688,71.93087768554688,0.06838106364011765,917.102783203125,68.473388671875,0.029605496674776077,913.5004272460938,122.59398651123047,0.06526245921850204,904.6029052734375,141.24403381347656,0.033357176929712296,1009.3958740234375,93.07198333740234,0.7501144409179688,957.4411010742188,88.31238555908203,0.6743889451026917,1006.1641845703125,457.5048828125,0.9456397891044617,870.0576782226562,440.58428955078125,0.9196610450744629,1247.8974609375,762.7970581054688,0.9396898746490479,884.8671264648438,782.467529296875,0.9248928427696228
306,10200,963.9195556640625,100.78106689453125,0.018463248386979103,963.3015747070312,80.87237548828125,0.01532541774213314,945.1710815429688,89.03146362304688,0.013428013771772385,968.5595092773438,70.62139892578125,0.01044719573110342,928.8977661132812,80.37615966796875,0.008020293898880482,968.7427978515625,37.3135986328125,0.020213209092617035,942.9254150390625,38.166595458984375,0.010595403611660004,954.1243896484375,96.48628234863281,0.07194659113883972,916.9276123046875,109.92805480957031,0.033389862626791,942.381103515625,155.98924255371094,0.11483901739120483,883.5751342773438,182.1100616455078,0.06231318414211273,992.4937133789062,89.99725341796875,0.6842208504676819,947.4970703125,87.20205688476562,0.5979150533676147,972.6024780273438,470.21917724609375,0.9552631378173828,883.2317504882812,465.49676513671875,0.9333233833312988,1244.24853515625,740.0861206054688,0.9739087224006653,913.8063354492188,807.2567749023438,0.9658297300338745
307,10233,881.0676879882812,96.30677032470703,0.004624640569090843,880.1871337890625,75.91683197021484,0.005267883650958538,874.8451538085938,86.9556655883789,0.002543157897889614,905.2247924804688,63.74542236328125,0.010073672980070114,903.6597900390625,81.54995727539062,0.00290247006341815,905.7986450195312,23.528091430664062,0.010265708900988102,956.8013305664062,10.354339599609375,0.0115805109962821,916.9838256835938,57.42384338378906,0.04491797089576721,930.1140747070312,68.41314697265625,0.0552920363843441,913.8558349609375,130.6479949951172,0.06190025806427002,889.7056884765625,106.29222106933594,0.06705646961927414,974.9844360351562,68.81712341308594,0.7977808117866516,991.7137451171875,74.57057189941406,0.801677942276001,941.930419921875,473.1936950683594,0.9723927974700928,916.6580200195312,482.7117004394531,0.9697895646095276,1227.1414794921875,735.9082641601562,0.9793607592582703,966.990234375,824.1195068359375,0.9780734181404114
308,10266,865.9733276367188,87.98542785644531,0.0037231126334518194,864.2468872070312,69.94171142578125,0.00364990858361125,863.7034301757812,85.08826446533203,0.002047075657173991,889.8360595703125,54.56968688964844,0.009251009672880173,903.1695556640625,80.17735290527344,0.0031756183598190546,893.9968872070312,20.893089294433594,0.010321598500013351,983.8995361328125,2.6531982421875,0.02330947108566761,900.500244140625,55.44060516357422,0.04812188073992729,955.08251953125,57.86089324951172,0.14480945467948914,887.3282470703125,115.59061431884766,0.06952770799398422,880.059814453125,92.72291564941406,0.16679972410202026,974.6463012695312,102.878173828125,0.83463454246521,1018.8367919921875,104.58961486816406,0.8808196783065796,914.0240478515625,474.7228088378906,0.9688994884490967,914.8460693359375,481.9112548828125,0.9765823483467102,1177.3963623046875,710.513671875,0.9731194376945496,996.9284057617188,824.6152954101562,0.9764069318771362
309,10300,869.5314331054688,85.75621032714844,0.00302451872266829,867.293212890625,69.68453979492188,0.0031094651203602552,867.6277465820312,85.42721557617188,0.0017133906949311495,889.4430541992188,51.563690185546875,0.013400108553469181,912.4332885742188,76.99392700195312,0.004359111189842224,885.69091796875,16.769737243652344,0.017419518902897835,1001.4986572265625,0.0,0.03177925944328308,896.720458984375,53.447364807128906,0.05349342152476311,948.5350952148438,58.57495880126953,0.1261049211025238,905.4159545898438,126.49271392822266,0.05249358341097832,890.3815307617188,101.61458587646484,0.10540106147527695,969.5652465820312,118.14523315429688,0.8833647966384888,1044.49560546875,117.65304565429688,0.9100774526596069,871.3342895507812,476.6779479980469,0.9758716225624084,940.2797241210938,488.2929382324219,0.9806942939758301,1125.765869140625,705.7528076171875,0.9789416790008545,996.1939697265625,821.4845581054688,0.9807971715927124
310,10333,851.8424072265625,91.12088012695312,0.0024698865599930286,852.4832153320312,73.80702209472656,0.002909148810431361,848.7511596679688,92.48130798339844,0.0013681183336302638,884.693359375,56.087860107421875,0.01734636351466179,892.4725341796875,86.23695373535156,0.004345050547271967,890.0385131835938,18.713584899902344,0.021092025563120842,974.9660034179688,4.669281005859375,0.0297966618090868,879.4099731445312,46.42048645019531,0.05663961544632912,924.241943359375,53.59075927734375,0.09487295150756836,865.706787109375,96.21480560302734,0.04869819059967995,860.3280639648438,89.77237701416016,0.07598220556974411,973.7122192382812,101.35588073730469,0.8515419363975525,1036.330810546875,100.24113464355469,0.8711971044540405,853.651123046875,461.2634582519531,0.9640777111053467,968.7456665039062,482.0420227050781,0.96705561876297,1076.4931640625,724.1033325195312,0.964107871055603,1063.458984375,796.8883666992188,0.9642190337181091
311,10366,852.3790283203125,82.44406127929688,0.00246712239459157,850.552978515625,63.27919006347656,0.00279989093542099,853.1781616210938,83.16451263427734,0.0013175299391150475,882.736083984375,45.209266662597656,0.01501735020428896,910.0589599609375,77.85447692871094,0.003850359935313463,896.9133911132812,10.566627502441406,0.015110526233911514,997.8710327148438,2.9844818115234375,0.02705969661474228,897.6227416992188,55.552162170410156,0.04192041978240013,966.0256958007812,59.242332458496094,0.09921949356794357,897.7603149414062,125.32784271240234,0.047757647931575775,888.1058349609375,101.04075622558594,0.0962117463350296,974.2755126953125,100.58015441894531,0.8493691682815552,1052.88525390625,98.01658630371094,0.8819609880447388,839.171142578125,448.6981201171875,0.9753041863441467,990.5764770507812,471.6072692871094,0.9795482158660889,999.0399780273438,779.253662109375,0.9786298871040344,1119.31787109375,822.920166015625,0.9798544049263
312,10400,874.47509765625,84.04566192626953,0.004492543172091246,871.8648071289062,62.37201690673828,0.004665299318730831,872.4657592773438,78.95450592041016,0.0019211097387596965,901.2236938476562,46.19755554199219,0.016080835834145546,926.0958251953125,73.49736785888672,0.003933473024517298,913.1376953125,13.147018432617188,0.0258584376424551,1000.041748046875,11.951156616210938,0.021943597123026848,914.5574340820312,58.07427978515625,0.09236839413642883,970.9024658203125,61.72187805175781,0.07741586863994598,917.379150390625,115.92617797851562,0.1329759955406189,904.8574829101562,93.52748107910156,0.11147120594978333,981.7101440429688,88.64799499511719,0.8620173335075378,1058.383544921875,88.46932983398438,0.8436733484268188,844.8997192382812,430.760009765625,0.9824607968330383,1020.955322265625,467.052978515625,0.977207362651825,921.104736328125,814.8968505859375,0.9846866726875305,1167.8338623046875,807.6571655273438,0.9804408550262451
313,10433,909.6685180664062,93.77622985839844,0.005705368705093861,905.6585083007812,70.99376678466797,0.0049956319853663445,904.89404296875,84.14350891113281,0.002413217443972826,926.0167846679688,53.6396484375,0.009182806126773357,947.8194580078125,75.17257690429688,0.002770759863778949,930.7886352539062,15.478271484375,0.018168754875659943,1008.0866088867188,9.46051025390625,0.013175588101148605,922.3157958984375,62.04981994628906,0.11844127625226974,968.3135375976562,57.976959228515625,0.08943894505500793,896.3703002929688,122.12663269042969,0.2585087716579437,889.0919189453125,111.46261596679688,0.22805531322956085,984.74560546875,81.40104675292969,0.8479472994804382,1053.754638671875,79.62496948242188,0.8117828965187073,863.3698120117188,433.7981872558594,0.9834856986999512,1027.6007080078125,455.3456726074219,0.9756812453269958,852.4481201171875,815.8427124023438,0.985183596611023,1193.79931640625,779.203125,0.9799290299415588
314,10466,929.282958984375,90.91646575927734,0.005008045118302107,927.682861328125,67.83446502685547,0.004461995325982571,923.4472045898438,79.18675231933594,0.0021912530064582825,947.1494750976562,52.324493408203125,0.00724269961938262,952.2770385742188,71.60696411132812,0.0021984283812344074,950.8516845703125,14.666656494140625,0.011760272085666656,990.8106079101562,8.706344604492188,0.009475002065300941,936.3981323242188,59.439697265625,0.088150255382061,952.62109375,50.29847717285156,0.0761924684047699,912.4862060546875,105.11604309082031,0.22575882077217102,890.2599487304688,89.17845153808594,0.21723784506320953,987.7687377929688,67.04356384277344,0.8109275102615356,1030.9915771484375,66.55123901367188,0.7757382988929749,879.6731567382812,436.1202697753906,0.9818445444107056,1028.0133056640625,453.2989501953125,0.9735148549079895,840.7664794921875,821.42529296875,0.9841774702072144,1216.802978515625,756.9774169921875,0.978935956954956
315,10500,899.7420654296875,74.51637268066406,0.003248963737860322,905.8920288085938,50.69636535644531,0.003806882072240114,898.09423828125,67.97190856933594,0.001722561428323388,929.7702026367188,37.206573486328125,0.012069160118699074,921.1368408203125,66.53387451171875,0.0030336440540850163,938.901123046875,0.0,0.011061231605708599,953.9019165039062,0.0,0.012799186632037163,928.5245971679688,31.311172485351562,0.05111231654882431,919.9794311523438,35.703712463378906,0.06443555653095245,931.9268798828125,94.71672821044922,0.09652706980705261,889.2685546875,88.1535873413086,0.11491445451974869,996.711181640625,68.58533477783203,0.7672690749168396,1025.87890625,71.8121109008789,0.7671912312507629,872.4990234375,441.5591125488281,0.9655066728591919,1004.6371459960938,445.6031188964844,0.9603795409202576,836.9102783203125,803.7630615234375,0.9599597454071045,1237.685302734375,748.9339599609375,0.9539838433265686
316,10533,921.871826171875,95.91288757324219,0.0045010605826973915,922.8411865234375,72.12693786621094,0.00460838433355093,915.7036743164062,86.2818603515625,0.002127557061612606,947.1885375976562,55.55438232421875,0.007168935611844063,938.0081176757812,80.7791748046875,0.0020194288808852434,947.4234008789062,7.159332275390625,0.010042683221399784,967.7417602539062,0.0,0.0069421869702637196,925.4843139648438,38.291656494140625,0.07640964537858963,932.56298828125,40.302154541015625,0.054829660803079605,925.0574340820312,57.947845458984375,0.1801137775182724,898.0391235351562,56.11427307128906,0.15306149423122406,990.5420532226562,62.7923583984375,0.7987417578697205,1010.7222290039062,63.66481018066406,0.7464747428894043,891.775634765625,450.51068115234375,0.9809674620628357,979.893310546875,462.859130859375,0.9693256616592407,896.0509643554688,823.9119873046875,0.9849943518638611,1219.677490234375,724.554931640625,0.9785962104797363
317,10566,909.4948120117188,109.99690246582031,0.0049241106025874615,911.00048828125,86.49103546142578,0.005202080588787794,903.5152587890625,99.97320556640625,0.002346757799386978,939.439453125,66.17587280273438,0.007389771286398172,921.8712158203125,91.07492065429688,0.001919709611684084,954.2965087890625,24.50537109375,0.00878023263067007,954.112060546875,11.897735595703125,0.007985259406268597,957.4361572265625,64.70077514648438,0.06453975290060043,955.6629638671875,62.84230041503906,0.06705821305513382,909.0678100585938,82.09295654296875,0.15474775433540344,891.2417602539062,70.634033203125,0.17608757317066193,990.4339599609375,79.34138488769531,0.7828959822654724,989.6070556640625,77.35807800292969,0.7549176812171936,901.3702392578125,465.7315979003906,0.977972149848938,942.9450073242188,476.6470642089844,0.9681428074836731,940.285400390625,836.8709106445312,0.9831763505935669,1198.346435546875,708.7052001953125,0.9777863621711731
318,10600,875.325439453125,89.75413513183594,0.004935567732900381,878.6243286132812,71.59586334228516,0.005235257092863321,872.5983276367188,83.57794189453125,0.002137876348569989,914.5484619140625,53.01123046875,0.013923718594014645,896.4410400390625,75.0307846069336,0.0030146469362080097,948.7308349609375,20.320907592773438,0.019046008586883545,928.8294067382812,7.7755279541015625,0.024575989693403244,955.376220703125,73.04173278808594,0.08553187549114227,953.2906494140625,71.15350341796875,0.11934421956539154,907.8047485351562,117.84402465820312,0.13904596865177155,891.832763671875,96.95022583007812,0.1754506677389145,995.1903686523438,113.08341979980469,0.8728905320167542,978.3733520507812,108.32034301757812,0.8763724565505981,909.0617065429688,479.91998291015625,0.980946958065033,932.1194458007812,486.2709045410156,0.9765864610671997,982.8717651367188,841.1337890625,0.9807064533233643,1165.158447265625,710.726806640625,0.9780527949333191
319,10633,870.0114135742188,77.23908233642578,0.0034239189699292183,874.6038208007812,58.613250732421875,0.004120280500501394,862.7561645507812,72.90763092041016,0.0012456830590963364,921.5859985351562,38.9080810546875,0.016042102128267288,877.3511352539062,66.98993682861328,0.0018391464836895466,961.5657348632812,6.3343505859375,0.02139110490679741,894.0665283203125,0.0,0.027026060968637466,944.630859375,52.34010314941406,0.09945688396692276,914.7155151367188,65.74996948242188,0.13550814986228943,900.3433227539062,129.25790405273438,0.13299258053302765,879.0225219726562,120.52047729492188,0.1626669019460678,1011.0956420898438,126.05410766601562,0.9227476716041565,949.552001953125,118.63316345214844,0.9254047274589539,931.4207153320312,506.2005615234375,0.9861709475517273,853.376953125,472.6733093261719,0.9825258255004883,1047.941162109375,845.63232421875,0.9834713339805603,1123.101806640625,686.506591796875,0.9827484488487244
320,10666,926.591552734375,94.36280822753906,0.009466798044741154,937.6184692382812,68.19225311279297,0.009958039037883282,913.6594848632812,80.80055236816406,0.004410115536302328,973.1436767578125,47.52351379394531,0.01961243338882923,905.6914672851562,68.42976379394531,0.004145970102399588,986.0332641601562,11.26629638671875,0.034202758222818375,906.5326538085938,1.6609954833984375,0.022305434569716454,937.71044921875,70.93647766113281,0.12546133995056152,908.7239379882812,58.74224853515625,0.09008720517158508,878.96337890625,132.60781860351562,0.17160527408123016,859.484619140625,93.70335388183594,0.15341253578662872,1016.3069458007812,131.64743041992188,0.7996644973754883,940.0541381835938,125.32658386230469,0.7535650134086609,934.1378784179688,492.94775390625,0.950815737247467,823.597412109375,461.1907653808594,0.9215505123138428,1059.4202880859375,828.1487426757812,0.9406573176383972,1091.0927734375,673.4796142578125,0.9266772866249084
321,10700,872.5530395507812,100.70088958740234,0.003700446803122759,877.4653930664062,78.77318572998047,0.004304641392081976,864.0311279296875,93.17076873779297,0.0015424354933202267,922.1090698242188,59.710693359375,0.01657208986580372,878.6922607421875,86.9341049194336,0.002466898411512375,961.4645385742188,28.724441528320312,0.020598730072379112,907.0982666015625,15.359527587890625,0.033696480095386505,935.5825805664062,64.43586730957031,0.07869665324687958,935.2733154296875,62.05870056152344,0.15022635459899902,893.377685546875,113.84825134277344,0.09409406036138535,877.4293212890625,96.42526245117188,0.14494270086288452,1016.379638671875,125.67027282714844,0.9018245935440063,950.4012451171875,114.34895324707031,0.9201549291610718,976.494140625,501.9324645996094,0.9813109636306763,821.4127807617188,436.1273193359375,0.98045414686203,1116.3489990234375,836.3394165039062,0.9770491719245911,1014.4268188476562,710.3325805664062,0.9806742668151855
322,10733,868.3522338867188,93.24311828613281,0.0017709342064335942,874.563720703125,70.93125915527344,0.0026050156448036432,866.7601928710938,86.05947875976562,0.0010163921397179365,917.9212646484375,53.633514404296875,0.018074065446853638,889.4495239257812,80.61602783203125,0.0029666523914784193,957.459228515625,24.275711059570312,0.014459916390478611,916.3989868164062,11.883888244628906,0.02243000827729702,932.4381103515625,67.32048797607422,0.032307930290699005,956.1890869140625,64.81111907958984,0.06724105030298233,930.8899536132812,124.62723541259766,0.02373923733830452,923.0770263671875,127.18114471435547,0.039320360869169235,1013.8153076171875,121.59347534179688,0.8511925339698792,950.97216796875,115.63412475585938,0.8796033263206482,1006.79296875,483.2287292480469,0.9698730111122131,825.5572509765625,430.5001220703125,0.9703173637390137,1159.235107421875,832.9901733398438,0.9672844409942627,950.5550537109375,743.953369140625,0.9729243516921997
323,10766,918.6987915039062,82.84909057617188,0.009190501645207405,926.854248046875,60.18024444580078,0.011470694094896317,913.792236328125,72.69376373291016,0.006073047406971455,959.2216186523438,45.748146057128906,0.025832070037722588,919.1001586914062,65.05453491210938,0.0077842180617153645,973.2821655273438,17.186416625976562,0.04100772738456726,934.3764038085938,5.730308532714844,0.01992081105709076,936.7901611328125,63.763641357421875,0.09715846180915833,932.2322387695312,58.167938232421875,0.047725941985845566,914.5191650390625,118.61210632324219,0.08443109691143036,902.72607421875,120.7825698852539,0.048846811056137085,1026.1568603515625,115.04383850097656,0.8001196980476379,959.5332641601562,104.29236602783203,0.7396722435951233,1034.0716552734375,468.3629150390625,0.9470569491386414,835.9004516601562,432.3677062988281,0.9203625917434692,1203.601318359375,800.1970825195312,0.9285934567451477,903.287353515625,751.3777465820312,0.912106990814209
324,10800,927.1853637695312,96.4885482788086,0.004086840897798538,930.1517944335938,76.07324981689453,0.004874047823250294,919.5690307617188,84.68094635009766,0.00225338083691895,960.0023803710938,62.90327453613281,0.010492303408682346,927.981689453125,77.37256622314453,0.0025508941616863012,971.2452392578125,43.20716857910156,0.012629175558686256,952.2568359375,23.172958374023438,0.010657129809260368,928.64306640625,98.80668640136719,0.050744350999593735,969.63671875,88.95195007324219,0.04823405668139458,905.0700073242188,130.1959991455078,0.060149334371089935,915.2098999023438,133.37869262695312,0.054456062614917755,1015.2070922851562,86.87269592285156,0.8350070118904114,959.560791015625,78.4530029296875,0.8228797912597656,1044.205322265625,468.6683349609375,0.9793204069137573,862.3692626953125,439.6722412109375,0.9743523001670837,1234.21728515625,786.6383056640625,0.9841221570968628,865.661376953125,795.0860595703125,0.9831420183181763
325,10833,887.7437133789062,97.99703979492188,0.005686672404408455,892.001953125,71.70096588134766,0.007726780138909817,880.2324829101562,81.8811264038086,0.00290601490996778,931.3956298828125,59.99034118652344,0.01846194826066494,899.0350341796875,77.22026824951172,0.003356737783178687,958.2720947265625,39.66357421875,0.015339967794716358,926.4680786132812,34.40826416015625,0.01545926183462143,909.6871948242188,98.60801696777344,0.04150504618883133,947.932861328125,102.64595031738281,0.0445370115339756,867.01904296875,162.51168823242188,0.04351624846458435,895.1015625,171.9784393310547,0.04049081727862358,1016.7955322265625,70.477294921875,0.8099271059036255,959.4844360351562,73.00909423828125,0.8138805031776428,1020.1613159179688,455.7340393066406,0.9753015041351318,874.0968627929688,436.8782043457031,0.9713932275772095,1251.3267822265625,764.5247192382812,0.9800452589988708,879.3760986328125,793.7531127929688,0.9808576107025146
326,10866,935.1419677734375,70.43511199951172,0.006793988402932882,945.7257080078125,48.124237060546875,0.009281337261199951,926.50439453125,59.62376403808594,0.00469135120511055,975.0263671875,39.375892639160156,0.01838362030684948,917.8965454101562,57.07383728027344,0.0049804686568677425,976.686279296875,23.20800018310547,0.019801747053861618,917.7949829101562,12.710357666015625,0.00961059145629406,948.3543701171875,67.6197280883789,0.05414322391152382,897.1594848632812,60.31663513183594,0.026616409420967102,909.09814453125,119.11273956298828,0.05515597015619278,877.5781860351562,126.71763610839844,0.03265365958213806,1011.3246459960938,97.5084228515625,0.729526162147522,947.093505859375,93.70214080810547,0.6620945930480957,981.4092407226562,459.6706237792969,0.9415946006774902,879.7494506835938,447.2003173828125,0.9165213108062744,1245.366455078125,749.766357421875,0.9403864145278931,921.5846557617188,766.0958862304688,0.9277783036231995
327,10900,926.1284790039062,90.39273834228516,0.003356027649715543,927.4970092773438,74.71421813964844,0.0040338244289159775,917.3972778320312,84.51102447509766,0.0020273206755518913,945.5867309570312,61.37031555175781,0.008260207250714302,924.0664672851562,78.17289733886719,0.002161051845178008,929.0875854492188,26.241668701171875,0.00771882152184844,962.0479125976562,10.999832153320312,0.006952483672648668,908.8734741210938,60.392852783203125,0.036810025572776794,923.97607421875,68.127685546875,0.03642400726675987,886.2017211914062,125.68977355957031,0.04963899403810501,864.867431640625,114.071044921875,0.04957760497927666,975.8976440429688,71.6121826171875,0.7759042382240295,977.5811157226562,74.12503051757812,0.7594853043556213,955.2158813476562,477.7605285644531,0.9697557091712952,924.9948120117188,484.52984619140625,0.9642417430877686,1245.562744140625,730.3403930664062,0.980125367641449,950.8389282226562,810.7965698242188,0.9780830144882202
328,10933,927.7944946289062,90.20340728759766,0.0030191605910658836,927.2981567382812,75.13838195800781,0.0034276095684617758,920.6089477539062,86.78041076660156,0.001974045531824231,942.6306762695312,60.94541931152344,0.01065471675246954,936.0520629882812,81.36165618896484,0.003412394318729639,921.863037109375,22.884933471679688,0.012107842601835728,987.3529052734375,7.97479248046875,0.013731490820646286,910.7612915039062,59.21360778808594,0.039408281445503235,935.4365844726562,73.15585327148438,0.052976686507463455,894.9376831054688,131.18165588378906,0.03915270417928696,878.3624267578125,113.33308410644531,0.05225154757499695,976.5911865234375,84.6610107421875,0.8267689943313599,1008.2357177734375,88.74151611328125,0.8283328413963318,928.2625732421875,478.5819396972656,0.9699569940567017,936.6849975585938,499.69281005859375,0.968845784664154,1220.6705322265625,721.3533935546875,0.9798744320869446,990.9404296875,828.9164428710938,0.9784218072891235
329,10966,921.8250732421875,91.65467834472656,0.0034187196288257837,916.8638916015625,76.7676773071289,0.0033299459610134363,916.3379516601562,89.467529296875,0.002136999974027276,927.8544311523438,60.283058166503906,0.011387822218239307,948.2955932617188,81.05795288085938,0.0045188311487436295,905.3978271484375,26.483367919921875,0.018156960606575012,1028.02001953125,4.537628173828125,0.024629004299640656,912.463134765625,59.34535217285156,0.058574363589286804,958.0516357421875,67.91130065917969,0.09670399874448776,903.4185791015625,133.30274963378906,0.05968443304300308,889.525634765625,110.01077270507812,0.09593256562948227,972.4693603515625,105.13755798339844,0.8612022995948792,1052.197021484375,102.16758728027344,0.8725715279579163,883.5590209960938,477.9653625488281,0.9702280163764954,939.8193969726562,494.4312744140625,0.9728628396987915,1172.5418701171875,697.2971801757812,0.9793477654457092,1016.7700805664062,832.9163818359375,0.9788305163383484
330,11000,870.4974975585938,84.41015625,0.0021096656564623117,869.99853515625,66.80552673339844,0.0024413850624114275,870.3470458984375,84.12732696533203,0.0011478448286652565,897.2177734375,47.78924560546875,0.019655968993902206,918.0003662109375,75.15934753417969,0.00486293388530612,896.0518798828125,12.801361083984375,0.02612111158668995,1001.2701416015625,0.0,0.0369684211909771,908.600341796875,51.88050842285156,0.05938238278031349,962.7621459960938,55.49608612060547,0.099320188164711,924.1194458007812,128.08645629882812,0.044151365756988525,907.26123046875,107.09353637695312,0.06535468250513077,982.1270751953125,108.39019775390625,0.8637573719024658,1055.8604736328125,107.21099853515625,0.8820096850395203,878.2258911132812,474.4452209472656,0.9634091854095459,973.0946044921875,486.1226806640625,0.9653792381286621,1099.2611083984375,754.6172485351562,0.9574958682060242,1064.6068115234375,799.2405395507812,0.9579731822013855
331,11033,869.6539306640625,80.01603698730469,0.0027011698111891747,870.057373046875,60.87792205810547,0.0030156432185322046,868.2122192382812,79.7940673828125,0.0014723311178386211,900.6890258789062,44.28034973144531,0.01758520118892193,914.7390747070312,75.30638122558594,0.004839623346924782,908.1925659179688,13.475326538085938,0.020165564492344856,1002.1717529296875,5.7813720703125,0.03352194279432297,916.9805297851562,60.341835021972656,0.04911964014172554,977.62060546875,64.39514923095703,0.0996696799993515,911.9097290039062,134.63937377929688,0.04708067700266838,899.0352172851562,111.04083251953125,0.08164136856794357,992.0469970703125,107.45187377929688,0.8517838716506958,1062.7730712890625,106.31996154785156,0.880472719669342,861.0928955078125,462.8613586425781,0.9699971675872803,993.047607421875,479.5367736816406,0.9739710092544556,1062.9691162109375,770.230224609375,0.9700597524642944,1114.70703125,819.4052124023438,0.9714993238449097
332,11066,911.225341796875,88.7537841796875,0.00811748392879963,913.1209716796875,60.40073776245117,0.010694766417145729,912.2741088867188,81.11080169677734,0.005234268493950367,940.0050659179688,43.2835693359375,0.0386723093688488,959.6673583984375,76.81633758544922,0.009169514290988445,933.932373046875,7.273040771484375,0.0414833128452301,1025.5400390625,16.162879943847656,0.027240529656410217,933.462158203125,54.35435485839844,0.07039809226989746,975.43505859375,60.37580108642578,0.052919719368219376,949.4039306640625,134.3792724609375,0.07083986699581146,917.0092163085938,111.9466323852539,0.0630757212638855,1002.2757568359375,99.61880493164062,0.7927243709564209,1078.0418701171875,104.66178131103516,0.7540096044540405,841.0391235351562,433.6318664550781,0.9528562426567078,1007.9378051757812,458.5797119140625,0.9398173689842224,1002.6136474609375,786.313720703125,0.9472784399986267,1151.530029296875,807.9678955078125,0.9371556043624878
333,11100,921.8776245117188,85.36541748046875,0.0078989053145051,924.4916381835938,56.511451721191406,0.0097245117649436,921.1427001953125,75.23348236083984,0.005237014964222908,947.8173217773438,42.33991241455078,0.032006923109292984,960.7841186523438,73.19495391845703,0.00910965446382761,942.960205078125,2.3845367431640625,0.0363432802259922,1020.3286743164062,11.640380859375,0.023750081658363342,943.3184204101562,58.3656005859375,0.06497590243816376,970.9370727539062,62.81421661376953,0.0497359000146389,952.4031982421875,140.55593872070312,0.07042354345321655,917.7486572265625,120.83150482177734,0.0645667165517807,1004.5287475585938,93.59305572509766,0.8080810904502869,1076.484130859375,99.60742950439453,0.7692955732345581,856.71044921875,436.7477722167969,0.9649028778076172,1033.115478515625,456.4595947265625,0.9530172944068909,926.1882934570312,798.57666015625,0.9607146978378296,1191.765869140625,790.8261108398438,0.9519245028495789
334,11133,932.1201782226562,90.64521789550781,0.004105577245354652,930.1681518554688,68.04586029052734,0.004240141250193119,927.6661987304688,80.53074645996094,0.0019767822232097387,951.2501831054688,52.47990417480469,0.011427955701947212,962.8898315429688,73.78459167480469,0.0030959798023104668,956.1577758789062,20.639602661132812,0.01651652343571186,1010.00244140625,16.438888549804688,0.012171166948974133,957.3825073242188,69.227783203125,0.07135599851608276,976.207763671875,61.753875732421875,0.0561087541282177,953.9493408203125,114.14964294433594,0.12612789869308472,911.621337890625,87.71649169921875,0.10831036418676376,997.3130493164062,70.3538818359375,0.8195602297782898,1051.51416015625,69.3138427734375,0.7826446890830994,892.6007690429688,440.06048583984375,0.9802394509315491,1045.9342041015625,456.4278259277344,0.9714707136154175,883.8673706054688,823.1350708007812,0.9831089377403259,1221.5472412109375,767.9443359375,0.9777792692184448
335,11166,938.95849609375,88.53675842285156,0.003877683077007532,939.7027587890625,64.44502258300781,0.004251703154295683,931.212158203125,76.2037353515625,0.0020685240160673857,960.5112915039062,51.69740295410156,0.01047094352543354,952.0531005859375,72.7510757446289,0.0031224682461470366,969.30029296875,20.7982177734375,0.012930340133607388,983.8101806640625,16.166976928710938,0.00927312858402729,970.8240966796875,73.26296997070312,0.05177733302116394,961.67822265625,62.02848815917969,0.040586408227682114,973.9896240234375,122.76324462890625,0.0923105925321579,914.04736328125,93.20004272460938,0.0795912817120552,1005.470458984375,61.77754211425781,0.7841920852661133,1032.089111328125,62.41987609863281,0.7408143281936646,900.2323608398438,439.7806091308594,0.9779725074768066,1029.492431640625,454.190185546875,0.9675859212875366,877.4835205078125,820.9929809570312,0.9831355214118958,1235.5316162109375,753.1688842773438,0.9773271679878235
336,11200,926.8707885742188,88.60226440429688,0.004719247110188007,929.1082763671875,64.66326141357422,0.004945948254317045,919.3898315429688,78.55348205566406,0.0023488833103328943,957.3757934570312,51.6009521484375,0.0090680792927742,942.236572265625,76.06189727783203,0.0026394224260002375,965.994873046875,12.010025024414062,0.011221104301512241,977.2532958984375,6.27740478515625,0.009790114127099514,956.323974609375,52.64799499511719,0.05940826237201691,952.5825805664062,51.33274841308594,0.05835180729627609,955.62451171875,86.43681335449219,0.1257982850074768,919.8421020507812,71.26922607421875,0.13197699189186096,1014.79345703125,61.20579528808594,0.7864062190055847,1033.4549560546875,62.600006103515625,0.758293867111206,901.7417602539062,439.0227355957031,0.9777310490608215,1004.6829223632812,457.951904296875,0.969264030456543,911.6827392578125,811.6138916015625,0.9832994341850281,1238.7259521484375,740.1024169921875,0.9780789017677307
337,11233,925.7477416992188,85.22804260253906,0.004336769692599773,927.8976440429688,63.91083526611328,0.004483888857066631,920.1000366210938,77.23299407958984,0.001988246338441968,955.8085327148438,48.068115234375,0.008229397237300873,937.2030029296875,71.9582290649414,0.002130091655999422,964.7092895507812,6.67144775390625,0.012917237356305122,959.3609619140625,0.0,0.009513790719211102,949.4091796875,41.89366149902344,0.08824297785758972,940.5406494140625,44.01274108886719,0.06761991232633591,937.1522827148438,76.08782958984375,0.18027032911777496,917.5020141601562,68.06108093261719,0.15915514528751373,1011.9725341796875,74.30447387695312,0.8388336300849915,1009.9010009765625,74.44473266601562,0.7986359596252441,920.4651489257812,459.9972229003906,0.9820772409439087,972.7813110351562,471.796875,0.971379280090332,953.6260986328125,835.5218505859375,0.9845298528671265,1217.50146484375,715.5172729492188,0.9783557653427124
338,11266,893.4819946289062,71.08506774902344,0.004341775551438332,896.7257690429688,50.31925964355469,0.004246165044605732,894.0950317382812,65.069091796875,0.0018259106436744332,925.9349365234375,31.826934814453125,0.009393694810569286,923.2366943359375,57.39392852783203,0.002440084470435977,939.2349853515625,0.0,0.015437794849276543,966.9188842773438,0.0,0.01612352766096592,931.2199096679688,27.76611328125,0.11629882454872131,948.3646240234375,35.472564697265625,0.11676691472530365,935.2262573242188,76.87481689453125,0.23121391236782074,919.54638671875,81.533203125,0.22300566732883453,1010.30810546875,102.1827392578125,0.8647359609603882,1026.26220703125,96.97265625,0.8531364798545837,926.8204345703125,478.3794250488281,0.9803969860076904,964.4447631835938,465.80950927734375,0.9733408689498901,998.7874145507812,839.0460815429688,0.9764818549156189,1198.304443359375,713.5499267578125,0.9713320136070251
339,11300,915.45947265625,76.10359954833984,0.004411292262375355,920.704345703125,58.028594970703125,0.004741408862173557,906.9104614257812,71.73278045654297,0.0018562317127361894,959.3552856445312,38.614105224609375,0.012750944122672081,911.66552734375,65.10504913330078,0.0023578517138957977,986.7059936523438,3.811981201171875,0.023238342255353928,920.0615844726562,0.0,0.022981202229857445,963.679931640625,47.0328369140625,0.11681051552295685,925.299560546875,56.4283447265625,0.12799394130706787,926.9616088867188,111.93461608886719,0.16694971919059753,902.9837646484375,104.061767578125,0.19001245498657227,1030.9710693359375,121.80152893066406,0.9211392402648926,971.5917358398438,116.823486328125,0.9136410355567932,943.7776489257812,497.5791320800781,0.9865167140960693,879.6641845703125,473.1866455078125,0.9806719422340393,1065.6800537109375,838.51611328125,0.9853790998458862,1152.6435546875,668.8778686523438,0.9830062985420227
340,11333,871.3665161132812,61.83970642089844,0.002773473970592022,880.04443359375,40.84831237792969,0.003735888749361038,865.9575805664062,59.6905517578125,0.0013132289750501513,931.3850708007812,26.701881408691406,0.022066200152039528,877.9127197265625,62.19575500488281,0.0030768176075071096,968.5087890625,3.5597076416015625,0.020191369578242302,892.5280151367188,0.0,0.031286463141441345,931.3148803710938,25.2418212890625,0.054358210414648056,911.9525756835938,38.82884216308594,0.09934035688638687,929.7819213867188,71.570068359375,0.05092708393931389,898.114013671875,85.69276428222656,0.07972744852304459,1030.8409423828125,125.986083984375,0.8633144497871399,960.7928466796875,122.2228775024414,0.8813214302062988,964.6759643554688,502.0372314453125,0.9656223058700562,864.1505126953125,465.7815856933594,0.9614492058753967,1069.4549560546875,839.1337280273438,0.9538676738739014,1122.9385986328125,664.7840576171875,0.9556446671485901
341,11366,890.256103515625,83.86544036865234,0.003874765010550618,895.327880859375,61.267181396484375,0.005127477925270796,880.3250122070312,76.48768615722656,0.001622393843717873,942.2994384765625,43.25555419921875,0.02446826919913292,891.4498901367188,73.65767669677734,0.0030060075223445892,994.4055786132812,16.76678466796875,0.028295451775193214,906.8843994140625,13.00689697265625,0.034714557230472565,982.5822143554688,56.077056884765625,0.07662274688482285,943.1751708984375,69.76593017578125,0.10174461454153061,946.298095703125,125.88999938964844,0.071174755692482,905.6836547851562,116.35427856445312,0.07885396480560303,1039.1370849609375,130.7494354248047,0.9004644751548767,955.6155395507812,123.75151062011719,0.9075467586517334,997.8395385742188,505.0585632324219,0.9783135056495667,841.910888671875,448.52252197265625,0.9739515781402588,1139.0494384765625,832.9610595703125,0.9723159074783325,1054.2164306640625,692.8153076171875,0.9745717644691467
342,11400,882.7177734375,83.61634826660156,0.0024735182523727417,888.1556396484375,61.109458923339844,0.0032277097925543785,879.1843872070312,76.78871154785156,0.0013625504216179252,930.3129272460938,45.10334014892578,0.017828628420829773,898.5281982421875,74.76759338378906,0.0033201926853507757,976.5873413085938,18.851211547851562,0.014490478672087193,922.9700927734375,10.193161010742188,0.031866636127233505,961.5038452148438,59.993865966796875,0.033897172659635544,967.0779418945312,56.71893310546875,0.10389290004968643,951.8867797851562,115.35543823242188,0.02928776480257511,926.10888671875,102.23357391357422,0.06655856966972351,1031.0836181640625,127.53804016113281,0.8625657558441162,962.2747802734375,123.43954467773438,0.9033848643302917,1025.216552734375,487.276611328125,0.9717292189598083,844.8492431640625,438.11859130859375,0.9754223823547363,1177.4315185546875,843.5081176757812,0.966843843460083,1008.6602783203125,740.6597900390625,0.9747880697250366
343,11433,886.4080810546875,88.9681625366211,0.0032193013466894627,891.1776123046875,67.5802230834961,0.004294801503419876,886.6300659179688,82.23564147949219,0.002176001202315092,925.2858276367188,52.29913330078125,0.020876076072454453,910.7261962890625,77.53939819335938,0.005667461548000574,965.0776977539062,9.326774597167969,0.018371080979704857,935.5272216796875,4.976531982421875,0.03170742839574814,944.550537109375,53.07637023925781,0.035659294575452805,980.9013671875,47.83000946044922,0.08085029572248459,956.6470336914062,131.74888610839844,0.026280637830495834,967.37353515625,124.6384506225586,0.045688074082136154,1035.40283203125,110.80561065673828,0.8473104238510132,976.2671508789062,111.86856079101562,0.8817555904388428,1050.9202880859375,475.08160400390625,0.9649115204811096,847.9906005859375,432.5654296875,0.9680810570716858,1214.1947021484375,811.0713500976562,0.9550462961196899,948.9952392578125,761.8392944335938,0.9642703533172607
344,11466,920.7817993164062,95.77574157714844,0.0034982748329639435,924.3184204101562,74.73458862304688,0.004462681710720062,914.1412963867188,84.65755462646484,0.0020094611681997776,956.8831787109375,61.81903839111328,0.013142726384103298,925.2125854492188,78.99531555175781,0.003003099001944065,977.7306518554688,35.30987548828125,0.015721237286925316,944.3524169921875,22.201446533203125,0.012832614593207836,955.21142578125,80.53724670410156,0.04702608287334442,987.7857055664062,81.70001220703125,0.04612407833337784,974.0458984375,131.17904663085938,0.044583141803741455,978.6698608398438,131.3766632080078,0.0403158999979496,1029.9476318359375,89.31623840332031,0.8471399545669556,966.1034545898438,86.59446716308594,0.8357108235359192,1061.591796875,466.9296569824219,0.9776678085327148,873.8714599609375,439.7939758300781,0.9725468158721924,1252.132080078125,792.8265991210938,0.9820594191551208,905.635986328125,797.1434326171875,0.9813876152038574
345,11500,921.0985107421875,92.7553939819336,0.004180700983852148,924.6033935546875,71.65512084960938,0.005546427797526121,914.6812744140625,80.78006744384766,0.0023358757607638836,957.52392578125,59.3455810546875,0.012059452943503857,928.622314453125,74.80307006835938,0.002508032601326704,972.8783569335938,36.78749084472656,0.011463137343525887,956.1639404296875,23.6806640625,0.008875930681824684,951.1510620117188,86.1851806640625,0.040252767503261566,990.07275390625,93.22114562988281,0.03546152263879776,958.0113525390625,137.41900634765625,0.045744433999061584,958.1958618164062,151.16244506835938,0.037948012351989746,1025.8775634765625,77.46308898925781,0.8052865266799927,974.6131591796875,76.63046264648438,0.7864804267883301,1052.5946044921875,466.43182373046875,0.975823163986206,894.2435913085938,449.8260803222656,0.9695112705230713,1279.2705078125,771.7241821289062,0.9826488494873047,897.8458251953125,802.6829833984375,0.981312096118927
346,11533,922.4895629882812,79.67445373535156,0.0021852622739970684,928.183837890625,60.861785888671875,0.0034928603563457727,916.5524291992188,73.40686798095703,0.0015004476299509406,959.2120971679688,50.090423583984375,0.012239568866789341,920.1798706054688,72.37200164794922,0.0023231846280395985,977.8804321289062,24.371246337890625,0.007449017371982336,929.18212890625,11.428619384765625,0.00729423388838768,957.040283203125,63.17143249511719,0.020890772342681885,942.1767578125,62.65619659423828,0.02673477865755558,961.6578979492188,118.5831298828125,0.018836800009012222,916.6063842773438,133.8262939453125,0.022641120478510857,1018.76953125,79.78276062011719,0.759239137172699,954.309814453125,84.3658447265625,0.7620751261711121,1024.65087890625,462.8446960449219,0.9617875218391418,906.273193359375,456.1767883300781,0.9576436877250671,1272.959716796875,745.2037353515625,0.9725074172019958,945.5180053710938,779.3677368164062,0.9722638726234436
347,11566,927.6567993164062,92.79116821289062,0.0032570797484368086,930.1547241210938,75.74588012695312,0.004233339801430702,918.8731079101562,85.60958862304688,0.0019431869732216,954.7445068359375,62.858436584472656,0.007532478775829077,927.6911010742188,79.2721939086914,0.0017461598617956042,953.6819458007812,24.052230834960938,0.005689730867743492,958.1695556640625,9.895111083984375,0.005364450626075268,951.0635375976562,57.24659729003906,0.028714774176478386,947.7354736328125,65.02084350585938,0.031638287007808685,944.667724609375,126.96784973144531,0.04293430596590042,907.414306640625,118.37434387207031,0.04510718584060669,1001.0092163085938,65.28085327148438,0.7574182748794556,981.2579956054688,69.27360534667969,0.7488904595375061,980.3410034179688,475.8531188964844,0.9714287519454956,932.159912109375,477.14337158203125,0.9674867987632751,1277.465087890625,734.2657470703125,0.9827643036842346,976.1705932617188,815.477783203125,0.9818063974380493
348,11600,920.7020874023438,80.62007904052734,0.0023423300590366125,921.4351196289062,65.77498626708984,0.00298407394438982,916.5231323242188,77.07598114013672,0.0015650351997464895,939.337890625,54.82310485839844,0.010799731127917767,937.9852905273438,72.86993408203125,0.0027328268624842167,919.7467041015625,21.42363739013672,0.007852117531001568,1003.8104248046875,0.0,0.012327708303928375,933.0437622070312,51.307594299316406,0.025458207353949547,956.466064453125,52.20185852050781,0.05567185953259468,935.5120849609375,117.59058380126953,0.02601427212357521,904.4744262695312,97.76337432861328,0.05115768685936928,992.603759765625,92.61589050292969,0.8035827279090881,1036.8707275390625,93.14039611816406,0.835110068321228,944.2676391601562,483.8440246582031,0.9650204181671143,951.1337280273438,486.4710388183594,0.9703004360198975,1248.03369140625,713.3779907226562,0.9754911065101624,1006.9081420898438,825.982177734375,0.9774987697601318
349,11633,920.810546875,89.80870056152344,0.0034983728546649218,916.9986572265625,76.08592987060547,0.0032057026401162148,915.478515625,84.8997573852539,0.0020341556519269943,925.2385864257812,60.48534393310547,0.009504301473498344,941.988525390625,73.00472259521484,0.0038138432428240776,910.1728515625,26.285064697265625,0.01784396544098854,1017.7584228515625,0.0,0.023310869932174683,946.5159301757812,67.26123046875,0.07353711873292923,976.5784301757812,62.378997802734375,0.11528140306472778,938.49609375,132.0567626953125,0.08600553125143051,911.1932373046875,101.89068603515625,0.1301085352897644,986.8137817382812,99.88558959960938,0.8773841261863708,1054.680419921875,95.22207641601562,0.8855413794517517,919.907958984375,485.766845703125,0.9740323424339294,955.7498168945312,494.8351135253906,0.9758242964744568,1193.673095703125,698.5728149414062,0.980162501335144,1049.4163818359375,824.9632568359375,0.9795405268669128
350,11666,863.6168212890625,79.58944702148438,0.002238841261714697,863.18212890625,62.0474853515625,0.0025643089320510626,863.2637329101562,78.94175720214844,0.0011999922571703792,890.4598999023438,46.0118408203125,0.021411316469311714,910.4544677734375,73.19792175292969,0.0053704893216490746,892.295166015625,9.683235168457031,0.030188174918293953,995.7850341796875,0.0,0.041165027767419815,899.3798828125,39.48179626464844,0.06652360409498215,962.4271240234375,54.14751434326172,0.10235666483640671,918.4963989257812,112.79818725585938,0.04699436575174332,905.7781372070312,105.5705795288086,0.06517220288515091,994.3137817382812,106.16679382324219,0.8604452610015869,1063.7283935546875,106.50320434570312,0.8769481778144836,898.2996826171875,475.99017333984375,0.9591196179389954,979.7788696289062,481.47747802734375,0.9598784446716309,1121.271484375,753.2049560546875,0.9484063982963562,1099.83056640625,784.1185913085938,0.9482457637786865
351,11700,854.0142211914062,64.9024887084961,0.002422594465315342,853.3065185546875,49.08164978027344,0.0029345275834202766,854.0330810546875,67.24136352539062,0.0012241486692801118,885.3655395507812,36.40699768066406,0.023240122944116592,909.7090454101562,65.7447738647461,0.005070162937045097,892.6773071289062,1.269012451171875,0.03246193006634712,994.2410888671875,0.0,0.0357041098177433,885.1278076171875,18.055572509765625,0.06864583492279053,958.5425415039062,38.07939147949219,0.08320021629333496,928.2409057617188,66.06532287597656,0.04772642254829407,914.182861328125,77.2335433959961,0.05445301905274391,997.409912109375,115.36097717285156,0.9042420983314514,1071.845458984375,116.41841125488281,0.9083723425865173,871.149169921875,467.6600646972656,0.9791247248649597,1004.7562866210938,483.65234375,0.9787706732749939,1080.4658203125,754.8870849609375,0.9784602522850037,1141.165283203125,817.566650390625,0.9772233366966248
352,11733,859.0157470703125,72.41940307617188,0.0021283156238496304,857.91943359375,53.3067626953125,0.002706997562199831,859.2755737304688,71.95729064941406,0.0011377481278032064,886.98291015625,37.557861328125,0.02064494602382183,911.4627685546875,68.37336730957031,0.0044708834029734135,900.1798095703125,3.5828704833984375,0.021090175956487656,990.2103881835938,3.1242141723632812,0.02573729306459427,908.4005126953125,38.769378662109375,0.04369514063000679,967.1251831054688,53.47283935546875,0.06246611848473549,944.2930908203125,108.41207885742188,0.03700486943125725,918.7886352539062,98.50657653808594,0.04770829901099205,993.695068359375,98.23576354980469,0.856533408164978,1069.14697265625,98.96090698242188,0.8680626749992371,863.3690185546875,453.1187438964844,0.9752143025398254,1028.3419189453125,471.2780456542969,0.9756700396537781,1012.0409545898438,790.4826049804688,0.9767728447914124,1186.099365234375,818.2424926757812,0.9759233593940735
353,11766,909.0150146484375,83.79279327392578,0.004553127568215132,905.5951538085938,62.94293975830078,0.004447933752089739,905.9849853515625,77.35185241699219,0.0022210227325558662,925.8820190429688,47.778350830078125,0.01185118779540062,950.1779174804688,71.08838653564453,0.00355697819031775,927.1963500976562,13.532821655273438,0.018481804057955742,1012.3245849609375,9.571792602539062,0.015434961766004562,929.2046508789062,55.85343933105469,0.07775209844112396,978.695068359375,55.259765625,0.070123590528965,943.8880004882812,95.87860107421875,0.1322546899318695,917.32421875,76.83984375,0.12540127336978912,993.3938598632812,79.41810607910156,0.8474554419517517,1067.799560546875,77.76686096191406,0.8252055644989014,878.6773681640625,440.9685974121094,0.9829413294792175,1051.508056640625,459.80560302734375,0.9775400161743164,935.7666015625,818.7634887695312,0.9858125448226929,1218.2593994140625,787.85595703125,0.9825019836425781
354,11800,929.8606567382812,92.41030883789062,0.0037623653188347816,929.837646484375,69.69044494628906,0.003730054246261716,924.3400268554688,81.22114562988281,0.0018904047319665551,949.2327270507812,55.048736572265625,0.009152019396424294,952.4108276367188,74.5074462890625,0.0028334753587841988,953.1995239257812,18.220550537109375,0.01237824559211731,995.6453247070312,13.316986083984375,0.010563204064965248,959.5601806640625,66.32052612304688,0.059138793498277664,970.0984497070312,54.70152282714844,0.05636439844965935,967.7891235351562,108.33206176757812,0.11701785027980804,918.8792724609375,83.80265808105469,0.11654103547334671,999.781494140625,65.69471740722656,0.8010915517807007,1047.7713623046875,65.80860900878906,0.7741879820823669,895.8733520507812,442.56756591796875,0.9795020222663879,1056.319091796875,459.7341613769531,0.9720821380615234,885.1669921875,831.1257934570312,0.9827889800071716,1251.88818359375,767.2233276367188,0.9781507253646851
355,11833,921.4530029296875,92.8241958618164,0.003986648749560118,921.3325805664062,69.6448974609375,0.004103715997189283,916.227783203125,81.24366760253906,0.001820976729504764,943.6834716796875,55.295928955078125,0.00899610947817564,945.0106811523438,75.2343521118164,0.002314705401659012,952.3416137695312,19.826339721679688,0.012443317100405693,984.0333251953125,15.26678466796875,0.008896411396563053,945.556640625,66.32583618164062,0.07170533388853073,959.5303344726562,61.34051513671875,0.05367247015237808,938.6466064453125,100.92361450195312,0.15244075655937195,905.355712890625,85.14266967773438,0.12986986339092255,1005.886474609375,64.40602111816406,0.8132868409156799,1042.4368896484375,64.82473754882812,0.7712401747703552,902.2815551757812,443.1775817871094,0.9825197458267212,1040.4876708984375,457.2447509765625,0.9733458757400513,881.0291748046875,830.7321166992188,0.9853128790855408,1259.5174560546875,747.6927490234375,0.9800068736076355
356,11866,906.7984008789062,86.71220397949219,0.004405593033879995,906.2166137695312,64.26356506347656,0.004167370032519102,901.8184204101562,78.67996215820312,0.0017779986374080181,929.5046997070312,47.407379150390625,0.007113923784345388,931.8352661132812,72.33695983886719,0.0018018200062215328,933.1173706054688,0.0,0.013234080746769905,974.3793334960938,0.0,0.00831625796854496,922.700927734375,37.99346923828125,0.11724699288606644,953.3106689453125,41.49000549316406,0.07424408197402954,936.3718872070312,79.35433959960938,0.27500972151756287,916.65478515625,80.70332336425781,0.216055765748024,1004.0568237304688,66.87176513671875,0.8440324664115906,1039.51318359375,69.16424560546875,0.79317307472229,897.797607421875,447.3011169433594,0.9840840697288513,1006.9718627929688,465.5336608886719,0.9735620617866516,907.1610717773438,824.4620361328125,0.985714852809906,1255.7191162109375,735.4048461914062,0.9790022373199463
357,11900,917.8976440429688,86.3873519897461,0.003667208831757307,916.5518798828125,64.7771987915039,0.0036372824106365442,916.0415649414062,79.40558624267578,0.0016542364610359073,934.5084228515625,46.57090759277344,0.007115551270544529,940.9213256835938,72.79218292236328,0.0018596320878714323,928.459228515625,0.0,0.011194075457751751,973.8173828125,0.0,0.008459282107651234,921.46875,40.08943176269531,0.08789017051458359,957.5211181640625,42.61866760253906,0.06925661861896515,930.4971313476562,73.98257446289062,0.1889936923980713,914.150634765625,66.4522705078125,0.17209972441196442,988.4842529296875,74.77079772949219,0.843285322189331,1018.8615112304688,76.58486938476562,0.8037830591201782,911.5650024414062,462.593994140625,0.9839972257614136,977.6061401367188,476.8663330078125,0.9742223620414734,949.9246215820312,840.9288940429688,0.9864915013313293,1231.7996826171875,709.248779296875,0.9808790683746338
358,11933,884.91796875,74.65347290039062,0.0028773408848792315,891.5366821289062,54.40379333496094,0.0032640856225043535,884.0365600585938,69.18626403808594,0.0016125052934512496,922.4568481445312,38.41314697265625,0.013636026531457901,904.944091796875,63.52734375,0.003916607238352299,936.4097900390625,4.269081115722656,0.015171420760452747,942.6800537109375,0.0,0.022374890744686127,935.8739013671875,49.64360046386719,0.0509481355547905,947.3587646484375,50.06275177001953,0.08529732376337051,934.9925537109375,97.86579895019531,0.06353814899921417,905.5580444335938,87.29102325439453,0.09399588406085968,1000.515625,109.190185546875,0.8521338701248169,1004.7989501953125,105.25566101074219,0.8651860952377319,914.8178100585938,481.7970275878906,0.9758351445198059,955.2669067382812,475.30224609375,0.9729077219963074,992.5039672851562,842.9791259765625,0.9748411774635315,1205.3360595703125,716.2816162109375,0.9727976322174072
359,11966,838.5699462890625,52.299591064453125,0.0028228729497641325,845.5211791992188,36.757415771484375,0.0031046061776578426,839.2432250976562,52.85918426513672,0.0010567985009402037,893.9616088867188,24.71125030517578,0.01325263176113367,868.3526611328125,53.33189392089844,0.0018747964641079307,930.14892578125,0.0,0.019122213125228882,908.1064453125,0.0,0.02815009094774723,884.8629150390625,7.3086090087890625,0.10867953300476074,906.0687255859375,17.234939575195312,0.16637356579303741,827.126220703125,7.167572021484375,0.14514650404453278,816.0911865234375,6.924407958984375,0.20399482548236847,1007.5330810546875,128.73587036132812,0.9259289503097534,976.3950805664062,122.5697250366211,0.9337735772132874,928.96435546875,497.3543701171875,0.9865694642066956,899.3016967773438,467.7872619628906,0.9842820763587952,1055.379638671875,841.9806518554688,0.9815043807029724,1152.40087890625,691.74169921875,0.9814401268959045
360,12000,820.3658447265625,50.01008605957031,0.002463878598064184,828.515625,31.902992248535156,0.003195494879037142,820.7157592773438,48.78080749511719,0.0009082992328330874,882.1974487304688,22.010398864746094,0.01931561343371868,852.4688110351562,51.31230926513672,0.0020212356466799974,914.3504028320312,0.0,0.02753518521785736,891.3583984375,0.0,0.024809857830405235,846.9638671875,7.403594970703125,0.11884229630231857,884.2324829101562,15.416336059570312,0.10875091701745987,849.451171875,5.6528778076171875,0.12134262919425964,831.5887451171875,8.150070190429688,0.11262740194797516,1009.1019897460938,127.78717803955078,0.8942225575447083,966.5013427734375,121.86273193359375,0.8846210241317749,958.1544799804688,504.1040344238281,0.973583996295929,858.3653564453125,461.6802978515625,0.962764322757721,1069.8489990234375,840.8281860351562,0.9581541419029236,1097.1763916015625,679.3648681640625,0.9539541006088257
361,12033,843.0789794921875,71.48597717285156,0.001734448946081102,847.1407470703125,52.19380187988281,0.002229768317192793,840.851806640625,69.58000946044922,0.0009399259579367936,886.3165283203125,36.62969970703125,0.017766105011105537,863.9483642578125,68.80137634277344,0.0031529103871434927,920.251708984375,6.728782653808594,0.017228448763489723,895.4337158203125,0.0,0.0338168665766716,872.8023071289062,37.20167541503906,0.04080286994576454,926.2505493164062,43.53357696533203,0.11076106876134872,890.7388916015625,96.34632110595703,0.03025105968117714,889.7862548828125,93.3171615600586,0.06688744574785233,1005.395751953125,130.11630249023438,0.8991116881370544,955.5485229492188,126.6459732055664,0.9260643720626831,985.3920288085938,497.4485168457031,0.9778523445129395,841.7948608398438,444.1354064941406,0.97953200340271,1133.6080322265625,832.6783447265625,0.9730690121650696,1030.351806640625,710.896484375,0.9785803556442261
362,12066,866.959716796875,83.06062316894531,0.0023348515387624502,871.3118286132812,62.670501708984375,0.00272226775996387,865.48193359375,76.78788757324219,0.001291880151256919,907.7553100585938,45.704864501953125,0.012920690700411797,885.8372192382812,71.7626953125,0.00288120424374938,939.3651123046875,15.024627685546875,0.011929366737604141,915.4036254882812,2.9911422729492188,0.02993937022984028,909.0216674804688,55.884727478027344,0.037349432706832886,947.817138671875,46.33440399169922,0.13295985758304596,891.4019775390625,108.45368957519531,0.03772083669900894,896.2619018554688,90.1355209350586,0.10005059838294983,1005.01318359375,122.03178405761719,0.869931697845459,950.395263671875,117.28056335449219,0.913723349571228,1017.679931640625,485.4385070800781,0.9748795032501221,833.6854858398438,430.4598083496094,0.9791312217712402,1176.59375,834.2369384765625,0.9705414175987244,965.4902954101562,730.7655639648438,0.9785943031311035
363,12100,910.0401000976562,75.46554565429688,0.010672127828001976,917.4212646484375,52.692100524902344,0.011597590520977974,904.7451782226562,65.59928131103516,0.006939409766346216,945.19189453125,39.53260803222656,0.020043006166815758,906.9703369140625,59.59803771972656,0.007434418890625238,953.0940551757812,12.512969970703125,0.035518430173397064,926.1721801757812,0.7358551025390625,0.02015211619436741,904.9949340820312,58.16063690185547,0.1049923375248909,921.1483154296875,47.00031280517578,0.06250287592411041,865.1112670898438,106.7640609741211,0.10979557782411575,876.3751831054688,89.19550323486328,0.07830052822828293,1014.178955078125,108.79131317138672,0.7977918982505798,953.0059204101562,100.754150390625,0.7493546009063721,1036.77734375,462.82269287109375,0.9495490789413452,841.5271606445312,440.462890625,0.9290477633476257,1214.705810546875,793.8900146484375,0.931759238243103,894.7207641601562,768.7803955078125,0.9173160195350647
364,12133,913.3884887695312,93.13316345214844,0.004187694750726223,916.146240234375,74.52644348144531,0.004542319569736719,905.8065185546875,82.91315460205078,0.002347229979932308,943.8849487304688,61.521583557128906,0.008451391011476517,913.440673828125,75.2200927734375,0.0024323922116309404,949.4205322265625,38.24615478515625,0.0110239889472723,942.5570068359375,19.574935913085938,0.010221598669886589,908.9271850585938,86.14768981933594,0.05204136297106743,948.3946533203125,73.50215148925781,0.05479303002357483,889.2615966796875,111.51622009277344,0.06801580637693405,888.9276123046875,97.79873657226562,0.06638985872268677,999.9741821289062,83.21754455566406,0.8329992890357971,953.0526733398438,75.90921020507812,0.8266844749450684,1035.0716552734375,466.8709716796875,0.9793785214424133,867.7277221679688,441.8068542480469,0.9754493832588196,1245.10546875,776.9794921875,0.9836929440498352,844.2603149414062,798.4055786132812,0.9831988215446472
365,12166,942.7667236328125,81.8031005859375,0.008785330690443516,944.8562622070312,64.57337951660156,0.007633762899786234,930.1133422851562,72.9928207397461,0.005278611555695534,958.76953125,49.623870849609375,0.009387919679284096,917.4769287109375,62.87109375,0.004458582494407892,953.35400390625,19.654586791992188,0.02080134116113186,937.8492431640625,6.9822235107421875,0.011908438988029957,917.1537475585938,75.52803039550781,0.09341222792863846,923.99072265625,68.27833557128906,0.0513879731297493,881.2327880859375,103.56513977050781,0.12132742255926132,865.9393310546875,96.29763793945312,0.07556673139333725,997.2163696289062,93.0545654296875,0.805544912815094,947.93359375,83.03109741210938,0.7535688877105713,1014.84033203125,460.5747985839844,0.9690219759941101,869.4014282226562,442.41278076171875,0.9548409581184387,1247.6778564453125,760.41650390625,0.9722673296928406,851.6431274414062,774.476318359375,0.9662368297576904
366,12200,917.9185180664062,66.80497741699219,0.01173324789851904,925.8345947265625,43.675323486328125,0.013556504622101784,909.7611694335938,56.32678985595703,0.007777614519000053,947.4021606445312,35.46180725097656,0.014888903126120567,902.218017578125,55.67765808105469,0.005184749606996775,935.9609985351562,18.034561157226562,0.018561985343694687,915.8331909179688,9.902229309082031,0.008616362698376179,899.05224609375,63.368064880371094,0.07246995717287064,894.09765625,53.37810516357422,0.03250860795378685,860.6455078125,117.16133880615234,0.10275774449110031,863.4375,102.59635162353516,0.05856681987643242,986.5221557617188,98.6074447631836,0.7143514752388,943.7378540039062,96.88300323486328,0.6342260837554932,964.4124755859375,459.8946533203125,0.944458544254303,870.6281127929688,460.7478332519531,0.919083833694458,1240.954833984375,743.5734252929688,0.9443633556365967,890.8731079101562,786.948486328125,0.9289955496788025
367,12233,869.5880737304688,95.42381286621094,0.005841766018420458,869.6864013671875,77.29557037353516,0.005849070847034454,863.8478393554688,88.5574722290039,0.0030238188337534666,897.4887084960938,62.79645538330078,0.007476662751287222,890.4544067382812,81.54622650146484,0.0023051458410918713,894.466796875,18.22686767578125,0.007540415041148663,942.3567504882812,10.231796264648438,0.011615067720413208,870.7402954101562,42.54217529296875,0.048074278980493546,913.4612426757812,60.271270751953125,0.08614612370729446,850.5126342773438,121.30128479003906,0.08980394899845123,869.911376953125,95.0452880859375,0.13255628943443298,960.3668212890625,76.97456359863281,0.8052232265472412,967.6554565429688,84.06436157226562,0.8302067518234253,939.212646484375,475.6566467285156,0.9754505157470703,899.1480712890625,482.3163757324219,0.9763770699501038,1235.1092529296875,724.2111206054688,0.9819797277450562,930.8778686523438,822.4693603515625,0.9827547669410706
368,12266,866.965087890625,96.92591857910156,0.004979126621037722,864.6690673828125,80.0537109375,0.004575101658701897,862.6217651367188,92.01329040527344,0.0024686004035174847,890.4197998046875,63.51171112060547,0.009109249338507652,900.8924560546875,82.0293960571289,0.0030481305439025164,883.787353515625,17.340042114257812,0.014138787053525448,968.8949584960938,0.22064208984375,0.021914448589086533,868.3781127929688,40.30448913574219,0.07612588256597519,919.6018676757812,54.19331359863281,0.1352754682302475,859.0706176757812,113.807373046875,0.11075058579444885,864.7461547851562,89.11825561523438,0.16989058256149292,959.5287475585938,90.78904724121094,0.8732659220695496,999.3737182617188,92.89759826660156,0.8907034993171692,917.880615234375,482.028564453125,0.9785619974136353,908.1762084960938,489.5826416015625,0.980340301990509,1188.93310546875,712.8989868164062,0.9818820357322693,965.6920166015625,833.7830200195312,0.9823724627494812
369,12300,863.4678955078125,94.70219421386719,0.002991143148392439,861.91796875,77.98841857910156,0.003016530768945813,860.177001953125,93.02503967285156,0.0017713550478219986,883.5465698242188,58.72810363769531,0.009072034619748592,893.6710205078125,83.50827026367188,0.003131462261080742,880.636962890625,20.167327880859375,0.009541145525872707,967.5826416015625,0.0,0.02303229458630085,887.0098266601562,49.13616943359375,0.04012184962630272,914.91162109375,48.44842529296875,0.1367194503545761,885.1551513671875,111.57147216796875,0.05304946377873421,870.3004760742188,94.6783447265625,0.14506372809410095,955.8975830078125,104.12031555175781,0.8442389965057373,1006.6140747070312,102.94647216796875,0.8907970190048218,872.7044677734375,475.63623046875,0.9702116250991821,906.495361328125,482.1024475097656,0.9785624146461487,1131.8023681640625,708.3416748046875,0.9760931730270386,992.4659423828125,818.0227661132812,0.9795368909835815
370,12333,811.8396606445312,65.76502990722656,0.0030967879574745893,813.8018798828125,48.03826904296875,0.0037482876796275377,811.44580078125,67.12980651855469,0.001580283627845347,855.2300415039062,36.848533630371094,0.02275858260691166,868.3892211914062,65.962646484375,0.004909736569970846,864.2371215820312,10.160453796386719,0.031184112653136253,963.143798828125,0.0,0.03241564333438873,860.9144897460938,32.44688415527344,0.07595992833375931,919.7600708007812,47.18163299560547,0.08798724412918091,858.788818359375,53.94085693359375,0.0616268552839756,860.9813842773438,66.02362060546875,0.07031697779893875,958.1808471679688,94.96444702148438,0.8505876660346985,1027.13916015625,90.74020385742188,0.852694571018219,845.7608642578125,467.8664245605469,0.9615369439125061,940.4817504882812,476.8287353515625,0.9584677219390869,1073.0772705078125,744.8399047851562,0.9562115669250488,1040.0712890625,775.8541259765625,0.9531803131103516
371,12366,795.1966552734375,64.15823364257812,0.0038036536425352097,795.7368774414062,45.263282775878906,0.004248383454978466,794.7735595703125,66.76020812988281,0.0018477470148354769,837.5040893554688,33.95677185058594,0.01728617399930954,858.4535522460938,67.76632690429688,0.00419897073879838,846.3466186523438,3.1376495361328125,0.024115508422255516,958.1868896484375,0.0,0.0239500030875206,823.9346923828125,19.962982177734375,0.077095165848732,905.5797729492188,37.2425537109375,0.08543127030134201,852.8196411132812,69.26495361328125,0.08974877744913101,858.8311767578125,78.2372817993164,0.09931234270334244,956.4968872070312,98.09843444824219,0.8711163401603699,1040.3551025390625,95.15130615234375,0.8693981766700745,816.3391723632812,453.59124755859375,0.9786170125007629,969.2825927734375,470.56146240234375,0.9768725633621216,1009.0372924804688,779.6396484375,0.9795804619789124,1098.49951171875,821.71240234375,0.9775398969650269
372,12400,833.1498413085938,80.05382537841797,0.004133838228881359,831.145751953125,58.92169189453125,0.004567713476717472,829.4500122070312,77.07632446289062,0.00194443017244339,866.4642333984375,44.535003662109375,0.0146733233705163,884.3593139648438,74.43024444580078,0.003582705045118928,879.5635986328125,10.682327270507812,0.018065348267555237,960.7577514648438,11.7659912109375,0.017097124829888344,862.053955078125,44.20866394042969,0.06144417077302933,922.1597900390625,59.26222229003906,0.06172867491841316,867.3035888671875,86.14558410644531,0.08830884099006653,864.1721801757812,83.54310607910156,0.08850923925638199,957.9169921875,75.09347534179688,0.8287014961242676,1028.7606201171875,76.39691162109375,0.8171561360359192,819.072021484375,430.0276794433594,0.9799460768699646,998.9147338867188,470.3126220703125,0.9758223295211792,937.6957397460938,812.751220703125,0.9846432209014893,1142.5478515625,818.6920776367188,0.981383740901947
373,12433,917.35400390625,110.5583724975586,0.01654379442334175,916.049560546875,75.92655944824219,0.01280687004327774,910.4002075195312,89.59998321533203,0.010076982900500298,919.5227661132812,56.41204833984375,0.016731729730963707,935.2928466796875,77.21754455566406,0.009264270775020123,903.103271484375,2.2614898681640625,0.027828987687826157,981.2527465820312,4.403411865234375,0.022125449031591415,877.1250610351562,66.47300720214844,0.08704949915409088,921.052978515625,50.14613342285156,0.07772963494062424,868.1665649414062,112.25372314453125,0.1671440601348877,857.7689819335938,83.92208862304688,0.1766287386417389,959.2090454101562,85.01719665527344,0.7328574657440186,1027.1767578125,89.59661865234375,0.6912913918495178,827.2252807617188,434.854248046875,0.9621132016181946,1001.2003784179688,453.5677185058594,0.9475398063659668,861.3779296875,810.79541015625,0.9650076627731323,1169.7447509765625,783.016357421875,0.9564712643623352
374,12466,880.884765625,83.53294372558594,0.0030979688744992018,883.1812133789062,58.261871337890625,0.003890221007168293,877.3458862304688,68.04908752441406,0.001415305770933628,911.2672729492188,44.971527099609375,0.01264551468193531,915.7437744140625,60.39289855957031,0.00247659208253026,921.1983032226562,20.290328979492188,0.01228578481823206,965.6790771484375,14.538711547851562,0.008006450720131397,917.1644897460938,71.8538818359375,0.04703981801867485,946.989990234375,66.21940612792969,0.030354270711541176,932.2342529296875,129.884033203125,0.07992733269929886,892.15576171875,101.11935424804688,0.05450529232621193,970.3848266601562,66.17257690429688,0.7733117938041687,1019.3289794921875,62.908905029296875,0.7229084372520447,854.6870727539062,441.2214660644531,0.9794535040855408,1005.5105590820312,450.68316650390625,0.9693190455436707,820.308837890625,830.4757690429688,0.9848564267158508,1199.451416015625,769.765380859375,0.9794270992279053
375,12500,866.4669799804688,83.3287353515625,0.002340611070394516,869.1829833984375,59.158287048339844,0.002927826950326562,865.249755859375,74.44432067871094,0.0012428788468241692,894.8159790039062,47.091819763183594,0.009385990910232067,897.3682861328125,73.60317993164062,0.0021091618109494448,903.5606689453125,7.340126037597656,0.006312773562967777,947.2235107421875,0.00464630126953125,0.008101811632514,884.5692138671875,48.977142333984375,0.028490841388702393,918.3704833984375,47.855690002441406,0.0462009459733963,888.8551635742188,108.25740051269531,0.05483189597725868,869.5111694335938,84.39106750488281,0.08389844000339508,968.0000610351562,64.185791015625,0.7460172772407532,1011.3001708984375,63.45222473144531,0.7573817372322083,852.5812377929688,442.4405822753906,0.9747762680053711,977.5805053710938,449.56890869140625,0.9721696376800537,813.4158325195312,815.5336303710938,0.9812063574790955,1215.1666259765625,754.4525756835938,0.9784119725227356
376,12533,869.9338989257812,81.19120788574219,0.0036046234890818596,872.9864501953125,54.58447265625,0.004171319771558046,868.4956665039062,72.70477294921875,0.0018290664302185178,898.8896484375,41.56702423095703,0.008218308910727501,894.7437744140625,74.18215942382812,0.002041540341451764,900.6527709960938,3.8898696899414062,0.006163063459098339,941.2584228515625,0.0,0.0077567510306835175,883.4887084960938,43.23163604736328,0.03884408622980118,906.4464721679688,44.46947479248047,0.056572698056697845,885.7454833984375,82.2886962890625,0.09549977630376816,862.8035888671875,74.42882537841797,0.13322986662387848,965.07568359375,64.43325805664062,0.7286258935928345,999.4639892578125,65.1708984375,0.7289220094680786,868.0963134765625,452.2806701660156,0.9730385541915894,952.3575439453125,462.1077575683594,0.966966450214386,863.5155639648438,845.2108154296875,0.978358268737793,1214.3310546875,734.4942626953125,0.9733009338378906
377,12566,871.027587890625,90.3647689819336,0.005670929327607155,872.1636352539062,67.5695571899414,0.006261556409299374,867.6174926757812,83.20392608642578,0.002186409430578351,906.2098999023438,50.906707763671875,0.008993440307676792,893.3524169921875,79.90624237060547,0.001559500233270228,922.2618408203125,9.31072998046875,0.008816724643111229,924.4923706054688,2.360687255859375,0.009578085504472256,901.3802490234375,42.02778625488281,0.07223016768693924,905.98388671875,50.21978759765625,0.08163303881883621,876.4989624023438,79.5128173828125,0.1938449740409851,859.5313720703125,68.56343078613281,0.214890256524086,973.7825927734375,66.50413513183594,0.7938108444213867,975.103515625,67.33511352539062,0.7775802612304688,870.419189453125,454.4635925292969,0.9803070425987244,926.6072387695312,475.62469482421875,0.9723671078681946,913.2140502929688,855.7630615234375,0.9835666418075562,1178.7972412109375,723.6718139648438,0.9785380959510803
378,12600,857.9227294921875,87.61225891113281,0.005745924077928066,860.7742919921875,69.02742004394531,0.006840051151812077,855.5731201171875,84.12872314453125,0.0022274176590144634,900.5430908203125,50.385772705078125,0.013418656773865223,879.8820190429688,78.09326934814453,0.0020191888324916363,921.9625854492188,10.284164428710938,0.016070330515503883,906.2939453125,1.04827880859375,0.014224424958229065,900.9791259765625,45.859405517578125,0.09572166949510574,896.8085327148438,52.676513671875,0.08357273787260056,867.168701171875,78.90069580078125,0.17521320283412933,856.0504760742188,69.96455383300781,0.16086502373218536,975.5477294921875,93.27644348144531,0.8741030693054199,961.4930419921875,94.06004333496094,0.8524124622344971,874.3679809570312,470.5984802246094,0.9857919216156006,915.6412353515625,492.3463439941406,0.977980375289917,960.80078125,852.9122314453125,0.9869667887687683,1140.2393798828125,707.794921875,0.9825162887573242
379,12633,788.3410034179688,53.82520294189453,0.003933831583708525,795.1148071289062,33.536842346191406,0.00506142433732748,788.4007568359375,54.59502410888672,0.0014886197168380022,851.2307739257812,21.819992065429688,0.017585381865501404,824.2501831054688,58.93853759765625,0.002015963662415743,875.665283203125,0.0,0.021896038204431534,869.3767700195312,0.0,0.01801963523030281,807.2052612304688,13.22332763671875,0.1076408252120018,857.016357421875,29.946670532226562,0.09496763348579407,840.1602783203125,24.079879760742188,0.15042461454868317,848.1904907226562,50.96159362792969,0.14093084633350372,972.9570922851562,122.11811828613281,0.9072884917259216,947.4397583007812,118.51460266113281,0.8929741382598877,891.42626953125,497.40509033203125,0.9853779077529907,849.5794067382812,469.22186279296875,0.978543221950531,1008.3989868164062,846.2385864257812,0.9825205206871033,1108.3414306640625,691.3998413085938,0.9792829155921936
380,12666,777.6992797851562,40.2161865234375,0.007006833329796791,784.3165283203125,19.74371337890625,0.00897280965000391,773.2412719726562,37.34074401855469,0.0017229911172762513,848.18212890625,11.672149658203125,0.028614375740289688,810.9056396484375,42.28385925292969,0.001627311808988452,882.9351196289062,0.0,0.04834021255373955,853.8490600585938,0.0,0.025594735518097878,805.5025634765625,3.4337310791015625,0.24137566983699799,850.33984375,27.781173706054688,0.12494169175624847,846.0296630859375,31.82501220703125,0.3318483233451843,845.2434692382812,60.607269287109375,0.20202697813510895,990.1873168945312,123.12254333496094,0.8864464163780212,940.3934936523438,118.67678833007812,0.8434906601905823,913.9906005859375,496.6776123046875,0.9719270467758179,806.1442260742188,458.782958984375,0.9494756460189819,1038.835693359375,845.4608154296875,0.9535725116729736,1049.5068359375,687.7301025390625,0.9409708976745605
381,12700,823.8035888671875,75.90032958984375,0.0018338548252359033,828.5988159179688,57.10858154296875,0.002388342982158065,822.859130859375,74.87924194335938,0.0008309562690556049,871.7137451171875,41.208892822265625,0.015289503149688244,849.9329833984375,73.31813049316406,0.002061509992927313,897.800048828125,9.323844909667969,0.018729569390416145,890.2891845703125,0.0,0.02192767709493637,841.2987670898438,25.870513916015625,0.07482440769672394,916.5606689453125,39.06285095214844,0.10333891957998276,849.1704711914062,31.981613159179688,0.07131023705005646,863.921630859375,72.31045532226562,0.09115161746740341,976.9703979492188,132.38204956054688,0.9092863202095032,933.9939575195312,124.39595031738281,0.9146511554718018,954.2048950195312,506.3680114746094,0.9817975759506226,802.572021484375,442.88177490234375,0.9782846570014954,1097.0889892578125,848.4677124023438,0.9760130643844604,989.3056640625,713.4228515625,0.9774847626686096
382,12733,844.2020874023438,93.21665954589844,0.00224675121717155,847.339599609375,72.79019165039062,0.002577392151579261,844.3173217773438,88.30247497558594,0.0011378845665603876,884.4959716796875,56.381996154785156,0.009707674384117126,873.0234375,83.81973266601562,0.0019156192429363728,916.513916015625,21.647621154785156,0.008529051207005978,915.5337524414062,3.7821121215820312,0.021526578813791275,880.2244873046875,58.54460906982422,0.03980221971869469,939.3021850585938,44.29932403564453,0.14848725497722626,860.2249755859375,110.53644561767578,0.05544731765985489,870.9805297851562,94.25624084472656,0.15499170124530792,981.2883911132812,117.26243591308594,0.8509101867675781,938.5160522460938,109.07368469238281,0.9003402590751648,993.7135620117188,486.6269836425781,0.9742857217788696,804.2382202148438,432.2668762207031,0.9793899655342102,1135.328125,844.0266723632812,0.971785306930542,930.7211303710938,765.65625,0.9790685176849365
383,12766,901.3993530273438,82.9932861328125,0.010356640443205833,906.0966796875,59.689910888671875,0.009609324857592583,895.3198852539062,71.5473403930664,0.006006794981658459,927.03369140625,41.92847442626953,0.014621611684560776,896.6798095703125,60.05255126953125,0.00581202981993556,929.867431640625,12.201896667480469,0.03180648013949394,924.62255859375,0.0,0.018523646518588066,871.6961669921875,69.34213256835938,0.1231822669506073,911.9102783203125,53.444480895996094,0.07461199164390564,825.1140747070312,108.68968963623047,0.14779692888259888,849.5596313476562,85.15052032470703,0.10808759182691574,990.6536865234375,115.55905151367188,0.7980434894561768,941.0198364257812,101.37510681152344,0.7484603524208069,1011.9046020507812,470.5854797363281,0.954562246799469,814.8195190429688,442.4117431640625,0.9354601502418518,1181.1470947265625,810.7364501953125,0.9446333646774292,865.4295043945312,780.05419921875,0.9319556951522827
384,12800,896.3464965820312,98.52811431884766,0.0042574708350002766,898.1929321289062,78.25426483154297,0.004798244684934616,889.035888671875,87.95610809326172,0.0023589490447193384,925.0800170898438,62.91771697998047,0.008596707135438919,898.1079711914062,78.89705657958984,0.0023176728282123804,928.905029296875,37.52540588378906,0.010919637978076935,928.9385375976562,18.242340087890625,0.0081656314432621,872.9005737304688,89.99171447753906,0.05506572127342224,926.0388793945312,75.65693664550781,0.04393301531672478,835.5092163085938,111.82919311523438,0.07442565262317657,861.6375732421875,99.58181762695312,0.060444626957178116,982.189453125,83.4378662109375,0.803159236907959,938.439208984375,74.44317626953125,0.7774913311004639,1014.522216796875,466.7990417480469,0.976346492767334,845.4515991210938,444.6975402832031,0.9689081311225891,1209.0076904296875,798.7222290039062,0.9816352128982544,833.6211547851562,807.3845825195312,0.9793245196342468
385,12833,929.9240112304688,82.6570816040039,0.012650390155613422,931.6941528320312,63.28978729248047,0.010434169322252274,917.9418334960938,72.21553802490234,0.007468093652278185,944.404052734375,47.83941650390625,0.009556821547448635,908.302001953125,61.00044250488281,0.005050208419561386,939.0787963867188,18.089218139648438,0.02357371710240841,932.5433349609375,4.553009033203125,0.011234295554459095,893.8877563476562,79.83613586425781,0.11479953676462173,915.5630493164062,71.75431823730469,0.04979584366083145,857.013427734375,102.91355895996094,0.16601352393627167,852.4832153320312,100.25358581542969,0.08832919597625732,979.313232421875,97.03976440429688,0.7890148758888245,934.387451171875,85.46273803710938,0.7131437063217163,989.5911254882812,456.73553466796875,0.968104362487793,845.617919921875,443.8744201660156,0.9496261477470398,1225.159423828125,771.0784301757812,0.9725556969642639,845.0846557617188,791.527587890625,0.963611900806427
386,12866,932.8685913085938,82.84808349609375,0.015409041196107864,932.947265625,64.69715881347656,0.011326562613248825,920.2586669921875,74.57466888427734,0.008263473398983479,939.2667846679688,50.60362243652344,0.005826623644679785,907.1408081054688,66.30583190917969,0.0032406067475676537,924.6449584960938,13.32366943359375,0.013834159821271896,935.4966430664062,3.5881805419921875,0.007332035806030035,889.3771362304688,61.764678955078125,0.12476176768541336,907.14697265625,63.08770751953125,0.06162871792912483,854.8811645507812,99.74409484863281,0.2801141142845154,848.9263916015625,85.70118713378906,0.1790919154882431,963.2396850585938,91.80093383789062,0.7526390552520752,935.7918701171875,84.47611999511719,0.6745843291282654,946.7359008789062,465.2406311035156,0.9672069549560547,854.6213989257812,461.3490905761719,0.9506325721740723,1225.9613037109375,753.3585815429688,0.9737885594367981,885.804443359375,805.361572265625,0.96555095911026
387,12900,870.3619995117188,91.6845703125,0.005510096903890371,870.8616943359375,73.00263977050781,0.0054410602897405624,864.171630859375,84.9496078491211,0.0028493565041571856,896.530029296875,57.717681884765625,0.006791835185140371,886.86181640625,77.56887817382812,0.0021669133566319942,887.3941040039062,11.50030517578125,0.007283751852810383,938.7066650390625,0.936767578125,0.010060281492769718,845.5800170898438,40.276611328125,0.05242754518985748,905.710693359375,52.98046875,0.0802268236875534,799.7464599609375,117.84031677246094,0.10125499963760376,856.6427001953125,87.77384948730469,0.13487260043621063,949.4912719726562,65.75711059570312,0.8063482046127319,957.9503173828125,71.18778991699219,0.8222053050994873,926.524658203125,476.7379150390625,0.9769121408462524,888.2625732421875,482.13116455078125,0.9762899279594421,1217.22998046875,735.6589965820312,0.982879102230072,916.8058471679688,824.0731201171875,0.9828716516494751
388,12933,870.468994140625,95.39128875732422,0.00604323809966445,869.5156860351562,77.51712799072266,0.005187226925045252,863.5654907226562,91.1330337524414,0.0031898377928882837,895.333984375,59.842437744140625,0.007737982552498579,891.9849243164062,82.6889419555664,0.003296218579635024,887.3003540039062,14.145126342773438,0.012527277693152428,958.658203125,0.0,0.020336037501692772,877.0450439453125,39.288665771484375,0.07333563268184662,910.2953491210938,54.731597900390625,0.1364561915397644,862.8352661132812,103.44978332519531,0.12023958563804626,858.044921875,84.31777954101562,0.18957863748073578,953.1690673828125,80.82073974609375,0.8626566529273987,985.4764404296875,84.54350280761719,0.881868839263916,903.2999877929688,483.0117492675781,0.9782785177230835,899.55029296875,496.1439514160156,0.9799479246139526,1187.718505859375,721.1939086914062,0.9820200800895691,959.0489501953125,836.1773071289062,0.9822266101837158
389,12966,850.1936645507812,97.46484375,0.0030083246529102325,848.2235107421875,80.6539306640625,0.003139070700854063,847.6985473632812,96.44668579101562,0.0016617219662293792,874.3364868164062,60.81976318359375,0.009408620186150074,892.38720703125,86.17865753173828,0.0028148149140179157,870.4947509765625,20.626693725585938,0.010018945671617985,979.07373046875,0.0,0.02090415544807911,868.5857543945312,40.32069396972656,0.04569201171398163,912.8594970703125,43.37683868408203,0.1292009800672531,865.5032958984375,92.28568267822266,0.060304298996925354,860.4426879882812,81.88829040527344,0.14271274209022522,951.8549194335938,112.38111877441406,0.8508139848709106,1017.1539916992188,109.99337768554688,0.8897877335548401,860.8878173828125,480.9013366699219,0.9722651839256287,902.4600830078125,485.3111572265625,0.979142427444458,1135.7860107421875,707.0276489257812,0.9780622124671936,986.619873046875,830.1699829101562,0.9806559085845947
390,13000,799.48681640625,63.70014953613281,0.004563258029520512,801.0855102539062,46.06182861328125,0.004832202102988958,797.5384521484375,66.53746032714844,0.0020437506027519703,843.1605834960938,32.621246337890625,0.01922079548239708,853.1017456054688,65.25537872314453,0.004444404970854521,846.6943969726562,5.1507110595703125,0.03760656341910362,947.8225708007812,0.0,0.03255212679505348,833.9857177734375,20.651641845703125,0.13018424808979034,881.5669555664062,34.1063232421875,0.11668103188276291,855.2054443359375,60.27044677734375,0.13554510474205017,853.6967163085938,71.87194061279297,0.12713740766048431,956.9297485351562,105.75901794433594,0.8837557435035706,1027.9112548828125,104.62033081054688,0.8724459409713745,828.2818603515625,467.17596435546875,0.9701492786407471,930.7979736328125,484.63494873046875,0.9641485214233398,1079.368408203125,738.633544921875,0.9644027948379517,1039.3631591796875,783.0247802734375,0.95827716588974
391,13033,803.7035522460938,59.2803955078125,0.0033225410152226686,802.9874267578125,42.795501708984375,0.0037527084350585938,805.049072265625,63.00297546386719,0.001571501954458654,842.6716918945312,33.853179931640625,0.02141532488167286,876.5231323242188,64.74327850341797,0.0050930725410580635,849.1939697265625,5.444068908691406,0.03919541835784912,985.216796875,0.0,0.03052612952888012,832.636962890625,17.22216796875,0.1076689139008522,950.9269409179688,38.035491943359375,0.086882583796978,861.9296875,30.030853271484375,0.09395182877779007,877.6437377929688,58.305267333984375,0.08072743564844131,952.2262573242188,109.82427978515625,0.8981583714485168,1050.1932373046875,106.51927185058594,0.8857429027557373,805.9989624023438,459.20416259765625,0.9779368042945862,966.7847900390625,484.32513427734375,0.9743953943252563,1034.101318359375,745.6928100585938,0.9774402379989624,1085.3441162109375,826.2191162109375,0.9732165336608887
392,13066,825.7152099609375,79.25891876220703,0.0021553626284003258,823.9644165039062,60.60804748535156,0.0026863061357289553,826.1486206054688,80.78608703613281,0.0011638036230579019,856.3892211914062,44.782196044921875,0.01570407673716545,885.796142578125,77.2412109375,0.0035686891060322523,864.7855224609375,6.1272125244140625,0.01602989248931408,975.7051391601562,0.1602630615234375,0.018660636618733406,853.89990234375,33.799346923828125,0.0436430387198925,933.1646118164062,46.644081115722656,0.061570532619953156,879.32958984375,104.84335327148438,0.04483954980969429,875.1299438476562,94.62080383300781,0.06048006936907768,955.0882568359375,90.8851318359375,0.8564784526824951,1044.663818359375,90.0948486328125,0.8645070791244507,805.0995483398438,446.8428955078125,0.9785823822021484,992.3946533203125,477.7562255859375,0.9788273572921753,976.7999267578125,780.907470703125,0.98270583152771,1122.121337890625,834.328857421875,0.9814465045928955
393,13100,856.587890625,86.85564422607422,0.0042353360913693905,852.7090454101562,64.8662109375,0.00424405699595809,855.7233276367188,80.26190185546875,0.0017598201520740986,879.12255859375,48.28875732421875,0.011421535164117813,912.4063110351562,72.72823333740234,0.0027885071467608213,889.0822143554688,15.34368896484375,0.016247550025582314,989.2672729492188,11.84307861328125,0.014746068976819515,888.8445434570312,55.16157531738281,0.08181000500917435,951.1452026367188,57.71855163574219,0.0745638906955719,888.7753295898438,105.377197265625,0.15506523847579956,879.6324462890625,87.142822265625,0.1418125480413437,963.6107177734375,77.9293212890625,0.8311378955841064,1049.8275146484375,76.10618591308594,0.8131488561630249,833.7727661132812,432.73388671875,0.982279360294342,1020.5006713867188,463.6204833984375,0.9771658182144165,901.4544067382812,825.4230346679688,0.985205352306366,1172.009765625,803.1355590820312,0.9813868403434753
394,13133,897.3909912109375,96.04330444335938,0.0058255987241864204,892.8045043945312,72.875244140625,0.00478246808052063,894.7040405273438,85.42398834228516,0.002614398952573538,908.868896484375,56.32470703125,0.00835181213915348,940.2213745117188,75.97206115722656,0.0028298303950577974,903.1766967773438,17.533676147460938,0.013488100841641426,1006.0430297851562,11.755645751953125,0.014478587545454502,889.452392578125,61.62098693847656,0.087178073823452,966.2569580078125,58.76976013183594,0.1062961146235466,882.0967407226562,93.35206604003906,0.21456566452980042,872.7457275390625,78.62672424316406,0.2605195641517639,964.9440307617188,78.43400573730469,0.8302668929100037,1048.5858154296875,75.16282653808594,0.8210827112197876,854.6915283203125,437.0032653808594,0.9836994409561157,1025.7884521484375,449.85369873046875,0.9796470403671265,862.140380859375,826.4320678710938,0.9857396483421326,1195.1556396484375,774.7369995117188,0.983254611492157
395,13166,913.6769409179688,95.7659683227539,0.004427293315529823,912.1201782226562,73.36072540283203,0.004306270275264978,909.5855712890625,85.21939086914062,0.0020693473052233458,930.7330322265625,58.22218322753906,0.008293021470308304,942.7589721679688,77.76168823242188,0.0023582298308610916,924.3486328125,13.818191528320312,0.012205003760755062,980.233154296875,9.87615966796875,0.008364934474229813,896.57470703125,44.24995422363281,0.07893703132867813,932.5706787109375,44.03407287597656,0.05625135079026222,907.2741088867188,69.83793640136719,0.17713987827301025,877.9006958007812,59.532440185546875,0.14696118235588074,967.046875,70.35859680175781,0.8096557259559631,1018.39599609375,70.56523132324219,0.7612425088882446,871.1786499023438,438.3717956542969,0.9821964502334595,1019.2921142578125,451.7887878417969,0.9724516272544861,858.287109375,822.8218383789062,0.9851952195167542,1215.275390625,754.9319458007812,0.9799112677574158
396,13200,908.3223266601562,105.85258483886719,0.01209402084350586,907.8300170898438,81.80044555664062,0.010219775140285492,898.9443969726562,94.8955078125,0.005813277792185545,931.5886840820312,69.31301879882812,0.014405348338186741,932.5420532226562,84.46343994140625,0.005629167892038822,935.0667114257812,9.037399291992188,0.02492951788008213,960.033935546875,11.637039184570312,0.02021174505352974,907.1241455078125,57.44416809082031,0.10056053102016449,929.4076538085938,51.30857849121094,0.08333099633455276,906.6643676757812,67.06910705566406,0.20645427703857422,885.4061889648438,49.21453857421875,0.18901322782039642,980.9500122070312,64.78646850585938,0.7642173767089844,1008.8514404296875,67.73492431640625,0.727401077747345,864.760986328125,433.9892578125,0.9724738597869873,999.15966796875,455.7488708496094,0.9608650803565979,871.368896484375,795.4641723632812,0.9782155156135559,1210.3919677734375,742.2086791992188,0.9719570875167847
397,13233,882.5381469726562,91.97888946533203,0.005873913411051035,884.21142578125,67.1356201171875,0.005954054184257984,879.2355346679688,80.7143783569336,0.0025935275480151176,910.90087890625,52.011016845703125,0.008502675220370293,906.7308349609375,75.88838195800781,0.002256612293422222,921.6786499023438,13.600616455078125,0.008974297903478146,954.2084350585938,8.6788330078125,0.009829618968069553,928.2745971679688,46.90887451171875,0.06479017436504364,945.239501953125,52.26356506347656,0.07308624684810638,909.8778076171875,70.732177734375,0.17485883831977844,887.0903930664062,61.902191162109375,0.1859586089849472,973.5234985351562,64.49395751953125,0.7668740153312683,1001.5728149414062,61.740692138671875,0.7539175152778625,895.3743896484375,460.9582214355469,0.9781990051269531,973.803466796875,464.77911376953125,0.9712735414505005,913.5877685546875,846.2631225585938,0.9819759130477905,1213.0380859375,730.605712890625,0.9777904748916626
398,13266,872.9616088867188,87.44075775146484,0.004494970664381981,876.4776000976562,68.33926391601562,0.00477786036208272,869.9639282226562,79.72286224365234,0.0019917930476367474,908.7623901367188,50.16307067871094,0.011610722169280052,893.1009521484375,69.9275894165039,0.0026517047081142664,933.400146484375,12.618896484375,0.015202699229121208,924.727294921875,0.0438995361328125,0.01734069734811783,924.2924194335938,59.16801452636719,0.07849099487066269,931.3839721679688,59.570526123046875,0.09432359039783478,890.4393920898438,106.39906311035156,0.13917692005634308,879.9959716796875,91.11643981933594,0.15791942179203033,982.122802734375,97.50942993164062,0.8616847395896912,975.760986328125,91.90859985351562,0.857735276222229,903.849853515625,478.8646545410156,0.9825564622879028,943.230712890625,476.9403076171875,0.9776075482368469,958.9824829101562,846.1126098632812,0.9834559559822083,1184.299560546875,720.9954223632812,0.9806801080703735
399,13300,877.1944580078125,82.61750793457031,0.004296547267585993,881.230224609375,65.79844665527344,0.004592948127537966,874.0763549804688,78.64102935791016,0.0021073732059448957,914.7041015625,48.167449951171875,0.013799075968563557,892.3834228515625,71.19916534423828,0.003566259751096368,936.610107421875,7.954010009765625,0.019461924210190773,914.7318115234375,0.0,0.023764226585626602,910.3135986328125,49.58876037597656,0.07717447727918625,921.3822021484375,54.531097412109375,0.09883835166692734,888.068359375,98.30268859863281,0.10330207645893097,876.296142578125,86.40641784667969,0.12247516214847565,984.12744140625,113.68460083007812,0.8863261342048645,962.174072265625,109.54316711425781,0.8866192698478699,911.36669921875,494.6127624511719,0.9827318787574768,920.4261474609375,487.8868408203125,0.978127121925354,1012.0501708984375,847.8495483398438,0.9824999570846558,1156.6689453125,715.2991333007812,0.9803313612937927
400,13333,867.1663208007812,80.80815124511719,0.002021605847403407,874.14111328125,59.349151611328125,0.0025450880639255047,861.3413696289062,78.0406494140625,0.0010613377671688795,918.0186767578125,40.440765380859375,0.01241825707256794,869.0291748046875,75.96979522705078,0.002214946551248431,950.6010131835938,12.199539184570312,0.00965715479105711,883.4590454101562,2.1627044677734375,0.022184330970048904,931.0697021484375,56.12278747558594,0.035397082567214966,907.3970947265625,55.817161560058594,0.11052898317575455,898.2208251953125,115.93093872070312,0.044460229575634,875.2294921875,100.042236328125,0.10963445156812668,1005.4052734375,117.86109924316406,0.8438336849212646,943.5091552734375,113.392822265625,0.8849726319313049,939.7029418945312,502.9222412109375,0.9695777297019958,861.32666015625,467.6885681152344,0.9713881611824036,1056.4512939453125,848.8314208984375,0.9649776816368103,1123.1378173828125,682.6328125,0.9695026278495789
401,13366,922.1732177734375,95.860107421875,0.007402842398732901,933.8009643554688,68.8721694946289,0.008699698373675346,907.6809692382812,81.41590118408203,0.0034528649412095547,974.231689453125,47.34883117675781,0.02206355519592762,898.999755859375,68.4561767578125,0.0038339728489518166,992.5067749023438,11.653564453125,0.03513849154114723,898.3290405273438,0.0,0.021190209314227104,953.0308227539062,75.04655456542969,0.109290212392807,905.3157348632812,61.74925231933594,0.07524272799491882,898.1549072265625,138.21876525878906,0.12776735424995422,862.7523193359375,97.56417846679688,0.11276949942111969,1022.959716796875,122.41328430175781,0.81565260887146,935.76806640625,117.06449890136719,0.7679151296615601,958.8345947265625,494.23590087890625,0.9552561640739441,825.0419311523438,464.1512145996094,0.9284021258354187,1079.9049072265625,831.6112060546875,0.947777271270752,1113.955078125,685.8812255859375,0.9345294237136841
402,13400,892.8477783203125,97.6974105834961,0.003015117021277547,898.8912963867188,75.72134399414062,0.003680566558614373,883.02783203125,89.65642547607422,0.001425113994628191,938.2163696289062,53.867340087890625,0.013390176929533482,887.8374633789062,79.75353240966797,0.002171115716919303,965.2399291992188,21.3218994140625,0.01836055889725685,906.5523071289062,9.743820190429688,0.01867937669157982,937.0111694335938,61.983306884765625,0.07467594742774963,926.3167114257812,60.706878662109375,0.09328131377696991,906.6035766601562,112.18125915527344,0.08439261466264725,882.6962280273438,92.47604370117188,0.10214344412088394,1013.9642944335938,125.29902648925781,0.8811863660812378,940.2183837890625,115.37594604492188,0.8809838891029358,1009.9645385742188,501.0948791503906,0.9782559275627136,822.9522094726562,435.4889221191406,0.9727240800857544,1149.4747314453125,838.0728149414062,0.9765908718109131,1015.0012817382812,704.7354736328125,0.9773059487342834
403,13433,910.4213256835938,90.42240142822266,0.009210622869431973,919.67138671875,66.24747467041016,0.011344495229423046,905.1336059570312,80.16920471191406,0.006052488461136818,955.4694213867188,49.422340393066406,0.026353254914283752,910.8876342773438,71.57686614990234,0.00811684224754572,972.9221801757812,15.697471618652344,0.04500763863325119,922.4456176757812,2.4519424438476562,0.023037778213620186,930.4127807617188,58.739891052246094,0.10734104365110397,922.2601928710938,53.35748291015625,0.058288950473070145,915.6593627929688,119.23184967041016,0.09428364783525467,900.41455078125,114.59005737304688,0.06233866512775421,1025.6966552734375,122.29497528076172,0.8298364281654358,950.4415283203125,112.10110473632812,0.7776625752449036,1030.21630859375,471.28143310546875,0.9539470672607422,810.5740966796875,431.8378601074219,0.9308261275291443,1190.2562255859375,808.05419921875,0.9381055235862732,958.025634765625,743.3501586914062,0.9229289293289185
404,13466,887.118408203125,86.30364990234375,0.002786068245768547,891.7606201171875,62.68180847167969,0.0036963175516575575,884.8482055664062,75.67652893066406,0.0017585715977475047,925.292236328125,48.847686767578125,0.015015029348433018,900.7192993164062,72.47135925292969,0.0036277456674724817,953.8765869140625,24.62127685546875,0.011812390759587288,920.8480224609375,14.591514587402344,0.02041131816804409,922.3341064453125,75.05463409423828,0.027936866506934166,953.1629028320312,64.1729736328125,0.06519082188606262,914.3640747070312,122.7916030883789,0.023609096184372902,912.95751953125,116.45402526855469,0.043184325098991394,1010.995849609375,98.97917175292969,0.8227616548538208,947.5768432617188,99.39930725097656,0.8613475561141968,1049.21923828125,467.8040771484375,0.9690256714820862,843.2329711914062,432.07208251953125,0.9713020324707031,1222.4791259765625,806.5065307617188,0.9698806405067444,900.8340454101562,762.00732421875,0.9757357239723206
405,13500,912.1370239257812,96.44776153564453,0.004155144561082125,915.3554077148438,74.44205474853516,0.005282075144350529,903.5458984375,83.39559173583984,0.0023075391072779894,946.7508544921875,63.82566833496094,0.00965023972094059,910.7472534179688,79.23836517333984,0.002163370605558157,962.0731201171875,48.01606750488281,0.009406170807778835,935.023681640625,30.22100830078125,0.007406368386000395,919.5771484375,104.24661254882812,0.03984716534614563,963.21923828125,93.10519409179688,0.035445649176836014,895.8029174804688,134.36956787109375,0.05185028165578842,907.5269165039062,134.79409790039062,0.04466280713677406,1015.008544921875,77.80142211914062,0.79856276512146,951.4921875,72.32107543945312,0.7810830473899841,1053.0047607421875,461.2840576171875,0.9786207675933838,863.5735473632812,437.4117736816406,0.9728245735168457,1259.92138671875,787.0900268554688,0.9852756261825562,864.9525146484375,799.3760375976562,0.9841606020927429
406,13533,883.81298828125,96.15536499023438,0.006338224746286869,889.2261352539062,68.97754669189453,0.008284433744847775,873.74853515625,79.18359375,0.0032840094063431025,929.1963500976562,58.74998474121094,0.015003755688667297,886.4890747070312,76.16722869873047,0.0030613450799137354,958.6744995117188,38.43782043457031,0.012759498320519924,912.4966430664062,33.055023193359375,0.012833397835493088,923.7508544921875,96.74372863769531,0.040274374186992645,934.0368041992188,93.63093566894531,0.04365648329257965,888.2684326171875,152.16929626464844,0.04845307767391205,879.724609375,152.51239013671875,0.045358020812273026,1016.337158203125,61.95606994628906,0.8089094161987305,949.4042358398438,66.03140258789062,0.8125718832015991,1028.915283203125,455.5530700683594,0.9777005314826965,871.6986694335938,439.08538818359375,0.9743082523345947,1273.5472412109375,763.6715698242188,0.9827350974082947,875.504150390625,805.4046630859375,0.9833716750144958
407,13566,934.1323852539062,72.52931213378906,0.010615982115268707,944.3267211914062,48.21455383300781,0.01327671017497778,923.1943969726562,59.63841247558594,0.007899824529886246,970.7946166992188,40.616363525390625,0.017598139122128487,909.127685546875,58.74078369140625,0.006511419080197811,968.2941284179688,25.912628173828125,0.020086264237761497,907.0317993164062,16.21808624267578,0.00962633453309536,954.7122802734375,71.3269271850586,0.0536126084625721,891.4207763671875,63.28076934814453,0.02613588236272335,933.8886108398438,122.43251037597656,0.0611392967402935,876.2304077148438,131.07977294921875,0.035407714545726776,1002.5945434570312,93.39594268798828,0.7095492482185364,935.6079711914062,91.74311828613281,0.6366316676139832,990.635009765625,465.4261169433594,0.9416425824165344,874.2271728515625,457.4256591796875,0.917326033115387,1259.3192138671875,754.3330078125,0.9419265985488892,907.2081298828125,793.406494140625,0.928502082824707
408,13600,956.3937377929688,103.00364685058594,0.013564432971179485,953.7352294921875,84.98117065429688,0.010689505375921726,942.13427734375,93.45771789550781,0.008630919270217419,952.504638671875,74.59359741210938,0.008542084135115147,938.22802734375,83.99354553222656,0.005332020577043295,933.0882568359375,35.071563720703125,0.01682189293205738,976.0742797851562,29.98974609375,0.009723777882754803,901.9103393554688,89.31065368652344,0.0851711854338646,922.6217651367188,86.88748168945312,0.043578024953603745,876.6558837890625,138.51846313476562,0.15010516345500946,859.6651611328125,117.52272033691406,0.09192592650651932,975.5048217773438,92.70726013183594,0.7157841324806213,976.4107055664062,89.97459411621094,0.6412251591682434,959.4952392578125,482.4639587402344,0.9609604477882385,912.3209838867188,482.434326171875,0.943879246711731,1258.445556640625,740.5036010742188,0.9753276705741882,943.6170654296875,824.126953125,0.9684904217720032
409,13633,921.6980590820312,94.64488220214844,0.003613814478740096,919.3634643554688,79.7750015258789,0.003567785257473588,914.9140014648438,91.45765686035156,0.002111374866217375,933.4973754882812,64.23408508300781,0.008703365921974182,937.0426635742188,84.16124725341797,0.0029461148660629988,906.5821533203125,25.940139770507812,0.011804528534412384,1004.10205078125,7.151458740234375,0.015224345959722996,901.6513061523438,59.35340881347656,0.05384606122970581,936.2282104492188,69.84544372558594,0.08265724033117294,889.7025756835938,124.79351806640625,0.06937415897846222,878.8085327148438,102.25955200195312,0.10214649885892868,969.486572265625,92.30392456054688,0.8375427722930908,1023.7185668945312,93.52647399902344,0.8459070920944214,917.2911987304688,484.0855712890625,0.9712424278259277,933.4544677734375,499.8701477050781,0.9721001386642456,1222.458740234375,717.7152099609375,0.9792471528053284,988.2660522460938,843.1792602539062,0.978565514087677
410,13666,921.6736450195312,96.24005126953125,0.003993063233792782,918.4242553710938,80.72332763671875,0.003757745958864689,914.319091796875,94.17304229736328,0.0023363614454865456,933.9049072265625,62.873130798339844,0.009877131320536137,941.0940551757812,85.76339721679688,0.0038426294922828674,914.6950073242188,25.865524291992188,0.01729469746351242,1013.4076538085938,6.5062408447265625,0.022541683167219162,916.876708984375,57.8214111328125,0.0710238665342331,941.773193359375,72.56913757324219,0.11079137772321701,901.5807495117188,131.180419921875,0.08648587018251419,882.95947265625,113.67082214355469,0.13345195353031158,973.4705810546875,105.451904296875,0.8624753952026367,1035.97509765625,103.75918579101562,0.8702302575111389,874.3008422851562,480.4339599609375,0.9701843857765198,921.681884765625,499.0143127441406,0.972236156463623,1167.36474609375,697.2696533203125,0.978801965713501,1016.828857421875,839.8727416992188,0.9776632785797119
411,13700,865.4002075195312,90.50193786621094,0.001979534048587084,865.456298828125,72.2142333984375,0.0023029253352433443,865.0673217773438,91.73139953613281,0.0010662854183465242,898.3844604492188,52.16587829589844,0.018090467900037766,913.802001953125,84.01167297363281,0.004355103708803654,902.7492065429688,14.424476623535156,0.023015271872282028,998.84912109375,0.39406585693359375,0.03709877282381058,909.3230590820312,50.548370361328125,0.05681738629937172,964.1035766601562,58.778846740722656,0.11089694499969482,906.5526123046875,118.12875366210938,0.04454964026808739,897.1509399414062,97.88372039794922,0.0770166739821434,981.9281616210938,105.64988708496094,0.8525368571281433,1048.437255859375,105.70079040527344,0.8780291676521301,868.6029663085938,470.8034362792969,0.9585331082344055,961.6951904296875,491.61566162109375,0.9620783925056458,1101.501708984375,757.3857421875,0.9517832398414612,1080.716064453125,793.4341430664062,0.952369749546051
412,13733,866.1119384765625,84.54414367675781,0.002115165814757347,866.1006469726562,65.29408264160156,0.002673577982932329,866.6694946289062,85.04319763183594,0.001161277643404901,900.9521484375,47.846099853515625,0.01973174512386322,922.3883056640625,79.67131805419922,0.004539855755865574,908.5328979492188,13.085517883300781,0.021263573318719864,1011.3839721679688,7.097785949707031,0.02742609940469265,920.9560546875,50.96935272216797,0.04574315622448921,988.2214965820312,64.99864196777344,0.07073362916707993,932.1348876953125,136.57142639160156,0.03744085878133774,918.615966796875,118.45818328857422,0.051908403635025024,981.785400390625,107.41978454589844,0.8622671365737915,1060.8460693359375,106.68356323242188,0.8767189383506775,843.9496459960938,460.7921447753906,0.9728952050209045,990.7723388671875,483.6329345703125,0.9743046164512634,1045.129638671875,768.2669677734375,0.9752564430236816,1113.0859375,823.440185546875,0.9746459126472473
413,13766,911.6995239257812,89.8924560546875,0.009694484993815422,915.3916625976562,59.62174987792969,0.012488815933465958,911.0066528320312,80.74555969238281,0.006410991307348013,944.965576171875,43.58837127685547,0.036719854921102524,952.9954833984375,78.45816040039062,0.00948130153119564,941.4851684570312,10.288009643554688,0.03635704889893532,1011.301025390625,22.35083770751953,0.025445204228162766,934.117919921875,55.26024627685547,0.06261865049600601,958.8126220703125,60.854347229003906,0.05086371302604675,933.7742309570312,127.13145446777344,0.07040035724639893,903.853515625,103.10213470458984,0.06747572124004364,999.38818359375,96.43789672851562,0.7616479992866516,1062.6600341796875,103.44049072265625,0.7249147295951843,830.5260009765625,434.0224304199219,0.9492456316947937,1005.1015014648438,462.94061279296875,0.9358945488929749,981.4031982421875,794.453857421875,0.9437388777732849,1150.614990234375,810.5074462890625,0.9333958625793457
414,13800,881.7474975585938,76.07714080810547,0.0047391075640916824,879.935302734375,51.35870361328125,0.00510806031525135,880.5133666992188,67.21172332763672,0.0019248592434450984,911.8452758789062,38.39923095703125,0.016365407034754753,937.2113037109375,64.47335815429688,0.00349755329079926,926.3606567382812,15.711593627929688,0.021251367405056953,1013.7514038085938,16.7607421875,0.01828174479305744,925.7755737304688,69.82846069335938,0.0775662288069725,991.08544921875,74.9732666015625,0.06586062908172607,927.841796875,112.56454467773438,0.12855036556720734,911.7960815429688,86.58966064453125,0.10717879980802536,989.4618530273438,77.57208251953125,0.8226127028465271,1067.42919921875,76.17750549316406,0.8018619418144226,856.5362548828125,430.7568054199219,0.9804746508598328,1035.056396484375,460.0170593261719,0.9745641946792603,902.0795288085938,828.70458984375,0.98307865858078,1200.3900146484375,803.7141723632812,0.9785251021385193
415,13833,921.7842407226562,89.98381805419922,0.004895276855677366,918.4688110351562,67.62581634521484,0.004454988054931164,917.965087890625,80.54695129394531,0.0020511155016720295,939.0977783203125,51.564056396484375,0.008853537030518055,958.3353881835938,73.24873352050781,0.0024000885896384716,942.5048217773438,16.835174560546875,0.014981330372393131,1013.4448852539062,13.042327880859375,0.011746066622436047,933.8492431640625,64.71546936035156,0.09970217198133469,976.4671020507812,64.29817199707031,0.08147788792848587,911.02587890625,115.229736328125,0.2277517318725586,892.6578369140625,105.7130126953125,0.20845334231853485,989.7257690429688,72.2413330078125,0.8311627507209778,1054.29345703125,70.76005554199219,0.7978960275650024,879.3164672851562,437.901611328125,0.9825220108032227,1044.472412109375,457.0755920410156,0.9748612642288208,876.4932861328125,823.7244873046875,0.9841604828834534,1222.9912109375,772.1975708007812,0.979099452495575
416,13866,928.5670776367188,89.42914581298828,0.004114940762519836,928.3009643554688,65.52115631103516,0.004222972318530083,922.0596313476562,78.79637145996094,0.0019928726833313704,950.5833129882812,51.34112548828125,0.008676358498632908,949.3513793945312,74.69512939453125,0.002494175685569644,956.4129638671875,14.490188598632812,0.01181231252849102,986.8108520507812,11.538711547851562,0.008415758609771729,943.52734375,57.76597595214844,0.06636586040258408,955.5416259765625,53.747314453125,0.04976596310734749,940.0398559570312,93.21661376953125,0.1420784592628479,902.85205078125,79.9361572265625,0.12076009809970856,996.7518310546875,60.671722412109375,0.7848252654075623,1032.830322265625,61.76014709472656,0.7379546165466309,885.7300415039062,435.5625915527344,0.9786604046821594,1026.643798828125,454.16522216796875,0.9677080512046814,875.6041259765625,822.0250854492188,0.9828437566757202,1233.6707763671875,752.206298828125,0.9764960408210754
417,13900,912.6163330078125,87.48218536376953,0.0038476174231618643,912.513671875,60.7236328125,0.0042840768583118916,909.89892578125,79.01953125,0.0018791800830513239,934.539794921875,47.671531677246094,0.007907264865934849,940.0028686523438,80.9619369506836,0.0019670180045068264,931.8578491210938,5.6931610107421875,0.008368114940822124,992.627197265625,0.0,0.006767548620700836,920.0487670898438,35.15290832519531,0.061663560569286346,952.121337890625,41.26387023925781,0.05613209307193756,929.0460815429688,70.415771484375,0.15088878571987152,904.9100341796875,72.57117462158203,0.15631099045276642,998.7749633789062,59.357574462890625,0.7690209150314331,1047.7205810546875,60.430755615234375,0.7312144041061401,897.1968383789062,442.7950744628906,0.9759224653244019,994.2500610351562,450.1275329589844,0.9663582444190979,896.8656005859375,813.8262329101562,0.9801219701766968,1245.2178955078125,746.7302856445312,0.9731724262237549
418,13933,924.967529296875,93.46124267578125,0.00386539357714355,924.8939819335938,70.80558013916016,0.004276532679796219,921.509033203125,85.03060913085938,0.0019156849011778831,948.6311645507812,53.752716064453125,0.008101025596261024,944.5872802734375,79.568115234375,0.0021192962303757668,950.2827758789062,10.263702392578125,0.010409782640635967,971.1970825195312,0.3817291259765625,0.007154356222599745,936.5501098632812,45.302490234375,0.06704912334680557,949.7769165039062,48.51658630371094,0.04770756885409355,926.9284057617188,72.07420349121094,0.13579925894737244,909.2788696289062,64.51547241210938,0.11410561203956604,990.89208984375,68.97120666503906,0.8019077181816101,1005.9605712890625,69.42411804199219,0.7490402460098267,911.4318237304688,459.5971984863281,0.9802539944648743,971.2391967773438,473.3582458496094,0.9678763747215271,943.3411254882812,835.1270141601562,0.9850325584411621,1218.5816650390625,719.1908569335938,0.9784373044967651
419,13966,892.0517578125,81.9418716430664,0.006059635430574417,894.7427368164062,62.36265563964844,0.005966637283563614,890.1685180664062,75.2171630859375,0.002490400103852153,929.3712158203125,45.280426025390625,0.011983444914221764,918.7571411132812,67.82917785644531,0.003049156628549099,950.7462158203125,5.7802734375,0.021487392485141754,954.976318359375,0.0,0.01941840350627899,940.2864990234375,36.38653564453125,0.1257852464914322,947.02734375,53.859100341796875,0.10484405606985092,926.3245239257812,74.67979431152344,0.22501066327095032,910.9768676757812,73.15315246582031,0.18713590502738953,1006.3795776367188,95.75157165527344,0.8797435164451599,1009.1597900390625,92.69856262207031,0.8600500226020813,919.2057495117188,474.586669921875,0.9842133522033691,965.654541015625,479.55828857421875,0.976706862449646,996.2268676757812,841.3804321289062,0.9833270907402039,1191.58251953125,723.6007080078125,0.9784623384475708
420,14000,911.2540893554688,79.62931823730469,0.003953797742724419,915.9338989257812,60.527870178222656,0.004454008769243956,904.0342407226562,74.54047393798828,0.0017214702675119042,954.1688842773438,41.70281982421875,0.012196091003715992,914.8519287109375,67.49217224121094,0.0022159710060805082,974.7484741210938,6.016021728515625,0.019266344606876373,929.5719604492188,0.0,0.017256315797567368,947.9500732421875,44.134368896484375,0.09907224029302597,925.0422973632812,55.97419738769531,0.09762806445360184,916.1400146484375,101.24299621582031,0.14678223431110382,895.6695556640625,94.64886474609375,0.15362513065338135,1018.023193359375,107.52040100097656,0.8995707631111145,975.1942749023438,101.69027709960938,0.886452853679657,935.34375,502.7007751464844,0.9843630194664001,899.0358276367188,476.8654479980469,0.9774296283721924,1055.75048828125,843.1959838867188,0.9835414290428162,1150.6549072265625,693.5839233398438,0.9807422161102295
421,14033,891.8848266601562,76.39013671875,0.003770326729863882,897.7295532226562,54.203521728515625,0.004633692558854818,883.2899780273438,68.7146987915039,0.0015566375805065036,945.3435668945312,35.661163330078125,0.0176277756690979,893.957763671875,64.48088836669922,0.0024524142500013113,989.54736328125,8.804351806640625,0.019486745819449425,904.9163818359375,0.0,0.027775540947914124,971.4395751953125,56.8443603515625,0.07164671272039413,927.013427734375,65.36709594726562,0.11341415345668793,934.0203247070312,132.7829132080078,0.09152623265981674,901.4398193359375,118.48512268066406,0.12274795770645142,1031.4669189453125,122.0621337890625,0.8576894998550415,956.3994750976562,116.07582092285156,0.8701985478401184,972.5416870117188,501.1847839355469,0.9693611264228821,862.1174926757812,472.1031188964844,0.9636885523796082,1073.7293701171875,848.8185424804688,0.9622147083282471,1113.9276123046875,684.6776733398438,0.962204098701477
422,14066,909.524658203125,92.6466064453125,0.0031107172835618258,916.3914184570312,70.64632415771484,0.0038272039964795113,897.6224365234375,85.65167999267578,0.0013710191706195474,958.8682861328125,49.696014404296875,0.015269873663783073,898.9266357421875,78.24169921875,0.0021994472481310368,991.9816284179688,18.760757446289062,0.022925348952412605,913.3233032226562,5.43402099609375,0.023532964289188385,965.1530151367188,59.498565673828125,0.09049363434314728,927.72802734375,57.359527587890625,0.11234349757432938,922.275146484375,119.40495300292969,0.09872904419898987,886.3363037109375,97.59091186523438,0.12139289081096649,1034.7479248046875,126.81028747558594,0.9004011750221252,952.9579467773438,117.87583923339844,0.8991909623146057,1005.5812377929688,504.4234619140625,0.9785969257354736,832.4401245117188,449.73980712890625,0.973039984703064,1130.364013671875,829.6483764648438,0.9755967259407043,1052.738037109375,701.4468383789062,0.9753073453903198
423,14100,909.164794921875,95.4587631225586,0.0028196012135595083,914.7590942382812,74.09486389160156,0.00336168659850955,900.16552734375,86.97756958007812,0.0013796428684145212,951.3865356445312,52.622039794921875,0.013756033964455128,907.3749389648438,76.29478454589844,0.002537192078307271,976.520751953125,16.894821166992188,0.022572897374629974,928.2973022460938,5.693023681640625,0.020461663603782654,952.625244140625,56.9007568359375,0.0849892720580101,949.8080444335938,57.615509033203125,0.09065649658441544,932.8447265625,107.8128662109375,0.08390046656131744,903.5927734375,95.79762268066406,0.0865887999534607,1024.4034423828125,125.12910461425781,0.8941875100135803,956.2593994140625,115.02117919921875,0.8892052173614502,1037.2239990234375,496.46356201171875,0.9789052605628967,839.9302368164062,428.9681396484375,0.9731429219245911,1169.3734130859375,830.6103515625,0.9765380024909973,995.8196411132812,727.6259765625,0.9770135283470154
424,14133,889.2835693359375,85.02322387695312,0.0036508420016616583,895.339599609375,63.905696868896484,0.004778400529175997,888.8240356445312,77.9318618774414,0.002471985761076212,931.0752563476562,49.1898193359375,0.019385667517781258,909.1415405273438,73.27780151367188,0.005482299253344536,970.0214233398438,11.030113220214844,0.01695329323410988,929.1366577148438,5.469749450683594,0.03014257736504078,946.2974853515625,52.84838104248047,0.03615618124604225,958.5079345703125,43.01252746582031,0.08329210430383682,942.8999633789062,121.93217468261719,0.02944266051054001,927.4305419921875,107.64372253417969,0.052720341831445694,1030.45166015625,111.19111633300781,0.8301262259483337,965.514404296875,111.41878509521484,0.8684283494949341,1045.6964111328125,474.2344665527344,0.9607119560241699,845.0057983398438,434.4544372558594,0.9641558527946472,1206.9832763671875,809.9470825195312,0.9499004483222961,937.7477416992188,758.6905517578125,0.9596660733222961
425,14166,922.5164794921875,95.37494659423828,0.004114801529794931,925.9632568359375,73.133056640625,0.005244928412139416,914.285400390625,83.0683364868164,0.0023468416184186935,958.15283203125,59.00811767578125,0.013045734725892544,922.4826049804688,76.55831909179688,0.002979733282700181,974.9833984375,38.313079833984375,0.014999929815530777,944.05908203125,23.8897705078125,0.011604469269514084,939.1653442382812,93.76748657226562,0.04750855267047882,972.5457153320312,95.81753540039062,0.04175778105854988,935.2210693359375,130.9724578857422,0.04816202446818352,932.6927490234375,151.2601776123047,0.04060317575931549,1020.6007690429688,81.91484069824219,0.8387121558189392,957.8679809570312,76.37503051757812,0.8221221566200256,1056.356689453125,467.3672790527344,0.9788839817047119,867.8087768554688,436.4117736816406,0.9730211496353149,1242.1065673828125,786.6200561523438,0.9836159348487854,886.3502807617188,785.7720947265625,0.9825664758682251
426,14200,923.9697875976562,97.57422637939453,0.004789683502167463,928.0123901367188,76.28654479980469,0.005987085867673159,914.690185546875,85.57017517089844,0.002761502517387271,960.7892456054688,64.03429412841797,0.009797314181923866,920.9216918945312,80.19497680664062,0.0024128234945237637,975.0780639648438,45.28825378417969,0.009514909237623215,944.2263793945312,29.713394165039062,0.007925091311335564,940.4097290039062,98.76036071777344,0.03926162049174309,954.3626098632812,91.94645690917969,0.03675408288836479,920.4404296875,127.18634033203125,0.05222078785300255,903.9586181640625,121.62387084960938,0.04611966758966446,1014.876708984375,76.2872314453125,0.7973325848579407,955.6165161132812,72.10404968261719,0.7824879884719849,1036.112548828125,462.2049865722656,0.9782085418701172,878.5332641601562,441.1778869628906,0.9728590846061707,1263.3524169921875,770.37890625,0.9852645993232727,879.0699462890625,797.5546875,0.9842848777770996
427,14233,939.8099365234375,74.0123519897461,0.006955711171030998,949.80029296875,51.733154296875,0.009388447739183903,931.3521118164062,63.82840347290039,0.00500715896487236,981.545166015625,43.17169189453125,0.01918785274028778,925.8594360351562,62.15052795410156,0.005745166912674904,984.9459838867188,23.849258422851562,0.022364629432559013,927.9602661132812,13.648681640625,0.010938208550214767,960.0111694335938,68.16709899902344,0.05441264808177948,910.48974609375,63.362022399902344,0.027574768289923668,940.0972290039062,118.5201416015625,0.05032174289226532,897.743408203125,132.11843872070312,0.029930204153060913,1014.8822021484375,96.49317169189453,0.7526571750640869,949.0640258789062,92.93984985351562,0.6886664628982544,998.1251220703125,460.7685241699219,0.946658194065094,876.4242553710938,449.8722839355469,0.9249066114425659,1253.7913818359375,755.3095703125,0.9451382160186768,913.318359375,785.0081176757812,0.9332454204559326
428,14266,927.52685546875,92.946533203125,0.0038476993795484304,930.177490234375,75.84407043457031,0.004774628207087517,917.2080688476562,86.6312484741211,0.0023340063635259867,954.5601806640625,62.384788513183594,0.008394814096391201,920.453125,81.78913879394531,0.0021948455832898617,950.1878051757812,29.914352416992188,0.007620712276548147,950.2379150390625,17.775970458984375,0.0066411844454705715,926.301513671875,64.00868225097656,0.03574395924806595,924.3146362304688,73.1693115234375,0.034275639802217484,896.8422241210938,127.49139404296875,0.04942290484905243,869.6118774414062,113.89205932617188,0.047463566064834595,990.16357421875,69.68389892578125,0.7683306336402893,966.8807373046875,72.52226257324219,0.7507674694061279,961.1312255859375,476.0646057128906,0.9699234366416931,908.5444946289062,477.9478759765625,0.9639326930046082,1258.2906494140625,732.29296875,0.9806607365608215,945.4239501953125,810.46240234375,0.9787052273750305
429,14300,932.5508422851562,90.50049591064453,0.00351306376978755,931.4242553710938,75.92644500732422,0.0037945997901260853,925.1583251953125,86.78581237792969,0.0021609703544527292,946.0955810546875,62.13542175292969,0.009024389088153839,940.72705078125,81.00203704833984,0.002899500774219632,923.3009033203125,25.364913940429688,0.010529950261116028,997.7174072265625,8.343612670898438,0.01185962837189436,922.15283203125,60.55174255371094,0.0442831888794899,942.4601440429688,73.20272827148438,0.05709780752658844,904.5696411132812,123.33380126953125,0.053873177617788315,883.2703857421875,105.54400634765625,0.06725062429904938,975.1827392578125,80.28204345703125,0.8190692067146301,1012.1504516601562,82.03765869140625,0.8191195130348206,928.7188720703125,483.5976867675781,0.9710599184036255,933.7637329101562,495.6474914550781,0.9693571925163269,1237.4417724609375,719.6061401367188,0.979957103729248,977.8929443359375,822.9686889648438,0.9786543250083923
430,14333,927.806396484375,96.01446533203125,0.004339518956840038,927.453369140625,80.20442962646484,0.004055932629853487,918.3292236328125,92.5418930053711,0.0025965822860598564,944.7734985351562,62.692222595214844,0.008858409710228443,933.6406860351562,83.5121841430664,0.0036694395821541548,929.5015869140625,22.060317993164062,0.014981504529714584,995.40185546875,1.3629913330078125,0.019797295331954956,932.7935180664062,53.252105712890625,0.06758099794387817,942.62548828125,59.956878662109375,0.10746298730373383,910.0870971679688,117.91360473632812,0.08975294977426529,895.5504150390625,93.00608825683594,0.13757731020450592,984.5010375976562,91.14678955078125,0.8448605537414551,1022.4180908203125,89.72401428222656,0.8548014760017395,893.883056640625,480.0112609863281,0.9672118425369263,922.2982788085938,493.5519104003906,0.9692878723144531,1180.5975341796875,699.0525512695312,0.975767970085144,1016.76416015625,829.5723266601562,0.9749140739440918
431,14366,907.5275268554688,94.50215148925781,0.003556942567229271,904.3695068359375,76.03541564941406,0.0037351734936237335,904.9232177734375,95.27497100830078,0.0020674485713243484,923.4116821289062,53.16668701171875,0.014891937375068665,945.0247802734375,86.2126693725586,0.004424169193953276,906.0507202148438,18.689186096191406,0.02018759585916996,1034.022216796875,3.9451217651367188,0.03036537393927574,905.3040771484375,58.198333740234375,0.06458398699760437,968.9026489257812,66.40704345703125,0.12591250240802765,902.4662475585938,125.82769775390625,0.06798261404037476,899.0289916992188,104.89974975585938,0.12792029976844788,982.5941772460938,123.22325134277344,0.8664999008178711,1070.9508056640625,121.91221618652344,0.8853751420974731,847.8753662109375,473.7339782714844,0.9665306210517883,948.580078125,496.90753173828125,0.9716213941574097,1123.495361328125,700.5573120117188,0.9724324941635132,1022.1054077148438,823.35888671875,0.972924530506134
432,14400,869.9146728515625,85.49285888671875,0.0022029359824955463,869.8206176757812,67.39892578125,0.0024762223474681377,868.7529296875,87.53546905517578,0.0011884804116562009,906.801513671875,49.52398681640625,0.017110537737607956,922.6351318359375,82.61032104492188,0.004478126764297485,918.2993774414062,15.269828796386719,0.020420653745532036,1011.4757080078125,6.6300201416015625,0.03862409293651581,920.9476318359375,52.415313720703125,0.048462700098752975,973.23583984375,64.34010314941406,0.11873380839824677,920.102783203125,119.04705047607422,0.04114377498626709,903.6009521484375,99.25360107421875,0.08507775515317917,992.3211059570312,112.99424743652344,0.8618893027305603,1061.457275390625,113.18609619140625,0.8956965208053589,855.2838134765625,461.87322998046875,0.9664697051048279,981.69091796875,488.4698181152344,0.9733384847640991,1084.2650146484375,737.26904296875,0.9665148854255676,1089.365478515625,819.9300537109375,0.969161331653595
433,14433,868.4765625,85.4296875,0.002180489944294095,867.334716796875,64.71881103515625,0.002795984735712409,868.8552856445312,85.53067016601562,0.0012661971850320697,899.9974975585938,46.45978546142578,0.019061729311943054,923.0599365234375,81.58676147460938,0.004694767761975527,917.3505859375,14.144577026367188,0.016706088557839394,1007.0200805664062,13.596382141113281,0.025177108123898506,931.010009765625,59.749122619628906,0.0324571467936039,985.9996948242188,71.9124755859375,0.06235470995306969,940.77685546875,131.83465576171875,0.028798678889870644,918.7584228515625,116.4235610961914,0.04783783480525017,992.2343139648438,97.40277099609375,0.8355730772018433,1067.679443359375,98.34370422363281,0.8615567088127136,842.2159423828125,445.5029296875,0.9737409353256226,1011.7139282226562,477.0636291503906,0.9765074253082275,1004.0006713867188,783.103271484375,0.9787347316741943,1142.1732177734375,824.3843994140625,0.9786638021469116
434,14466,885.6172485351562,80.98052215576172,0.0035631805658340454,884.4451904296875,56.831268310546875,0.0042892261408269405,884.2938232421875,74.08099365234375,0.0015857069520279765,919.952880859375,42.04962158203125,0.020359331741929054,943.2952880859375,70.6791000366211,0.004157826770097017,937.0968017578125,15.498687744140625,0.024302823469042778,1023.4531860351562,17.467849731445312,0.020186010748147964,948.2786865234375,62.82989501953125,0.06202097609639168,1015.6129760742188,71.98013305664062,0.05208650976419449,959.4142456054688,126.68174743652344,0.0754724070429802,945.1931762695312,104.38275146484375,0.06115803122520447,995.9049682617188,86.62802124023438,0.8373719453811646,1073.234375,86.55693054199219,0.8181681036949158,851.976806640625,432.5877685546875,0.979790449142456,1034.0992431640625,470.3484191894531,0.9741647839546204,919.4102783203125,820.3709106445312,0.9836395382881165,1194.3839111328125,808.9962158203125,0.9791514873504639
435,14500,898.078125,78.5723876953125,0.0030667781829833984,898.0441284179688,54.718231201171875,0.0032617547549307346,901.255615234375,72.48811340332031,0.0014196645934134722,924.7913818359375,38.518890380859375,0.010686682537198067,950.34228515625,68.8055419921875,0.002634897595271468,935.5648193359375,3.9377059936523438,0.009818092919886112,1021.417236328125,4.3399200439453125,0.014498869888484478,933.8029174804688,53.436424255371094,0.04674816504120827,997.052490234375,56.037872314453125,0.08087053149938583,941.4589233398438,106.8812026977539,0.09603384882211685,920.5979614257812,83.28705596923828,0.1403457373380661,992.3519897460938,79.22254943847656,0.7842808365821838,1067.4866943359375,77.72053527832031,0.8051885962486267,872.8963623046875,443.8257751464844,0.9755173325538635,1040.363037109375,459.1385192871094,0.9748238921165466,878.1817626953125,824.3452758789062,0.9771124124526978,1226.6463623046875,778.760986328125,0.975217342376709
436,14533,937.6571044921875,94.00041961669922,0.00393613800406456,935.04052734375,69.29095458984375,0.003953078296035528,933.7694091796875,82.45731353759766,0.0019026370719075203,954.826904296875,54.01570129394531,0.00945073738694191,970.4363403320312,76.89706420898438,0.0027143126353621483,954.7555541992188,21.382095336914062,0.012263348326086998,1020.204345703125,17.792404174804688,0.010279186069965363,948.6546630859375,63.56135559082031,0.06212256848812103,990.9669799804688,57.70014953613281,0.05718491971492767,949.2410888671875,94.239990234375,0.12840451300144196,914.3624267578125,71.60760498046875,0.12483903765678406,994.0134887695312,64.935791015625,0.795080840587616,1053.3167724609375,63.73942565917969,0.7648138999938965,893.0590209960938,442.7474670410156,0.9798990488052368,1042.67626953125,455.4028015136719,0.9719294905662537,871.5303955078125,826.7578125,0.9834486842155457,1236.617919921875,757.3064575195312,0.9786698818206787
437,14566,921.6817626953125,92.09367370605469,0.003471635514870286,924.6925659179688,66.5189437866211,0.003982595168054104,913.8804931640625,81.50404357910156,0.0018317584181204438,955.428955078125,52.71844482421875,0.010446155443787575,940.0942993164062,78.84683990478516,0.002778954105451703,963.635009765625,10.75433349609375,0.01124631054699421,980.8019409179688,7.222686767578125,0.009359992109239101,960.203857421875,55.22978210449219,0.04482881724834442,962.3369750976562,51.75146484375,0.043676625937223434,972.4685668945312,92.6513671875,0.07858666777610779,921.244873046875,70.10215759277344,0.08074505627155304,1010.55126953125,52.962982177734375,0.7809109091758728,1036.64453125,54.39752197265625,0.7531553506851196,892.1746215820312,440.50543212890625,0.9773346781730652,1014.640380859375,455.78607177734375,0.969093918800354,884.8883056640625,817.2593994140625,0.9830414056777954,1243.326416015625,748.1705932617188,0.978225588798523
438,14600,925.6908569335938,91.96863555908203,0.0028784109745174646,925.1233520507812,67.7516098022461,0.0035375698935240507,921.9029541015625,81.9957275390625,0.0015191241400316358,946.2764282226562,52.21705627441406,0.00983261689543724,947.68359375,78.3566665649414,0.002328139031305909,945.0158081054688,15.587081909179688,0.010224778205156326,987.4566650390625,6.203155517578125,0.007082863245159388,944.6318359375,62.26025390625,0.04602685570716858,986.0074462890625,57.968719482421875,0.034082941710948944,952.3222045898438,92.49197387695312,0.0757933184504509,930.2254028320312,71.66560363769531,0.06420128792524338,997.628173828125,66.06289672851562,0.7916300892829895,1029.1856689453125,67.65769958496094,0.7414118647575378,909.30712890625,454.3559875488281,0.9805797934532166,989.7091064453125,473.05255126953125,0.9685516953468323,933.5101928710938,845.917236328125,0.9864324927330017,1235.2567138671875,716.1719970703125,0.9804690480232239
439,14633,902.0095825195312,82.22213745117188,0.0028504407964646816,908.512939453125,58.55884552001953,0.0033989648800343275,900.5457153320312,72.89923095703125,0.0016543641686439514,938.9178466796875,42.8536376953125,0.013138249516487122,920.4981689453125,67.16990661621094,0.0037986559327691793,963.6336059570312,12.976821899414062,0.012222573161125183,957.4502563476562,1.1768646240234375,0.017797885462641716,998.8411254882812,64.8204345703125,0.039134733378887177,977.495361328125,60.13700866699219,0.06729505956172943,986.358642578125,113.59984588623047,0.05507047101855278,937.6744995117188,84.8759536743164,0.07963576912879944,1014.6643676757812,94.43879699707031,0.814047634601593,1015.4580688476562,88.16574096679688,0.8302764892578125,920.9645385742188,477.9758605957031,0.9734579920768738,963.4824829101562,468.19036865234375,0.9706001877784729,967.1576538085938,847.8121948242188,0.9742242693901062,1211.898681640625,718.4011840820312,0.9722312092781067
440,14666,919.66796875,81.2779312133789,0.002825238974764943,920.251708984375,63.04573059082031,0.0033537927083671093,915.8719482421875,76.71217346191406,0.0014871078310534358,947.2734985351562,42.171844482421875,0.01344413124024868,936.025146484375,67.47782135009766,0.003119212109595537,964.1011962890625,10.775665283203125,0.019453590735793114,965.0227661132812,0.0,0.018285296857357025,969.5022583007812,62.244964599609375,0.0657210648059845,968.3895874023438,62.41456604003906,0.06997258216142654,950.8676147460938,127.97918701171875,0.0727209523320198,920.5111083984375,109.67536926269531,0.08176501095294952,1018.6820678710938,112.49002075195312,0.893958330154419,1015.2464599609375,109.50389099121094,0.8827439546585083,920.0911254882812,489.5898742675781,0.9841050505638123,944.361572265625,491.7613220214844,0.9777746200561523,1039.4678955078125,845.9672241210938,0.9862573742866516,1181.0185546875,712.3009643554688,0.9830816388130188
441,14700,900.1133422851562,75.72207641601562,0.0021828741300851107,907.9330444335938,52.88166046142578,0.0030682976357638836,893.69921875,72.79861450195312,0.001224513747729361,956.0958862304688,35.32402038574219,0.01835581660270691,901.2606811523438,74.00225830078125,0.0032352223061025143,999.5429077148438,15.683486938476562,0.01414209883660078,908.6978759765625,9.191047668457031,0.02385781519114971,984.5177001953125,62.57281494140625,0.03477470576763153,933.1119384765625,70.64561462402344,0.06889063119888306,944.60546875,134.9194793701172,0.03250718116760254,904.7114868164062,122.31999206542969,0.05190281569957733,1040.3922119140625,131.90093994140625,0.846747636795044,966.6280517578125,126.24002838134766,0.8701743483543396,942.9849243164062,505.1663818359375,0.9692949652671814,865.6820678710938,469.82501220703125,0.9654080271720886,1072.1195068359375,855.5697021484375,0.9652095437049866,1137.3651123046875,669.1970825195312,0.966163158416748
442,14733,902.3316650390625,77.70606994628906,0.003298033494502306,911.0140380859375,54.79449462890625,0.0046096681617200375,890.297119140625,70.77381134033203,0.00136315799318254,964.584228515625,36.31988525390625,0.02460162527859211,892.87353515625,68.75486755371094,0.002763848751783371,1023.1642456054688,10.750030517578125,0.027972854673862457,897.168701171875,4.248687744140625,0.028658665716648102,1020.1677856445312,56.68473815917969,0.07661554217338562,936.883544921875,71.849853515625,0.08015201985836029,982.0142211914062,134.8472900390625,0.07245557755231857,920.6763305664062,123.70541381835938,0.06547770649194717,1055.1632080078125,128.59213256835938,0.8757835030555725,954.48583984375,121.45175170898438,0.8714123964309692,976.2324829101562,515.945068359375,0.9686247706413269,850.9530639648438,476.3096923828125,0.9575830101966858,1098.78515625,851.9844360351562,0.9567312598228455,1119.87060546875,684.4191284179688,0.9542170763015747
443,14766,910.471435546875,96.52574157714844,0.00226290593855083,916.6282348632812,73.65392303466797,0.003359472844749689,899.5753784179688,89.47640991210938,0.001046746619977057,962.00341796875,52.82048034667969,0.019023440778255463,907.6835327148438,82.9731674194336,0.0021765728015452623,998.2582397460938,24.367813110351562,0.023832911625504494,928.368896484375,13.423919677734375,0.017886944115161896,982.7943115234375,68.11541748046875,0.07056668400764465,960.2899169921875,73.28370666503906,0.06105120852589607,968.8132934570312,138.4116668701172,0.05785488337278366,927.2310791015625,134.1104278564453,0.049616873264312744,1044.72509765625,127.35081481933594,0.8974153399467468,966.1773071289062,117.83221435546875,0.8845643997192383,1018.4925537109375,507.111083984375,0.9794959425926208,834.1752319335938,440.7483215332031,0.9714294672012329,1173.169921875,843.156982421875,0.9780373573303223,1036.8336181640625,724.6699829101562,0.9770728349685669
444,14800,897.8978271484375,91.25225830078125,0.004711161833256483,902.8386840820312,65.1104965209961,0.006464662496000528,890.3952026367188,78.3625259399414,0.0020045796409249306,948.186279296875,49.73822021484375,0.028393208980560303,910.0953369140625,74.32335662841797,0.003402875969186425,991.1766967773438,25.811920166015625,0.02768229879438877,933.8311157226562,20.729644775390625,0.03405090048909187,981.06591796875,69.9144287109375,0.06152772903442383,979.6045532226562,80.45668029785156,0.08628498762845993,979.5381469726562,131.51806640625,0.05295316502451897,959.740966796875,138.25941467285156,0.0578673854470253,1044.199951171875,122.263916015625,0.8811401128768921,969.5317993164062,115.32069396972656,0.8938538432121277,1045.82177734375,500.3171081542969,0.9767733812332153,833.6149291992188,430.30718994140625,0.9743728637695312,1205.3997802734375,845.4490356445312,0.971518337726593,972.3826904296875,752.1300659179688,0.9764434099197388
445,14833,900.8016967773438,88.57415771484375,0.0028015952557325363,904.78125,64.48736572265625,0.003470050636678934,900.01904296875,77.33280944824219,0.0016200266545638442,939.4059448242188,50.49870300292969,0.01761692762374878,925.2490234375,73.21394348144531,0.004125529434531927,969.5516967773438,17.81531524658203,0.015052424743771553,957.5830688476562,12.024490356445312,0.028890807181596756,951.3494262695312,67.46756744384766,0.031836073845624924,1035.166259765625,68.77015686035156,0.08554521203041077,990.21484375,127.16954040527344,0.025889476761221886,1058.1937255859375,132.5682373046875,0.04764636605978012,1042.603271484375,112.1319580078125,0.8314775824546814,986.54443359375,112.24681091308594,0.8761487007141113,1080.1824951171875,482.9451904296875,0.9655665159225464,846.6354370117188,430.947509765625,0.9699698686599731,1249.7471923828125,824.8751220703125,0.9594495892524719,917.1287841796875,764.5545654296875,0.9703227281570435
446,14866,924.4553833007812,95.62852478027344,0.0036801816895604134,928.8111572265625,74.1489028930664,0.004841890651732683,918.0430908203125,82.3798599243164,0.0019340852741152048,962.8649291992188,62.35569763183594,0.012498017400503159,929.5404663085938,76.17047882080078,0.002383807208389044,982.761474609375,45.06390380859375,0.013400896452367306,956.1940307617188,28.553787231445312,0.010714384727180004,942.9598388671875,94.15557861328125,0.046799104660749435,1004.593017578125,90.70454406738281,0.041930388659238815,935.4453735351562,134.32864379882812,0.04757334291934967,966.0584716796875,146.6670684814453,0.03942156583070755,1047.1094970703125,94.97859191894531,0.8521671295166016,979.7005004882812,89.69435119628906,0.8410550355911255,1089.04541015625,474.0853271484375,0.9817147254943848,870.8161010742188,438.8271789550781,0.9768726825714111,1291.37646484375,802.9085693359375,0.9855598211288452,875.1485595703125,802.3914184570312,0.9851700663566589
447,14900,925.6403198242188,90.84066009521484,0.0037602996453642845,926.958984375,68.984619140625,0.00483330525457859,920.3988647460938,77.54839324951172,0.0020598038099706173,955.5144653320312,60.08610534667969,0.009820814244449139,936.8505859375,74.65008544921875,0.0020985992159694433,966.23095703125,44.75248718261719,0.008551159873604774,972.5546875,26.021347045898438,0.007642871234565973,931.6055297851562,94.96577453613281,0.0344940721988678,1032.8382568359375,82.81452941894531,0.03676531836390495,934.0638427734375,122.98178100585938,0.04326077550649643,1001.0597534179688,120.62063598632812,0.04106821492314339,1032.77197265625,76.388671875,0.8061667680740356,985.8904418945312,74.27178955078125,0.8006407022476196,1078.34228515625,464.0497741699219,0.980162501335144,886.3626708984375,444.59564208984375,0.9763973951339722,1311.6240234375,779.1300659179688,0.9868168234825134,879.4702758789062,807.8024291992188,0.986456036567688
448,14933,920.322509765625,92.90215301513672,0.004335577599704266,923.764892578125,69.54576873779297,0.006099024321883917,912.9034423828125,79.18121337890625,0.002396278316155076,958.2910766601562,60.48756408691406,0.010646727867424488,926.0359497070312,77.04954528808594,0.0019908223766833544,975.9061889648438,42.948486328125,0.007843811996281147,952.106201171875,26.351852416992188,0.006296951323747635,933.3094482421875,89.71311950683594,0.03274570405483246,969.7635498046875,85.06718444824219,0.029201487079262733,901.2134399414062,126.23707580566406,0.04298844560980797,915.0635986328125,117.98410034179688,0.03665218874812126,1028.3759765625,63.05731201171875,0.7665286064147949,969.7988891601562,61.62249755859375,0.7501051425933838,1054.8153076171875,472.2109069824219,0.9749301671981812,891.509765625,449.6986999511719,0.9688543081283569,1312.65380859375,758.5858154296875,0.9833532571792603,904.5380859375,804.388916015625,0.9823732376098633
449,14966,922.65380859375,92.02127838134766,0.00365977524779737,926.0255126953125,71.70870208740234,0.004954777657985687,913.907470703125,81.95375061035156,0.002087934408336878,957.2362060546875,57.817474365234375,0.008671053685247898,925.3976440429688,75.1498031616211,0.0017754548462107778,964.8746337890625,24.480789184570312,0.006347643677145243,952.962158203125,11.534271240234375,0.005462905392050743,922.5612182617188,56.24098205566406,0.030547410249710083,962.2443237304688,61.84584045410156,0.030263090506196022,901.6160888671875,122.69013977050781,0.04275069758296013,906.6033935546875,104.79721069335938,0.040856149047613144,1010.8418579101562,70.40336608886719,0.7647762894630432,967.60986328125,73.128662109375,0.753358781337738,1011.4531860351562,483.3732604980469,0.9726336002349854,912.064453125,471.80694580078125,0.968451738357544,1309.0543212890625,737.3670043945312,0.9829602241516113,953.7347412109375,830.3839111328125,0.98227858543396
450,15000,917.5567016601562,88.84515380859375,0.002192110288888216,918.3975830078125,71.73202514648438,0.003135089296847582,914.0128784179688,84.87510681152344,0.0014154782984405756,941.3875122070312,57.46527099609375,0.01086526457220316,938.8097534179688,79.57969665527344,0.0021637247409671545,925.7479248046875,21.006591796875,0.006660874933004379,996.72216796875,2.3878326416015625,0.008228128775954247,907.74462890625,57.11732482910156,0.023450423032045364,947.4545288085938,61.693084716796875,0.037226852029561996,892.945556640625,133.62416076660156,0.023857062682509422,881.1846313476562,126.8052978515625,0.035749271512031555,988.8243408203125,91.57630920410156,0.7823096513748169,1017.233642578125,93.97279357910156,0.8007208704948425,955.2440185546875,489.4918212890625,0.9648562669754028,940.4638061523438,488.5341796875,0.9669920802116394,1285.339599609375,720.8505859375,0.9760671257972717,989.7132568359375,841.2171630859375,0.9770920872688293
451,15033,920.3857421875,99.1329574584961,0.0023139137774705887,918.9415283203125,83.40916442871094,0.002848797244951129,918.2138671875,96.05326080322266,0.0014770326670259237,936.1148071289062,65.03530883789062,0.011041444726288319,947.8896484375,85.38931274414062,0.0028389112558215857,922.81640625,25.812423706054688,0.00957522727549076,1017.38818359375,0.0,0.015105502679944038,926.8370361328125,59.86750030517578,0.03340991958975792,970.2330932617188,54.25726318359375,0.07291899621486664,918.4841918945312,115.25880432128906,0.0337570495903492,909.3623657226562,92.54685974121094,0.06825501471757889,995.2108764648438,107.9498291015625,0.8222007751464844,1046.7535400390625,106.87110900878906,0.8519453406333923,929.8733520507812,490.61846923828125,0.9634714722633362,946.2764282226562,496.22222900390625,0.9698956608772278,1232.5821533203125,707.6023559570312,0.9732905030250549,1026.60791015625,838.6153564453125,0.9751267433166504
452,15066,917.8258666992188,102.05728912353516,0.0028300336562097073,913.7337036132812,84.63878631591797,0.0031725906301289797,916.048828125,100.852294921875,0.0017458666115999222,929.135009765625,63.21807861328125,0.013867768459022045,955.6305541992188,90.0314712524414,0.0040826937183737755,911.5119018554688,26.791282653808594,0.016203518956899643,1044.4940185546875,5.000175476074219,0.024729249998927116,922.1189575195312,59.76713562011719,0.04937603697180748,984.070556640625,64.32394409179688,0.10056859254837036,932.3976440429688,124.90052032470703,0.04734831675887108,918.2265625,99.71564483642578,0.09130915999412537,993.211181640625,118.71363830566406,0.8656665086746216,1080.2589111328125,116.41896057128906,0.8862600922584534,892.860595703125,487.20758056640625,0.9696843028068542,961.1085815429688,498.3858337402344,0.9747621417045593,1178.032470703125,705.1116943359375,0.9764243364334106,1047.7730712890625,834.0214233398438,0.9773273468017578
453,15100,894.8267211914062,91.6216049194336,0.0028205036651343107,892.727294921875,72.57829284667969,0.0033685120288282633,892.8790283203125,92.71632385253906,0.0016198978992179036,919.8275756835938,51.99005126953125,0.020038116723299026,941.3348388671875,85.80818939208984,0.004909909330308437,915.797607421875,15.14044189453125,0.02550533227622509,1034.27099609375,4.3390960693359375,0.031095068901777267,926.0508422851562,57.34295654296875,0.062527135014534,995.0496826171875,67.47775268554688,0.09410946071147919,927.3966064453125,132.58103942871094,0.053511202335357666,916.152099609375,103.96172332763672,0.08057484030723572,998.502685546875,111.23483276367188,0.8342010378837585,1085.481201171875,110.58833312988281,0.8458433151245117,856.4368286132812,462.4149475097656,0.9509577751159668,986.5485229492188,488.2876281738281,0.9537304639816284,1123.79443359375,721.125,0.9536646604537964,1118.2200927734375,803.8569946289062,0.951744556427002
454,15133,913.6690673828125,91.8097915649414,0.005301339086145163,912.9854736328125,65.6474609375,0.007714156061410904,918.5845336914062,86.02526092529297,0.0035884312819689512,937.056396484375,47.72319030761719,0.04442211613059044,977.0048217773438,79.25875854492188,0.009646831080317497,925.60205078125,10.73089599609375,0.04664897918701172,1054.6746826171875,16.586837768554688,0.02819792740046978,936.6708984375,62.42967224121094,0.06488460302352905,1027.9124755859375,77.83969116210938,0.04413355886936188,961.7347412109375,166.07489013671875,0.047933027148246765,973.5824584960938,157.5845947265625,0.03868856653571129,1006.8944702148438,109.25344848632812,0.8075394034385681,1102.346435546875,111.86331939697266,0.7666672468185425,856.7064208984375,448.7536315917969,0.9485615491867065,1014.6991577148438,469.3630676269531,0.9356789588928223,1073.425537109375,775.1118774414062,0.9454043507575989,1162.5457763671875,813.4652709960938,0.9350857138633728
455,15166,883.3504028320312,75.60985565185547,0.0020131298806518316,882.7269897460938,53.365264892578125,0.0026682938914746046,886.4837646484375,73.2981948852539,0.0011384222889319062,914.41064453125,38.63832092285156,0.01992073841392994,944.6246337890625,71.18179321289062,0.004529682919383049,927.476318359375,6.388114929199219,0.015248327516019344,1027.5838623046875,9.940132141113281,0.020421713590621948,942.7335205078125,57.24549865722656,0.02889624610543251,1036.71044921875,73.6999740600586,0.04774025082588196,971.4219970703125,146.60400390625,0.027737706899642944,982.6611328125,132.17367553710938,0.03835904225707054,998.4244995117188,87.89382934570312,0.8195494413375854,1081.496826171875,88.41398620605469,0.8403709530830383,864.667236328125,448.4349060058594,0.9747951030731201,1047.14306640625,469.2620544433594,0.97646164894104,989.1837158203125,795.9918823242188,0.979583203792572,1201.988525390625,821.3716430664062,0.979300320148468
456,15200,928.1664428710938,88.90894317626953,0.0036758745554834604,927.873291015625,64.80207824707031,0.003887019818648696,923.8590087890625,76.76261901855469,0.0017163506709039211,952.665771484375,51.394683837890625,0.009152109734714031,960.7761840820312,71.35192108154297,0.0023019842337816954,960.142822265625,20.205734252929688,0.01034171599894762,1008.4144287109375,16.969757080078125,0.008505819365382195,953.251708984375,71.0452880859375,0.05318401753902435,984.6282348632812,61.08110046386719,0.04844674840569496,961.0664672851562,107.25393676757812,0.11660507321357727,918.7635498046875,77.32479858398438,0.11190547049045563,1007.7713012695312,57.44334411621094,0.7655702829360962,1057.8907470703125,57.837615966796875,0.733058750629425,900.8228759765625,431.6553039550781,0.9781275987625122,1064.063720703125,454.0166015625,0.9699460864067078,890.1639404296875,828.180908203125,0.9829385280609131,1263.7850341796875,770.7120361328125,0.9779103398323059
457,15233,919.998779296875,85.87744903564453,0.0023419097997248173,923.6544799804688,60.47145080566406,0.003128742566332221,916.0523071289062,77.37432861328125,0.0013347091153264046,953.259521484375,49.28826141357422,0.009452968835830688,942.6357421875,79.46321868896484,0.002101937076076865,964.7633056640625,11.217887878417969,0.006629062816500664,983.8665161132812,6.615257263183594,0.006143947597593069,960.397705078125,57.549407958984375,0.027750853449106216,958.774658203125,51.464080810546875,0.03256385773420334,982.2445678710938,98.65045166015625,0.050885796546936035,921.6828002929688,83.05902099609375,0.062375497072935104,1014.8732299804688,54.224578857421875,0.7222878932952881,1044.20654296875,57.17303466796875,0.7038090825080872,900.4277954101562,432.3004150390625,0.9711790084838867,1031.5390625,452.1148681640625,0.9640408158302307,890.1973266601562,815.2591552734375,0.9790488481521606,1267.7882080078125,759.937744140625,0.9737799763679504
458,15266,924.3475952148438,89.81201934814453,0.0041263168677687645,925.6213989257812,65.97997283935547,0.00478080241009593,918.6436767578125,79.86154174804688,0.0020046550780534744,952.7847900390625,53.79597473144531,0.00933443196117878,942.2255859375,78.92969512939453,0.002215826651081443,959.7621459960938,17.808380126953125,0.009966175071895123,976.41943359375,11.667388916015625,0.0072996774688363075,953.4671630859375,58.310760498046875,0.05395573005080223,960.9820556640625,56.45750427246094,0.04171839728951454,953.0582885742188,82.98211669921875,0.11184777319431305,918.9521484375,65.97418212890625,0.09772204607725143,1016.768798828125,57.57398986816406,0.7793800234794617,1036.536865234375,60.16387939453125,0.732546329498291,913.5553588867188,443.1330871582031,0.9801238775253296,1013.0330200195312,465.6731872558594,0.9692090749740601,932.3596801757812,836.95458984375,0.9856460690498352,1258.350341796875,734.7967529296875,0.9797539114952087
459,15300,931.886962890625,86.1690902709961,0.0035411722492426634,933.7659301757812,64.34083557128906,0.0041126469150185585,927.8735961914062,77.34473419189453,0.0016995698679238558,962.2684936523438,49.168487548828125,0.01014212891459465,948.7241821289062,72.9173355102539,0.002177475020289421,973.0814819335938,15.511550903320312,0.011193684302270412,974.5770263671875,4.25189208984375,0.01025331299751997,963.5255737304688,56.621978759765625,0.05577157437801361,969.70458984375,57.043212890625,0.05775947868824005,946.6094970703125,84.68348693847656,0.09976502507925034,921.404296875,64.00717163085938,0.10952858626842499,1014.9366455078125,74.10369873046875,0.8171065449714661,1016.43017578125,73.31712341308594,0.7940252423286438,927.837158203125,461.6851501464844,0.9801048040390015,977.9464111328125,473.9055480957031,0.9716970324516296,969.4887084960938,843.163330078125,0.984274685382843,1232.201416015625,720.037353515625,0.979560136795044
460,15333,922.318603515625,76.0572738647461,0.0028109000995755196,925.463623046875,58.2359619140625,0.003525915089994669,918.6829833984375,70.44225311279297,0.0014546943129971623,956.455078125,40.748291015625,0.015062069520354271,938.2713012695312,62.49668884277344,0.0031436127610504627,970.69189453125,8.656265258789062,0.021314328536391258,966.7657470703125,0.0,0.016262227669358253,977.1736450195312,55.23486328125,0.06652123481035233,977.5935668945312,54.75563049316406,0.0553421713411808,969.4579467773438,116.35954284667969,0.0698680579662323,934.8783569335938,95.06002807617188,0.06360878795385361,1019.7504272460938,98.26776123046875,0.8938050270080566,1015.5726928710938,96.66691589355469,0.8711308836936951,934.9883422851562,478.63385009765625,0.9849230051040649,972.0430908203125,489.3175048828125,0.9769105911254883,1021.6111450195312,847.724365234375,0.9869738817214966,1203.564453125,711.8848266601562,0.9827561378479004
461,15366,934.8634643554688,91.2506103515625,0.006875209044665098,943.9982299804688,67.5325698852539,0.007482075598090887,922.9949340820312,81.0062484741211,0.002985663479194045,984.8023681640625,45.58648681640625,0.016849059611558914,924.1285400390625,69.2245101928711,0.0030313951428979635,1004.839599609375,8.258193969726562,0.02911543846130371,932.5916748046875,1.8315582275390625,0.020461680367588997,974.222900390625,74.19525146484375,0.11822304874658585,933.5219116210938,74.15139770507812,0.0947364866733551,911.34521484375,140.60787963867188,0.16769617795944214,888.9891967773438,121.59750366210938,0.1635223925113678,1037.8802490234375,120.55755615234375,0.8831617832183838,975.0798950195312,116.95207214355469,0.8569444417953491,940.8530883789062,497.4342041015625,0.9798077344894409,891.9746704101562,476.8709411621094,0.9682329893112183,1075.8570556640625,847.4095458984375,0.9774376153945923,1160.03125,694.99951171875,0.9725329279899597
462,15400,900.3731689453125,80.13839721679688,0.0021390689071267843,907.3892822265625,57.003387451171875,0.0028846089262515306,895.3566284179688,75.63716125488281,0.001124250702559948,953.5406494140625,37.87451934814453,0.01969861052930355,909.239501953125,73.60009002685547,0.003321911208331585,996.161376953125,13.378028869628906,0.017104387283325195,925.2823486328125,5.8876190185546875,0.030049866065382957,983.1875610351562,59.638916015625,0.04251547530293465,955.6776733398438,65.32475280761719,0.09079451113939285,955.9056396484375,134.92420959472656,0.038804151117801666,924.5592651367188,119.03150939941406,0.06656373292207718,1042.9302978515625,132.564208984375,0.8312661051750183,978.1106567382812,127.02884674072266,0.8614861965179443,974.390869140625,501.8619689941406,0.9558703303337097,872.7440185546875,466.24200439453125,0.954054057598114,1079.174560546875,845.3043823242188,0.942686915397644,1124.173095703125,685.0853271484375,0.9468434453010559
463,15433,919.1239013671875,94.23914337158203,0.0024174752179533243,925.1766967773438,72.8364028930664,0.0030258994083851576,908.0940551757812,88.14930725097656,0.0011329168919473886,966.000732421875,51.6463623046875,0.014851595275104046,911.5858764648438,81.03776550292969,0.002353950636461377,999.7280883789062,16.790176391601562,0.024042686447501183,929.524658203125,6.9409332275390625,0.022407999262213707,980.5499877929688,57.45872497558594,0.08712363243103027,952.8718872070312,63.18841552734375,0.0949685350060463,951.0943603515625,122.87612915039062,0.08233044296503067,911.0136108398438,107.50044250488281,0.08795562386512756,1046.37744140625,125.82806396484375,0.9056919813156128,969.7929077148438,117.62228393554688,0.901087760925293,1020.2325439453125,503.97564697265625,0.9793270230293274,848.2396240234375,445.3248596191406,0.9730470180511475,1153.3912353515625,832.7890014648438,0.976043164730072,1055.24169921875,709.751953125,0.9755842685699463
464,15466,891.9495849609375,81.18434143066406,0.003016900969669223,896.7127075195312,58.07714080810547,0.0038529434241354465,889.3042602539062,72.39431762695312,0.0016235410002991557,934.972412109375,42.765380859375,0.0175953209400177,910.7999267578125,69.35728454589844,0.0034799163695424795,976.667724609375,15.538444519042969,0.015528296120464802,936.8890380859375,7.080574035644531,0.02896961383521557,961.8214111328125,58.00550079345703,0.039321158081293106,975.3933715820312,56.774024963378906,0.09531544893980026,958.9801025390625,118.99314880371094,0.03634928539395332,939.48583984375,111.69715118408203,0.06714729219675064,1037.571533203125,121.90818786621094,0.8635444641113281,976.7078247070312,118.8153076171875,0.8964768052101135,1037.30859375,483.4593200683594,0.9744006991386414,857.28662109375,436.29949951171875,0.9762001633644104,1189.939453125,844.8088989257812,0.9703934788703918,998.9302368164062,757.5132446289062,0.9764383435249329
465,15500,906.9117431640625,84.37667083740234,0.0032080181408673525,911.1636352539062,59.89082336425781,0.0040045566856861115,904.9822998046875,73.4593505859375,0.00202956679277122,945.261474609375,45.79545593261719,0.018030589446425438,925.1660766601562,70.60123443603516,0.0050936597399413586,979.2197265625,15.723907470703125,0.017207050696015358,947.976806640625,11.212783813476562,0.028223169967532158,961.6589965820312,65.2525634765625,0.03422204777598381,996.6932373046875,64.10220336914062,0.07276736944913864,981.6325073242188,128.14088439941406,0.026272401213645935,992.4217529296875,127.87193298339844,0.04174547642469406,1036.1116943359375,105.68975830078125,0.838896632194519,975.6463623046875,107.10379028320312,0.8712060451507568,1065.8360595703125,470.9577941894531,0.9677495360374451,862.2514038085938,433.17401123046875,0.9692404270172119,1231.05908203125,815.35400390625,0.9644688963890076,932.3897094726562,758.9232788085938,0.9713228344917297
466,15533,936.5460205078125,91.82954406738281,0.004074405878782272,941.1658325195312,69.55224609375,0.005232818890362978,929.2803955078125,78.236572265625,0.0023095961660146713,974.40478515625,57.229156494140625,0.012328045442700386,938.2954711914062,72.10668182373047,0.0028376737609505653,991.8992309570312,38.93128967285156,0.013334059156477451,960.4249877929688,25.981796264648438,0.01058224868029356,962.856689453125,95.71385192871094,0.04314277321100235,993.3138427734375,102.27305603027344,0.03823593258857727,967.1519775390625,135.65396118164062,0.04566752910614014,957.87255859375,161.48336791992188,0.03750805929303169,1041.66796875,77.95628356933594,0.8231971859931946,979.1953125,74.39579772949219,0.8070095777511597,1072.6864013671875,462.93017578125,0.9780004620552063,886.58642578125,437.5906066894531,0.9717932939529419,1263.9769287109375,791.0875854492188,0.9832426309585571,883.3314208984375,792.8709106445312,0.982157826423645
467,15566,933.665771484375,92.54740905761719,0.004806382581591606,937.3848876953125,69.78961944580078,0.006082591135054827,926.3798217773438,78.86038970947266,0.0027744926046580076,970.0184936523438,56.3096923828125,0.011862702667713165,937.9188232421875,71.87699890136719,0.0028494272846728563,983.6121826171875,40.05473327636719,0.010933092795312405,966.6454467773438,26.919158935546875,0.009884991683065891,951.4942016601562,102.13728332519531,0.036911267787218094,986.4548950195312,105.30921936035156,0.03759017959237099,937.7977905273438,150.43299865722656,0.04420965537428856,932.3775024414062,171.55615234375,0.040972039103507996,1033.421630859375,68.23942565917969,0.786807656288147,983.165771484375,65.61483764648438,0.779134213924408,1056.1689453125,458.7756042480469,0.9747812747955322,901.17626953125,438.9394226074219,0.9694038033485413,1281.72216796875,771.0875244140625,0.9819148778915405,887.5197143554688,791.0277099609375,0.9812542200088501
468,15600,984.123291015625,63.23407745361328,0.019659653306007385,990.1404418945312,36.513999938964844,0.01837415061891079,971.0286865234375,47.921653747558594,0.014226825907826424,1001.9705200195312,23.004226684570312,0.015989042818546295,952.5718383789062,40.65618896484375,0.009136522188782692,997.4357299804688,5.541618347167969,0.028176335617899895,962.1119384765625,0.0,0.010522023774683475,975.7271118164062,76.93151092529297,0.08168551325798035,948.2349243164062,83.67366027832031,0.02826385200023651,981.28955078125,125.70952606201172,0.10719511657953262,930.1387939453125,169.37159729003906,0.04679248854517937,1020.2178955078125,102.2977294921875,0.6640381217002869,966.9527587890625,92.67549133300781,0.5496887564659119,1011.7562255859375,459.6568908691406,0.9302991628646851,898.6483764648438,447.43121337890625,0.8906956315040588,1281.5338134765625,749.3897094726562,0.9376339912414551,930.0538330078125,782.5252685546875,0.9162718653678894
469,15633,931.31689453125,91.84071350097656,0.0033036498352885246,934.5236206054688,74.86502838134766,0.004407229367643595,922.147705078125,84.30967712402344,0.0020033123437315226,961.4197998046875,62.98658752441406,0.008682332001626492,930.9779663085938,78.2424545288086,0.002003416186198592,964.435791015625,25.693817138671875,0.006893354933708906,960.5420532226562,11.0035400390625,0.005992976948618889,966.533203125,59.34764099121094,0.030062392354011536,952.489013671875,68.31880187988281,0.030045168474316597,965.6370849609375,134.22802734375,0.04018572345376015,918.20947265625,126.27420043945312,0.03824318200349808,1008.9014282226562,62.41749572753906,0.7769299745559692,984.6315307617188,64.99044799804688,0.7632550597190857,984.438720703125,479.77606201171875,0.9726937413215637,935.6273803710938,475.48406982421875,0.9682083129882812,1278.2138671875,733.39111328125,0.9828131198883057,973.6679077148438,815.7003173828125,0.9817885756492615
470,15666,937.4525756835938,90.66529083251953,0.002680745907127857,935.5829467773438,75.05204772949219,0.0031674224883317947,932.5479125976562,86.56665802001953,0.0016455615404993296,954.7035522460938,61.351707458496094,0.011438114568591118,961.3576049804688,80.25503540039062,0.003159953048452735,941.254638671875,25.621261596679688,0.012719114311039448,1023.5896606445312,7.3345184326171875,0.014365021139383316,959.4877319335938,59.8743896484375,0.039999887347221375,983.8242797851562,73.67546081542969,0.0538732148706913,965.8833618164062,129.33013916015625,0.03779862821102142,927.689208984375,116.32937622070312,0.047418124973773956,998.2669067382812,87.74107360839844,0.8353773355484009,1040.892822265625,88.47193908691406,0.8392497897148132,956.13818359375,487.2984924316406,0.9710586667060852,953.716552734375,492.20855712890625,0.9701898694038391,1253.1126708984375,727.3933715820312,0.9791933298110962,1010.2911987304688,825.4937133789062,0.9784969091415405
471,15700,933.240966796875,92.60181427001953,0.002856518840417266,929.1472778320312,78.91852569580078,0.002853851532563567,928.2284545898438,89.44759368896484,0.001757719088345766,941.119873046875,62.464759826660156,0.011021905578672886,960.2122192382812,78.49566650390625,0.004114610143005848,925.7396850585938,27.69873046875,0.017457053065299988,1034.87890625,0.703948974609375,0.02478400059044361,942.1624145507812,59.80210876464844,0.05549556389451027,977.6217041015625,61.39888000488281,0.09806481748819351,945.5050048828125,127.67747497558594,0.052948884665966034,920.3155517578125,94.25363159179688,0.08726663887500763,995.515869140625,105.56245422363281,0.8743464350700378,1064.17236328125,101.15670776367188,0.8883637189865112,914.3651733398438,482.64508056640625,0.973442792892456,955.0778198242188,490.04937744140625,0.9761799573898315,1198.2064208984375,699.5662841796875,0.9807308912277222,1035.4273681640625,823.3218994140625,0.9809611439704895
472,15733,914.236328125,90.52972412109375,0.003142068162560463,912.90771484375,72.58905029296875,0.0037246074061840773,910.3460693359375,91.34957885742188,0.001974016660824418,936.2711791992188,52.56097412109375,0.016928255558013916,946.5562133789062,84.73599243164062,0.004739957861602306,925.58203125,18.70843505859375,0.018434779718518257,1030.454833984375,6.698341369628906,0.02477598376572132,939.5147094726562,55.781089782714844,0.04643925651907921,983.8716430664062,60.410316467285156,0.08046991378068924,947.887939453125,129.21583557128906,0.04224395379424095,927.8970947265625,100.51435089111328,0.06890261918306351,1000.327880859375,110.41433715820312,0.8380430340766907,1075.593017578125,110.770751953125,0.8557710647583008,879.2664184570312,472.2728576660156,0.9615364074707031,986.2158203125,491.78118896484375,0.9655380249023438,1160.0135498046875,714.7445678710938,0.9682498574256897,1070.576904296875,816.466552734375,0.9687449932098389
473,15766,873.5555419921875,80.6751708984375,0.002147930907085538,873.1179809570312,62.798583984375,0.0027311432640999556,872.38720703125,81.33476257324219,0.001191088231280446,904.7598876953125,46.24822998046875,0.022956104949116707,921.7271118164062,76.78504943847656,0.00525185652077198,920.377685546875,11.250686645507812,0.025497425347566605,1003.292236328125,7.516571044921875,0.03377353772521019,943.7164916992188,55.36445617675781,0.04630682244896889,984.4576416015625,71.29998779296875,0.07238855212926865,957.368408203125,153.6269989013672,0.03171412646770477,936.5198364257812,134.779052734375,0.043217092752456665,1008.903076171875,108.24577331542969,0.8614142537117004,1073.2723388671875,110.15194702148438,0.8790336847305298,876.21044921875,460.4779357910156,0.967600405216217,1006.3742065429688,478.5065002441406,0.9700472950935364,1099.8251953125,738.5890502929688,0.968021810054779,1126.73583984375,808.1446533203125,0.9683687686920166
474,15800,879.9325561523438,75.21148681640625,0.002485457109287381,878.8030395507812,55.66676330566406,0.002735237590968609,881.4188232421875,74.45361328125,0.0012586279772222042,907.1408081054688,37.054847717285156,0.016025567427277565,935.0025024414062,68.050048828125,0.004149418789893389,921.7128295898438,1.5211029052734375,0.017929313704371452,1019.9804077148438,0.865447998046875,0.027763359248638153,942.7153930664062,52.36420440673828,0.04954316467046738,1003.4432983398438,57.71356201171875,0.09011941403150558,958.1136474609375,123.5430679321289,0.055400386452674866,939.4352416992188,100.26482391357422,0.08344843983650208,1005.6265869140625,99.8492431640625,0.8314981460571289,1085.9971923828125,100.579833984375,0.8586485385894775,871.0599975585938,455.5274353027344,0.9689157605171204,1042.834716796875,478.2264404296875,0.9720896482467651,1044.374267578125,785.30419921875,0.9676827788352966,1182.77978515625,823.3195190429688,0.9682866334915161
475,15833,925.700927734375,86.32713317871094,0.004950216971337795,922.226806640625,66.36575317382812,0.004435524810105562,924.7342529296875,81.64107513427734,0.0023501249961555004,943.4818725585938,47.34004211425781,0.010735315270721912,973.6133422851562,71.44038391113281,0.003559791250154376,941.1699829101562,8.533401489257812,0.017841791734099388,1041.0535888671875,3.683624267578125,0.018015693873167038,940.1233520507812,54.87867736816406,0.08663418143987656,1007.8543090820312,51.136322021484375,0.09478629380464554,944.9965209960938,96.14959716796875,0.1630159467458725,937.0463256835938,80.83255004882812,0.1734662503004074,994.1885375976562,83.92826843261719,0.8463301658630371,1078.840576171875,79.64204406738281,0.8367944955825806,883.0960693359375,440.7078857421875,0.9816872477531433,1066.8973388671875,457.4554138183594,0.9778631925582886,964.272216796875,815.16357421875,0.9839003086090088,1213.4139404296875,786.5447998046875,0.9814829230308533
476,15866,933.4239501953125,94.75186157226562,0.004792332649230957,931.0816650390625,72.16568756103516,0.004107233136892319,930.93994140625,85.05271911621094,0.0021176300942897797,950.4933471679688,55.43659973144531,0.007719425484538078,974.0757446289062,75.65231323242188,0.0025245333090424538,947.1890869140625,13.320327758789062,0.011895769275724888,1040.87890625,7.6292266845703125,0.012290102429687977,943.8215942382812,55.99928283691406,0.08298970013856888,1011.629150390625,49.895233154296875,0.09353601187467575,950.5900268554688,84.22068786621094,0.20762792229652405,938.8172607421875,70.09437561035156,0.22714324295520782,1005.2444458007812,67.62748718261719,0.8123636245727539,1085.469482421875,64.09112548828125,0.8004475831985474,900.2406005859375,440.21136474609375,0.9815762042999268,1077.2230224609375,452.0243225097656,0.9769655466079712,908.55712890625,821.8460083007812,0.9836428761482239,1248.5008544921875,771.8419189453125,0.9805523753166199
477,15900,932.3536376953125,86.39277648925781,0.0040053557604551315,931.8907470703125,63.32361602783203,0.004088310524821281,928.1510009765625,74.22086334228516,0.0017641665181145072,955.0484619140625,49.61961364746094,0.008640758693218231,963.3262939453125,67.14470672607422,0.002163967816159129,963.9021606445312,14.322647094726562,0.01148380246013403,1009.7600708007812,8.719940185546875,0.008342016488313675,961.6272583007812,59.52278137207031,0.07119438797235489,985.454833984375,52.02685546875,0.05348492041230202,967.2539672851562,90.26312255859375,0.16297200322151184,932.5311279296875,70.10989379882812,0.13355723023414612,1018.0664672851562,57.61344909667969,0.795006275177002,1065.6966552734375,55.53071594238281,0.7531196475028992,912.7553100585938,440.5632019042969,0.9812652468681335,1065.1044921875,449.8488464355469,0.9722951054573059,898.1045532226562,828.43603515625,0.9841598868370056,1265.738525390625,756.79248046875,0.9790490865707397
478,15933,928.3676147460938,92.20358276367188,0.0053525869734585285,929.7117919921875,69.79401397705078,0.005245602689683437,921.4437255859375,83.12443542480469,0.00224460382014513,955.9649658203125,54.391204833984375,0.007586426101624966,945.4253540039062,77.34086608886719,0.0019833066035062075,963.5474853515625,3.3427276611328125,0.012083319947123528,979.3765869140625,0.0,0.007919982075691223,944.1055908203125,34.10417175292969,0.10136624425649643,952.017578125,41.033203125,0.06588400900363922,955.9140625,67.55113220214844,0.25298288464546204,933.9303588867188,67.03536987304688,0.19582921266555786,1028.7039794921875,55.153564453125,0.8231807947158813,1051.026123046875,57.314300537109375,0.7723802328109741,914.3016357421875,441.4591369628906,0.9833860993385315,1034.4456787109375,457.00811767578125,0.9734827280044556,914.8196411132812,813.1351928710938,0.9858369827270508,1268.865966796875,741.7951049804688,0.9798249006271362
479,15966,930.4185791015625,87.36163330078125,0.005183185450732708,929.4391479492188,65.51312255859375,0.005104160401970148,928.0140380859375,78.6928482055664,0.0019359833095222712,952.2662353515625,48.999847412109375,0.006241247523576021,956.5276489257812,72.1263427734375,0.0013038930483162403,955.3357543945312,5.2812652587890625,0.00909836683422327,992.3071899414062,0.0,0.005969149060547352,948.41552734375,34.513458251953125,0.11083371192216873,969.9593505859375,43.099456787109375,0.07011368870735168,947.5841674804688,69.55622863769531,0.3233488202095032,932.6591186523438,72.72862243652344,0.24867884814739227,1015.654541015625,69.99700927734375,0.8079212307929993,1043.18505859375,68.55812072753906,0.7496606111526489,933.89306640625,465.3062438964844,0.9832403063774109,1011.3425903320312,465.446044921875,0.9712652564048767,946.8486328125,848.42138671875,0.9849772453308105,1251.249755859375,717.5006103515625,0.9784747362136841
480,16000,912.4098510742188,72.73702239990234,0.004503536969423294,916.59912109375,56.68290710449219,0.005208199378103018,906.4421997070312,67.32506561279297,0.0015971404500305653,948.8369750976562,36.444305419921875,0.01258703414350748,918.6941528320312,56.67173767089844,0.001803624676540494,992.3758544921875,3.235015869140625,0.028724338859319687,944.9359741210938,0.0,0.011424551717936993,1077.147216796875,73.68003845214844,0.1713419109582901,1008.5923461914062,63.95988464355469,0.0684194415807724,1045.2200927734375,183.92799377441406,0.27849268913269043,960.9033203125,103.54527282714844,0.1413656771183014,1027.6146240234375,104.79707336425781,0.9056192636489868,999.8450927734375,104.4730224609375,0.8484713435173035,936.3612670898438,476.30029296875,0.9858373999595642,977.9542236328125,488.4526062011719,0.9711790680885315,995.6821899414062,844.7166137695312,0.9842821955680847,1223.9647216796875,699.0869750976562,0.97531658411026
481,16033,918.7783813476562,86.40879821777344,0.0033665515948086977,923.6865234375,69.2160873413086,0.003870298620313406,912.7423095703125,82.19194793701172,0.0016432019183412194,959.453857421875,49.644195556640625,0.013778195716440678,923.1624755859375,73.81842041015625,0.0029316130094230175,986.3323974609375,17.138763427734375,0.02091328054666519,944.8702392578125,3.8521270751953125,0.022052884101867676,994.521240234375,63.20562744140625,0.07583615183830261,969.044677734375,57.48728942871094,0.09310201555490494,964.3114013671875,111.82012939453125,0.09093716740608215,928.31103515625,87.80717468261719,0.1124773696064949,1036.84423828125,108.21176147460938,0.9078562259674072,1004.1002197265625,106.04086303710938,0.9031830430030823,944.565673828125,485.95953369140625,0.9856945872306824,953.524658203125,489.1197509765625,0.9806109666824341,1057.9385986328125,851.4948120117188,0.9860144853591919,1194.6478271484375,697.7378540039062,0.9835525751113892
482,16066,926.1831665039062,81.0615234375,0.0028658825904130936,934.8025512695312,60.314414978027344,0.0037526919040828943,913.8006591796875,75.00155639648438,0.0013336887350305915,981.4429321289062,41.107269287109375,0.015554217621684074,909.1361083984375,70.32959747314453,0.0022899103350937366,1019.0625,11.964019775390625,0.019255921244621277,909.2250366210938,2.251556396484375,0.020463649183511734,998.1963500976562,56.787872314453125,0.06715011596679688,931.9132690429688,63.51951599121094,0.08470368385314941,956.780517578125,127.67298889160156,0.07367124408483505,910.8845825195312,109.50764465332031,0.0926390215754509,1054.8885498046875,120.17019653320312,0.8866171836853027,964.5591430664062,116.08525085449219,0.8835294246673584,980.7680053710938,503.2704162597656,0.9774274826049805,873.8351440429688,475.4167785644531,0.9696391224861145,1096.360107421875,844.141357421875,0.975862979888916,1151.71630859375,667.5582275390625,0.9734024405479431
483,16100,896.1358032226562,82.14713287353516,0.0016590590821579099,902.947265625,60.92852783203125,0.002311941934749484,890.8103637695312,77.12537384033203,0.000915409647859633,943.128662109375,42.98982238769531,0.019871996715664864,899.5113525390625,73.52918243408203,0.0033574318513274193,986.5997924804688,13.139396667480469,0.0177072212100029,910.8546752929688,3.7463836669921875,0.02913590706884861,974.7874755859375,53.679656982421875,0.03877296671271324,956.6041870117188,58.14491271972656,0.07931447774171829,981.3831176757812,122.2774429321289,0.02832161635160446,949.5278930664062,116.39506530761719,0.045593950897455215,1050.8328857421875,129.61756896972656,0.8538992404937744,976.22998046875,123.31796264648438,0.8809290528297424,1001.8740844726562,512.1868896484375,0.9611284732818604,865.4484252929688,454.7071838378906,0.9596897959709167,1115.046630859375,834.3290405273438,0.947279155254364,1088.3148193359375,670.3450927734375,0.9547650814056396
484,16133,911.4664916992188,93.1439437866211,0.002370458096265793,918.0782470703125,69.58367156982422,0.003433383535593748,901.6091918945312,83.45812225341797,0.001085430383682251,960.393310546875,52.587066650390625,0.01758899912238121,910.3519287109375,77.99253845214844,0.0020696602296084166,993.6678466796875,26.14691162109375,0.020881397649645805,930.0664672851562,13.5457763671875,0.016844701021909714,979.78564453125,66.44256591796875,0.06661602109670639,960.71142578125,69.28788757324219,0.06384565681219101,966.3572998046875,122.42111206054688,0.06026293337345123,927.838623046875,118.27537536621094,0.056885264813899994,1050.506103515625,116.22038269042969,0.8766123056411743,974.97802734375,108.13874816894531,0.8665608763694763,1045.868408203125,499.20794677734375,0.9757457375526428,855.1814575195312,436.32916259765625,0.9686608910560608,1183.337890625,839.5973510742188,0.9743090271949768,1038.6785888671875,753.3250122070312,0.9740872979164124
485,16166,916.15966796875,89.34027099609375,0.0021919412538409233,920.9771118164062,67.46136474609375,0.003230882342904806,909.9547729492188,79.49702453613281,0.001093231956474483,959.3853149414062,53.282318115234375,0.01909378170967102,925.4385375976562,74.14324951171875,0.002461477182805538,987.7185668945312,24.393218994140625,0.020490335300564766,949.76171875,13.766098022460938,0.01747843809425831,972.5850830078125,63.53155517578125,0.05097084119915962,1004.1361694335938,71.10108947753906,0.05384424701333046,988.3323364257812,124.99113464355469,0.03863237053155899,997.8508911132812,128.57276916503906,0.036730363965034485,1052.3946533203125,103.070068359375,0.8654521703720093,986.2249145507812,95.88876342773438,0.8611374497413635,1070.771240234375,482.5610046386719,0.9742063283920288,862.4405517578125,419.28204345703125,0.9683939218521118,1219.3477783203125,820.9052734375,0.974097728729248,967.4562377929688,748.4996337890625,0.9756090044975281
486,16200,923.4833374023438,97.75243377685547,0.0027183014899492264,929.0388793945312,75.4881820678711,0.0035431310534477234,917.1461791992188,85.5289077758789,0.0015590962721034884,965.56591796875,61.761749267578125,0.014040925540030003,928.2797241210938,78.73086547851562,0.003054104745388031,991.5293579101562,34.4344482421875,0.016861876472830772,951.1777954101562,23.350067138671875,0.015293336473405361,966.8215942382812,79.40249633789062,0.0443606860935688,1005.989501953125,86.17218017578125,0.04948875308036804,984.3270874023438,132.54849243164062,0.036399856209754944,1001.4639282226562,149.19900512695312,0.0358978696167469,1055.523193359375,89.25901794433594,0.8419498205184937,984.425048828125,85.54829406738281,0.8398017883300781,1089.6148681640625,468.7342834472656,0.9728267192840576,874.3447265625,431.4096984863281,0.9679852724075317,1259.6357421875,805.7669677734375,0.9754794239997864,904.1297607421875,783.9296264648438,0.9761518836021423
487,16233,941.1985473632812,93.10400390625,0.0034442488104104996,944.450927734375,71.8179702758789,0.00419183075428009,934.1845703125,80.67718505859375,0.0020175136160105467,972.604248046875,58.589447021484375,0.011019321158528328,941.9403686523438,74.3551025390625,0.002874608850106597,984.5220947265625,35.12782287597656,0.01233702339231968,968.2676391601562,25.0045166015625,0.011179754510521889,953.7401733398438,82.70672607421875,0.03964876011013985,1035.6143798828125,89.74479675292969,0.043719638139009476,972.990478515625,139.31190490722656,0.040764741599559784,1044.1453857421875,149.95399475097656,0.03900659456849098,1044.826171875,82.04667663574219,0.8339043259620667,986.2881469726562,82.54412841796875,0.8289388418197632,1089.6392822265625,462.7270202636719,0.9784858226776123,892.7340698242188,442.5769958496094,0.9744622111320496,1290.2384033203125,786.3759155273438,0.9837852716445923,886.5813598632812,799.2476806640625,0.9835969805717468
488,16266,936.1122436523438,97.04740905761719,0.004890552256256342,939.867431640625,74.1830062866211,0.005851374939084053,927.9199829101562,83.14977264404297,0.0026516998186707497,972.0584716796875,63.08866882324219,0.007811079267412424,936.8467407226562,78.38358306884766,0.0019150229636579752,989.3961791992188,41.2738037109375,0.006991499103605747,964.0147705078125,24.180450439453125,0.007255750708281994,954.1527099609375,89.90657043457031,0.0376456193625927,977.9414672851562,74.82064819335938,0.04547973722219467,921.7796630859375,119.84124755859375,0.06116242706775665,921.6171264648438,89.61758422851562,0.06600598990917206,1042.2489013671875,64.01824951171875,0.7766379714012146,983.8336181640625,63.46710205078125,0.7791152596473694,1068.0184326171875,459.29534912109375,0.9769237637519836,901.3958129882812,446.0289306640625,0.9736055731773376,1310.009521484375,766.9487915039062,0.98432457447052,898.228515625,811.7181396484375,0.9840601682662964
489,16300,983.6527099609375,70.34907531738281,0.012597445398569107,986.8720703125,45.876800537109375,0.012254803441464901,972.526611328125,58.50169372558594,0.008488400839269161,998.1090698242188,29.950332641601562,0.013411903753876686,960.112060546875,50.787506103515625,0.006220814306288958,988.3727416992188,7.040107727050781,0.023456158116459846,982.0784912109375,0.0,0.008693667128682137,952.1244506835938,74.13304138183594,0.08242713660001755,975.0167236328125,74.15485382080078,0.028864409774541855,941.2562866210938,114.27266693115234,0.10224594175815582,945.2723388671875,132.4646453857422,0.04697754606604576,1021.6931762695312,106.801025390625,0.7042829990386963,980.5160522460938,97.80926513671875,0.5954535603523254,1033.858642578125,462.81658935546875,0.9430541396141052,906.86669921875,452.2325439453125,0.9108190536499023,1303.3626708984375,743.0036010742188,0.9498694539070129,936.943359375,781.5933837890625,0.9324608445167542
490,16333,921.9232177734375,88.40796661376953,0.003151494776830077,922.8462524414062,70.7589111328125,0.004128798842430115,916.0548706054688,81.12185668945312,0.0017759925685822964,949.5927124023438,57.5189208984375,0.008929595351219177,936.4476928710938,74.42756652832031,0.0018365266732871532,947.7374267578125,20.345260620117188,0.007309673819690943,973.3260498046875,6.9613037109375,0.006516075227409601,928.1683959960938,49.61357116699219,0.034449368715286255,956.57177734375,63.85693359375,0.03449394926428795,921.3994140625,123.31741333007812,0.04493601992726326,903.1614990234375,118.24800109863281,0.04345565661787987,1002.6910400390625,68.17437744140625,0.7981869578361511,992.603759765625,71.68583679199219,0.7871605753898621,993.5725708007812,484.5556945800781,0.9750315546989441,935.2640991210938,478.0447082519531,0.9711743593215942,1306.547607421875,734.9093627929688,0.9834945797920227,978.7227783203125,828.591064453125,0.9826856851577759
491,16366,920.4237670898438,84.83981323242188,0.002218870213255286,921.0923461914062,69.31210327148438,0.002967984415590763,918.7850341796875,80.55459594726562,0.0014550795312970877,942.5181884765625,56.31239318847656,0.011649101041257381,948.0098876953125,73.6175765991211,0.0026892884634435177,933.1935424804688,27.559547424316406,0.008001313544809818,1016.7484130859375,2.4046783447265625,0.012060737237334251,947.4901123046875,68.96038055419922,0.024487528949975967,993.8732299804688,60.118629455566406,0.05137914791703224,929.4375610351562,127.48970031738281,0.02367348037660122,917.5281372070312,98.81098937988281,0.044467635452747345,997.116455078125,100.84735107421875,0.7900558114051819,1036.4493408203125,99.9766845703125,0.8230820894241333,956.45458984375,492.2743835449219,0.9620254635810852,951.6266479492188,493.66424560546875,0.967279314994812,1266.10986328125,727.5045776367188,0.9726951122283936,1008.9697265625,832.5335083007812,0.9748904705047607
492,16400,920.770263671875,94.95911407470703,0.0024389473255723715,919.5877075195312,78.18177795410156,0.002951781963929534,917.45361328125,93.35847473144531,0.0015112896217033267,940.598876953125,59.84197998046875,0.011171555146574974,947.6682739257812,85.85824584960938,0.002910434268414974,931.8843383789062,21.790306091308594,0.010901092551648617,1014.8084716796875,1.4876632690429688,0.016732757911086082,931.1854248046875,49.43199920654297,0.03889162093400955,966.3563232421875,53.045494079589844,0.08255836367607117,933.3778076171875,115.4619369506836,0.040453024208545685,913.1054077148438,92.94781494140625,0.08068124949932098,1002.8113403320312,115.80963134765625,0.8494411706924438,1046.6898193359375,116.13816833496094,0.8728047609329224,930.4193115234375,489.0684814453125,0.9695485830307007,941.5402221679688,494.9115905761719,0.9741964936256409,1209.0989990234375,718.69580078125,0.9776941537857056,1049.312255859375,832.3419799804688,0.9786965847015381
493,16433,909.0104370117188,91.84304809570312,0.003040308365598321,906.2825927734375,73.14651489257812,0.0035971212200820446,908.637451171875,91.60359191894531,0.0017005474073812366,929.0674438476562,52.91001892089844,0.01756741665303707,952.4892578125,83.84953308105469,0.004298912361264229,921.3477783203125,18.77984619140625,0.023599984124302864,1036.182373046875,4.021728515625,0.02500052936375141,930.9202880859375,56.341712951660156,0.07097689062356949,990.6905517578125,63.07269287109375,0.08670026808977127,933.1226806640625,127.11243438720703,0.0668771043419838,916.53955078125,107.37959289550781,0.0839550718665123,1003.4700317382812,112.26644897460938,0.8501083850860596,1081.1112060546875,112.05097961425781,0.8495168089866638,901.660400390625,477.3140563964844,0.9615976810455322,984.5944213867188,495.55389404296875,0.9595436453819275,1161.3656005859375,745.4664916992188,0.9627324938774109,1106.6761474609375,808.5033569335938,0.9588873386383057
494,16466,903.833740234375,85.87085723876953,0.0031166330445557833,902.5675659179688,65.65770721435547,0.003565962193533778,902.2511596679688,85.60359191894531,0.0017707260558381677,928.243896484375,48.4581298828125,0.016236556693911552,946.770263671875,81.88023376464844,0.0042985775507986546,921.3546752929688,13.983833312988281,0.019155368208885193,1035.3465576171875,5.403717041015625,0.023903844878077507,937.1785278320312,52.315773010253906,0.05615619570016861,999.9519653320312,59.71440124511719,0.08631016314029694,954.696044921875,122.067626953125,0.06247822195291519,927.10400390625,96.32373046875,0.09167584031820297,1003.5851440429688,105.82012939453125,0.8338876366615295,1088.762451171875,103.60519409179688,0.8452781438827515,877.4134521484375,470.6657409667969,0.9653578400611877,1007.4497680664062,482.8554382324219,0.966135561466217,1097.7833251953125,785.2824096679688,0.9669691324234009,1158.6593017578125,820.6840209960938,0.9659994840621948
495,16500,919.4547729492188,82.17459869384766,0.003543553873896599,917.3003540039062,62.695953369140625,0.004076484125107527,913.9966430664062,79.71123504638672,0.001959629124030471,943.8409423828125,47.62916564941406,0.014977683313190937,953.7338256835938,76.76316833496094,0.004166487604379654,948.6218872070312,17.089645385742188,0.019670803099870682,1016.8214721679688,13.126419067382812,0.016373315826058388,963.8411865234375,64.6724853515625,0.0548948310315609,987.947021484375,66.45002746582031,0.050328418612480164,974.7415161132812,123.81207275390625,0.0650874674320221,932.1605224609375,98.40802001953125,0.061476923525333405,1005.3236083984375,80.59469604492188,0.8328628540039062,1067.891357421875,81.36680603027344,0.8126002550125122,874.5265502929688,444.5016174316406,0.9762152433395386,1041.12451171875,480.7967224121094,0.9709749817848206,1037.3372802734375,802.283447265625,0.9823341369628906,1196.4737548828125,825.3257446289062,0.9783973693847656
496,16533,927.7037353515625,85.60942840576172,0.003688902361318469,924.6181640625,63.20240020751953,0.0040101464837789536,926.4808959960938,77.93103790283203,0.0018782512051984668,946.531494140625,49.571136474609375,0.012093239463865757,974.2333374023438,73.69937896728516,0.0032600932754576206,944.3487548828125,19.761886596679688,0.01404253114014864,1037.11865234375,16.984039306640625,0.01168532483279705,948.2281494140625,65.66596984863281,0.05305654928088188,1003.3837280273438,65.511474609375,0.0481499545276165,965.0299682617188,110.05673217773438,0.08896045386791229,934.8367309570312,85.98014831542969,0.08249247074127197,997.8779296875,71.96095275878906,0.8054069876670837,1077.971435546875,69.93919372558594,0.7796860337257385,892.8560180664062,445.4622802734375,0.9802857637405396,1068.5086669921875,462.63275146484375,0.9743134379386902,944.1824951171875,832.1841430664062,0.9849674105644226,1234.1895751953125,799.0459594726562,0.9814712405204773
497,16566,933.0020751953125,89.3401107788086,0.0038501129020005465,932.8140258789062,67.06929016113281,0.003992634359747171,929.725341796875,78.189697265625,0.0016998747596517205,956.0040893554688,53.27677917480469,0.009493960067629814,965.8695068359375,71.47283935546875,0.0022647303994745016,961.3317260742188,19.386062622070312,0.012376106344163418,1012.1221313476562,15.921890258789062,0.008871237747371197,960.8434448242188,66.8104248046875,0.06987153738737106,982.7874755859375,62.227020263671875,0.05166131258010864,963.8319091796875,115.30947875976562,0.15099504590034485,925.1015625,95.15061950683594,0.12194552272558212,1010.7636108398438,67.52311706542969,0.791567325592041,1064.0921630859375,66.3310546875,0.7482317686080933,904.394775390625,446.9502258300781,0.9793745875358582,1072.890380859375,459.8273620605469,0.969683051109314,896.3648681640625,840.4932861328125,0.9818172454833984,1263.7220458984375,776.0266723632812,0.9759978652000427
498,16600,924.9808959960938,85.23783874511719,0.004680876154452562,924.4314575195312,63.655609130859375,0.00453524012118578,920.4234008789062,74.8612289428711,0.0019590482115745544,947.3024291992188,51.56538391113281,0.007541624363511801,950.6527099609375,70.48526000976562,0.0019147932762280107,956.8704223632812,13.603500366210938,0.010805988684296608,987.7893676757812,9.684539794921875,0.007920746691524982,949.9934692382812,49.26429748535156,0.08277882635593414,958.2623901367188,48.70170593261719,0.06231492757797241,955.3978271484375,86.53770446777344,0.2141312211751938,920.3802490234375,77.51527404785156,0.1822284311056137,1017.107177734375,60.07530212402344,0.8145270347595215,1054.1536865234375,61.200897216796875,0.7723443508148193,906.1549072265625,443.6722412109375,0.9840314388275146,1058.1439208984375,461.0289306640625,0.975683331489563,891.848876953125,838.2088623046875,0.9862479567527771,1278.0743408203125,761.6287231445312,0.9811695218086243
499,16633,921.1073608398438,87.46318817138672,0.004618559964001179,921.5792236328125,65.35679626464844,0.004510098602622747,914.6915283203125,79.36857604980469,0.0018891823710873723,946.8074340820312,50.598724365234375,0.006469577085226774,937.282470703125,75.62324523925781,0.0016172011382877827,957.1453857421875,2.2981109619140625,0.00992849376052618,968.39794921875,0.0,0.0068673016503453255,945.2521362304688,36.442291259765625,0.09337089210748672,943.5672607421875,40.85224914550781,0.0645613744854927,952.2700805664062,83.48130798339844,0.2504514157772064,923.3406982421875,83.21937561035156,0.2060556262731552,1025.25146484375,56.31275939941406,0.8194525837898254,1043.3944091796875,60.19427490234375,0.769885241985321,904.7777709960938,442.8837890625,0.9839773774147034,1023.906982421875,466.6190490722656,0.9738518595695496,921.0029907226562,842.69091796875,0.9864199757575989,1279.29052734375,745.2376098632812,0.9802001714706421
500,16666,927.4757080078125,87.91639709472656,0.004328107926994562,928.1210327148438,65.87905883789062,0.004403701052069664,923.4949951171875,81.23487854003906,0.0017692616675049067,955.0578002929688,48.47076416015625,0.006851342041045427,945.8114013671875,76.67607879638672,0.0015342136612161994,957.92578125,1.214996337890625,0.010057142935693264,975.2146606445312,0.0,0.007370788138359785,947.1593627929688,36.36708068847656,0.09371839463710785,951.9999389648438,42.51869201660156,0.0690520852804184,948.2520141601562,85.12898254394531,0.23365773260593414,924.4891357421875,82.55191040039062,0.20170268416404724,1017.473876953125,69.93159484863281,0.8247860670089722,1032.320068359375,73.59164428710938,0.7774688005447388,916.1656494140625,459.13458251953125,0.9826750755310059,993.8787231445312,482.8733215332031,0.9709197878837585,952.16455078125,856.2947387695312,0.9849268198013306,1256.0068359375,719.502197265625,0.9777087569236755
501,16700,928.2659912109375,79.56697082519531,0.004026168491691351,929.3794555664062,62.31706237792969,0.0040449583902955055,925.2200317382812,76.5611801147461,0.0015544831985607743,957.0736694335938,42.734893798828125,0.008144110441207886,944.1802368164062,69.3281021118164,0.0016863789642229676,965.3985595703125,0.0,0.01787107065320015,963.7234497070312,0.0,0.010814382694661617,942.9990234375,29.271011352539062,0.15335945785045624,945.9204711914062,42.290679931640625,0.08911788463592529,943.1944580078125,81.91470336914062,0.28881925344467163,924.8167114257812,81.65007019042969,0.21038222312927246,1020.3567504882812,96.82466125488281,0.902948260307312,1015.5807495117188,98.57711791992188,0.8621756434440613,922.96875,479.659423828125,0.9877817630767822,967.2936401367188,495.4674072265625,0.9774670004844666,1004.0826416015625,856.6140747070312,0.9874826669692993,1225.0921630859375,714.25341796875,0.980932354927063
502,16733,920.3728637695312,86.20616912841797,0.005003891885280609,924.3594970703125,67.91423034667969,0.0048855748027563095,913.12060546875,82.89017486572266,0.0021765322890132666,958.7743530273438,48.164154052734375,0.010063981637358665,918.8419799804688,77.04801177978516,0.00245789741165936,981.1776123046875,13.708831787109375,0.019872570410370827,930.6637573242188,1.546783447265625,0.0208190456032753,960.807373046875,53.925018310546875,0.11949731409549713,927.6688842773438,57.2398681640625,0.13690194487571716,926.1383056640625,93.68600463867188,0.20130117237567902,909.5372924804688,85.26351928710938,0.23899832367897034,1031.7791748046875,107.11701965332031,0.9175966382026672,988.5615234375,105.83198547363281,0.9098700881004333,936.0460205078125,494.115966796875,0.987922728061676,922.8967895507812,493.0137634277344,0.9829150438308716,1060.5758056640625,854.9827880859375,0.9872214198112488,1190.63916015625,705.1893920898438,0.9843727350234985
503,16766,938.979736328125,82.76985168457031,0.004847154952585697,945.6199951171875,58.880035400390625,0.0063300286419689655,929.493896484375,72.92898559570312,0.0023491568863391876,981.712890625,38.75688171386719,0.02179550752043724,932.0618286132812,63.55052947998047,0.00340035418048501,999.09326171875,3.47406005859375,0.03090384602546692,929.720458984375,0.0,0.01655934937298298,964.039306640625,64.41632080078125,0.08832157403230667,930.6873779296875,70.53538513183594,0.050826296210289,940.63720703125,144.66961669921875,0.09100436419248581,901.0646362304688,124.99617004394531,0.06711895763874054,1036.2303466796875,121.18684387207031,0.8501434922218323,967.8570556640625,118.88800048828125,0.798022449016571,955.9682006835938,502.11614990234375,0.9707024693489075,862.0667724609375,476.4251403808594,0.9479917883872986,1094.4925537109375,851.507080078125,0.9690020084381104,1141.54248046875,679.4298706054688,0.9591617584228516
504,16800,914.3380737304688,88.65019226074219,0.0022672282066196203,920.4620971679688,65.61982727050781,0.003104347502812743,902.4426879882812,82.69525909423828,0.0009986406657844782,964.3114013671875,43.842498779296875,0.015954680740833282,903.9814453125,77.56157684326172,0.001961704343557358,997.4974365234375,12.054153442382812,0.021673686802387238,920.8072509765625,5.2711029052734375,0.01688138209283352,977.7167358398438,58.75437927246094,0.08292203396558762,945.9461059570312,67.77630615234375,0.07133618742227554,939.1026000976562,124.95359802246094,0.08335383236408234,899.8023071289062,111.90834045410156,0.07433713227510452,1038.766357421875,113.0771484375,0.8471945524215698,960.57666015625,106.78376770019531,0.8265520334243774,998.2630004882812,510.23162841796875,0.9621555209159851,846.322265625,459.64208984375,0.9444469213485718,1138.451416015625,849.736328125,0.9511362314224243,1083.1190185546875,687.136962890625,0.945584774017334
505,16833,911.8804931640625,91.25960540771484,0.0021641168277710676,917.4371948242188,67.52284240722656,0.003105988958850503,903.1981201171875,82.15093231201172,0.00104127440135926,958.4616088867188,49.5494384765625,0.01717941276729107,914.9068603515625,76.66133880615234,0.002204612595960498,985.6088256835938,22.53662109375,0.020236141979694366,938.3915405273438,10.095062255859375,0.016480760648846626,974.0374755859375,67.60098266601562,0.060192596167325974,970.7581787109375,70.64401245117188,0.05881330743432045,972.5810546875,124.71670532226562,0.05129186064004898,931.1087646484375,116.16169738769531,0.048446960747241974,1035.3721923828125,111.95457458496094,0.866888701915741,969.53759765625,103.69244384765625,0.8563295006752014,1038.317626953125,500.4407043457031,0.9737943410873413,848.0161743164062,437.5943298339844,0.9658615589141846,1189.856689453125,847.4681396484375,0.9720334410667419,1028.9307861328125,752.4446411132812,0.9716776609420776
506,16866,896.3052978515625,85.79447937011719,0.0025628823786973953,900.107177734375,60.924041748046875,0.00343806273303926,894.1814575195312,76.30339050292969,0.0015547673683613539,935.377685546875,45.99000549316406,0.018295258283615112,914.7634887695312,74.98892211914062,0.004071660805493593,970.0759887695312,15.725006103515625,0.015143352560698986,938.1260375976562,11.521041870117188,0.0260783601552248,952.5423583984375,58.15452575683594,0.03089745342731476,985.7717895507812,60.600975036621094,0.0704772099852562,971.489013671875,119.34001922607422,0.023221412673592567,967.1328735351562,113.24505615234375,0.03993472456932068,1030.9010009765625,106.51162719726562,0.8412779569625854,970.6885986328125,107.64752197265625,0.875622570514679,1054.5263671875,478.83721923828125,0.9688555598258972,851.6411743164062,434.8553771972656,0.9703719019889832,1222.6796875,833.8333740234375,0.9650152325630188,962.769287109375,755.60693359375,0.9720021486282349
507,16900,934.780029296875,83.59101104736328,0.008768202736973763,939.2642822265625,59.11866760253906,0.011186519637703896,930.1873779296875,73.2264404296875,0.006442181766033173,968.158447265625,49.22126770019531,0.024485290050506592,939.759765625,71.61673736572266,0.008704102598130703,974.5258178710938,26.919525146484375,0.03386234492063522,962.7880249023438,14.74456787109375,0.01667925901710987,929.7476806640625,73.2451171875,0.06898604333400726,977.5671997070312,63.974029541015625,0.035425323992967606,911.4721069335938,126.15515899658203,0.05620845779776573,988.2476806640625,131.13131713867188,0.033424969762563705,1033.45751953125,96.93447875976562,0.791148841381073,979.2892456054688,90.21544647216797,0.7321396470069885,1075.029052734375,462.933837890625,0.9568691849708557,869.5167846679688,438.431884765625,0.9375299215316772,1258.8680419921875,804.9746704101562,0.9497822523117065,900.0773315429688,792.765380859375,0.9380971193313599
508,16933,930.2717895507812,93.21411895751953,0.003989508841186762,933.3114624023438,70.74009704589844,0.005243318621069193,923.887451171875,79.78175354003906,0.0022640828974545,964.443115234375,60.01018524169922,0.011409202590584755,935.85009765625,75.71807098388672,0.0024654921144247055,974.6788330078125,45.95686340332031,0.010232792235910892,963.7496337890625,30.419815063476562,0.008429163135588169,939.691650390625,103.76760864257812,0.03493547439575195,1015.5599365234375,97.77827453613281,0.03399629145860672,937.19091796875,146.7487335205078,0.04008709266781807,1001.55322265625,147.42860412597656,0.03530734404921532,1025.9761962890625,76.81622314453125,0.8106376528739929,972.31494140625,74.91815185546875,0.798285722732544,1072.39599609375,463.5411376953125,0.9797195792198181,889.0964965820312,443.79913330078125,0.9749838709831238,1293.568115234375,784.4720458984375,0.9862194657325745,881.5594482421875,804.5848999023438,0.985584557056427
509,16966,945.2476196289062,75.18391418457031,0.007534959819167852,950.6165771484375,51.3687744140625,0.009787456132471561,940.7216186523438,64.72763061523438,0.005426894407719374,976.39697265625,45.23133087158203,0.01848103292286396,945.6311645507812,66.39791107177734,0.005944192409515381,969.7149047851562,29.801834106445312,0.020082633942365646,962.2372436523438,17.95001220703125,0.010412400588393211,923.5704956054688,79.24893951416016,0.05130338668823242,955.047607421875,71.67027282714844,0.027071267366409302,889.3196411132812,123.884033203125,0.04993437975645065,943.2235107421875,145.0399932861328,0.03043750673532486,1017.9873657226562,87.30960845947266,0.7366971373558044,973.5987548828125,84.34398651123047,0.675383985042572,1044.9219970703125,456.603515625,0.9515964388847351,893.2470703125,446.5124816894531,0.9322186708450317,1296.2384033203125,765.7384643554688,0.9513192772865295,898.4713134765625,794.0914916992188,0.9407267570495605
510,17000,920.0574340820312,95.93717193603516,0.004077462013810873,924.6824340820312,74.27005004882812,0.005584091413766146,910.0442504882812,83.92730712890625,0.0024817241355776787,956.892578125,61.59901428222656,0.008742651902139187,914.4928588867188,78.4273452758789,0.001989334588870406,971.2183227539062,33.95869445800781,0.006167232058942318,932.8167724609375,21.79449462890625,0.005259629804641008,942.1575317382812,74.73504638671875,0.02687067911028862,945.81298828125,82.59480285644531,0.026681046932935715,923.9478149414062,133.04251098632812,0.03829796612262726,904.8067016601562,128.61424255371094,0.03655979037284851,1012.1372680664062,60.2581787109375,0.7336201071739197,952.5225830078125,63.27044677734375,0.7196821570396423,1016.7374267578125,475.85430908203125,0.9698390960693359,901.913818359375,465.1256103515625,0.9642933011054993,1302.01611328125,740.818359375,0.9815263152122498,938.3540649414062,812.5488891601562,0.9804895520210266
511,17033,923.083984375,88.87934875488281,0.0034520418848842382,924.81298828125,72.7280502319336,0.004003914073109627,915.5885009765625,82.78390502929688,0.0019968238193541765,946.7415771484375,60.00640869140625,0.006909116171300411,927.3530883789062,77.15666198730469,0.0018054962856695056,933.6038818359375,21.804107666015625,0.006239401642233133,967.9449462890625,7.452301025390625,0.006375935394316912,919.1695556640625,53.05462646484375,0.0358407199382782,940.588134765625,60.9990234375,0.04212845116853714,900.5423583984375,112.99964904785156,0.0553068071603775,888.7249145507812,89.08135986328125,0.06223996728658676,981.9732666015625,71.58609008789062,0.7802384495735168,981.7093505859375,76.13845825195312,0.7759270071983337,971.1302490234375,486.2569274902344,0.9724908471107483,933.1674194335938,490.0481872558594,0.9695311188697815,1292.732421875,735.0567626953125,0.981751024723053,978.4905395507812,830.4020385742188,0.9809092283248901
512,17066,924.9364624023438,97.6216049194336,0.003070887876674533,923.08447265625,82.8987808227539,0.0032939950469881296,919.919189453125,92.5623550415039,0.0018715782789513469,937.6925048828125,67.68207550048828,0.008582941256463528,944.36865234375,82.67596435546875,0.0027056410908699036,918.77490234375,27.958419799804688,0.00929492712020874,1008.0245361328125,3.37847900390625,0.012673519551753998,924.4232177734375,62.09907531738281,0.04026093706488609,961.4008178710938,64.43678283691406,0.0671420693397522,904.3751220703125,125.03956604003906,0.04974774643778801,895.4868774414062,102.218994140625,0.07734400033950806,982.8201293945312,89.00953674316406,0.8166594505310059,1029.650390625,88.71771240234375,0.8324078321456909,939.0309448242188,491.92620849609375,0.9694358706474304,949.2318115234375,501.32574462890625,0.9712276458740234,1249.742919921875,722.4937133789062,0.9788572788238525,1010.7709350585938,840.71875,0.9789656400680542
513,17100,927.0829467773438,103.68697357177734,0.0030371216125786304,926.583251953125,88.53348541259766,0.0033177759032696486,918.9715576171875,100.88456726074219,0.0018378971144557,946.65673828125,69.80548095703125,0.010691356845200062,939.982421875,90.5617904663086,0.0034465803764760494,939.218994140625,30.1204833984375,0.016134340316057205,996.3096313476562,7.462738037109375,0.018263105303049088,943.3077392578125,59.85209655761719,0.05827799811959267,947.4488525390625,62.9952392578125,0.07936548441648483,929.3186645507812,133.1726531982422,0.059337448328733444,902.6675415039062,103.42662048339844,0.08123611658811569,994.58642578125,109.70649719238281,0.8704600930213928,1027.236572265625,108.75192260742188,0.8727302551269531,906.2130126953125,491.5797119140625,0.9727736115455627,937.1114501953125,505.9745178222656,0.9731333255767822,1194.02197265625,712.7689819335938,0.9807420969009399,1050.427001953125,838.2728271484375,0.9794244766235352
514,17133,899.037109375,93.12290954589844,0.0031020566821098328,899.10791015625,73.76655578613281,0.003577328519895673,895.89794921875,92.27700805664062,0.0016789518995210528,921.990478515625,52.47019958496094,0.019655214622616768,930.6688842773438,82.96057891845703,0.004505562130361795,906.770751953125,16.21941375732422,0.028331566601991653,1015.0655517578125,1.1609115600585938,0.029673626646399498,922.4461669921875,60.965057373046875,0.08213487267494202,973.3338012695312,61.897132873535156,0.09641830623149872,926.4545288085938,141.7151336669922,0.07756038755178452,905.2698364257812,116.83561706542969,0.09179036319255829,991.32080078125,107.77162170410156,0.843114972114563,1070.4642333984375,103.77268981933594,0.8423303365707397,863.4437255859375,480.3659362792969,0.9526605606079102,973.36083984375,481.9911193847656,0.948561429977417,1138.9178466796875,760.0887451171875,0.9442533254623413,1114.8658447265625,780.9094848632812,0.9409642815589905
515,17166,867.9445190429688,79.65476989746094,0.0018355697393417358,866.6140747070312,60.15953063964844,0.002323899883776903,869.5661010742188,78.30915069580078,0.001037397887557745,895.1975708007812,44.71039581298828,0.021133262664079666,926.2239990234375,73.11611938476562,0.005083792842924595,900.4019775390625,12.02471923828125,0.021678822115063667,1019.3471069335938,3.5601882934570312,0.02819763869047165,919.01025390625,58.315704345703125,0.04079529643058777,1023.982177734375,66.08555603027344,0.0632118210196495,946.8489990234375,152.12705993652344,0.030393648892641068,970.3388671875,132.4141845703125,0.040420904755592346,994.0770874023438,104.74122619628906,0.8506871461868286,1079.4288330078125,103.32746887207031,0.8685181736946106,873.9138793945312,469.9228210449219,0.9700772166252136,1008.7450561523438,477.72265625,0.9718228578567505,1082.0528564453125,774.0042114257812,0.9708648324012756,1148.433349609375,816.7078857421875,0.9712206125259399
516,17200,873.4559936523438,74.32695007324219,0.0027608289383351803,872.9136352539062,53.05302429199219,0.003200308885425329,874.5408325195312,72.29708862304688,0.0013977147173136473,903.9721069335938,37.19512939453125,0.01570301689207554,929.1764526367188,68.76017761230469,0.0037908577360212803,914.7684326171875,4.419044494628906,0.015344914980232716,1015.8831176757812,5.1077728271484375,0.021397694945335388,933.5235595703125,50.478355407714844,0.044728297740221024,993.4901733398438,62.61405944824219,0.07322195917367935,951.0460205078125,121.28924560546875,0.056153565645217896,923.4208374023438,99.8470687866211,0.07892817258834839,993.51220703125,91.64337158203125,0.8258588314056396,1078.4322509765625,91.90855407714844,0.8459660410881042,864.2660522460938,452.74212646484375,0.9739157557487488,1042.3857421875,475.45037841796875,0.97552490234375,1008.8568115234375,793.9232177734375,0.9760021567344666,1193.5045166015625,827.2794799804688,0.975422739982605
517,17233,922.9132690429688,89.68585968017578,0.004845928866416216,919.0847778320312,66.5584716796875,0.004636411555111408,920.2665405273438,81.66936492919922,0.002432858571410179,936.046875,50.781646728515625,0.00941772572696209,962.0736694335938,76.01753997802734,0.0031069652177393436,932.4095458984375,14.082321166992188,0.011955829337239265,1023.7305908203125,13.672943115234375,0.01088338065892458,935.9899291992188,57.71791076660156,0.060526635497808456,983.5851440429688,58.77703857421875,0.05979635566473007,946.5263671875,100.56944274902344,0.13175293803215027,919.3218994140625,82.94009399414062,0.13212595880031586,991.7669677734375,62.25636291503906,0.7903881669044495,1072.4876708984375,61.99497985839844,0.7674413323402405,881.3858642578125,441.4459533691406,0.9803205728530884,1067.420654296875,461.6502990722656,0.9744865298271179,926.0944213867188,834.1895141601562,0.9845210909843445,1227.83544921875,796.338134765625,0.9809699058532715
518,17266,929.89404296875,93.86286163330078,0.006087689660489559,928.6294555664062,70.78873443603516,0.0052557517774403095,924.2155151367188,82.28517150878906,0.0024410600308328867,950.9840698242188,58.243377685546875,0.005757411941885948,955.1019897460938,77.41641998291016,0.001664384501054883,962.434814453125,22.791229248046875,0.00793395098298788,998.4287719726562,18.929901123046875,0.007134660147130489,956.4277954101562,59.35276794433594,0.08430550992488861,963.306396484375,53.52301025390625,0.08024787157773972,933.6553344726562,82.75845336914062,0.2933538556098938,908.401123046875,77.62472534179688,0.29284536838531494,1009.33447265625,54.05113220214844,0.7622049450874329,1051.950439453125,52.67156982421875,0.7319491505622864,900.6240844726562,438.4781799316406,0.9807246923446655,1066.1483154296875,452.4823913574219,0.9734915494918823,883.8853149414062,836.4807739257812,0.9831979870796204,1260.1070556640625,776.433837890625,0.9786068201065063
519,17300,927.1749267578125,90.14909362792969,0.004527909681200981,927.0567626953125,67.56905364990234,0.0045524644665420055,921.7088012695312,78.7807388305664,0.0019748113118112087,949.2802734375,54.7152099609375,0.00803400855511427,947.52490234375,74.0361557006836,0.002063030144199729,960.0309448242188,17.20147705078125,0.011622844263911247,976.0807495117188,15.184707641601562,0.007344790268689394,948.1259765625,54.06816101074219,0.08136898279190063,945.1725463867188,51.49333190917969,0.05119499936699867,942.1082153320312,86.77812194824219,0.19770635664463043,904.8554077148438,74.76466369628906,0.14861923456192017,1008.0760498046875,54.67378234863281,0.8064262270927429,1036.200439453125,56.82902526855469,0.7499804496765137,904.8502807617188,436.71478271484375,0.9830905199050903,1053.0966796875,455.2013244628906,0.9725520610809326,878.319091796875,830.1571655273438,0.9855879545211792,1271.7144775390625,753.3096313476562,0.9794486165046692
520,17333,908.612060546875,88.89969635009766,0.003655272303149104,910.0935668945312,64.34964752197266,0.0039129480719566345,905.33203125,82.27839660644531,0.0017445075791329145,933.894287109375,52.1173095703125,0.00666611734777689,929.3843994140625,85.06649780273438,0.0016974476166069508,935.21630859375,6.757072448730469,0.007034713868051767,972.9218139648438,2.4008331298828125,0.0064888098277151585,923.4058837890625,34.45513916015625,0.05875619500875473,940.3458862304688,40.790016174316406,0.06337285041809082,939.8207397460938,69.0216064453125,0.15944881737232208,909.701171875,74.06694030761719,0.18870005011558533,1009.2550659179688,58.931854248046875,0.769749104976654,1043.9644775390625,64.32691955566406,0.742554783821106,903.876708984375,436.19512939453125,0.9766561388969421,1009.93017578125,457.2115173339844,0.9684551954269409,893.0451049804688,815.0117797851562,0.9805794358253479,1275.239501953125,739.405029296875,0.9739713668823242
521,17366,927.3768920898438,90.64629364013672,0.005081926938146353,926.5616455078125,69.15914154052734,0.0047031887806952,923.6390991210938,84.6016616821289,0.0019755109678953886,950.4873657226562,49.8717041015625,0.005180936306715012,945.8135986328125,78.21192169189453,0.001273306435905397,949.0140991210938,0.0,0.008414429612457752,970.3602905273438,0.0,0.006141187157481909,925.9619750976562,24.150146484375,0.11265008896589279,938.5702514648438,31.373291015625,0.08204138278961182,934.19384765625,71.02546691894531,0.3359396457672119,919.0377197265625,75.13421630859375,0.2931809723377228,1003.2733154296875,73.40464782714844,0.8258188366889954,1017.8544311523438,76.34207153320312,0.7756374478340149,916.352294921875,458.2646484375,0.984345018863678,983.6624145507812,475.45074462890625,0.9732478260993958,943.0043334960938,847.9389038085938,0.9864746928215027,1243.685546875,709.031982421875,0.9800391793251038
522,17400,919.9000854492188,84.1380844116211,0.0033572290558367968,925.7380981445312,65.24613189697266,0.0035844638478010893,912.1421508789062,76.36365509033203,0.0017433254979550838,956.3917236328125,46.988983154296875,0.009271428920328617,916.9329223632812,67.72405242919922,0.002573471050709486,979.1190185546875,13.65289306640625,0.013355670496821404,935.3157348632812,0.2503509521484375,0.014018295332789421,998.2264404296875,64.73281860351562,0.06023212522268295,954.3021850585938,55.578277587890625,0.07634323090314865,958.6357421875,102.12455749511719,0.0937265083193779,913.7926635742188,75.448974609375,0.12203574180603027,1013.3174438476562,95.7484130859375,0.8594033122062683,986.205322265625,94.57914733886719,0.850892186164856,919.163330078125,474.82855224609375,0.9815137982368469,957.9551391601562,488.2361755371094,0.9752845764160156,990.6414794921875,848.5757446289062,0.9841199517250061,1217.2393798828125,713.6571044921875,0.9804877638816833
523,17433,909.3685913085938,80.4209976196289,0.0029678870923817158,913.6097412109375,62.835731506347656,0.003367934376001358,902.5873413085938,75.7148666381836,0.0014881733804941177,945.4925537109375,43.95574951171875,0.012703382410109043,911.3190307617188,67.9698715209961,0.002863002009689808,967.5013427734375,11.340087890625,0.020532438531517982,928.6909790039062,0.0,0.01981210522353649,958.8458862304688,57.06230163574219,0.0768844336271286,937.8226318359375,58.0323486328125,0.08493904024362564,932.798095703125,113.81263732910156,0.0894051119685173,902.3884887695312,95.27215576171875,0.1041695699095726,1020.2619018554688,112.27120971679688,0.9095273613929749,987.39208984375,109.50860595703125,0.9013902544975281,929.5750122070312,496.3978576660156,0.9857001304626465,930.9365844726562,489.3868103027344,0.9802261590957642,1052.255859375,851.8074340820312,0.9859983921051025,1182.65234375,709.2366943359375,0.9834898710250854
524,17466,877.851806640625,80.9820785522461,0.0019228496821597219,884.8639526367188,59.36393737792969,0.002713404130190611,872.1738891601562,77.8348617553711,0.0010764519684016705,929.0062866210938,40.70603942871094,0.01827496476471424,882.2733764648438,75.91172790527344,0.0031418693251907825,966.0049438476562,13.375328063964844,0.014929291792213917,895.333984375,5.747955322265625,0.024495678022503853,948.9984741210938,49.97577667236328,0.03634488582611084,919.6763305664062,54.724456787109375,0.07321587204933167,941.8343505859375,119.83241271972656,0.03103828988969326,898.5357666015625,108.42144012451172,0.05217508226633072,1028.1826171875,129.00677490234375,0.8546664118766785,965.6596069335938,125.6257553100586,0.8776339888572693,948.9570922851562,502.9874267578125,0.9685943126678467,873.6036987304688,469.48883056640625,0.9659267067909241,1072.6622314453125,847.0054321289062,0.9637725949287415,1132.346923828125,682.6851196289062,0.9654582738876343
525,17500,883.6622314453125,86.28616333007812,0.00284519512206316,888.6334228515625,64.77017211914062,0.003606699872761965,873.8927001953125,78.94168853759766,0.0012707627611234784,930.708984375,45.050445556640625,0.0202241912484169,881.6015625,73.00032806396484,0.003030382329598069,978.204345703125,13.460678100585938,0.028366925194859505,892.0198974609375,5.4402008056640625,0.03189913183450699,963.0044555664062,52.97666931152344,0.08063040673732758,926.031005859375,61.733184814453125,0.09758397191762924,946.0490112304688,127.74472045898438,0.0697312280535698,903.0377197265625,119.13075256347656,0.07358982414007187,1031.1036376953125,127.05491638183594,0.8974089026451111,950.0570068359375,121.45335388183594,0.9002584218978882,985.008056640625,510.60260009765625,0.9746564626693726,848.1373901367188,462.15087890625,0.9684956073760986,1126.6534423828125,841.2723999023438,0.9655534625053406,1062.6700439453125,708.7214965820312,0.96653151512146
526,17533,921.1675415039062,84.34344482421875,0.007875298149883747,930.0104370117188,61.78938674926758,0.009793244302272797,917.7213134765625,75.48506927490234,0.005142557434737682,963.1589965820312,45.97471618652344,0.02683175913989544,925.6365966796875,68.02274322509766,0.007981769740581512,982.2833862304688,12.337966918945312,0.046993620693683624,933.0086059570312,0.0,0.025448763743042946,941.5684204101562,59.89075469970703,0.10869842767715454,935.2467041015625,54.94768524169922,0.06287563592195511,916.767333984375,130.5883026123047,0.0912950187921524,901.8779907226562,120.92390441894531,0.0657169371843338,1035.3935546875,129.20191955566406,0.86567223072052,965.3302001953125,121.7109146118164,0.8233194947242737,1025.72119140625,481.7740173339844,0.9660555124282837,831.4246215820312,448.9583435058594,0.9478846192359924,1180.2808837890625,834.8908081054688,0.9542280435562134,1014.9276733398438,751.752685546875,0.9420755505561829
527,17566,890.8406982421875,85.41156005859375,0.002460119780153036,895.1654663085938,62.62696838378906,0.003261558013036847,888.5447998046875,76.60114288330078,0.0015150762628763914,927.9973754882812,46.3238525390625,0.01770622655749321,905.991455078125,72.27250671386719,0.004073095973581076,956.8441772460938,17.077674865722656,0.01600721664726734,927.8519897460938,10.355781555175781,0.026291800662875175,927.7884521484375,61.99598693847656,0.03353411704301834,966.3867797851562,60.73292541503906,0.07263165712356567,930.43505859375,128.12118530273438,0.024099893867969513,940.465576171875,122.66702270507812,0.04152510315179825,1018.6975708007812,118.14866638183594,0.8598999977111816,960.3070678710938,119.02867126464844,0.8884808421134949,1047.677978515625,476.5276184082031,0.9721607565879822,849.337158203125,437.27337646484375,0.9734334945678711,1203.94189453125,821.6771850585938,0.9707071781158447,944.1515502929688,758.5258178710938,0.9761003255844116
528,17600,913.928466796875,93.2629623413086,0.003438693704083562,918.5938110351562,70.86202239990234,0.004432165529578924,906.128173828125,81.38502502441406,0.001979769440367818,952.3519287109375,57.9114990234375,0.013051255606114864,913.794677734375,76.4399185180664,0.002949108136817813,969.152587890625,35.67169189453125,0.01509558130055666,934.4016723632812,24.321395874023438,0.011791491881012917,923.436767578125,84.86540222167969,0.04613148793578148,965.9778442382812,89.00253295898438,0.04099588841199875,899.3455810546875,135.3896484375,0.04294072464108467,935.5706787109375,151.70553588867188,0.03720829263329506,1024.0272216796875,88.48764038085938,0.8329446315765381,957.00146484375,85.12669372558594,0.8177929520606995,1065.9840087890625,467.7854919433594,0.9758057594299316,866.9046020507812,440.4842834472656,0.9692323207855225,1247.0599365234375,799.925537109375,0.9803587198257446,882.4920654296875,792.6425170898438,0.9792405366897583
529,17633,919.9614868164062,92.91201782226562,0.004245024640113115,923.6575927734375,70.63504028320312,0.005403656978160143,911.6235961914062,80.27295684814453,0.0024729748256504536,955.8063354492188,59.356658935546875,0.010193872265517712,919.7055053710938,76.33394622802734,0.002478870330378413,968.34228515625,41.61543273925781,0.010032912716269493,943.5667114257812,29.293304443359375,0.0077282944694161415,930.9452514648438,93.11274719238281,0.03829539194703102,964.5216674804688,95.848388671875,0.03277985006570816,915.6551513671875,128.8560333251953,0.0463780015707016,915.551513671875,145.30197143554688,0.03854724019765854,1015.1459350585938,75.10940551757812,0.7994888424873352,957.0009155273438,73.58235168457031,0.7784140110015869,1054.60009765625,460.461181640625,0.9780784249305725,883.0665893554688,445.8230895996094,0.9717669486999512,1269.7353515625,781.2240600585938,0.9851177930831909,876.153076171875,805.1030883789062,0.9836573004722595
530,17666,932.2194213867188,71.8897705078125,0.007600008510053158,940.9658203125,49.169517517089844,0.010208085179328918,924.15087890625,61.75461959838867,0.005532513838261366,970.469970703125,41.49627685546875,0.02074478380382061,919.4304809570312,61.63546371459961,0.006504318676888943,971.8403930664062,23.962142944335938,0.02551170624792576,921.7630615234375,14.63470458984375,0.010968615300953388,937.27392578125,70.76802062988281,0.05886179208755493,908.11328125,67.14131927490234,0.024989053606987,912.0221557617188,123.9715576171875,0.05126087740063667,895.2645263671875,146.53282165527344,0.02667294256389141,1011.5702514648438,95.34585571289062,0.7580229640007019,946.10693359375,93.92294311523438,0.6807451844215393,1016.3553466796875,459.35028076171875,0.9488841891288757,878.7286376953125,453.8440246582031,0.9234768748283386,1266.0389404296875,757.2947387695312,0.9471685886383057,907.3299560546875,786.6802978515625,0.93241286277771
531,17700,902.1647338867188,95.0126724243164,0.004435994662344456,906.7340698242188,75.94457244873047,0.00547255901619792,891.919189453125,85.9226303100586,0.002358741359785199,937.7827758789062,62.714378356933594,0.006845410913228989,896.8046264648438,79.97357940673828,0.0014772942522540689,945.2470092773438,32.7652587890625,0.005512111820280552,926.7284545898438,21.437576293945312,0.004906124901026487,911.4763793945312,67.35877990722656,0.03821193054318428,920.5479125976562,76.59306335449219,0.03761204332113266,846.1040649414062,134.0680389404297,0.07307816296815872,856.2144165039062,121.45339965820312,0.07308993488550186,996.0957641601562,71.63896179199219,0.7384235262870789,954.6714477539062,73.67024230957031,0.7251328229904175,981.019287109375,477.9569091796875,0.9701669812202454,904.6415405273438,468.756591796875,0.9647924304008484,1276.5074462890625,738.5248413085938,0.9807242155075073,955.0182495117188,810.4456787109375,0.9796834588050842
532,17733,919.3167724609375,89.76763916015625,0.00334475957788527,917.150390625,75.38905334472656,0.0035846512764692307,913.5375366210938,85.45186614990234,0.0020077540539205074,929.7488403320312,62.12425231933594,0.00814193394035101,932.6350708007812,79.13724517822266,0.0024907721672207117,906.6807861328125,26.547958374023438,0.00876788329333067,987.836669921875,6.776275634765625,0.010601802729070187,899.9981689453125,59.508819580078125,0.04093239828944206,939.3935546875,62.29486083984375,0.05931132286787033,895.3577270507812,121.37796020507812,0.05450095236301422,882.643798828125,95.36929321289062,0.07533420622348785,969.1441650390625,89.41726684570312,0.8088606595993042,1006.579833984375,91.56733703613281,0.8156150579452515,939.6444091796875,483.1628112792969,0.9709792137145996,933.9327392578125,493.046630859375,0.9706582427024841,1250.51220703125,720.8634033203125,0.98069828748703,990.48779296875,828.2195434570312,0.98017817735672
533,17766,918.1611938476562,95.72360229492188,0.0037159346975386143,914.1618041992188,82.14974212646484,0.0033507479820400476,913.4895629882812,92.3855209350586,0.0021782927215099335,920.8013305664062,64.51641082763672,0.00818603578954935,935.6298217773438,81.41040802001953,0.0032801860943436623,901.4441528320312,25.24749755859375,0.013641909696161747,1000.328125,1.1311798095703125,0.01966669224202633,905.4033203125,62.8531494140625,0.06627781689167023,952.5846557617188,61.64813232421875,0.11539129912853241,888.7091674804688,122.92593383789062,0.08759668469429016,883.5382690429688,95.42646789550781,0.14503897726535797,970.4758911132812,106.36106872558594,0.8640922904014587,1025.71533203125,105.09150695800781,0.8771563768386841,910.8729858398438,485.59716796875,0.9738485813140869,931.8431396484375,497.4708251953125,0.9758731126785278,1203.7794189453125,706.9938354492188,0.9807766079902649,1018.4265747070312,823.6172485351562,0.9806674718856812
534,17800,869.3389892578125,86.84955596923828,0.002555325161665678,866.5547485351562,70.06143951416016,0.0027920189313590527,868.6386108398438,86.82902526855469,0.0014698990853503346,892.1891479492188,52.64909362792969,0.014432508498430252,918.0419311523438,80.32749938964844,0.004344794899225235,891.8216552734375,16.858428955078125,0.017073821276426315,1004.3236694335938,2.58489990234375,0.03205927088856697,901.04833984375,45.99304962158203,0.04697645455598831,954.3236083984375,57.732513427734375,0.11377808451652527,914.88232421875,115.4556884765625,0.04082278162240982,894.6116333007812,95.75042724609375,0.08377251029014587,977.153564453125,115.41407775878906,0.8721580505371094,1048.1611328125,117.29631042480469,0.9023733735084534,884.7837524414062,479.034423828125,0.9714660048484802,946.6845703125,491.8312072753906,0.9769861102104187,1155.9271240234375,711.8900756835938,0.9739670753479004,1032.67138671875,815.5704345703125,0.9761810898780823
535,17833,901.2929077148438,94.89923858642578,0.0037678417284041643,903.3486938476562,78.44046020507812,0.003981492482125759,893.531494140625,94.79177856445312,0.002572491066530347,921.2080688476562,59.12535095214844,0.018409594893455505,910.376953125,87.80241394042969,0.006778628099709749,910.2188110351562,20.783042907714844,0.02493949793279171,977.5181274414062,9.891586303710938,0.03978494927287102,914.4630126953125,55.31568145751953,0.05461455509066582,939.6756591796875,56.321983337402344,0.1172238364815712,909.4996948242188,125.82698822021484,0.04774260148406029,888.2152099609375,99.51226043701172,0.09917096048593521,978.0672607421875,117.88114929199219,0.858790934085846,1035.9693603515625,118.44534301757812,0.8824557662010193,826.2275390625,462.4125671386719,0.9575064778327942,973.6205444335938,489.770263671875,0.9649564027786255,1087.4132080078125,702.1513671875,0.9624730348587036,1095.1717529296875,799.506591796875,0.964423418045044
536,17866,904.1847534179688,87.1670913696289,0.009503578767180443,910.3414306640625,58.35676574707031,0.01141300518065691,899.95458984375,77.244873046875,0.006211350206285715,936.43798828125,41.541229248046875,0.034780632704496384,928.125732421875,72.15087890625,0.009714859537780285,927.9332885742188,6.012908935546875,0.041152868419885635,981.993896484375,15.153030395507812,0.030402474105358124,926.489501953125,54.84429931640625,0.07609379291534424,937.7003173828125,57.44995880126953,0.06575989723205566,921.1657104492188,140.268310546875,0.08343437314033508,893.4526977539062,119.86093139648438,0.08559635281562805,997.6162719726562,99.81575775146484,0.791472852230072,1049.7509765625,107.60408020019531,0.7636380791664124,830.4675903320312,442.93463134765625,0.9453320503234863,1000.7479858398438,473.8411560058594,0.9343641996383667,1026.0982666015625,775.5725708007812,0.9344531297683716,1150.7091064453125,808.464111328125,0.9247315526008606
537,17900,871.1358642578125,82.99958038330078,0.0053064534440636635,869.2212524414062,61.32243347167969,0.005484632682055235,867.927490234375,77.57391357421875,0.0022230991162359715,899.1954956054688,45.11732482910156,0.014691383577883244,917.1106567382812,72.22196960449219,0.0035418083425611258,915.7339477539062,13.970809936523438,0.02143809199333191,988.8290405273438,15.329132080078125,0.018512343987822533,914.9271850585938,63.56071472167969,0.08795987069606781,955.0065307617188,72.28005981445312,0.07239122688770294,904.8748168945312,116.89567565917969,0.1473657488822937,893.2474975585938,104.04391479492188,0.12226846069097519,986.1578979492188,79.92448425292969,0.8401111364364624,1057.1182861328125,80.56654357910156,0.819682776927948,839.9956665039062,430.88140869140625,0.9814498424530029,1036.9786376953125,469.5369873046875,0.9759366512298584,945.6893920898438,813.849609375,0.9841708540916443,1201.9085693359375,810.5231323242188,0.9797115921974182
538,17933,881.6412963867188,75.22050476074219,0.0038456423208117485,882.2686157226562,53.123863220214844,0.003825564170256257,882.1443481445312,69.15449523925781,0.001552711008116603,907.2997436523438,37.366607666015625,0.008542218245565891,922.8311157226562,64.23138427734375,0.0019152063177898526,920.2761840820312,0.7554473876953125,0.00918527040630579,987.8285522460938,0.7591094970703125,0.011186403222382069,917.5311279296875,51.07672119140625,0.06864804774522781,957.8972778320312,53.2833251953125,0.08983946591615677,902.2874145507812,127.16317749023438,0.1828370839357376,889.9652709960938,110.04084777832031,0.21662390232086182,986.709228515625,74.42243957519531,0.7908036112785339,1052.7059326171875,72.58685302734375,0.7947437763214111,857.4230346679688,437.9211120605469,0.9775183796882629,1043.35498046875,449.7427673339844,0.9746844172477722,873.5571899414062,811.5621337890625,0.9781027436256409,1235.361328125,773.8634643554688,0.9750890135765076
539,17966,919.8662109375,94.59791564941406,0.005631169769912958,917.6495361328125,72.6551284790039,0.00478341244161129,915.3224487304688,84.78160858154297,0.0022012635599821806,937.0228271484375,56.531982421875,0.0064538391306996346,947.0747680664062,77.12432098388672,0.00177912472281605,940.0757446289062,15.054244995117188,0.010972666554152966,987.3858642578125,14.759262084960938,0.008476749993860722,923.640625,55.705902099609375,0.10874185711145401,947.9447021484375,59.30735778808594,0.08602618426084518,898.2216796875,113.05824279785156,0.3200870156288147,882.6187133789062,114.36383056640625,0.2929249405860901,984.09765625,65.81295776367188,0.8125507831573486,1033.793212890625,67.20281982421875,0.7716930508613586,876.3195190429688,434.56787109375,0.9829685091972351,1047.680908203125,455.6214599609375,0.9741663932800293,854.2179565429688,826.80859375,0.9842348694801331,1243.9892578125,754.5316772460938,0.9786379933357239
540,18000,919.8703002929688,94.96636962890625,0.0051042186096310616,921.866455078125,72.60163879394531,0.004878347273916006,911.54248046875,84.16612243652344,0.0024098502472043037,942.5128784179688,59.625732421875,0.007431997451931238,925.5067749023438,80.22994995117188,0.002316073514521122,948.6127319335938,16.950485229492188,0.010834171436727047,946.5399169921875,13.661819458007812,0.0080417450517416,931.8124389648438,59.32035827636719,0.07449430227279663,914.7681884765625,54.10821533203125,0.05852021649479866,914.9805908203125,92.60490417480469,0.18586599826812744,880.5315551757812,79.87884521484375,0.1700095236301422,990.4680786132812,58.986328125,0.8012794256210327,1006.623291015625,62.87754821777344,0.7576756477355957,877.5557250976562,437.50048828125,0.9818496108055115,1022.4127807617188,460.8384094238281,0.9721160531044006,860.0980834960938,822.1184692382812,0.9848821759223938,1252.720947265625,740.7028198242188,0.9790905714035034
541,18033,915.6135864257812,97.46637725830078,0.005547609180212021,916.2924194335938,74.97521209716797,0.0051563638262450695,908.8407592773438,88.74613952636719,0.0023990909103304148,937.0841674804688,59.195709228515625,0.005836509633809328,926.189453125,84.04264068603516,0.0017126681050285697,934.9564819335938,6.90106201171875,0.009280038997530937,951.2122192382812,1.5250396728515625,0.00630564009770751,915.0243530273438,38.54296875,0.09703986346721649,918.6663208007812,42.745147705078125,0.06661403179168701,915.5595703125,67.57896423339844,0.27715864777565,892.239501953125,70.04168701171875,0.23513801395893097,985.9323120117188,62.103240966796875,0.8101817965507507,1005.035400390625,66.08171081542969,0.7545392513275146,883.2008056640625,444.8774719238281,0.9836543202400208,990.0910034179688,466.8673095703125,0.9725673198699951,897.5594482421875,830.7284545898438,0.9866195917129517,1244.684814453125,724.721923828125,0.9802566170692444
542,18066,892.878173828125,87.48403930664062,0.0056339045986533165,896.3508911132812,64.2528305053711,0.0056948126293718815,890.2383422851562,77.8154067993164,0.0025027606170624495,924.6558837890625,46.51268005371094,0.009166707284748554,912.035400390625,70.40174102783203,0.002484171185642481,934.8982543945312,0.8596343994140625,0.011852136813104153,941.2871704101562,0.0,0.011697792448103428,924.1658935546875,43.222503662109375,0.07916280627250671,924.0316772460938,50.34608459472656,0.07628293335437775,913.5637817382812,80.79652404785156,0.17849339544773102,895.99609375,74.89590454101562,0.17150987684726715,982.6060180664062,73.87788391113281,0.8131148815155029,991.8845825195312,74.43099975585938,0.7894026637077332,894.2313232421875,459.522216796875,0.9801852703094482,961.7867431640625,478.2891540527344,0.9714415669441223,923.9895629882812,843.1578369140625,0.9829624891281128,1217.0826416015625,718.1792602539062,0.9771353006362915
543,18100,871.88330078125,82.98088073730469,0.0056379931047558784,875.0115966796875,65.60215759277344,0.005307442508637905,868.6749267578125,77.75447845458984,0.002410287270322442,906.4116821289062,46.9134521484375,0.011519327759742737,888.6829833984375,68.68270111083984,0.0030614747665822506,927.0305786132812,6.7163543701171875,0.020198889076709747,918.7918090820312,0.0,0.025661177933216095,920.4554443359375,52.198883056640625,0.10981465876102448,918.9166259765625,52.47198486328125,0.14406682550907135,893.103759765625,108.52894592285156,0.19079498946666718,875.9652709960938,93.30033874511719,0.23349270224571228,986.321044921875,106.70787048339844,0.8994073867797852,979.3832397460938,104.19992065429688,0.8987747430801392,899.4321899414062,477.59912109375,0.9856917262077332,936.8090209960938,487.5088806152344,0.9816122651100159,978.4180297851562,843.8035278320312,0.9852384924888611,1182.0059814453125,710.9597778320312,0.9824557304382324
544,18133,860.7192993164062,79.34669494628906,0.003278456162661314,865.09375,60.395301818847656,0.0035416954196989536,857.8273315429688,78.88311767578125,0.001469090231694281,903.8798828125,39.38207244873047,0.010660459287464619,875.3349609375,73.922607421875,0.002066819928586483,927.3999633789062,4.0592193603515625,0.011500637978315353,904.5007934570312,0.0,0.022266793996095657,897.5565185546875,48.26268768310547,0.06582862138748169,909.5001220703125,52.064781188964844,0.15296576917171478,871.5706787109375,119.79004669189453,0.11404050886631012,866.330078125,116.54747772216797,0.21972322463989258,990.7762451171875,123.19505310058594,0.8916133046150208,961.8682861328125,119.08868408203125,0.9123515486717224,915.1840209960938,499.56646728515625,0.9829283952713013,890.5931396484375,477.5018005371094,0.9823311567306519,1025.18896484375,847.7924194335938,0.9807533621788025,1146.8421630859375,695.6731567382812,0.9814132452011108
545,18166,912.03955078125,92.9297103881836,0.010935367085039616,920.8280639648438,67.56298828125,0.011019441299140453,901.2139892578125,80.62554931640625,0.00516919232904911,952.6419067382812,46.391693115234375,0.020396573469042778,899.3801879882812,68.06460571289062,0.004680836107581854,962.17626953125,6.630523681640625,0.03681568428874016,907.7711791992188,1.1020660400390625,0.023780182003974915,918.8886108398438,71.37130737304688,0.13275013864040375,911.4373168945312,66.73136901855469,0.09352576732635498,877.0094604492188,135.3446502685547,0.18502654135227203,859.1713256835938,99.84562683105469,0.16305062174797058,1002.8391723632812,133.2601776123047,0.8134559392929077,943.8548583984375,129.20301818847656,0.7668852210044861,919.5181274414062,493.7342834472656,0.9570719003677368,834.4993896484375,468.89630126953125,0.9309343099594116,1062.5279541015625,830.2064208984375,0.9491385221481323,1098.578857421875,682.9275512695312,0.9365656971931458
546,18200,864.30615234375,97.559326171875,0.0018156386213377118,870.8606567382812,78.97254180908203,0.0022045904770493507,858.073974609375,93.90911865234375,0.0010255674133077264,909.5936279296875,58.297027587890625,0.013279622420668602,865.6943359375,86.42257690429688,0.0027511087246239185,948.773681640625,25.10680389404297,0.013210072182118893,885.8364868164062,8.395248413085938,0.032197799533605576,925.5411987304688,63.270469665527344,0.04031926766037941,916.7235717773438,57.03492736816406,0.14557583630084991,897.9878540039062,119.23690795898438,0.03785444051027298,875.8775024414062,101.46913146972656,0.10834643989801407,998.3219604492188,137.56594848632812,0.8890203237533569,929.0028076171875,130.54080200195312,0.925007164478302,965.4989013671875,501.5750427246094,0.9733438491821289,824.0698852539062,455.6259460449219,0.978029191493988,1096.025634765625,801.9117431640625,0.9700105786323547,1014.163330078125,704.628662109375,0.9765005111694336
547,18233,856.9215087890625,93.00167083740234,0.0036614045966416597,860.3163452148438,70.98124694824219,0.003905882127583027,850.3917846679688,84.16703796386719,0.0015343233244493604,901.8648071289062,52.72380065917969,0.012484859675168991,871.2280883789062,77.05119323730469,0.002132674679160118,936.0732421875,19.489059448242188,0.015614663250744343,905.3385009765625,8.811080932617188,0.029476873576641083,908.3657836914062,55.853485107421875,0.07251115143299103,932.678466796875,53.1917724609375,0.1683381199836731,869.4232177734375,119.03997802734375,0.09971558302640915,870.9766845703125,99.63812255859375,0.17876377701759338,994.9923706054688,117.81784057617188,0.8868525624275208,937.6787719726562,108.92271423339844,0.9146186709403992,997.1029052734375,497.3885192871094,0.9792226552963257,816.6119995117188,429.64764404296875,0.9804298877716064,1161.146240234375,838.4236450195312,0.9746504426002502,965.742919921875,747.21533203125,0.9804180860519409
548,18266,906.19287109375,77.67293548583984,0.01325607392936945,914.5138549804688,55.32959747314453,0.012673091143369675,901.3989868164062,67.51021575927734,0.008221897296607494,940.5571899414062,40.404327392578125,0.018315237015485764,901.90673828125,58.982574462890625,0.007755202706903219,946.544677734375,11.447731018066406,0.039272490888834,919.0291137695312,0.0,0.025725828483700752,903.9878540039062,58.80976867675781,0.13593101501464844,914.5406494140625,46.080963134765625,0.09707492589950562,871.0507202148438,110.09060668945312,0.1637737900018692,872.0095825195312,96.25540924072266,0.1375083327293396,1005.5078125,120.39896392822266,0.8203421235084534,943.5031127929688,110.73042297363281,0.7845655679702759,1030.828857421875,465.49432373046875,0.951602578163147,823.9974975585938,439.6218566894531,0.934378981590271,1198.010009765625,794.4647827148438,0.929063081741333,898.0634765625,755.1517333984375,0.9158498644828796
549,18300,917.8348388671875,78.2706069946289,0.007504522800445557,921.595458984375,59.248443603515625,0.006178119219839573,910.2368774414062,69.67652893066406,0.0039897458627820015,938.9915771484375,44.069000244140625,0.009020828641951084,904.2449951171875,60.70051574707031,0.0035914296749979258,937.0823974609375,12.552177429199219,0.021745650097727776,929.9700317382812,0.0,0.016658538952469826,893.72119140625,67.21781158447266,0.12423017621040344,935.0704345703125,51.091392517089844,0.1075366958975792,855.9131469726562,100.70164489746094,0.17527350783348083,861.066650390625,82.17453002929688,0.16758768260478973,996.8499755859375,114.73448181152344,0.8244804739952087,944.2131958007812,103.73391723632812,0.8016819953918457,1040.6680908203125,467.7947692871094,0.9611498117446899,843.5707397460938,448.9220886230469,0.9510622620582581,1222.679443359375,781.8391723632812,0.9509260058403015,852.2001342773438,771.27978515625,0.9444630146026611
550,18333,902.5111083984375,99.90831756591797,0.005170985125005245,905.3757934570312,82.3326644897461,0.005151239223778248,894.0062255859375,90.06944274902344,0.0026545929722487926,931.8408203125,68.85923767089844,0.006469163112342358,897.5725708007812,81.13648223876953,0.0019061100902035832,939.4249877929688,41.847564697265625,0.009030301123857498,925.32568359375,22.25701904296875,0.008599827997386456,890.7330322265625,80.80503845214844,0.06492012739181519,931.9055786132812,64.10952758789062,0.06818042695522308,840.5830688476562,114.132568359375,0.1133284717798233,867.2532348632812,90.64425659179688,0.11329656094312668,993.8435668945312,91.16093444824219,0.8262768387794495,940.2599487304688,83.70561218261719,0.8206335306167603,1027.5755615234375,467.6170349121094,0.9796873331069946,860.9430541992188,441.8586730957031,0.9757567644119263,1252.82275390625,770.27783203125,0.9837349653244019,842.5687866210938,793.6622314453125,0.9833106994628906
551,18366,912.7767333984375,70.68793487548828,0.01368752121925354,921.2040405273438,47.17694091796875,0.01456465758383274,904.2615966796875,58.781639099121094,0.00885684322565794,941.8225708007812,37.2568359375,0.015892209485173225,893.3047485351562,55.207923889160156,0.006226147059351206,933.8787231445312,18.208580017089844,0.025769319385290146,900.9514770507812,6.1593017578125,0.011418753303587437,893.7791748046875,62.70945739746094,0.09958578646183014,887.43408203125,48.203338623046875,0.04216766729950905,848.5955200195312,109.05008697509766,0.13418595492839813,856.3495483398438,97.40011596679688,0.07378000020980835,985.3381958007812,102.0578842163086,0.7501747608184814,929.2311401367188,98.23958587646484,0.6695103049278259,989.1779174804688,459.097412109375,0.9467655420303345,855.879638671875,451.7800598144531,0.9198001027107239,1244.69091796875,753.1243896484375,0.9381332397460938,882.3648071289062,781.8615112304688,0.9203317761421204
552,18400,858.7304077148438,90.97240447998047,0.00616587046533823,860.480712890625,72.2534408569336,0.006199305411428213,851.7713012695312,82.45113372802734,0.003088876837864518,890.5633544921875,57.85569763183594,0.0063505619764328,869.1904907226562,74.78707122802734,0.0018332788022235036,900.4779052734375,15.07598876953125,0.006165311671793461,906.0467529296875,6.3766021728515625,0.00918882992118597,870.9732055664062,42.01698303222656,0.04874945431947708,912.576416015625,50.932342529296875,0.08528921008110046,835.9320068359375,118.34019470214844,0.1067185029387474,861.9285278320312,95.17181396484375,0.15359877049922943,959.445556640625,71.46876525878906,0.8017232418060303,930.7849731445312,78.31173706054688,0.8260703682899475,957.7767333984375,476.70806884765625,0.9769669771194458,880.5213012695312,476.6363525390625,0.9773189425468445,1248.343505859375,730.1358642578125,0.9829168915748596,912.6607055664062,811.4133911132812,0.9839613437652588
553,18433,869.9854125976562,88.4296875,0.005190456286072731,870.6765747070312,72.21004486083984,0.005001548677682877,864.358154296875,82.10856628417969,0.0027609551325440407,895.511962890625,58.38848876953125,0.007281056139618158,889.4682006835938,73.83190155029297,0.0025068484246730804,889.528564453125,14.611679077148438,0.008852863684296608,941.7615966796875,0.0,0.01308256946504116,878.2769775390625,41.93302917480469,0.05450035259127617,905.3300170898438,51.725189208984375,0.09253756701946259,869.5471801757812,102.66165161132812,0.09127787500619888,858.9488525390625,78.73681640625,0.1314062774181366,951.715576171875,86.77102661132812,0.8288428783416748,966.4596557617188,91.92475891113281,0.8477579951286316,927.622802734375,483.715576171875,0.9756401777267456,902.9393920898438,493.2919921875,0.9764007329940796,1222.308837890625,721.1962280273438,0.9813609719276428,949.0296630859375,826.3949584960938,0.9816522002220154
554,18466,853.72802734375,91.16647338867188,0.0037294907961040735,852.7108764648438,74.19154357910156,0.0036900872364640236,850.126708984375,87.87073516845703,0.0021039475686848164,873.9990844726562,55.612701416015625,0.007869995199143887,877.8307495117188,78.91758728027344,0.002671134192496538,873.9116821289062,16.255050659179688,0.008697214536368847,941.3313598632812,0.0,0.018132198601961136,876.601318359375,48.79692077636719,0.04756443575024605,913.5372314453125,46.980262756347656,0.1335301548242569,875.3970336914062,98.22248840332031,0.07389707118272781,866.5698852539062,85.03157043457031,0.17014402151107788,952.7898559570312,104.54351806640625,0.8365996479988098,981.5382080078125,107.16938781738281,0.8768858909606934,894.33056640625,481.880859375,0.9700474143028259,891.883544921875,489.2988586425781,0.9767675995826721,1173.2811279296875,711.895751953125,0.9753875732421875,991.1790771484375,828.5493774414062,0.9779292941093445
555,18500,848.159423828125,97.89111328125,0.0028445173520594835,846.223388671875,81.265869140625,0.0028035491704940796,845.61865234375,96.98018646240234,0.0015411700587719679,869.893798828125,60.34126281738281,0.009922383353114128,886.9973754882812,85.34449768066406,0.003058871952816844,866.8943481445312,20.695655822753906,0.012338150292634964,972.7053833007812,0.0,0.02696319855749607,872.2035522460938,47.81916046142578,0.05370987579226494,916.2608642578125,49.88067626953125,0.15668576955795288,871.4954223632812,100.28855895996094,0.06775719672441483,864.9368286132812,89.12535095214844,0.16472859680652618,952.475341796875,110.56370544433594,0.873914897441864,1019.3897705078125,108.20402526855469,0.9087348580360413,857.8931274414062,482.2738952636719,0.9745705127716064,918.4700317382812,490.1576843261719,0.9809262752532959,1118.7503662109375,718.60546875,0.9770318865776062,1000.0940551757812,823.2440185546875,0.9799464344978333
556,18533,830.9868774414062,100.67536926269531,0.0026837000623345375,829.7755737304688,83.6260757446289,0.003130102064460516,829.1228637695312,101.05224609375,0.0014392491430044174,858.268310546875,63.72880554199219,0.016728578135371208,877.4251098632812,90.73370361328125,0.004079218488186598,858.232421875,22.889923095703125,0.021801622584462166,966.40966796875,2.771026611328125,0.02737770602107048,854.2474975585938,47.140663146972656,0.06773411482572556,914.4818115234375,48.39729309082031,0.09779084473848343,847.5173950195312,98.91934204101562,0.0633593499660492,849.4810791015625,88.45957946777344,0.0889020636677742,953.3617553710938,107.06753540039062,0.8630386590957642,1031.865966796875,103.33113098144531,0.8747014999389648,827.0590209960938,466.52838134765625,0.9675644636154175,949.623046875,481.78436279296875,0.9689612984657288,1069.22705078125,718.0087280273438,0.9684688448905945,1057.5509033203125,794.2022094726562,0.9676598310470581
557,18566,828.8101196289062,91.39434814453125,0.0032985557336360216,827.7520751953125,72.79454040527344,0.003819024655967951,829.4839477539062,91.0499496459961,0.0015476435655727983,858.8287963867188,54.84754943847656,0.013955940492451191,884.9736328125,83.04002380371094,0.0029908076394349337,859.7019653320312,16.978134155273438,0.017381468787789345,973.2718505859375,4.2816925048828125,0.016392188146710396,846.2012939453125,45.019752502441406,0.0775882676243782,913.3062744140625,50.407310485839844,0.07581827789545059,839.4776000976562,91.30245208740234,0.10805536806583405,844.8098754882812,93.18170928955078,0.10800740122795105,946.9638671875,99.47122192382812,0.8539333343505859,1036.8861083984375,93.64558410644531,0.8465608358383179,808.4058837890625,459.42620849609375,0.977573812007904,981.1906127929688,470.8990173339844,0.9747366309165955,1000.8479614257812,772.2737426757812,0.9792402982711792,1119.434326171875,809.546630859375,0.976563036441803
558,18600,848.5069580078125,89.5586929321289,0.0036030495539307594,845.8651123046875,67.59400177001953,0.004073480609804392,847.7720947265625,83.40904998779297,0.0016576435882598162,873.7978515625,51.03639221191406,0.014277342706918716,902.1375732421875,76.08966064453125,0.003167396876960993,881.0533447265625,18.102676391601562,0.015555712394416332,974.3421020507812,15.138473510742188,0.015209217555820942,865.4851684570312,59.01383972167969,0.05723533034324646,938.1022338867188,60.740020751953125,0.05840035155415535,848.9293823242188,111.90431213378906,0.08843828737735748,864.380126953125,83.94877624511719,0.0892360582947731,953.0819091796875,78.01744079589844,0.7992536425590515,1032.0623779296875,76.1561279296875,0.7886345386505127,829.8232421875,436.3935241699219,0.9765873551368713,1007.0541381835938,463.4820556640625,0.9716017246246338,922.2819213867188,826.2169189453125,0.9813329577445984,1167.568359375,803.0607299804688,0.9777567386627197
559,18633,856.9239501953125,82.15727233886719,0.00366136129014194,856.5206909179688,60.41729736328125,0.0035085377749055624,858.3895263671875,76.10989379882812,0.0015950582455843687,880.9535522460938,43.756690979003906,0.006584538612514734,903.2137451171875,69.5537338256836,0.0016860585892573,887.7070922851562,2.9387969970703125,0.005993911996483803,971.7747802734375,0.0,0.009941819123923779,879.6787719726562,44.519554138183594,0.05027671903371811,928.5975952148438,42.7078857421875,0.10274446755647659,881.73876953125,97.77296447753906,0.1553225964307785,866.5133056640625,82.99285125732422,0.25901222229003906,956.1029663085938,73.41416931152344,0.7642580270767212,1029.6488037109375,69.92472839355469,0.7935022115707397,844.0383911132812,442.2065124511719,0.9770554304122925,1011.7322387695312,450.5400085449219,0.9773899912834167,850.1370849609375,822.8629760742188,0.9796078205108643,1206.474365234375,779.6914672851562,0.9786986112594604
560,18666,897.8430786132812,98.12226104736328,0.0054002986289560795,895.9330444335938,74.8670654296875,0.004645590670406818,892.913818359375,84.36598205566406,0.0023967570159584284,913.010986328125,60.54936218261719,0.006418783683329821,924.1036987304688,75.36405944824219,0.0019866449292749166,913.623291015625,20.500991821289062,0.008496089838445187,965.1422119140625,13.145965576171875,0.008561215363442898,886.4346923828125,59.14105224609375,0.0702984556555748,923.1453247070312,49.79443359375,0.08114350587129593,857.8453369140625,86.24180603027344,0.2124309241771698,850.6845703125,66.56561279296875,0.254220187664032,962.81103515625,69.1732177734375,0.7834469676017761,1011.0985107421875,67.05088806152344,0.7662871479988098,858.8156127929688,442.9556884765625,0.9819654822349548,1014.6351928710938,451.5520935058594,0.9761490225791931,830.331298828125,832.7655639648438,0.9847566485404968,1214.0313720703125,758.4738159179688,0.9815748333930969
561,18700,898.426025390625,97.68097686767578,0.004844246432185173,898.3157958984375,74.91453552246094,0.004317646846175194,892.0895385742188,85.65902709960938,0.0024003887083381414,913.8153076171875,59.49540710449219,0.006884849164634943,911.8059692382812,78.05419921875,0.00237048277631402,913.8543701171875,13.658981323242188,0.009027046151459217,939.6469116210938,8.904327392578125,0.00931992195546627,886.5196533203125,54.96739196777344,0.06011192873120308,902.07080078125,47.09623718261719,0.07305514812469482,869.061767578125,83.23654174804688,0.1552291363477707,847.85546875,63.13188171386719,0.19877775013446808,962.2577514648438,68.57986450195312,0.7883055210113525,992.51318359375,71.146728515625,0.7728351950645447,860.7341918945312,441.75469970703125,0.9807385802268982,1000.1834716796875,459.717041015625,0.9742646813392639,838.79736328125,829.213623046875,0.9840496778488159,1222.8402099609375,739.641357421875,0.9803229570388794
562,18733,872.0689697265625,88.34461212158203,0.005329315084964037,875.3091430664062,63.65821838378906,0.00538948317989707,866.6871337890625,76.67053985595703,0.002386767417192459,899.3916015625,49.69862365722656,0.007654344663023949,884.2987670898438,72.90644073486328,0.002026718808338046,908.9183959960938,10.893905639648438,0.007722953334450722,916.988037109375,6.744140625,0.00850357674062252,896.376220703125,53.381378173828125,0.0566464439034462,895.3248291015625,52.37599182128906,0.06530741602182388,879.4931030273438,83.00047302246094,0.15871746838092804,854.1174926757812,66.66888427734375,0.1781528890132904,965.5617065429688,59.21900939941406,0.7483565807342529,981.5218505859375,60.24201965332031,0.7340772747993469,865.7308959960938,448.8658447265625,0.9774433970451355,968.1209106445312,464.1771545410156,0.9696886539459229,873.8003540039062,846.8690795898438,0.9819303154945374,1223.2677001953125,729.0901489257812,0.9770863652229309
563,18766,863.7628784179688,87.26449584960938,0.006070106755942106,865.6405029296875,64.23065185546875,0.005949842277914286,861.3286743164062,78.75359344482422,0.0024410784244537354,892.6502075195312,44.799407958984375,0.007910833694040775,885.5848999023438,70.72306823730469,0.001793955685570836,901.8935546875,0.4515380859375,0.008969485759735107,925.4176635742188,0.0,0.010807039216160774,901.6488647460938,47.32438659667969,0.07786749303340912,920.5375366210938,49.674407958984375,0.09858710318803787,872.1859741210938,81.9232177734375,0.21609953045845032,856.1874389648438,72.14501953125,0.2602398991584778,957.154541015625,74.0789794921875,0.7942029237747192,974.2531127929688,75.02920532226562,0.7862759232521057,871.6278686523438,459.16400146484375,0.979314386844635,938.926025390625,480.0199890136719,0.9724418520927429,914.0938110351562,851.1289672851562,0.982258677482605,1195.5899658203125,718.1634521484375,0.9775052666664124
564,18800,856.4785766601562,88.7841796875,0.004933286923915148,859.2526245117188,71.16602325439453,0.005253077484667301,853.2987670898438,84.4134750366211,0.0021105704363435507,887.5695190429688,50.080535888671875,0.010248157195746899,869.4576416015625,73.74662017822266,0.0021781257819384336,902.0833740234375,3.340850830078125,0.014409039169549942,889.8875122070312,0.0,0.014176581986248493,884.568603515625,45.25140380859375,0.09479396045207977,878.232421875,45.4932861328125,0.09378043562173843,856.5560302734375,89.96356201171875,0.17705707252025604,844.7340087890625,80.79693603515625,0.18130676448345184,963.07568359375,99.51393127441406,0.8741801977157593,951.6993408203125,99.46064758300781,0.8589715361595154,881.2907104492188,481.7490234375,0.9846594333648682,918.1688842773438,493.20062255859375,0.9777780175209045,967.0208129882812,851.8905029296875,0.9854931235313416,1155.7012939453125,713.4185791015625,0.9814793467521667
565,18833,850.34033203125,81.98501586914062,0.0025814271066337824,856.26416015625,65.21218872070312,0.00313182407990098,847.2130737304688,81.08697509765625,0.0013033479917794466,886.8316040039062,45.049346923828125,0.010776008479297161,855.28857421875,73.36425018310547,0.0021287440322339535,898.1864013671875,2.7992706298828125,0.011278126388788223,871.9901733398438,0.0,0.01507951132953167,867.0404663085938,33.54158020019531,0.058655351400375366,860.5162963867188,30.67767333984375,0.08888060599565506,841.4758911132812,94.64641571044922,0.08394617587327957,830.8768310546875,89.67778015136719,0.12294050306081772,968.4666748046875,115.4337158203125,0.8803249001502991,941.0787963867188,113.81474304199219,0.8862770795822144,887.2232666015625,498.0923767089844,0.9812843203544617,891.3134765625,484.2710266113281,0.9774563908576965,1014.025634765625,843.5612182617188,0.9804359674453735,1132.893310546875,702.3466796875,0.9788753986358643
566,18866,832.1380615234375,89.31056213378906,0.0017563774017617106,838.2913208007812,67.48452758789062,0.002412020228803158,826.8931274414062,85.10000610351562,0.0008528396720066667,878.80810546875,47.29399108886719,0.01157234888523817,838.938720703125,79.65735626220703,0.0016202450497075915,902.4278564453125,12.095146179199219,0.009463315829634666,864.1184692382812,0.0,0.014689595438539982,868.2826538085938,44.69764709472656,0.044186290353536606,872.1236572265625,38.64472961425781,0.08935968577861786,844.3555908203125,103.63945770263672,0.057257723063230515,835.7909545898438,90.11288452148438,0.10765216499567032,979.7462768554688,110.51042175292969,0.8159103989601135,930.375,107.7169189453125,0.8395687341690063,921.9357299804688,490.681396484375,0.961938738822937,826.2640380859375,466.5076904296875,0.9586211442947388,1037.3524169921875,841.0911254882812,0.9583368301391602,1074.5533447265625,697.6598510742188,0.958208441734314
567,18900,829.5451049804688,99.6474609375,0.0015013638185337186,834.7864379882812,80.13052368164062,0.0020925235003232956,826.6068115234375,96.6368408203125,0.0007937460904940963,872.8770141601562,60.046142578125,0.013888154178857803,842.3941040039062,89.80036926269531,0.002109806053340435,901.787841796875,19.70478057861328,0.013648667372763157,865.7256469726562,1.8780441284179688,0.01895441859960556,857.2351684570312,52.01007843017578,0.04830758273601532,882.7371826171875,39.82283020019531,0.08688118308782578,844.8464965820312,105.86270141601562,0.04372267797589302,839.269775390625,91.86451721191406,0.07245604693889618,972.0232543945312,123.37710571289062,0.8796234130859375,916.205810546875,118.11882019042969,0.8944674134254456,949.136962890625,499.3565368652344,0.9742857217788696,809.5512084960938,455.40692138671875,0.9719482064247131,1092.59619140625,840.1636962890625,0.9700006246566772,1009.5262451171875,718.2586669921875,0.9719462990760803
568,18933,837.2634887695312,94.02507019042969,0.0020675165578722954,843.2362670898438,73.57196044921875,0.0028779141139239073,835.5492553710938,88.92338562011719,0.0009844152955338359,882.4136352539062,55.1693115234375,0.012425851076841354,854.0323486328125,82.54403686523438,0.0017126054735854268,908.5770874023438,15.250991821289062,0.013359961099922657,875.7698364257812,0.91827392578125,0.012927505187690258,850.0107421875,44.53276062011719,0.06520915031433105,877.2068481445312,35.765716552734375,0.0710490494966507,825.135498046875,98.68073272705078,0.07129877805709839,826.2965698242188,99.42352294921875,0.07544582337141037,974.0108642578125,117.74757385253906,0.8806434869766235,913.7377319335938,112.87811279296875,0.8781734704971313,986.00927734375,485.7850341796875,0.9791648387908936,807.6533813476562,433.8432312011719,0.9737517237663269,1136.0401611328125,832.9791870117188,0.9765307307243347,944.1603393554688,740.7546997070312,0.9768597483634949
569,18966,845.5188598632812,89.217041015625,0.0019460604526102543,849.9425048828125,68.2181396484375,0.002624134998768568,844.3162231445312,81.79035186767578,0.0011438007932156324,883.0865478515625,52.71263122558594,0.011072427034378052,864.1411743164062,76.1894302368164,0.0022204681299626827,903.28515625,17.87725067138672,0.009141072630882263,895.4609985351562,1.3086090087890625,0.013377515599131584,857.0751342773438,54.21295166015625,0.033155012875795364,914.8709716796875,40.08796691894531,0.06535375118255615,847.5123291015625,95.40502166748047,0.03317522630095482,860.0048828125,80.82133483886719,0.05611065775156021,968.3091430664062,91.78408813476562,0.8267768621444702,920.75341796875,89.59689331054688,0.8539146184921265,1001.552734375,467.16339111328125,0.971213161945343,818.4966430664062,432.3523864746094,0.9715737700462341,1172.947998046875,802.3211669921875,0.9728437662124634,886.0918579101562,765.873046875,0.9763360619544983
570,19000,891.5322875976562,94.53895568847656,0.004989200737327337,893.5303955078125,76.25349426269531,0.004961583763360977,882.1777954101562,85.78523254394531,0.002590586431324482,917.1011352539062,61.06993103027344,0.0070708924904465675,885.204345703125,76.6926040649414,0.0021408165339380503,919.0526733398438,27.421600341796875,0.012314883060753345,914.5540161132812,9.081069946289062,0.008596353232860565,875.9859008789062,66.17669677734375,0.08344317972660065,907.462158203125,53.15061950683594,0.06104655936360359,848.49462890625,90.6573486328125,0.12844601273536682,840.71923828125,72.76982116699219,0.09927867352962494,970.7733764648438,88.30934143066406,0.8423157930374146,925.4917602539062,80.9959716796875,0.8128447532653809,1009.7842407226562,468.63330078125,0.9797884821891785,842.3823852539062,449.33441162109375,0.9726883172988892,1204.46044921875,779.5149536132812,0.9831349849700928,838.1196899414062,805.227783203125,0.980469286441803
571,19033,892.73974609375,87.23467254638672,0.0059592206962406635,893.2593383789062,70.46905517578125,0.005151762161403894,883.8946533203125,80.25567626953125,0.0028596108313649893,912.9933471679688,56.61543273925781,0.005155082326382399,887.7061157226562,72.86833190917969,0.001737565966323018,910.1350708007812,22.916107177734375,0.009778836742043495,924.9002075195312,5.455078125,0.008091564290225506,873.9592895507812,59.74699401855469,0.09691692143678665,912.873779296875,49.154022216796875,0.08304471522569656,839.0376586914062,88.14266967773438,0.19530369341373444,836.2892456054688,70.87055969238281,0.17113731801509857,962.212646484375,82.98458862304688,0.8354962468147278,930.9935302734375,76.95712280273438,0.8141131401062012,988.963134765625,463.06402587890625,0.979918360710144,845.9005737304688,450.47186279296875,0.9739629030227661,1226.31640625,762.889404296875,0.9829408526420593,836.4129638671875,799.0017700195312,0.9806497097015381
572,19066,921.10693359375,82.10053253173828,0.01461853925138712,923.2802124023438,63.87858581542969,0.011610579676926136,908.2553100585938,72.60479736328125,0.008673242293298244,929.460205078125,48.93653869628906,0.009037652052938938,891.8773193359375,61.886077880859375,0.005121855530887842,915.6355590820312,16.885299682617188,0.02285207435488701,910.3172607421875,5.2825469970703125,0.009600674733519554,865.8931274414062,70.82450866699219,0.12380095571279526,879.5429077148438,68.23370361328125,0.04534505307674408,818.1768188476562,103.8306884765625,0.1949993222951889,817.08837890625,96.20466613769531,0.09600885212421417,947.9249267578125,102.62452697753906,0.7678279876708984,910.2537231445312,93.421875,0.6728750467300415,938.8387451171875,465.7599792480469,0.9634678363800049,841.5972900390625,457.1265563964844,0.9405916929244995,1220.34521484375,744.091064453125,0.9695249199867249,869.8576049804688,791.5123901367188,0.9584690928459167
573,19100,856.9026489257812,87.97144317626953,0.003691002493724227,857.5186157226562,70.32014465332031,0.00445055915042758,851.5632934570312,81.84237670898438,0.0021157225128263235,879.9448852539062,54.95526123046875,0.009612333960831165,871.4931030273438,74.21031188964844,0.00248615350574255,868.5328369140625,13.079315185546875,0.00942725408822298,913.4130249023438,2.1874237060546875,0.008761250413954258,825.4371337890625,47.98896789550781,0.04325578361749649,884.8125,62.57148742675781,0.04204896092414856,785.6463012695312,122.972900390625,0.052873481065034866,832.8243408203125,100.75675964355469,0.05057947710156441,927.958740234375,67.38093566894531,0.8128639459609985,932.441162109375,74.00106811523438,0.8023213744163513,913.0997314453125,480.2106628417969,0.9750726819038391,874.8432006835938,486.921142578125,0.9707512259483337,1215.1517333984375,721.3055419921875,0.9826647639274597,905.3098754882812,818.0720825195312,0.9810367822647095
574,19133,845.6342163085938,86.4554443359375,0.0022666663862764835,845.409912109375,70.38198852539062,0.00306770415045321,843.0403442382812,83.20303344726562,0.001475840457715094,866.0494995117188,54.00270080566406,0.012352424673736095,871.4317016601562,74.99574279785156,0.0029168229084461927,854.9764404296875,17.325531005859375,0.009579162113368511,930.6317749023438,0.0,0.012261360883712769,850.4910888671875,55.015296936035156,0.028895774856209755,894.2137451171875,54.87739562988281,0.048274729400873184,860.2716064453125,129.0875701904297,0.025614114478230476,847.3995361328125,105.82603454589844,0.03964934125542641,925.0872802734375,96.1343994140625,0.8274924755096436,960.454833984375,99.62040710449219,0.8442476987838745,882.9690551757812,486.51300048828125,0.9692108631134033,885.8483276367188,495.14849853515625,0.9716051816940308,1179.486083984375,705.0404663085938,0.978236198425293,941.3388671875,828.5654907226562,0.9786222577095032
575,19166,836.40380859375,100.35287475585938,0.0019466496305540204,834.0604248046875,84.91836547851562,0.0024774924386292696,834.6911010742188,98.29742431640625,0.0012831048807129264,851.6710205078125,65.21575927734375,0.0134836221113801,873.2468872070312,85.97227478027344,0.0035816107410937548,841.03271484375,23.812820434570312,0.011989844031631947,951.5304565429688,0.0,0.019515009596943855,836.8646850585938,56.42443084716797,0.031573645770549774,899.2154541015625,58.64202117919922,0.0718395933508873,827.99658203125,132.8470916748047,0.0250934436917305,838.4013671875,110.118896484375,0.053408391773700714,921.5827026367188,111.91287231445312,0.8626188039779663,988.7022094726562,109.64071655273438,0.8892509341239929,841.9326782226562,483.7552185058594,0.9726957678794861,887.4474487304688,490.5742492675781,0.9783143401145935,1119.67138671875,694.1456909179688,0.9815260171890259,979.7411499023438,829.67578125,0.9829056262969971
576,19200,821.2402954101562,98.09637451171875,0.0023860500659793615,819.671142578125,80.64797973632812,0.0029001033399254084,820.58642578125,98.27668762207031,0.0013260007835924625,844.4971313476562,58.225616455078125,0.018373817205429077,865.0298461914062,86.41349029541016,0.004159501288086176,838.0250244140625,17.093902587890625,0.023204553872346878,949.5711059570312,0.0,0.027223628014326096,839.9674682617188,53.175201416015625,0.065010666847229,904.1504516601562,56.26029968261719,0.08759994059801102,826.609130859375,129.64093017578125,0.055199459195137024,845.2762451171875,109.07080078125,0.07348398864269257,924.4171142578125,104.39126586914062,0.8553187847137451,1003.163818359375,100.72929382324219,0.8626586198806763,807.9666137695312,472.8457336425781,0.9618629813194275,912.7973022460938,481.4438781738281,0.9611353874206543,1070.3837890625,736.0283203125,0.9606940150260925,1029.9173583984375,778.3740234375,0.9592239260673523
577,19233,813.7181396484375,96.33011627197266,0.002181470626965165,813.3058471679688,79.65843200683594,0.0028521395288407803,811.431884765625,96.46687316894531,0.0013151617022231221,838.5774536132812,60.12451171875,0.020631279796361923,855.40283203125,86.36343383789062,0.004725910257548094,834.0599365234375,18.16468048095703,0.02267790026962757,939.5994873046875,2.6013107299804688,0.024680234491825104,839.1063232421875,57.762657165527344,0.04829513281583786,906.7996215820312,57.50532531738281,0.06255574524402618,841.3262329101562,136.79246520996094,0.035853512585163116,850.4555053710938,114.21377563476562,0.045696280896663666,921.345947265625,110.14942932128906,0.8611688017845154,1004.2398071289062,106.10614013671875,0.8677411079406738,774.9388427734375,464.4858703613281,0.9683427214622498,935.5982666015625,477.0645446777344,0.969362735748291,1034.316650390625,734.6775512695312,0.9725402593612671,1062.4801025390625,813.635009765625,0.9721558094024658
578,19266,828.370849609375,82.05072784423828,0.003092801198363304,824.0701904296875,64.4271469116211,0.0034887001384049654,825.8624877929688,80.66290283203125,0.0016820207238197327,848.4696044921875,47.779998779296875,0.01607315056025982,876.8961791992188,74.3243179321289,0.00445542111992836,851.5003662109375,17.036270141601562,0.021238308399915695,950.4404296875,9.03240966796875,0.021629372611641884,856.7754516601562,62.24510192871094,0.05412999913096428,919.0585327148438,65.50474548339844,0.06171431764960289,863.9894409179688,123.91543579101562,0.05708039551973343,851.5903930664062,98.75477600097656,0.06443387269973755,919.6483764648438,86.73220825195312,0.8495963215827942,1002.6264038085938,85.8189697265625,0.8452876210212708,774.3047485351562,440.0979309082031,0.9767361879348755,961.6751098632812,478.8897399902344,0.9744907021522522,973.5399169921875,774.9138793945312,0.9831076860427856,1119.3372802734375,819.88916015625,0.9805025458335876
579,19300,835.8885498046875,87.62388610839844,0.0031035200227051973,832.1625366210938,66.88009643554688,0.003483882639557123,836.7786865234375,81.64098358154297,0.0015511740930378437,854.9033203125,50.590484619140625,0.014647487550973892,893.0269775390625,73.77710723876953,0.0037067860830575228,852.3703002929688,18.335678100585938,0.019044796004891396,964.54833984375,12.36676025390625,0.015013345517218113,847.541015625,64.24122619628906,0.06060133874416351,935.3746948242188,60.94670104980469,0.049844514578580856,861.844482421875,115.36061096191406,0.08034662902355194,862.361083984375,86.54855346679688,0.06888611614704132,914.8563232421875,79.134521484375,0.8433620929718018,1009.0867309570312,77.01708984375,0.8181084990501404,795.3978881835938,434.9190673828125,0.9824126958847046,991.5885009765625,464.0614013671875,0.9765890836715698,869.307373046875,814.9718627929688,0.9866665005683899,1154.9078369140625,790.176513671875,0.9829765558242798
580,19333,851.4472045898438,91.49349975585938,0.004866920877248049,850.2398071289062,69.211669921875,0.004439938347786665,847.78076171875,81.65750885009766,0.0020194442477077246,872.3551025390625,52.268646240234375,0.007878823205828667,885.6253662109375,72.42230987548828,0.0022376347333192825,876.1972045898438,9.053558349609375,0.013105719350278378,940.1109008789062,5.8937530517578125,0.009891210123896599,868.5864868164062,48.96803283691406,0.09974256157875061,896.1432495117188,47.4071044921875,0.07334110885858536,859.10302734375,86.72662353515625,0.24194788932800293,839.8116455078125,76.66401672363281,0.19679005444049835,931.6575317382812,60.98002624511719,0.8294233083724976,995.9136352539062,59.57890319824219,0.7921814322471619,815.8460083007812,437.95306396484375,0.9842851758003235,998.7711791992188,456.13433837890625,0.9769335389137268,814.7471923828125,822.8873901367188,0.9859819412231445,1180.10498046875,773.2003784179688,0.9811587333679199
581,19366,848.8892211914062,81.32276916503906,0.0038651309441775084,848.991943359375,57.06358337402344,0.004171119537204504,844.6558837890625,67.53730773925781,0.0017072854097932577,871.13818359375,42.73200988769531,0.009276020340621471,877.4309692382812,60.11796569824219,0.0021502787712961435,881.5496215820312,12.782363891601562,0.010880582965910435,920.4644775390625,8.200241088867188,0.007617575582116842,865.3302612304688,66.81564331054688,0.062227968126535416,885.5519409179688,58.735565185546875,0.042484503239393234,846.9910278320312,109.71675109863281,0.1371668130159378,809.377685546875,92.41603088378906,0.10563941299915314,934.5979614257812,55.46763610839844,0.7892794013023376,979.1015625,53.96429443359375,0.7420160174369812,827.4428100585938,438.88165283203125,0.9825059175491333,985.2733764648438,450.9472961425781,0.9729774594306946,799.109619140625,834.65771484375,0.9860609769821167,1195.29833984375,753.2473754882812,0.9808485507965088
582,19400,833.9461669921875,76.91450500488281,0.002577677834779024,835.83056640625,53.304954528808594,0.0032617314718663692,831.77197265625,67.75035095214844,0.0014045854331925511,858.4483032226562,41.05531311035156,0.009780541062355042,857.3946533203125,67.00057983398438,0.0022060154005885124,866.6314697265625,8.170188903808594,0.007219360675662756,900.0673828125,0.36179351806640625,0.007537842262536287,864.8515014648438,54.235565185546875,0.0314086377620697,882.6220703125,49.95513153076172,0.04070071503520012,876.462158203125,102.27005767822266,0.0582909919321537,836.2513427734375,83.97770690917969,0.07757734507322311,931.6871948242188,60.32780456542969,0.7582035660743713,967.8252563476562,61.739410400390625,0.749029815196991,829.8142700195312,442.21966552734375,0.9757986068725586,950.9672241210938,454.6514587402344,0.9702852368354797,811.259765625,821.924072265625,0.9817627668380737,1207.7001953125,742.6342163085938,0.9775485396385193
583,19433,831.3638305664062,89.74871063232422,0.004361497703939676,831.6775512695312,67.23735809326172,0.004802470561116934,828.1307373046875,81.03559112548828,0.0019566379487514496,856.4912719726562,51.192718505859375,0.009121382609009743,853.472900390625,76.40210723876953,0.001955074956640601,861.7305908203125,12.30230712890625,0.009046833962202072,894.1622314453125,5.97821044921875,0.00910563487559557,862.6447143554688,55.651611328125,0.05502958223223686,886.1143798828125,57.438446044921875,0.06172531843185425,855.6392211914062,96.74679565429688,0.1260313242673874,837.2269287109375,80.25187683105469,0.1456175595521927,932.0651245117188,61.782073974609375,0.7988098859786987,959.5234375,64.33181762695312,0.7799183130264282,838.5013427734375,452.69549560546875,0.9820574522018433,930.5951538085938,472.2649841308594,0.9746289253234863,851.2893676757812,848.0762329101562,0.9860637784004211,1184.7310791015625,710.2516479492188,0.9818140864372253
584,19466,834.73828125,89.98006439208984,0.004117653705179691,835.6945190429688,71.33997344970703,0.00466262549161911,832.3090209960938,86.98452758789062,0.0016801439924165606,867.5906982421875,52.617919921875,0.009853474795818329,855.5927734375,81.79126739501953,0.0017196577973663807,882.0252685546875,7.6406707763671875,0.012758640572428703,879.4801025390625,1.1868896484375,0.010522798635065556,870.1383056640625,38.227203369140625,0.08619606494903564,868.6813354492188,46.27308654785156,0.07431802898645401,861.4962768554688,77.59959411621094,0.17158301174640656,839.096923828125,70.53689575195312,0.16203850507736206,932.911376953125,82.27560424804688,0.8542567491531372,931.50390625,84.91584777832031,0.8243614435195923,833.4895629882812,463.9627990722656,0.9835845232009888,895.4231567382812,485.61505126953125,0.9742076396942139,894.0040893554688,853.9427490234375,0.9852590560913086,1155.9593505859375,709.1008911132812,0.9796803593635559
585,19500,832.7506713867188,86.25910949707031,0.0038247648626565933,835.0047607421875,69.94818878173828,0.0040102796629071236,828.3010864257812,83.56727600097656,0.0017511800397187471,861.2684326171875,49.20167541503906,0.009589564055204391,839.3084716796875,74.54596710205078,0.002267796779051423,875.6861572265625,7.9243927001953125,0.016103357076644897,854.504150390625,0.0,0.015108922496438026,871.6038818359375,47.3023681640625,0.09336309880018234,847.7931518554688,49.259674072265625,0.09387417137622833,854.5774536132812,101.94804382324219,0.15317754447460175,832.3394775390625,96.48948669433594,0.1642301082611084,932.1953125,102.28939819335938,0.9023601412773132,915.37890625,103.16299438476562,0.8880895376205444,837.8889770507812,483.0116271972656,0.9873045086860657,874.0713500976562,495.0473327636719,0.9812678694725037,948.5086669921875,854.1824951171875,0.9881304502487183,1123.9119873046875,710.39501953125,0.9847254157066345
586,19533,773.3460083007812,50.09637451171875,0.0030990545637905598,777.8287353515625,34.003074645996094,0.0037870618980377913,772.1751708984375,50.43701934814453,0.0012176526943221688,811.4337158203125,22.081512451171875,0.018621740862727165,793.9530029296875,51.96226501464844,0.0028338416013866663,829.0968017578125,0.0,0.03875759616494179,818.93359375,0.0,0.01977475732564926,758.4403076171875,3.65679931640625,0.17289003729820251,790.7534790039062,12.11737060546875,0.06882452964782715,796.3090209960938,5.230133056640625,0.16834130883216858,777.2852783203125,7.6564178466796875,0.07424980401992798,936.8186645507812,124.55685424804688,0.9300481081008911,914.0665283203125,122.0511245727539,0.897192656993866,843.24609375,508.4197998046875,0.9869577884674072,834.091552734375,471.60406494140625,0.974881649017334,991.8876953125,849.3424682617188,0.9795135855674744,1073.5347900390625,703.8203125,0.9720446467399597
587,19566,770.7086791992188,61.26182556152344,0.0023423621896654367,774.8494873046875,43.351776123046875,0.0029983031563460827,768.835205078125,59.151214599609375,0.0009134961874224246,809.2066650390625,29.94312286376953,0.01896326057612896,791.565673828125,58.959503173828125,0.0025133886374533176,836.046630859375,0.0,0.036569926887750626,817.8283081054688,0.0,0.019541896879673004,767.4157104492188,6.476898193359375,0.15870988368988037,810.9739379882812,20.661712646484375,0.07015550881624222,808.699462890625,8.537979125976562,0.14412125945091248,794.9349975585938,22.721420288085938,0.0679515153169632,941.748046875,122.88345336914062,0.861568808555603,902.2644653320312,121.5582504272461,0.812590479850769,872.748046875,499.3388977050781,0.9599720239639282,792.3539428710938,458.7646484375,0.9299028515815735,1024.031005859375,845.5324096679688,0.9260997772216797,993.5326538085938,723.2770385742188,0.9071087837219238
588,19600,778.1517333984375,69.46202087402344,0.0022636554203927517,781.6111450195312,49.653968811035156,0.0029538145754486322,777.9069213867188,65.97164154052734,0.0011350762797519565,817.2068481445312,36.61381530761719,0.021140174940228462,804.0994873046875,67.021728515625,0.0037942209746688604,844.6344604492188,4.420921325683594,0.028921833261847496,832.2810668945312,0.2794189453125,0.02833009511232376,790.7841796875,14.306533813476562,0.07739682495594025,855.750732421875,27.514663696289062,0.07527996599674225,826.0939331054688,22.0360107421875,0.053047869354486465,815.0949096679688,28.09478759765625,0.046722471714019775,933.703125,124.95977783203125,0.8969998359680176,890.9163818359375,124.61432647705078,0.8938604593276978,923.4701538085938,503.7396240234375,0.9756402969360352,780.0873413085938,453.6592102050781,0.9678794145584106,1087.9053955078125,846.00830078125,0.9632171392440796,966.3015747070312,723.00732421875,0.963459849357605
589,19633,819.652587890625,87.25833892822266,0.0018571880646049976,822.6773681640625,67.14054107666016,0.0024722926318645477,814.924072265625,79.67408752441406,0.0009148036479018629,855.7532958984375,50.254119873046875,0.01479579508304596,832.5322265625,72.88082885742188,0.00218594865873456,875.1765747070312,19.558547973632812,0.018188150599598885,861.4502563476562,6.9916534423828125,0.01768883503973484,841.1905517578125,57.01084899902344,0.05844948813319206,896.830322265625,58.39617919921875,0.06891404837369919,831.5563354492188,116.40531921386719,0.04855572059750557,844.8392944335938,102.008056640625,0.05328276380896568,937.8858032226562,112.63970947265625,0.8808046579360962,887.2049560546875,105.44004821777344,0.8810954689979553,964.8143920898438,497.2903137207031,0.977141261100769,771.7420043945312,435.2771301269531,0.9723353981971741,1126.53564453125,829.2398681640625,0.9756810665130615,900.9620971679688,744.89208984375,0.9771335124969482
590,19666,819.1755981445312,87.51182556152344,0.0015207610558718443,821.927490234375,66.34190368652344,0.0021149825770407915,819.6201782226562,80.81419372558594,0.0010317256674170494,852.0771484375,53.28705596923828,0.013148937374353409,843.4435424804688,78.26348876953125,0.002937988145276904,864.88037109375,22.45751953125,0.00985055323690176,883.55419921875,7.393455505371094,0.014418448321521282,833.2510986328125,68.1240234375,0.022833557799458504,955.7399291992188,61.76671600341797,0.05241309851408005,872.6515502929688,107.86019897460938,0.017787020653486252,966.69287109375,105.64045715332031,0.03252801299095154,935.4404296875,86.493896484375,0.8001944422721863,899.5548706054688,85.00726318359375,0.8338524103164673,982.4432983398438,468.092041015625,0.9638296961784363,790.428955078125,435.238037109375,0.9657552242279053,1159.3126220703125,804.0767822265625,0.9670037031173706,848.6437377929688,764.1903076171875,0.9716833829879761
591,19700,839.0411376953125,88.69306182861328,0.0030148031655699015,840.5612182617188,68.63495635986328,0.003530882764607668,835.84814453125,76.70899200439453,0.0017344770021736622,867.2631225585938,55.10833740234375,0.010010981000959873,856.3145141601562,67.7743148803711,0.0026334014255553484,871.523681640625,30.142868041992188,0.010780355893075466,896.4225463867188,11.865234375,0.01086706854403019,829.269287109375,85.53575134277344,0.038127414882183075,962.13525390625,73.33488464355469,0.04824678599834442,838.7677001953125,130.67015075683594,0.04181400686502457,957.679931640625,113.85928344726562,0.04442840442061424,932.9672241210938,74.67494201660156,0.8319976329803467,899.970703125,71.39231872558594,0.8350052237510681,982.4535522460938,465.100341796875,0.979682981967926,808.6375732421875,443.33544921875,0.9772591590881348,1193.145263671875,785.0838012695312,0.9846420884132385,789.64306640625,805.7399291992188,0.9850601553916931
592,19733,829.4030151367188,85.0059585571289,0.0034547951072454453,831.2861938476562,65.64170837402344,0.00442868284881115,825.4201049804688,73.8102035522461,0.0019181972602382302,859.5333251953125,54.61482238769531,0.011373738758265972,844.646728515625,67.35859680175781,0.0024643498472869396,865.6929931640625,30.817703247070312,0.010947292670607567,880.6329345703125,14.19744873046875,0.008868604898452759,807.40576171875,79.20835876464844,0.040614333003759384,932.6871337890625,71.34054565429688,0.03740982711315155,781.437744140625,127.02378845214844,0.04485010728240013,916.2134399414062,106.39434814453125,0.03835665062069893,928.8718872070312,68.52314758300781,0.8128666281700134,892.0057983398438,67.562255859375,0.7997844219207764,962.4248657226562,461.548095703125,0.9774766564369202,817.2882080078125,446.924560546875,0.9722245335578918,1202.19775390625,758.3082275390625,0.9836626052856445,801.347412109375,794.6630859375,0.9828958511352539
593,19766,886.8094482421875,57.071388244628906,0.014351599849760532,889.2517700195312,34.372467041015625,0.013650567270815372,878.6658325195312,45.606353759765625,0.009350813925266266,893.6414794921875,18.8287353515625,0.01616303063929081,869.3443603515625,36.06120300292969,0.007410460617393255,875.5280151367188,0.0,0.03312835097312927,895.1011962890625,0.0,0.009476568549871445,820.682373046875,62.16998291015625,0.11178138107061386,886.6880493164062,61.354888916015625,0.02694109082221985,793.7616577148438,124.04283142089844,0.12747271358966827,853.2855834960938,138.005126953125,0.04392041638493538,910.4945678710938,105.48953247070312,0.7268978357315063,886.224609375,95.28245544433594,0.588282585144043,915.3800048828125,461.2306823730469,0.9425792098045349,815.4197387695312,455.2228088378906,0.8999149203300476,1195.2099609375,733.7539672851562,0.9470255970954895,831.8567504882812,781.0833129882812,0.9225587248802185
594,19800,829.9649047851562,84.41027069091797,0.0033282923977822065,830.0066528320312,69.322265625,0.003807867644354701,823.8001708984375,78.03179168701172,0.001796273747459054,849.3511962890625,55.8680419921875,0.006863237824290991,841.1613159179688,69.4738540649414,0.001661870745010674,837.4078369140625,18.709991455078125,0.006666041444987059,885.968505859375,0.8310699462890625,0.006495281588286161,812.3232421875,52.18157958984375,0.04204833507537842,857.7683715820312,56.95252990722656,0.04550899192690849,792.3551025390625,128.57867431640625,0.06703704595565796,801.4238891601562,110.86495971679688,0.07026331126689911,894.24853515625,71.73316955566406,0.7954666614532471,901.0012817382812,73.1810302734375,0.7883079648017883,879.9910278320312,478.3490295410156,0.9747070670127869,839.53515625,476.0656433105469,0.9713420271873474,1192.2054443359375,724.6627197265625,0.9830952286720276,868.6829223632812,818.1160278320312,0.9822271466255188
595,19833,828.7256469726562,89.7553482055664,0.004143808502703905,827.083984375,75.79055786132812,0.0038707933854311705,823.0731811523438,86.3646011352539,0.0022444764617830515,843.6383666992188,60.50914764404297,0.007219801191240549,845.3670654296875,77.70849609375,0.0024317095521837473,829.2488403320312,21.878494262695312,0.010159362107515335,903.9907836914062,1.41796875,0.014220373705029488,825.6548461914062,58.044525146484375,0.06069093570113182,855.7606811523438,67.22186279296875,0.10094048082828522,800.379150390625,140.52479553222656,0.09541858732700348,793.6919555664062,133.00502014160156,0.14746242761611938,890.182861328125,91.67839050292969,0.8494550585746765,924.9946899414062,93.40187072753906,0.8621393442153931,854.3490600585938,489.33251953125,0.9748059511184692,853.450439453125,502.6257019042969,0.9760429263114929,1158.7115478515625,710.9771118164062,0.981126606464386,905.2283935546875,832.4880981445312,0.9810457229614258
596,19866,790.0693969726562,70.94851684570312,0.0025171858724206686,787.8967895507812,56.55290222167969,0.002598793711513281,789.6406860351562,70.73753356933594,0.0014336229069158435,810.4334716796875,41.57890319824219,0.011274185962975025,837.6309814453125,63.38788604736328,0.003134689526632428,795.2188110351562,8.994781494140625,0.01359995361417532,929.5728759765625,0.0,0.024956725537776947,783.5421752929688,40.28901672363281,0.04963863268494606,881.2157592773438,58.219322204589844,0.12817640602588654,799.4332275390625,95.0672378540039,0.05333167314529419,815.0451049804688,123.23082733154297,0.12625762820243835,883.5985107421875,119.2701416015625,0.8859009742736816,962.8577270507812,115.91766357421875,0.9120224118232727,807.8397216796875,483.0370178222656,0.975739598274231,856.341796875,489.91790771484375,0.9815261363983154,1101.9639892578125,700.0496826171875,0.9807732105255127,926.7096557617188,828.3711547851562,0.9831134080886841
597,19900,749.19580078125,64.88836669921875,0.0026087427977472544,749.1216430664062,47.891990661621094,0.003148250048980117,750.596923828125,64.67166137695312,0.0012553284177556634,783.8701782226562,35.97267150878906,0.025149604305624962,815.849365234375,60.55137634277344,0.005309056490659714,779.7550659179688,3.4492034912109375,0.040908098220825195,921.41845703125,0.0,0.03351958841085434,755.179931640625,17.513397216796875,0.09574299305677414,898.6480102539062,51.98638916015625,0.07805661112070084,789.4891357421875,34.30897521972656,0.06448379158973694,834.9819946289062,94.88383483886719,0.05294448509812355,891.6630859375,106.9306640625,0.9134953618049622,981.26171875,104.28520202636719,0.9054911136627197,796.4251098632812,475.96014404296875,0.9811145663261414,890.687255859375,478.49908447265625,0.977536678314209,1013.6914672851562,732.30859375,0.9789276123046875,975.9534301757812,789.4951171875,0.9760953187942505
598,19933,761.2493286132812,79.99081420898438,0.001633908599615097,758.700439453125,62.49396514892578,0.0021348027512431145,763.5770263671875,80.19380950927734,0.0009080067975446582,787.0860595703125,45.47319030761719,0.023865127936005592,825.819580078125,72.63640594482422,0.005146442446857691,793.81787109375,5.6788787841796875,0.02489139884710312,922.305908203125,0.0,0.03232939541339874,790.9497680664062,45.87554168701172,0.04375061020255089,912.944091796875,69.78119659423828,0.0663580596446991,780.7702026367188,152.14889526367188,0.027092279866337776,840.9576416015625,157.93177795410156,0.03768624737858772,895.5972290039062,105.02348327636719,0.8656116724014282,984.5382080078125,104.29399108886719,0.882430911064148,773.2409057617188,464.7651062011719,0.9695284962654114,904.5966796875,479.12127685546875,0.9717962145805359,991.8026733398438,744.7998046875,0.9709545969963074,1023.54052734375,814.2081298828125,0.971146285533905
599,19966,808.7398681640625,89.45895385742188,0.005957150831818581,809.0078125,63.305294036865234,0.008201388642191887,812.9026489257812,82.72190856933594,0.003913698717951775,830.9000244140625,45.055137634277344,0.04118282347917557,866.6605834960938,74.76679229736328,0.009267741814255714,822.3347778320312,5.401359558105469,0.044050030410289764,936.6925659179688,11.405845642089844,0.02627420239150524,808.5327758789062,56.52937316894531,0.06786198914051056,899.9610595703125,69.67357635498047,0.0441286526620388,807.1278076171875,145.18377685546875,0.056325897574424744,834.8361206054688,154.54116821289062,0.04475606605410576,902.6115112304688,106.97602844238281,0.816290557384491,990.8436279296875,109.19325256347656,0.775456428527832,749.647705078125,442.59283447265625,0.9588598012924194,927.7713012695312,461.827880859375,0.9462732076644897,931.2675170898438,791.6317749023438,0.9548667073249817,1070.9468994140625,807.9521484375,0.9463068246841431
600,20000,807.7300415039062,81.01666259765625,0.002362138358876109,804.08203125,61.657012939453125,0.002864816226065159,810.5498657226562,79.26278686523438,0.001273707370273769,821.291259765625,43.05200958251953,0.014697782695293427,864.51123046875,72.21707153320312,0.00320113031193614,815.9707641601562,2.7704315185546875,0.014753073453903198,944.9405517578125,0.0,0.013679655268788338,813.41845703125,54.263832092285156,0.04817543551325798,913.130859375,60.43450927734375,0.05305624380707741,836.044921875,126.5749740600586,0.062112145125865936,832.0084228515625,115.0261001586914,0.0700194239616394,885.306884765625,91.89857482910156,0.835418701171875,989.9254760742188,88.92974853515625,0.8261078596115112,766.0244140625,438.5519104003906,0.9782828092575073,959.647216796875,452.1456298828125,0.9750378131866455,847.1712036132812,790.1010131835938,0.9822643399238586,1105.418212890625,784.0845336914062,0.9799835085868835
601,20033,828.2962646484375,89.8428955078125,0.003747442038729787,824.1348266601562,67.29041290283203,0.0037686277646571398,827.2128295898438,79.43616485595703,0.0017531915800645947,840.364990234375,50.817352294921875,0.01144471112638712,875.5047607421875,69.56018829345703,0.0030971826054155827,837.5827026367188,15.298599243164062,0.01668740250170231,938.5665893554688,10.878524780273438,0.01157096866518259,829.4528198242188,65.12800598144531,0.07480867952108383,903.0700073242188,60.31224060058594,0.052772317081689835,840.0553588867188,115.1876220703125,0.13409817218780518,825.5015869140625,97.30096435546875,0.10403229296207428,894.655517578125,67.52975463867188,0.8237908482551575,981.6298828125,64.09107971191406,0.7838070392608643,791.6268310546875,441.223876953125,0.9823464751243591,980.4706420898438,449.6457824707031,0.9740550518035889,787.3814086914062,825.703857421875,0.9845824241638184,1142.3056640625,769.7307739257812,0.9799553751945496
602,20066,830.501953125,88.6465072631836,0.0031798104755580425,829.4338989257812,64.54518127441406,0.0037533212453126907,826.9172973632812,75.3167724609375,0.0015928623033687472,849.5015869140625,50.95765686035156,0.011941565200686455,864.7174072265625,68.10395050048828,0.0028250294271856546,850.9080200195312,20.891510009765625,0.013555731624364853,911.2808227539062,15.889572143554688,0.0076454863883554935,841.1950073242188,73.87660217285156,0.05186145752668381,891.072509765625,64.92640686035156,0.029335424304008484,859.0177001953125,115.51565551757812,0.08622825890779495,827.2674560546875,101.19822692871094,0.05642063915729523,898.82080078125,57.85972595214844,0.7898489832878113,957.1631469726562,56.45237731933594,0.7269010543823242,800.0791625976562,435.84576416015625,0.981463611125946,967.7699584960938,446.584716796875,0.9699130058288574,776.7632446289062,826.404052734375,0.9859896898269653,1160.0802001953125,751.3071899414062,0.9803714156150818
603,20100,820.4734497070312,99.20901489257812,0.009739520028233528,821.217041015625,73.62478637695312,0.009740293025970459,810.2869262695312,86.52259826660156,0.004885649308562279,849.6113891601562,61.815765380859375,0.022408710792660713,846.1941528320312,76.6929931640625,0.0071903555653989315,860.1075439453125,10.98577880859375,0.033370815217494965,881.5973510742188,19.620620727539062,0.021540915593504906,846.4495239257812,72.59413146972656,0.07945824414491653,874.171142578125,72.38090515136719,0.050086844712495804,855.624755859375,113.42655944824219,0.11819158494472504,832.7386474609375,115.6519775390625,0.08294986933469772,911.5513916015625,62.6180419921875,0.7621423602104187,941.7213134765625,65.47315979003906,0.7095455527305603,789.4588623046875,436.8929443359375,0.9702451825141907,942.3329467773438,451.78765869140625,0.9551474452018738,787.0933837890625,794.7998657226562,0.9769351482391357,1147.5042724609375,735.1697387695312,0.9696601033210754
604,20133,822.9944458007812,90.65066528320312,0.002487792866304517,820.8380737304688,67.69486999511719,0.0032740652095526457,821.9855346679688,81.14307403564453,0.0012562398333102465,841.4835205078125,50.32804870605469,0.012709531933069229,859.774169921875,73.81391143798828,0.002457986120134592,837.8095703125,12.460784912109375,0.013577045872807503,909.9307250976562,2.812042236328125,0.007596660405397415,834.4171752929688,62.116973876953125,0.05219149589538574,917.4924926757812,62.95477294921875,0.029284514486789703,840.3169555664062,116.12553405761719,0.07142297923564911,848.6643676757812,110.91224670410156,0.048019520938396454,893.0211181640625,73.80931091308594,0.8243756890296936,944.0709228515625,72.93063354492188,0.7641696929931641,812.19091796875,456.2784118652344,0.9831182360649109,906.8906860351562,467.9789733886719,0.9706682562828064,833.5427856445312,841.4102783203125,0.987982988357544,1145.3778076171875,712.7238159179688,0.9822299480438232
605,20166,803.4412231445312,81.00835418701172,0.002431105822324753,804.682861328125,63.41239929199219,0.0032241400331258774,800.9639282226562,74.10649108886719,0.0010921536013484001,830.91162109375,45.203155517578125,0.01397031731903553,827.1343383789062,63.77716827392578,0.0022042475175112486,851.3660888671875,11.748779296875,0.02185492217540741,863.5447998046875,0.0,0.009859198704361916,882.3429565429688,75.84544372558594,0.08696149289608002,902.7325439453125,70.023193359375,0.038837019354104996,858.2634887695312,163.23834228515625,0.1029159277677536,850.2517700195312,141.984375,0.058158788830041885,901.8674926757812,101.89595031738281,0.8843808770179749,910.7462768554688,99.51969909667969,0.8279657363891602,813.19873046875,467.3725891113281,0.9848796725273132,869.185791015625,477.7142028808594,0.9713621735572815,872.9439697265625,841.0328979492188,0.987307608127594,1120.21875,701.8090209960938,0.980567991733551
606,20200,787.6580810546875,76.88502502441406,0.002160799689590931,791.5801391601562,57.7598876953125,0.0028272790368646383,788.8899536132812,71.00445556640625,0.0012201779754832387,817.8056640625,40.45143127441406,0.016962386667728424,813.5751953125,62.782264709472656,0.0037976561579853296,839.1473388671875,12.188690185546875,0.016828391700983047,848.9227294921875,0.0,0.020826872438192368,859.3690795898438,75.7488784790039,0.04458451271057129,863.0562744140625,72.93150329589844,0.06062212213873863,849.1719360351562,161.536376953125,0.04384992644190788,799.1301879882812,148.94679260253906,0.054865699261426926,904.9112548828125,115.18331909179688,0.8571377992630005,910.3074340820312,110.21969604492188,0.8617616891860962,823.3088989257812,482.12548828125,0.9763293266296387,856.7263793945312,473.1230163574219,0.9711589813232422,918.117431640625,847.6602172851562,0.9761890172958374,1090.515380859375,704.11328125,0.9734680652618408
607,20233,831.0396118164062,81.3145980834961,0.006132401991635561,836.0791625976562,57.489349365234375,0.006829641759395599,821.3642578125,70.95362091064453,0.003101879730820656,861.9533081054688,36.189422607421875,0.019604507833719254,823.7034912109375,59.177215576171875,0.004330068826675415,871.59326171875,0.0,0.03396769240498543,829.38232421875,0.0,0.019982246682047844,836.546630859375,68.18032836914062,0.1023307591676712,821.177490234375,73.058349609375,0.06439442932605743,812.62939453125,160.564453125,0.11676564067602158,773.5962524414062,155.4678497314453,0.09396261721849442,922.73583984375,122.20550537109375,0.8645707964897156,877.0818481445312,119.80439758300781,0.822202742099762,827.807373046875,492.6016845703125,0.9745478630065918,772.736572265625,469.11346435546875,0.9565815329551697,978.7099609375,835.3212890625,0.9739190340042114,1044.013427734375,680.5883178710938,0.9663266539573669
608,20266,801.5013427734375,81.78799438476562,0.0021412004716694355,803.8639526367188,61.40281677246094,0.002661223988980055,793.6868286132812,75.5339584350586,0.0008502828422933817,837.3737182617188,40.824737548828125,0.01597495935857296,809.0587158203125,66.76732635498047,0.0019470998086035252,859.858154296875,9.899459838867188,0.027787335216999054,836.1483764648438,0.0,0.020423313602805138,832.1599731445312,54.92816162109375,0.11711780726909637,855.5517578125,63.118743896484375,0.09522848576307297,819.0146484375,140.3327178955078,0.12590950727462769,800.8832397460938,134.46144104003906,0.11298395693302155,922.9561157226562,119.78439331054688,0.8461169004440308,882.460205078125,112.70860290527344,0.8203544020652771,858.6693115234375,495.20965576171875,0.9530053734779358,756.9776000976562,458.0184631347656,0.9335089921951294,999.8883056640625,826.9573974609375,0.9376668930053711,997.3434448242188,717.9044189453125,0.9279676675796509
609,20300,773.6083374023438,77.28868103027344,0.00197200826369226,776.8087158203125,57.501800537109375,0.002789729740470648,776.3190307617188,72.99632263183594,0.001280269119888544,805.2967529296875,42.44389343261719,0.023703861981630325,805.0552978515625,68.57369232177734,0.005267596337944269,836.351806640625,1.2856521606445312,0.022544823586940765,834.3637084960938,0.0,0.03218945115804672,812.2515258789062,45.773529052734375,0.040252815932035446,884.518798828125,53.07252502441406,0.07071391493082047,832.308837890625,142.65345764160156,0.024873629212379456,879.1051025390625,140.612548828125,0.036043744534254074,930.2191772460938,121.07872009277344,0.8685517907142639,894.8785400390625,121.21517944335938,0.8879668712615967,904.1881713867188,483.19915771484375,0.9683383703231812,754.3873291015625,438.0344543457031,0.9667589664459229,1054.2066650390625,833.8619384765625,0.9577664732933044,917.4505615234375,734.0753173828125,0.9626054763793945
610,20333,779.4276123046875,74.59368896484375,0.0028477231971919537,782.8884887695312,55.61286163330078,0.0037527598906308413,781.6754760742188,69.4518814086914,0.0020327565725892782,809.1321411132812,41.62083435058594,0.02234308421611786,805.79541015625,65.12303924560547,0.006628726609051228,837.9635009765625,0.6292190551757812,0.020549850538372993,831.1265869140625,0.0,0.03254329413175583,807.5206298828125,43.15308380126953,0.03498805686831474,891.7689208984375,43.697914123535156,0.07245391607284546,833.9564208984375,128.8944091796875,0.023261580616235733,914.2073974609375,117.5910415649414,0.03748578950762749,925.885986328125,109.4915771484375,0.8449460864067078,881.2239990234375,112.89827728271484,0.8740799427032471,930.4823608398438,471.43670654296875,0.9641594886779785,758.0248413085938,434.4980163574219,0.9651345610618591,1091.64990234375,816.2640380859375,0.9546974897384644,863.652099609375,747.2237548828125,0.9620580077171326
611,20366,784.782958984375,80.2155990600586,0.004152584355324507,786.8045654296875,59.297584533691406,0.005014077294617891,787.3991088867188,72.91490936279297,0.00307389791123569,810.0142822265625,48.624664306640625,0.019765332341194153,814.0355224609375,71.37376403808594,0.007492911536246538,829.25927734375,9.530158996582031,0.017159273847937584,849.5134887695312,7.159812927246094,0.02918103151023388,789.2325439453125,56.47906494140625,0.03227229416370392,921.69384765625,44.394744873046875,0.07467670738697052,805.321533203125,126.23295593261719,0.026934202760457993,948.7890625,97.85504150390625,0.04642363637685776,917.4873657226562,86.1767807006836,0.8008992075920105,884.2332153320312,92.56848907470703,0.8433117270469666,948.821044921875,464.98004150390625,0.958885669708252,775.2698974609375,439.80523681640625,0.9629630446434021,1128.3870849609375,797.9066162109375,0.9494335651397705,811.484619140625,778.752685546875,0.9591275453567505
612,20400,826.9147338867188,91.88903045654297,0.003545807208865881,828.4180908203125,72.7079086303711,0.004428111016750336,820.9424438476562,81.10537719726562,0.0020662948954850435,854.8824462890625,59.21415710449219,0.01068883016705513,834.00439453125,73.19922637939453,0.0025984961539506912,861.6293334960938,36.268890380859375,0.011355020105838776,860.3795166015625,21.82269287109375,0.008545991033315659,819.8405151367188,89.14883422851562,0.04113887995481491,888.7604370117188,92.05746459960938,0.03448765352368355,813.037353515625,140.23077392578125,0.04586908221244812,859.650146484375,159.771240234375,0.036992866545915604,908.0357666015625,80.69389343261719,0.8155988454818726,865.7045288085938,77.18087768554688,0.7943727374076843,942.7261962890625,462.4681396484375,0.9782981276512146,796.0169677734375,443.6534118652344,0.9721400141716003,1160.4013671875,778.0499877929688,0.9846012592315674,782.2381591796875,800.9826049804688,0.9833283424377441
613,20433,818.943603515625,87.0941390991211,0.0033587387297302485,819.822021484375,68.39822387695312,0.004404844716191292,813.73974609375,77.93142700195312,0.0019038515165448189,845.5228271484375,56.82838439941406,0.009793799370527267,832.626708984375,72.16438293457031,0.002175567438825965,847.4482421875,27.61029052734375,0.009337942115962505,869.1265869140625,12.686508178710938,0.005943418480455875,788.8561401367188,75.95132446289062,0.04095087945461273,889.4765625,81.04074096679688,0.02685019187629223,756.916015625,128.53509521484375,0.050319068133831024,851.645751953125,135.5943603515625,0.03417551517486572,901.0259399414062,66.13206481933594,0.7763757705688477,874.7479858398438,63.94871520996094,0.7363952398300171,914.9231567382812,457.36688232421875,0.9748744964599609,799.875244140625,446.2232666015625,0.965613842010498,1165.6568603515625,755.5159301757812,0.9835800528526306,797.84619140625,802.3375854492188,0.9809184074401855
614,20466,827.3119506835938,90.1446533203125,0.0037775214295834303,827.8705444335938,73.93112182617188,0.004660479724407196,819.3204956054688,82.8922119140625,0.002166451420634985,845.9989624023438,60.899757385253906,0.007263757288455963,825.8241577148438,76.35198211669922,0.0017870644805952907,837.3953247070312,27.332061767578125,0.006642254069447517,853.7579956054688,13.58551025390625,0.0048701525665819645,802.2343139648438,61.757904052734375,0.03943373262882233,822.7951049804688,70.11996459960938,0.029360011219978333,769.83984375,125.26506042480469,0.06191638484597206,773.738525390625,117.22412109375,0.0490482896566391,887.9048461914062,69.75306701660156,0.7629751563072205,871.7704467773438,72.6939697265625,0.7269918322563171,876.0068359375,467.93463134765625,0.9739795327186584,816.5751342773438,470.4773254394531,0.9656757712364197,1167.90380859375,737.461181640625,0.9841099977493286,839.3298950195312,809.9627075195312,0.9814239144325256
615,20500,827.9199829101562,90.6774673461914,0.003003133460879326,827.1354370117188,76.06880950927734,0.0035317856818437576,821.6002807617188,86.36835479736328,0.0018171810079365969,840.6646728515625,60.22361755371094,0.00876817386597395,834.6861572265625,78.28848266601562,0.002322833053767681,820.9927978515625,23.252609252929688,0.008942720480263233,874.7733764648438,8.477554321289062,0.008175337687134743,795.6828002929688,63.95942687988281,0.03946268558502197,822.9111328125,78.98043823242188,0.03925400972366333,781.7794799804688,142.576171875,0.04731494560837746,759.7939453125,152.62303161621094,0.04871172457933426,872.0299072265625,85.3758544921875,0.8078429698944092,889.4273071289062,89.98008728027344,0.7925971150398254,853.1512451171875,482.45086669921875,0.972367525100708,839.3597412109375,498.2864685058594,0.967587947845459,1156.8983154296875,730.008544921875,0.9816939234733582,869.1015014648438,824.3380737304688,0.979483962059021
616,20533,828.603515625,89.77391052246094,0.002361755119636655,823.7887573242188,76.10131072998047,0.00265305582433939,825.4647216796875,87.3028793334961,0.0014782651560381055,832.4063110351562,59.094268798828125,0.012934607453644276,855.9649658203125,77.69013977050781,0.003872253466397524,806.8248291015625,21.925918579101562,0.018406277522444725,920.2731323242188,2.2147064208984375,0.018949178978800774,789.5497436523438,56.13514709472656,0.05212954059243202,858.4202270507812,72.39724731445312,0.06143767759203911,787.30029296875,138.47296142578125,0.04091209918260574,791.4263305664062,128.11679077148438,0.04982525110244751,873.16357421875,104.07966613769531,0.8732123374938965,937.7078247070312,103.98472595214844,0.8699880242347717,815.1240844726562,486.3615417480469,0.9737764596939087,840.075439453125,498.9136047363281,0.9727125763893127,1112.0655517578125,711.1697387695312,0.9814043045043945,902.729248046875,837.5256958007812,0.9798612594604492
617,20566,779.9462280273438,92.22777557373047,0.0018208035035058856,776.2813720703125,75.15076446533203,0.0022150299046188593,780.306884765625,90.35295867919922,0.0011504029389470816,796.1146240234375,57.254150390625,0.017636315897107124,832.96142578125,81.1076431274414,0.0051681892946362495,787.1036376953125,17.449630737304688,0.019923504441976547,924.4993286132812,2.7484359741210938,0.027970248833298683,808.9669799804688,53.034759521484375,0.039011403918266296,908.96142578125,72.81502532958984,0.07181346416473389,848.6824951171875,154.54595947265625,0.02521989680826664,888.8270874023438,149.46885681152344,0.03977541998028755,875.0457153320312,117.19441223144531,0.8824180364608765,960.7578735351562,119.72962188720703,0.8999509215354919,791.72021484375,478.8034362792969,0.9745050668716431,853.3109130859375,490.9809265136719,0.9779090881347656,1050.6248779296875,707.2128295898438,0.9794178605079651,919.0324096679688,832.41943359375,0.9801242351531982
618,20600,768.812255859375,90.13652801513672,0.0015194034203886986,768.0573120117188,72.04527282714844,0.002020959509536624,767.7425537109375,91.00886535644531,0.0008928787428885698,795.768310546875,53.174468994140625,0.022797642275691032,817.5990600585938,83.5257339477539,0.0050666979514062405,795.66357421875,8.948707580566406,0.025670981034636497,908.1769409179688,1.4204635620117188,0.028748897835612297,810.8336791992188,49.013877868652344,0.04533422738313675,906.0901489257812,74.63275909423828,0.06001822277903557,839.3815307617188,165.57211303710938,0.027161359786987305,865.043701171875,165.98876953125,0.032466184347867966,882.384033203125,102.29869079589844,0.8557854890823364,960.4475708007812,104.08589172363281,0.8642618656158447,772.9530639648438,469.5721740722656,0.9620549082756042,885.2523193359375,485.6813049316406,0.9622491598129272,997.0431518554688,742.56591796875,0.9613508582115173,985.8366088867188,806.6466064453125,0.9601219892501831
619,20633,761.4476928710938,82.59342956542969,0.0015615209704264998,758.8218383789062,64.81571960449219,0.002000583568587899,765.0014038085938,81.7401123046875,0.0008995291427709162,784.1234130859375,48.03080749511719,0.023071840405464172,828.3849487304688,73.5311508178711,0.005450476426631212,789.158203125,12.519973754882812,0.024272482842206955,926.341796875,4.4049224853515625,0.031456246972084045,804.8069458007812,56.423927307128906,0.04020802676677704,933.1226806640625,74.58544921875,0.063754603266716,829.300048828125,161.0475311279297,0.02703859657049179,867.41162109375,164.10406494140625,0.03778272867202759,881.2537231445312,111.10134887695312,0.8717440962791443,981.1087646484375,107.74159240722656,0.8876137137413025,755.5922241210938,462.215087890625,0.9749765992164612,910.2562866210938,471.9660949707031,0.9766522645950317,937.6329345703125,781.458984375,0.9768530130386353,1036.342529296875,817.959228515625,0.9772680401802063
620,20666,809.84716796875,87.83191680908203,0.005586117040365934,809.4346313476562,61.84543991088867,0.0076868608593940735,815.4966430664062,80.82257080078125,0.0036812571343034506,829.8696899414062,45.35188293457031,0.045091211795806885,871.3084716796875,74.42134094238281,0.01014923956245184,820.85009765625,2.973907470703125,0.05301791429519653,939.5553588867188,10.659942626953125,0.02828628569841385,816.9578857421875,57.403953552246094,0.07147792726755142,927.5117797851562,72.51734161376953,0.04285193979740143,840.5211181640625,160.3784637451172,0.053156252950429916,879.6649169921875,171.1234130859375,0.03949926793575287,894.0476684570312,107.214111328125,0.8413967490196228,985.8768310546875,111.33531188964844,0.794983983039856,740.600830078125,436.9864501953125,0.9650071263313293,923.6723022460938,459.3921203613281,0.9515419006347656,873.9797973632812,795.9584350585938,0.9611313939094543,1077.5380859375,803.3076782226562,0.9514754414558411
621,20700,816.9467163085938,86.43409729003906,0.007774413097649813,817.2271728515625,55.663970947265625,0.009581433609127998,818.83740234375,75.84258270263672,0.004980124067515135,838.8462524414062,40.944671630859375,0.036087699234485626,867.6952514648438,73.66175842285156,0.00956785399466753,830.9374389648438,0.9018173217773438,0.04133676737546921,931.53369140625,13.260955810546875,0.02360769920051098,826.1127319335938,62.27776336669922,0.06804995983839035,897.4612426757812,73.59674835205078,0.0443296805024147,845.4722900390625,154.24346923828125,0.07079778611660004,841.6543579101562,161.24923706054688,0.056159649044275284,894.3993530273438,90.35980224609375,0.8213464617729187,980.1290283203125,96.01657104492188,0.773415744304657,758.4164428710938,438.92156982421875,0.9706122875213623,945.8726806640625,451.8448181152344,0.9574002623558044,806.0484008789062,817.6884155273438,0.9654392600059509,1112.0811767578125,779.899658203125,0.9567133188247681
622,20733,822.0626220703125,91.60331726074219,0.0029948598239570856,819.5973510742188,67.51403045654297,0.0035298364236950874,818.6283569335938,79.82180786132812,0.001523490296676755,838.9061279296875,51.9422607421875,0.012903710827231407,860.0824584960938,72.2695083618164,0.0030689702834933996,838.999755859375,21.7467041015625,0.01565847359597683,915.5621337890625,16.015777587890625,0.008921723812818527,834.6727905273438,77.07710266113281,0.0547163188457489,910.3674926757812,67.59571838378906,0.03227769210934639,851.4089965820312,127.21357727050781,0.08159588277339935,838.2968139648438,115.27359008789062,0.05570262670516968,886.7413330078125,69.11416625976562,0.8056821823120117,952.29443359375,67.71821594238281,0.7477635145187378,790.5516357421875,435.790283203125,0.9810769557952881,948.4563598632812,451.431640625,0.9698538184165955,784.9682006835938,830.3624267578125,0.9857292175292969,1133.0479736328125,760.8658447265625,0.9800910353660583
623,20766,815.9586181640625,92.88198852539062,0.0029169146437197924,816.0220336914062,68.92742156982422,0.0036598898004740477,811.35302734375,81.58289337158203,0.0014736017910763621,841.7760009765625,52.730621337890625,0.014336671680212021,848.4346313476562,73.68729400634766,0.0029985597357153893,844.4203491210938,14.594284057617188,0.016536874696612358,895.459716796875,10.187026977539062,0.009632714092731476,837.7763671875,64.6087646484375,0.053746387362480164,891.9646606445312,65.58247375488281,0.033210061490535736,851.5704956054688,121.74591064453125,0.07303990423679352,833.2806396484375,116.85932922363281,0.05248584225773811,897.7418212890625,67.14083862304688,0.8177427053451538,944.4873657226562,66.63999938964844,0.7660480737686157,795.3226928710938,439.0490417480469,0.9805371165275574,927.475341796875,449.3331604003906,0.9698194861412048,787.3848266601562,814.2396240234375,0.9853402972221375,1142.2998046875,748.1002807617188,0.9799053072929382
624,20800,816.6912841796875,88.20606994628906,0.002583256922662258,815.0592651367188,64.59574127197266,0.003495774231851101,814.1162719726562,77.42912292480469,0.0013036633608862758,837.2598266601562,49.42364501953125,0.012541808187961578,849.6630249023438,72.12034606933594,0.0023558158427476883,839.9505615234375,16.397552490234375,0.012823447585105896,895.9343872070312,7.765777587890625,0.006453413516283035,835.8571166992188,68.490234375,0.049153514206409454,906.6873779296875,70.12939453125,0.024574441835284233,835.6353759765625,120.54176330566406,0.06960202753543854,843.56640625,120.01643371582031,0.04309668019413948,893.427978515625,72.31159973144531,0.8043007850646973,933.680419921875,72.11549377441406,0.7308929562568665,811.7418823242188,450.14080810546875,0.9820994138717651,901.656005859375,464.6702575683594,0.9680221676826477,827.8789672851562,844.9998779296875,0.9878491759300232,1139.152587890625,727.8139038085938,0.9815422892570496
625,20833,811.0089721679688,86.43154907226562,0.0017838920466601849,809.5225219726562,65.2595443725586,0.002503572730347514,812.1513671875,78.35309600830078,0.0009883076418191195,833.5496215820312,46.663787841796875,0.014876681379973888,851.040771484375,69.33757781982422,0.0027723440434783697,836.40966796875,14.213104248046875,0.01456945575773716,891.6539306640625,0.0,0.010247624479234219,818.5999145507812,67.73094177246094,0.03950032591819763,899.8781127929688,68.88688659667969,0.031240927055478096,818.8733520507812,124.89894104003906,0.03904321789741516,844.0221557617188,118.41421508789062,0.03544424846768379,890.4946899414062,90.31878662109375,0.8382015824317932,924.1373901367188,87.95411682128906,0.8028111457824707,818.4741821289062,466.3531494140625,0.9811665415763855,875.83447265625,475.2186584472656,0.971143901348114,863.1236572265625,844.8253784179688,0.9867005944252014,1119.99169921875,714.5599975585938,0.9820271134376526
626,20866,810.8551025390625,81.9715347290039,0.002125285565853119,811.2254028320312,64.29798889160156,0.0028196603525429964,809.670654296875,76.3253402709961,0.001136956037953496,835.0354614257812,44.40948486328125,0.015164759010076523,835.8121948242188,65.41976165771484,0.00300810020416975,844.6572875976562,11.958663940429688,0.020779985934495926,866.4332885742188,0.0,0.013318972662091255,836.6532592773438,68.27925109863281,0.062248870730400085,870.2188720703125,69.66146850585938,0.04128846153616905,833.8211669921875,141.63002014160156,0.058515362441539764,819.2726440429688,136.00978088378906,0.045301035046577454,905.619384765625,109.69514465332031,0.8842006921768188,915.6024780273438,106.48539733886719,0.8506511449813843,823.2951049804688,482.5190734863281,0.9835928678512573,857.8627319335938,483.93878173828125,0.9730241894721985,923.259033203125,848.4812622070312,0.9864321351051331,1092.0052490234375,705.6904907226562,0.9815238118171692
627,20900,783.3411254882812,68.78860473632812,0.0030142057221382856,785.7819213867188,48.76007080078125,0.002913419157266617,780.5762329101562,66.34904479980469,0.0014903232222422957,815.9132690429688,30.36243438720703,0.009365264326334,795.9306030273438,63.78728485107422,0.0025767781771719456,843.898681640625,3.51123046875,0.010129512287676334,825.3109130859375,0.0,0.02757756970822811,838.8689575195312,56.659332275390625,0.05170460417866707,855.863525390625,54.468955993652344,0.1764637976884842,828.0614013671875,125.97537231445312,0.09096746891736984,815.8978271484375,117.01473999023438,0.22453871369361877,916.3677978515625,118.59416198730469,0.8499204516410828,885.9801635742188,113.46601867675781,0.8951711654663086,837.3284912109375,501.7846984863281,0.9728075265884399,790.2586669921875,467.5549011230469,0.9753797054290771,975.4462280273438,852.9816284179688,0.9660601019859314,1054.831787109375,691.811279296875,0.9706845283508301
628,20933,759.3164672851562,62.82433319091797,0.0012571614934131503,763.4896850585938,43.94359588623047,0.0018302639946341515,760.0758056640625,61.33259582519531,0.0005979981506243348,805.4326782226562,29.967864990234375,0.020955728366971016,792.3706665039062,60.84466552734375,0.0025734517257660627,833.9887084960938,1.0763168334960938,0.02036420628428459,826.5069580078125,0.0,0.024788370355963707,788.0244750976562,28.005523681640625,0.05202668532729149,847.8311157226562,51.27827453613281,0.07250803709030151,817.0625610351562,93.40564727783203,0.03782742843031883,814.7327880859375,124.00845336914062,0.04776851460337639,916.3667602539062,125.61259460449219,0.8416154980659485,885.746337890625,120.53091430664062,0.8513220548629761,863.781982421875,499.0198059082031,0.9553730487823486,772.3412475585938,456.1148376464844,0.9467220902442932,983.8809814453125,846.806396484375,0.9371715784072876,1001.823486328125,687.9856567382812,0.9378108978271484
629,20966,802.917724609375,87.20585632324219,0.001772440504282713,805.0537719726562,65.68164825439453,0.0025690491311252117,796.4163818359375,80.7432861328125,0.000812493497505784,839.2328491210938,45.690216064453125,0.01811051554977894,813.650634765625,73.50432586669922,0.0021278923377394676,860.8700561523438,14.91778564453125,0.02517489530146122,841.932373046875,3.7231292724609375,0.015978116542100906,826.3572387695312,60.85894775390625,0.07935991138219833,874.1019287109375,76.38130187988281,0.054657675325870514,813.712890625,138.0263671875,0.06230102851986885,819.785400390625,145.55941772460938,0.046671558171510696,924.9818115234375,116.5184326171875,0.8981103897094727,877.2118530273438,108.72688293457031,0.8751112222671509,910.4218139648438,504.1546325683594,0.9798102378845215,750.1981201171875,446.85516357421875,0.9695162177085876,1062.5418701171875,839.0736694335938,0.9782842993736267,951.0678100585938,724.3079833984375,0.9754623174667358
630,21000,779.86181640625,78.34204864501953,0.0029360696207731962,782.9968872070312,57.63111877441406,0.0038678806740790606,781.566162109375,73.63346862792969,0.001985592069104314,814.3359375,42.721092224121094,0.022053705528378487,808.3196411132812,70.88227844238281,0.006018211133778095,849.30615234375,3.8264923095703125,0.020227879285812378,832.3129272460938,0.951873779296875,0.03567082807421684,823.1435546875,42.042022705078125,0.0375419519841671,873.1417846679688,43.191307067871094,0.08478707820177078,841.41015625,128.7845001220703,0.02648393251001835,859.7801513671875,124.09378051757812,0.047484736889600754,930.747314453125,112.93700408935547,0.8567070364952087,882.4530029296875,115.31387329101562,0.8877761363983154,935.7593994140625,478.6958312988281,0.9661347270011902,756.0634765625,438.8075256347656,0.9674403071403503,1098.7047119140625,831.9677734375,0.9543885588645935,902.3309326171875,738.7709350585938,0.9621564149856567
631,21033,791.8434448242188,80.6846694946289,0.0023591613862663507,793.8508911132812,58.0616455078125,0.003003333229571581,792.8701171875,71.68125915527344,0.00143620150629431,823.1863403320312,44.74200439453125,0.016873981803655624,821.0172729492188,69.10450744628906,0.004082757513970137,845.2604370117188,12.297477722167969,0.01452463399618864,855.3336791992188,5.336677551269531,0.024889804422855377,800.653564453125,58.1414794921875,0.0318562313914299,922.7435302734375,59.29547882080078,0.07421302050352097,806.5936889648438,126.30919647216797,0.02483958564698696,912.9387817382812,114.16493225097656,0.04438314214348793,915.4867553710938,101.10443115234375,0.8484213948249817,876.532470703125,104.11308288574219,0.881597101688385,953.749755859375,471.1142578125,0.9718344807624817,766.0670776367188,439.82000732421875,0.9741161465644836,1128.0751953125,810.7223510742188,0.9709205627441406,851.4699096679688,772.2236938476562,0.9764949083328247
632,21066,823.7210083007812,97.13838958740234,0.0032082819379866123,824.83154296875,76.27393341064453,0.004003106150776148,818.8361206054688,86.27037048339844,0.0017795125022530556,853.0587158203125,62.08836364746094,0.010744473896920681,836.8427734375,79.13003540039062,0.002429288811981678,864.0062866210938,34.04786682128906,0.012459981255233288,868.8433837890625,18.376373291015625,0.009763565845787525,828.3722534179688,76.15333557128906,0.04810198023915291,901.7313232421875,72.09251403808594,0.04328983277082443,832.720703125,113.54319763183594,0.0522150993347168,853.6632080078125,107.3851318359375,0.045157141983509064,920.9144897460938,79.3802490234375,0.8386659026145935,880.0690307617188,76.61100769042969,0.8224456906318665,966.0709228515625,467.05938720703125,0.9795499444007874,792.3302001953125,445.5425109863281,0.9743461608886719,1165.4190673828125,789.737548828125,0.984330952167511,809.8423461914062,810.6217041015625,0.9832412004470825
633,21100,820.6506958007812,90.31301879882812,0.0037374028470367193,822.67822265625,69.71502685546875,0.00497781578451395,814.2744140625,78.84880828857422,0.0021268052514642477,851.3162841796875,58.113189697265625,0.010316013358533382,828.2442626953125,73.44149780273438,0.002232316881418228,862.4210815429688,33.69685363769531,0.009405145421624184,857.0883178710938,18.47589111328125,0.006514099892228842,824.51318359375,82.8013916015625,0.037307437509298325,909.4612426757812,80.28433227539062,0.029394594952464104,824.417236328125,129.5291290283203,0.04573237895965576,896.3194580078125,125.25979614257812,0.035104185342788696,916.9940185546875,69.57037353515625,0.7955535650253296,869.6880493164062,70.05075073242188,0.7670440673828125,950.80224609375,461.08367919921875,0.9781246185302734,802.7567138671875,450.7828674316406,0.9713264107704163,1186.337890625,768.0347900390625,0.9857708215713501,812.0780639648438,806.3812866210938,0.98410564661026
634,21133,822.8478393554688,91.0627212524414,0.0034406583290547132,822.6483764648438,71.78073120117188,0.004788124468177557,816.807373046875,81.40052032470703,0.0019616475328803062,846.91357421875,60.13867950439453,0.008703498169779778,834.7178344726562,76.37496185302734,0.00176426547113806,849.1477661132812,29.744476318359375,0.006571047008037567,869.6351318359375,16.142074584960938,0.004358924925327301,816.25634765625,62.08323669433594,0.03222999721765518,892.89794921875,71.17076110839844,0.022933263331651688,814.3955078125,121.89596557617188,0.045772284269332886,854.0804443359375,122.02963256835938,0.03323109447956085,905.0432739257812,61.804229736328125,0.7531201243400574,881.734130859375,64.31803894042969,0.7135424017906189,913.0764770507812,464.8097839355469,0.9752124547958374,817.3441772460938,459.9756774902344,0.967010498046875,1192.49609375,748.44580078125,0.9856699109077454,842.4562377929688,816.4434814453125,0.9834107756614685
635,21166,825.7906494140625,87.02913665771484,0.0028290164191275835,826.8964233398438,70.05333709716797,0.003818471683189273,817.7228393554688,79.32341766357422,0.0017404912505298853,847.3077392578125,57.83821105957031,0.008977063000202179,828.6815185546875,73.18883514404297,0.002015981823205948,839.2483520507812,23.95697021484375,0.007002259138971567,862.1737670898438,8.701400756835938,0.005709094926714897,823.5375366210938,63.712371826171875,0.028499029576778412,835.8823852539062,79.45582580566406,0.02553217113018036,814.1874389648438,140.8433074951172,0.03411397337913513,789.6304931640625,156.6562042236328,0.031212761998176575,894.709228515625,62.22523498535156,0.7727876901626587,887.3814697265625,66.59202575683594,0.7512375116348267,879.636474609375,476.8584899902344,0.9723485112190247,838.1385498046875,480.8385314941406,0.9667079448699951,1187.858642578125,734.8511352539062,0.9832472205162048,876.96923828125,828.0023803710938,0.9814198613166809
636,21200,818.3883056640625,84.82955932617188,0.001677111373282969,816.782470703125,69.73741149902344,0.0023908766452223063,815.9097290039062,81.69296264648438,0.0011595864780247211,830.4417114257812,55.86680603027344,0.013049635104835033,839.1513671875,75.85665893554688,0.002810767851769924,812.0697021484375,19.098289489746094,0.009474670514464378,893.4750366210938,0.0,0.011568548157811165,806.637451171875,58.434906005859375,0.024253103882074356,847.3028564453125,67.10538482666016,0.03919538855552673,818.0147094726562,155.20030212402344,0.01831633411347866,803.7383422851562,158.12567138671875,0.02912607602775097,888.5052490234375,96.35774230957031,0.83021080493927,928.3656005859375,100.63407897949219,0.8431396484375,848.985595703125,483.61407470703125,0.9687564969062805,851.7890625,494.6933898925781,0.9706594944000244,1160.3341064453125,722.7719116210938,0.9786105751991272,911.143798828125,840.876708984375,0.9788306355476379
637,21233,830.4066162109375,99.64778137207031,0.0026071176398545504,823.9954833984375,85.37157440185547,0.002571410732343793,826.8543090820312,96.96080017089844,0.0015853748191148043,832.7662353515625,66.07809448242188,0.011966295540332794,867.4326782226562,83.57020568847656,0.004305951297283173,804.9369506835938,29.853057861328125,0.018850326538085938,955.67138671875,4.82208251953125,0.026920508593320847,805.9722900390625,64.82936096191406,0.05627957358956337,867.7003784179688,81.44902038574219,0.09584591537714005,791.2161865234375,156.8177490234375,0.049338482320308685,777.4189453125,151.01976013183594,0.08250343054533005,881.1132202148438,106.327880859375,0.8858897686004639,981.7088012695312,102.58071899414062,0.8979158401489258,804.9651489257812,484.6697692871094,0.9757505059242249,872.7977294921875,499.8167724609375,0.9783840179443359,1107.3157958984375,697.8228149414062,0.9826714396476746,941.5349731445312,842.8427734375,0.9825417995452881
638,21266,800.7140502929688,93.70555114746094,0.00217375042848289,798.388916015625,75.21849060058594,0.0029786243103444576,799.8246459960938,93.10757446289062,0.0012752769980579615,818.3049926757812,53.671142578125,0.024119345471262932,841.4806518554688,83.06382751464844,0.004698107019066811,804.9961547851562,14.952323913574219,0.028627637773752213,923.1181640625,1.9296798706054688,0.023322761058807373,811.0399169921875,60.11876678466797,0.061250995844602585,894.6242065429688,74.45773315429688,0.054478488862514496,817.4765625,159.29356384277344,0.04218963533639908,827.911376953125,163.3341064453125,0.04053209349513054,889.8088989257812,107.16009521484375,0.8407750725746155,973.4334106445312,105.44265747070312,0.8257790803909302,768.88134765625,477.1707763671875,0.9531638026237488,886.003662109375,486.72979736328125,0.9465765953063965,1052.5244140625,740.37890625,0.9536705017089844,1021.8198852539062,796.5401000976562,0.9479827880859375
639,21300,771.7057495117188,83.90959167480469,0.0016946112737059593,769.3543090820312,64.40121459960938,0.002201348775997758,773.7752075195312,83.16128540039062,0.0009264876134693623,797.928466796875,46.80619812011719,0.02100265957415104,835.2279052734375,76.2366943359375,0.004618180450052023,800.2456665039062,6.527618408203125,0.021585583686828613,934.5203857421875,0.0,0.025906650349497795,813.5200805664062,46.626800537109375,0.04395418241620064,933.4541015625,71.47901916503906,0.06032728776335716,840.6249389648438,152.96495056152344,0.032467398792505264,871.7450561523438,160.7752227783203,0.03944677114486694,897.4658203125,102.77604675292969,0.8492966890335083,990.9419555664062,101.86459350585938,0.862159252166748,773.7174682617188,471.1628723144531,0.9688113331794739,903.7771606445312,478.50714111328125,0.9693518280982971,990.6134643554688,767.0286254882812,0.9695483446121216,1039.2913818359375,814.80908203125,0.9689342975616455
640,21333,810.2596435546875,92.84758758544922,0.006507271435111761,811.703857421875,65.95669555664062,0.009017786011099815,812.3271484375,85.34761047363281,0.0042505343444645405,835.6920776367188,47.23626708984375,0.04013524577021599,860.816162109375,77.61266326904297,0.00885913334786892,829.8274536132812,8.586685180664062,0.0407559871673584,923.6365356445312,17.616188049316406,0.02481827698647976,826.6074829101562,59.847084045410156,0.06485095620155334,885.0978393554688,78.10453033447266,0.04337196797132492,836.8015747070312,160.0190887451172,0.05790698528289795,818.4097290039062,179.4909210205078,0.0463736392557621,906.7764282226562,106.43595886230469,0.7927284240722656,983.1420288085938,110.66281127929688,0.7498432993888855,751.928466796875,445.9112854003906,0.9511335492134094,927.6119384765625,468.2091064453125,0.9366843700408936,947.1365356445312,789.595703125,0.9460535049438477,1084.762939453125,806.232666015625,0.9358358383178711
641,21366,811.7208251953125,85.70418548583984,0.002647376386448741,807.235107421875,65.3052749633789,0.003135816426947713,811.9780883789062,79.51487731933594,0.0013826221693307161,827.927001953125,48.7891845703125,0.015616986900568008,867.778076171875,70.99747467041016,0.0037438655272126198,826.2936401367188,15.952651977539062,0.020130593329668045,937.2052612304688,9.429885864257812,0.013372279703617096,827.042724609375,68.1243896484375,0.05616851523518562,933.7871704101562,69.73146057128906,0.03963879123330116,850.2958374023438,133.79869079589844,0.06580426543951035,871.6421508789062,134.32644653320312,0.051241468638181686,889.4039306640625,84.33366394042969,0.8502456545829773,978.627685546875,82.75035095214844,0.81527179479599,774.1988525390625,438.24383544921875,0.9828858375549316,961.6654052734375,467.275634765625,0.9758827090263367,850.916015625,824.78759765625,0.9874904751777649,1127.7138671875,795.2545166015625,0.9835439324378967
642,21400,791.00244140625,83.06096649169922,0.0034299299586564302,792.514404296875,58.44770050048828,0.004335479345172644,795.4017944335938,76.5919189453125,0.0017974626971408725,814.2703857421875,40.292633056640625,0.019392497837543488,843.3558349609375,69.4809341430664,0.004263605922460556,821.8245849609375,0.0,0.016235459595918655,904.0616455078125,0.0,0.01732710190117359,821.9344482421875,47.06584167480469,0.050660669803619385,861.0410766601562,58.63776397705078,0.05353309214115143,820.5440063476562,147.46322631835938,0.07319539785385132,762.55908203125,151.29922485351562,0.07409267872571945,900.8204956054688,76.00685119628906,0.7864876389503479,978.5567016601562,76.6530990600586,0.7845545411109924,781.636474609375,454.161376953125,0.9693471193313599,960.429931640625,451.52032470703125,0.964278519153595,793.7618408203125,834.54638671875,0.9618728756904602,1170.128173828125,771.6608276367188,0.9575240612030029
643,21433,820.4635620117188,87.48307800292969,0.003189676906913519,820.0770874023438,64.13580322265625,0.003811039961874485,816.8523559570312,74.90782928466797,0.0014949127798900008,843.0510864257812,49.64556884765625,0.01212841086089611,852.9027099609375,67.38427734375,0.002496227854862809,849.7479858398438,19.556350708007812,0.014747134409844875,894.2722778320312,14.16082763671875,0.007930543273687363,838.2169189453125,74.66688537597656,0.06137329339981079,866.5245361328125,70.01124572753906,0.03196261078119278,839.6461181640625,123.21116638183594,0.10033708065748215,784.7304077148438,121.39443969726562,0.06364667415618896,900.0592041015625,65.88066101074219,0.8255755305290222,946.1715698242188,65.05197143554688,0.7638555765151978,806.9251098632812,444.0332336425781,0.9846276640892029,957.5861206054688,457.0290832519531,0.9738104939460754,787.2251586914062,839.3216552734375,0.9878745675086975,1171.7032470703125,752.7511596679688,0.9823992252349854
644,21466,808.0770874023438,88.8519058227539,0.0030659050680696964,810.4747924804688,65.65516662597656,0.0037297955714166164,802.7158813476562,79.21202087402344,0.0015527360374107957,839.4754028320312,49.34349060058594,0.012564639560878277,832.0742797851562,72.64984130859375,0.0026999791152775288,845.9991455078125,6.7614898681640625,0.013146716170012951,869.8868408203125,5.302459716796875,0.010180131532251835,829.89794921875,56.05064392089844,0.04672274738550186,843.7857666015625,68.6561279296875,0.03964805230498314,835.7860107421875,116.8927001953125,0.06940755248069763,771.6493530273438,136.64804077148438,0.06697575747966766,910.4285888671875,61.660308837890625,0.8171238303184509,938.9189453125,64.96623229980469,0.7854820489883423,805.3679809570312,441.6574401855469,0.9811220169067383,927.4431762695312,462.0850830078125,0.9726094603538513,806.9890747070312,825.8624877929688,0.9857929348945618,1168.724365234375,739.1754150390625,0.9810815453529358
645,21500,782.1959838867188,82.22172546386719,0.004292153753340244,784.064453125,55.49315643310547,0.005698256194591522,786.4354858398438,75.17288208007812,0.002594707300886512,804.7125244140625,39.29894256591797,0.020221365615725517,825.5999145507812,72.14541625976562,0.005404341500252485,809.5516357421875,0.0,0.015361158177256584,878.5142211914062,0.0,0.016459062695503235,821.9553833007812,44.16112518310547,0.043760862201452255,870.91650390625,57.00801086425781,0.04647834599018097,833.8907470703125,139.60780334472656,0.06021317094564438,803.165771484375,139.2066650390625,0.0621592178940773,905.0772094726562,72.75908660888672,0.7800729274749756,958.7432250976562,75.17932891845703,0.771318256855011,814.7109375,467.0497741699219,0.9703049063682556,901.582275390625,462.9478454589844,0.9618678092956543,841.7974243164062,856.4326782226562,0.9670947790145874,1166.6075439453125,723.1909790039062,0.9606300592422485
646,21533,816.2988891601562,78.10176086425781,0.0019341605948284268,818.9114379882812,60.07740783691406,0.0026107286103069782,813.3220825195312,71.70325469970703,0.0009539524908177555,847.3572387695312,41.75770568847656,0.013568267226219177,834.4903564453125,62.29554748535156,0.0022944030351936817,861.547119140625,8.135421752929688,0.018533574417233467,856.3320922851562,0.0,0.010974856093525887,850.0872802734375,62.59584045410156,0.0648966133594513,852.3214111328125,64.62226867675781,0.03892667964100838,832.5331420898438,134.16883850097656,0.0669841319322586,796.4454956054688,134.4081573486328,0.04886467009782791,909.1986694335938,95.12095642089844,0.8865661025047302,904.8109741210938,92.84934997558594,0.8473830223083496,824.1372680664062,477.799560546875,0.9848508834838867,866.1466064453125,486.1194763183594,0.9741541743278503,901.8076782226562,854.6561279296875,0.9872172474861145,1122.3468017578125,720.2136840820312,0.9817163348197937
647,21566,815.5078735351562,77.53610229492188,0.002714450703933835,818.1162109375,61.534515380859375,0.0031569923739880323,811.144775390625,73.09405517578125,0.0014334371080622077,842.521728515625,42.94331359863281,0.013571389019489288,823.128662109375,63.943084716796875,0.003216085024178028,857.955322265625,11.951065063476562,0.0223398394882679,842.004150390625,0.0,0.0188651941716671,854.0909423828125,63.51397705078125,0.0742051899433136,840.9306030273438,66.69831848144531,0.0683082714676857,835.5921020507812,136.00653076171875,0.07657784223556519,797.7373046875,127.1011962890625,0.0783073902130127,913.4529418945312,112.88172912597656,0.9104994535446167,898.7012939453125,111.68673706054688,0.8954101800918579,829.4260864257812,492.8931884765625,0.9859783053398132,855.0444946289062,497.9322814941406,0.9792333245277405,957.8051147460938,849.7163696289062,0.9869840145111084,1087.7625732421875,712.7249145507812,0.9835519194602966
648,21600,836.82421875,83.97969818115234,0.005495455116033554,843.497314453125,59.840057373046875,0.0063097733072936535,826.3299560546875,72.90438079833984,0.0027056538965553045,872.9639282226562,39.59358215332031,0.017993353307247162,823.319091796875,61.98896026611328,0.003660192247480154,884.6824951171875,3.0304412841796875,0.03046003170311451,818.6348876953125,0.0,0.017172755673527718,844.1760864257812,67.08897399902344,0.1002730280160904,812.8346557617188,72.95832824707031,0.06081018224358559,810.9041748046875,155.02029418945312,0.11765357851982117,775.2354125976562,140.95285034179688,0.09398334473371506,927.8660888671875,116.60536193847656,0.8473908305168152,862.9301147460938,115.87733459472656,0.7968467473983765,852.0643310546875,492.1084899902344,0.9703667163848877,767.3545532226562,474.69427490234375,0.948466956615448,995.7572631835938,843.9422607421875,0.9686102271080017,1043.9036865234375,687.2897338867188,0.9583373665809631
649,21633,773.5523071289062,78.43092346191406,0.0013463962823152542,777.4515380859375,58.35944366455078,0.0020874137990176678,774.3602294921875,74.68226623535156,0.0009270271402783692,804.2723388671875,43.021728515625,0.024486001580953598,796.1775512695312,70.83622741699219,0.004911400377750397,832.3568725585938,0.22684478759765625,0.019577806815505028,818.6437377929688,0.0,0.02734074369072914,802.056884765625,43.004608154296875,0.030531078577041626,881.0548095703125,48.12989044189453,0.053835898637771606,830.7649536132812,145.6036834716797,0.01640460267663002,901.9673461914062,130.76153564453125,0.024046797305345535,930.260009765625,118.1294174194336,0.8450270295143127,890.8626708984375,119.269775390625,0.8654075860977173,887.361328125,491.61834716796875,0.9596192836761475,761.3565673828125,451.3228454589844,0.9565985798835754,1028.5811767578125,836.4926147460938,0.947405219078064,967.207763671875,713.8080444335938,0.9516081809997559
650,21666,808.024169921875,89.20648956298828,0.0021335140336304903,811.1889038085938,67.71869659423828,0.0027717510238289833,801.3806762695312,80.76958465576172,0.0010915929451584816,840.9631958007812,48.787261962890625,0.014224378392100334,813.155517578125,72.2589111328125,0.002435246016830206,857.0515747070312,15.577560424804688,0.019619734957814217,838.8189697265625,2.7000274658203125,0.015580165199935436,820.5274658203125,61.58624267578125,0.0666314959526062,866.6478881835938,65.55015563964844,0.060543619096279144,811.6828002929688,129.7657470703125,0.0594005323946476,813.9574584960938,124.64479064941406,0.05472937598824501,922.8662719726562,111.35664367675781,0.8760800957679749,871.9963989257812,103.32806396484375,0.8633289337158203,936.2007446289062,496.0412292480469,0.9774837493896484,755.2410888671875,434.41241455078125,0.9695850014686584,1086.1636962890625,837.977783203125,0.9767776131629944,912.3308715820312,737.142578125,0.9760279655456543
651,21700,786.7056884765625,75.18534851074219,0.0021229691337794065,788.8423461914062,53.154327392578125,0.002737180097028613,788.0765991210938,66.5804443359375,0.0013581531820818782,816.4613037109375,40.487205505371094,0.017608249559998512,813.7410278320312,64.49839782714844,0.0044084154069423676,839.5376586914062,11.095756530761719,0.01480376347899437,844.8223266601562,4.5498046875,0.02540755830705166,803.0360107421875,57.57929992675781,0.0287010595202446,922.636962890625,59.83396911621094,0.06909817457199097,825.5960693359375,121.16244506835938,0.020838648080825806,933.0298461914062,109.22509002685547,0.037325575947761536,911.9091796875,101.69215393066406,0.8403491377830505,870.5196533203125,103.49894714355469,0.8755480051040649,949.7717895507812,477.3988037109375,0.9693529605865479,762.8561401367188,437.11407470703125,0.971495509147644,1110.6968994140625,821.3908081054688,0.9671540856361389,852.9620361328125,752.9536743164062,0.9739722609519958
652,21733,809.7088623046875,94.73155975341797,0.002971555106341839,811.23486328125,73.90296936035156,0.003851893125101924,805.07373046875,84.17747497558594,0.0015742606483399868,840.56640625,59.812042236328125,0.012377463281154633,823.1671142578125,77.21420288085938,0.0024657652247697115,853.3451538085938,30.986068725585938,0.015792230144143105,855.1430053710938,17.320404052734375,0.009899751283228397,792.2969970703125,77.02349853515625,0.05912240222096443,895.0140380859375,78.85111999511719,0.03913196176290512,765.0895385742188,124.8907470703125,0.05698030814528465,841.9495239257812,132.25927734375,0.03969896584749222,920.2709350585938,81.97105407714844,0.853254497051239,873.1602783203125,78.53594970703125,0.8240662813186646,968.079345703125,466.8987121582031,0.9802473783493042,781.8614501953125,442.996337890625,0.9724813103675842,1155.00830078125,797.5814208984375,0.9837720990180969,799.1843872070312,800.6014404296875,0.9816527962684631
653,21766,821.6373291015625,93.05728912353516,0.004254425410181284,823.0982666015625,72.99050903320312,0.005376983433961868,814.638427734375,81.87805938720703,0.0022305119782686234,851.178955078125,60.93388366699219,0.009439828805625439,827.1560668945312,75.9591064453125,0.002019033068791032,860.783203125,38.71778869628906,0.010702473111450672,856.6868286132812,21.811843872070312,0.0064430274069309235,816.6251831054688,85.68241882324219,0.05412544310092926,882.1502075195312,79.15374755859375,0.033068932592868805,794.357177734375,124.34170532226562,0.07183074206113815,829.53369140625,127.59269714355469,0.04622386395931244,915.5640258789062,76.52943420410156,0.8326111435890198,869.029541015625,74.84495544433594,0.7940438389778137,954.9728393554688,461.5671691894531,0.9830347299575806,796.753662109375,451.0983581542969,0.9755579233169556,1180.9183349609375,774.7828369140625,0.9883452653884888,786.3578491210938,808.9398803710938,0.9861206412315369
654,21800,836.291748046875,67.02351379394531,0.00788331963121891,840.34716796875,46.038002014160156,0.010153178125619888,832.7179565429688,58.266265869140625,0.0056605227291584015,858.2319946289062,37.98046875,0.021255092695355415,837.2999877929688,57.16978454589844,0.0069669377990067005,841.1797485351562,15.512992858886719,0.02767336741089821,860.8553466796875,4.7955322265625,0.010750127024948597,789.427978515625,57.42118835449219,0.06788798421621323,863.2185668945312,50.26844787597656,0.024861371144652367,764.3489379882812,123.54375457763672,0.05868220329284668,861.4204711914062,121.28107452392578,0.02750464901328087,902.9337158203125,90.93132019042969,0.7856405377388,877.6827392578125,89.96820831298828,0.7013760209083557,916.7506713867188,457.3865966796875,0.9591619372367859,801.4004516601562,456.43634033203125,0.9369247555732727,1179.350830078125,757.9431762695312,0.9590311646461487,808.9698486328125,807.5323486328125,0.945620596408844
655,21833,818.4385986328125,93.82866668701172,0.003324910532683134,819.8326416015625,76.13818359375,0.004339313134551048,810.0792846679688,85.02371978759766,0.0019757035188376904,839.5314331054688,61.20952606201172,0.007740648463368416,817.6437377929688,76.22712707519531,0.0017883392283692956,829.9319458007812,27.25982666015625,0.006066330708563328,847.7388305664062,13.8270263671875,0.004589681513607502,786.7469482421875,68.70387268066406,0.031453877687454224,821.78857421875,86.31275939941406,0.02470078319311142,755.978515625,150.62960815429688,0.04539669677615166,759.6715087890625,170.9392547607422,0.0381348580121994,887.5781860351562,69.79206848144531,0.7502058148384094,871.3881225585938,73.39590454101562,0.7192613482475281,876.04248046875,474.9432678222656,0.972377359867096,818.3518676757812,475.9715270996094,0.9649572372436523,1182.938232421875,736.4454345703125,0.9839287996292114,850.1337890625,822.6766357421875,0.9816710948944092
656,21866,827.5386352539062,92.1039047241211,0.00240623508580029,825.662841796875,77.3884048461914,0.00291538261808455,821.5874633789062,87.67483520507812,0.0015181119088083506,838.3203735351562,61.886558532714844,0.009513575583696365,840.1015014648438,79.36569213867188,0.002507938537746668,814.1492309570312,23.000106811523438,0.009337315335869789,891.0699462890625,4.853485107421875,0.009285385720431805,805.79736328125,66.86338806152344,0.03381918743252754,835.4818725585938,82.85307312011719,0.03804809972643852,807.05126953125,157.29977416992188,0.034249719232320786,774.1919555664062,172.10020446777344,0.03895920515060425,875.4349975585938,82.03106689453125,0.8138915300369263,911.983154296875,86.69132995605469,0.8061732649803162,846.57568359375,481.4836120605469,0.9711714386940002,846.2356567382812,500.5916748046875,0.9681105017662048,1167.933837890625,728.00048828125,0.9814163446426392,887.8906860351562,839.4170532226562,0.9795221090316772
657,21900,829.4794921875,93.23297882080078,0.002464347518980503,824.10595703125,79.88969421386719,0.0026819484774023294,825.709228515625,90.44121551513672,0.0015222040237858891,830.435302734375,62.48414611816406,0.01168022584170103,854.294189453125,79.83096313476562,0.0036340297665446997,804.9589233398438,24.516998291015625,0.017084436491131783,919.3975219726562,1.325775146484375,0.018437810242176056,802.075439453125,61.17576599121094,0.054098282009363174,856.6286010742188,74.27764892578125,0.06773319095373154,806.5514526367188,149.52777099609375,0.047028910368680954,789.0630493164062,142.98715209960938,0.060491982847452164,873.36328125,105.64389038085938,0.869308352470398,940.2208251953125,104.85177612304688,0.8680757880210876,812.1318969726562,489.6306457519531,0.972280740737915,838.1046752929688,501.43798828125,0.9719003438949585,1112.68212890625,703.4742431640625,0.9804925322532654,914.3014526367188,836.8143310546875,0.9789472818374634
658,21933,814.4647216796875,91.60441589355469,0.002365921391174197,809.3721923828125,75.13723754882812,0.003097604028880596,814.111083984375,92.21143341064453,0.0015197404427453876,820.4630737304688,53.64262390136719,0.02043985389173031,855.93603515625,82.39352416992188,0.004754186607897282,794.1952514648438,15.7152099609375,0.022474875673651695,944.5907592773438,1.4361648559570312,0.02091793902218342,796.0618896484375,57.477447509765625,0.04870668798685074,900.6602783203125,76.7768325805664,0.054624043405056,812.7275390625,159.3507843017578,0.03395463898777962,837.1351318359375,160.910888671875,0.03974471986293793,867.04931640625,115.09410095214844,0.8810719847679138,968.1333618164062,113.86930847167969,0.8770784139633179,761.396484375,482.00604248046875,0.9731311798095703,866.2252807617188,495.86279296875,0.9732624888420105,1057.3287353515625,698.225341796875,0.9803451895713806,921.3084106445312,835.7033081054688,0.9791563749313354
659,21966,792.3028564453125,94.8585205078125,0.0021430146880447865,792.2664184570312,76.87472534179688,0.00314086745493114,789.4065551757812,95.25755310058594,0.0012642436195164919,820.771728515625,56.07179260253906,0.026977557688951492,835.154541015625,85.94544982910156,0.004905056674033403,811.6219482421875,15.273696899414062,0.033681321889162064,922.034423828125,4.256675720214844,0.021914111450314522,811.0897216796875,54.63361358642578,0.0652083307504654,904.5437622070312,74.70476531982422,0.04675349220633507,822.5819702148438,162.15858459472656,0.04133458808064461,854.2117919921875,171.1805877685547,0.033261463046073914,883.0809326171875,112.12944030761719,0.872800350189209,964.9613037109375,108.4178466796875,0.849527895450592,730.982666015625,465.10687255859375,0.964487612247467,877.3943481445312,477.1961975097656,0.9585587382316589,1000.7578735351562,709.042236328125,0.9697496294975281,999.7538452148438,803.6506958007812,0.964927613735199
660,22000,807.2066040039062,86.25678253173828,0.006809879094362259,808.646484375,58.980491638183594,0.009593010880053043,810.7154541015625,79.80864715576172,0.00439657736569643,833.11181640625,39.77764892578125,0.04561932384967804,860.5098876953125,73.52900695800781,0.00950097106397152,826.3399658203125,1.2978286743164062,0.04937880486249924,925.1048583984375,15.606056213378906,0.027623744681477547,821.7730102539062,57.95038604736328,0.07321709394454956,890.6748046875,85.24497985839844,0.04431981220841408,827.2012939453125,168.59149169921875,0.05931037664413452,818.9357299804688,189.44229125976562,0.04410502314567566,897.6749877929688,107.87157440185547,0.8031808733940125,973.2325439453125,114.05630493164062,0.7529696822166443,740.1282348632812,440.7187805175781,0.9496837854385376,897.4466552734375,466.7149963378906,0.9321320652961731,938.4981079101562,782.7404174804688,0.9445627331733704,1051.002197265625,802.4506225585938,0.9316643476486206
661,22033,813.7359008789062,89.4215087890625,0.008451930247247219,814.1493530273438,58.77330780029297,0.01091904565691948,816.7310180664062,79.90409851074219,0.005407094955444336,836.8092041015625,41.996131896972656,0.04030103236436844,867.3407592773438,76.75521087646484,0.00994567759335041,830.0960693359375,4.250312805175781,0.045346859842538834,931.4011840820312,18.83331298828125,0.025297779589891434,818.0784301757812,59.14274597167969,0.07313185930252075,890.430419921875,79.02932739257812,0.04455919936299324,827.34375,148.64268493652344,0.07204366475343704,818.4498291015625,156.85708618164062,0.05529704689979553,896.8323364257812,97.38896942138672,0.8103377819061279,980.235595703125,105.18038177490234,0.7565258145332336,747.7560424804688,433.93743896484375,0.964396595954895,924.8729248046875,461.7894287109375,0.9485558867454529,845.3364868164062,807.2601928710938,0.9602459669113159,1091.8116455078125,797.5415649414062,0.9483283162117004
662,22066,792.1412353515625,76.59855651855469,0.0022800983861088753,792.5474853515625,52.02751922607422,0.002958795754238963,794.836181640625,69.68742370605469,0.0011329795233905315,816.3191528320312,36.07475280761719,0.01477905921638012,840.5143432617188,66.01657104492188,0.0030238302424550056,823.6232299804688,0.0,0.01391675416380167,907.6221313476562,0.413543701171875,0.010890845209360123,825.8582153320312,58.297508239746094,0.0471988208591938,896.8363647460938,66.54707336425781,0.03695975989103317,842.805908203125,144.86805725097656,0.06529814749956131,823.2821044921875,139.08279418945312,0.05198127403855324,889.619384765625,70.39137268066406,0.7991133332252502,962.709228515625,70.64154052734375,0.7694799304008484,771.3237915039062,436.6055908203125,0.9768522381782532,931.32568359375,452.5362854003906,0.9687962532043457,782.5746459960938,824.9864501953125,0.9800243973731995,1131.525634765625,775.2626953125,0.9739824533462524
663,22100,822.3344116210938,87.61750030517578,0.002652751514688134,820.0068969726562,63.97050476074219,0.0033321527298539877,819.0817260742188,75.39246368408203,0.0013488373951986432,840.7588500976562,49.74700927734375,0.014397227205336094,859.0552978515625,68.96685791015625,0.003066492499783635,843.7951049804688,21.863845825195312,0.017018740996718407,905.4025268554688,15.625396728515625,0.009146507829427719,837.7664794921875,80.39849853515625,0.05133311450481415,905.9237060546875,74.30195617675781,0.0287843719124794,859.281982421875,146.5767059326172,0.06709060817956924,841.7808837890625,135.0450897216797,0.0447249561548233,893.1035766601562,70.54380798339844,0.8202356100082397,946.6546020507812,70.9779052734375,0.7597296833992004,790.5921020507812,434.18017578125,0.9821438193321228,933.1683349609375,455.06536865234375,0.970407247543335,774.3432006835938,830.2797241210938,0.9869471788406372,1136.2635498046875,752.9286499023438,0.9810139536857605
664,22133,793.312744140625,76.27175903320312,0.0023204837925732136,795.6716918945312,50.885215759277344,0.003217836143448949,793.603271484375,67.6197509765625,0.0012158261379227042,820.1688232421875,37.3619384765625,0.015531539916992188,829.0228881835938,66.5460205078125,0.0030724371317774057,828.26025390625,1.7081222534179688,0.011926748789846897,884.6536254882812,0.0,0.010404312051832676,818.6641845703125,54.220458984375,0.0366738922894001,878.0762939453125,66.6617660522461,0.0329725481569767,837.6954345703125,139.0292510986328,0.04819208011031151,799.7296142578125,146.92626953125,0.044460248202085495,902.777587890625,69.44590759277344,0.7786204218864441,951.5740356445312,69.06765747070312,0.7559765577316284,789.3274536132812,444.06988525390625,0.974679708480835,900.0687255859375,448.8597412109375,0.9664515256881714,774.4685668945312,824.9088134765625,0.9795978665351868,1147.109130859375,743.288330078125,0.9738507270812988
665,22166,793.24462890625,83.49268341064453,0.003556949319317937,794.8189086914062,59.569976806640625,0.0047710249200463295,792.5872192382812,72.36266326904297,0.0018015208188444376,821.4380493164062,46.575164794921875,0.020229538902640343,828.7610473632812,68.4657211303711,0.004210412502288818,832.3880004882812,15.2845458984375,0.019760465249419212,878.7858276367188,10.668777465820312,0.014198985882103443,828.8438110351562,65.0679931640625,0.049458980560302734,893.6237182617188,78.55760192871094,0.03347622975707054,841.6633911132812,139.76239013671875,0.057081904262304306,843.2077026367188,136.35960388183594,0.04001755267381668,899.0323486328125,79.56962585449219,0.8225946426391602,935.5849609375,78.82905578613281,0.7837854623794556,800.5676879882812,454.9693908691406,0.9806544184684753,886.261474609375,467.4738464355469,0.9700095057487488,819.8676147460938,844.2244262695312,0.9853634834289551,1125.6773681640625,723.1837768554688,0.9797363877296448
666,22200,797.9249877929688,83.02722930908203,0.003156989812850952,799.9015502929688,61.13976287841797,0.003922311123460531,795.9067993164062,74.79485321044922,0.0016598294023424387,828.2252807617188,43.324676513671875,0.015415458008646965,821.8543090820312,67.71945190429688,0.0037744594737887383,847.88037109375,7.014495849609375,0.018192417919635773,850.608642578125,0.0,0.01577872410416603,833.9269409179688,58.43586730957031,0.0553356409072876,846.8709106445312,68.51856994628906,0.04690840467810631,832.615966796875,124.09007263183594,0.06451506912708282,811.5258178710938,116.5869140625,0.054916851222515106,900.8095092773438,82.98678588867188,0.8449519872665405,904.4793701171875,80.59149169921875,0.8213186860084534,808.3468017578125,468.8331298828125,0.9802260398864746,854.5241088867188,476.64166259765625,0.9711290597915649,863.3023681640625,847.3390502929688,0.9834279417991638,1104.63427734375,721.113525390625,0.9781308770179749
667,22233,785.7467651367188,78.45568084716797,0.0015614570584148169,786.6570434570312,60.18951416015625,0.0021269579883664846,790.9182739257812,75.57540893554688,0.000852506491355598,812.6920166015625,40.71830749511719,0.020771780982613564,830.6672973632812,66.8895034790039,0.004012831021100283,823.274658203125,7.334175109863281,0.02399267815053463,876.8988647460938,0.0,0.025615794584155083,814.53076171875,62.448326110839844,0.05563615635037422,883.8241577148438,68.44237518310547,0.06289240717887878,820.5516357421875,149.37301635742188,0.040670741349458694,819.6476440429688,147.19895935058594,0.04425470158457756,891.58447265625,130.3666534423828,0.9010035395622253,919.92041015625,124.3963623046875,0.8981765508651733,821.7684326171875,496.16046142578125,0.9814150929450989,841.3046875,479.7007141113281,0.9760746359825134,918.4622192382812,853.2081298828125,0.9799808859825134,1077.5035400390625,712.94384765625,0.9770540595054626
668,22266,779.1947021484375,76.01188659667969,0.0019363774918019772,780.7161865234375,55.663238525390625,0.002405853010714054,778.5994873046875,74.98036193847656,0.0009448841447010636,816.4957275390625,35.46519470214844,0.014883903786540031,802.2169189453125,72.47451782226562,0.002466691890731454,843.7009887695312,7.684043884277344,0.01356650609523058,828.0029907226562,0.0,0.02805660292506218,828.4825439453125,54.423316955566406,0.04588152840733528,850.4978637695312,65.96630859375,0.11974561959505081,825.6866455078125,137.78953552246094,0.05055829510092735,809.4886474609375,131.0144500732422,0.10746839642524719,914.07861328125,130.3156280517578,0.8784685730934143,882.9230346679688,126.34874725341797,0.9060333967208862,841.0665893554688,502.2040100097656,0.9757118821144104,764.5842895507812,467.19268798828125,0.9753988981246948,971.2252807617188,849.6971435546875,0.9714435935020447,1040.627197265625,677.173095703125,0.9736383557319641
669,22300,796.0133056640625,93.01240539550781,0.00091884023277089,800.5654907226562,72.14643859863281,0.0015693861059844494,796.3663940429688,87.8514175415039,0.0004720478318631649,837.3545532226562,51.00544738769531,0.02561093308031559,823.0532836914062,77.91755676269531,0.0025503772776573896,853.1156616210938,18.987327575683594,0.02805415727198124,858.2854614257812,1.2607040405273438,0.01936659961938858,818.54150390625,66.60438537597656,0.05978405475616455,911.1017456054688,71.0006103515625,0.04976411908864975,811.1284790039062,147.0746612548828,0.033059511333703995,877.688232421875,146.95779418945312,0.030740566551685333,913.00341796875,131.69679260253906,0.8554455637931824,886.75341796875,123.13671112060547,0.8314247131347656,863.2581176757812,498.4479064941406,0.9531149864196777,747.557861328125,458.92706298828125,0.9334484338760376,985.9563598632812,843.314208984375,0.9410613775253296,987.2670288085938,694.6530151367188,0.931596577167511
670,22333,774.8505249023438,89.3016357421875,0.002625505905598402,774.94189453125,67.24994659423828,0.003414581064134836,771.2854614257812,81.58797454833984,0.0011220370652154088,812.4970092773438,49.26947021484375,0.020656239241361618,801.0501708984375,76.4059066772461,0.0026903843972831964,847.505859375,21.203155517578125,0.024010896682739258,835.2429809570312,13.176956176757812,0.030064664781093597,822.9644165039062,60.857574462890625,0.06848254799842834,877.9940795898438,74.44244384765625,0.09599489718675613,812.0885620117188,139.729248046875,0.06032070145010948,830.2774658203125,143.173828125,0.07125648111104965,916.9367065429688,124.94499206542969,0.909697413444519,874.6736450195312,117.99554443359375,0.9180496335029602,903.9998168945312,503.9812316894531,0.9834278225898743,747.039794921875,440.41571044921875,0.9806063771247864,1065.8328857421875,848.3954467773438,0.9802342057228088,933.7108154296875,720.6192626953125,0.9824205636978149
671,22366,783.8212890625,82.90809631347656,0.0017424096586182714,786.9518432617188,62.21104431152344,0.0023458937648683786,784.409912109375,76.281005859375,0.001071516308002174,819.6454467773438,46.943939208984375,0.01911061443388462,810.5989379882812,72.37797546386719,0.003999544773250818,849.256591796875,15.119613647460938,0.016539255157113075,840.0701293945312,7.354499816894531,0.02883361466228962,816.9863891601562,54.26781463623047,0.030631111934781075,913.729248046875,60.99488067626953,0.07547405362129211,842.4636840820312,122.86731719970703,0.020038478076457977,923.790771484375,122.0419692993164,0.036614734679460526,912.5995483398438,124.12335205078125,0.8725331425666809,864.4530029296875,122.51046752929688,0.9021944999694824,933.9105834960938,485.1795959472656,0.9738933444023132,744.9954833984375,435.29425048828125,0.9756703972816467,1093.3641357421875,836.6466064453125,0.9711475968360901,868.8231811523438,750.2146606445312,0.9773722290992737
672,22400,792.0472412109375,85.51785278320312,0.0021440498530864716,794.5925903320312,63.01332092285156,0.0027464854065328836,794.3399047851562,75.96217346191406,0.0013853360433131456,825.0184936523438,49.84538269042969,0.01491545420140028,823.53076171875,72.16612243652344,0.00383461220189929,844.6829223632812,17.87127685546875,0.011452470906078815,856.3271484375,7.887359619140625,0.02143562026321888,810.3856811523438,66.16159057617188,0.02496226131916046,927.5068359375,59.75102233886719,0.06869857758283615,839.4791259765625,119.17936706542969,0.020298857241868973,935.0846557617188,102.4149169921875,0.039891280233860016,904.8103637695312,97.46145629882812,0.8200466632843018,866.1443481445312,99.60685729980469,0.8645380735397339,951.8859252929688,475.09405517578125,0.9671012163162231,762.5186157226562,443.2104797363281,0.9713806509971619,1133.329345703125,805.0316162109375,0.9670812487602234,820.2821044921875,774.1251220703125,0.9744174480438232
673,22433,801.853515625,84.52975463867188,0.005414292681962252,805.5025634765625,61.06612014770508,0.006892434321343899,801.73095703125,73.81400299072266,0.0039114574901759624,829.5975952148438,50.830078125,0.01866687647998333,820.6751098632812,72.66291046142578,0.006654964294284582,849.0675659179688,17.056961059570312,0.015696803107857704,845.6834716796875,16.357269287109375,0.020174216479063034,793.5194702148438,66.13796997070312,0.03526613116264343,876.2047119140625,54.758056640625,0.05217919498682022,755.8004150390625,143.9048309326172,0.032077252864837646,846.3592529296875,129.97084045410156,0.03990265354514122,918.28076171875,85.52739715576172,0.7720398902893066,871.5177612304688,93.64265441894531,0.7965314984321594,958.6405029296875,459.708740234375,0.956436812877655,777.7910766601562,443.4958190917969,0.9557424783706665,1159.1392822265625,782.9097290039062,0.9511380791664124,789.4651489257812,800.2860717773438,0.9561150074005127
674,22466,832.7496337890625,68.72179412841797,0.0060719083994627,837.228759765625,49.472511291503906,0.007950455881655216,828.635009765625,61.81526184082031,0.004302058834582567,860.3232421875,41.59618377685547,0.02258921042084694,833.20263671875,60.82598876953125,0.006921304855495691,856.6886596679688,17.634544372558594,0.03350728750228882,852.5504150390625,5.915473937988281,0.013573450967669487,817.4241943359375,59.55590057373047,0.07264578342437744,874.8521728515625,52.702606201171875,0.03004280850291252,825.3209838867188,110.06591033935547,0.053573980927467346,901.1548461914062,110.8047866821289,0.02701801061630249,913.4309692382812,94.45804595947266,0.8122349381446838,868.3441772460938,91.32536315917969,0.7404769659042358,937.668701171875,458.8532409667969,0.9577407836914062,785.2001953125,448.359130859375,0.9353235363960266,1171.487548828125,763.216552734375,0.9516846537590027,802.6156005859375,777.5775756835938,0.9377877712249756
675,22500,817.0755615234375,97.30146789550781,0.0038077738136053085,819.5962524414062,78.87686920166016,0.005209698807448149,808.4685668945312,87.22615814208984,0.0023214456159621477,845.0282592773438,65.1328125,0.008514695800840855,816.0216674804688,79.0041732788086,0.0019626091234385967,849.0159301757812,33.554443359375,0.006434561684727669,838.4754638671875,20.182388305664062,0.00456514535471797,815.3637084960938,67.15823364257812,0.02970542013645172,834.180908203125,80.76791381835938,0.022450987249612808,803.9782104492188,130.32810974121094,0.04192023724317551,787.8018188476562,145.98587036132812,0.03270222991704941,898.6375122070312,68.45915222167969,0.7397302985191345,860.313720703125,70.1019287109375,0.705123245716095,891.527587890625,467.2470703125,0.9722488522529602,803.8870849609375,458.6413269042969,0.9641340374946594,1183.1053466796875,739.3275146484375,0.9842510223388672,840.5906982421875,811.9810791015625,0.9822022318840027
676,22533,839.3794555664062,85.35475158691406,0.00288399588316679,841.5269165039062,69.7049560546875,0.0033923694863915443,831.012451171875,79.68656158447266,0.001817068550735712,857.5455932617188,53.3115234375,0.007753584999591112,836.1464233398438,70.68045043945312,0.002226244891062379,838.3517456054688,12.287063598632812,0.007562148850411177,868.8536376953125,0.0,0.007017986383289099,833.27001953125,63.451263427734375,0.03283267840743065,839.1104736328125,76.53520202636719,0.03490801900625229,833.1956176757812,135.6588592529297,0.040592897683382034,808.56005859375,145.58697509765625,0.04246138036251068,876.5316162109375,72.12501525878906,0.7898776531219482,878.7127075195312,77.80650329589844,0.7770383954048157,864.9862060546875,479.8576354980469,0.9716387391090393,839.99365234375,491.5425109863281,0.9673120975494385,1173.5225830078125,737.9921264648438,0.9814505577087402,876.9054565429688,825.8858642578125,0.9797588586807251
677,22566,827.6690063476562,94.55445098876953,0.0020281996112316847,824.6387939453125,80.74658203125,0.002528733341023326,823.93603515625,91.07656860351562,0.001321834628470242,836.0938720703125,62.917510986328125,0.012862385250627995,850.0409545898438,79.80216979980469,0.0034165028482675552,815.72900390625,21.605438232421875,0.014888043515384197,902.220703125,2.494537353515625,0.014224517159163952,792.2944946289062,55.26054382324219,0.04027527570724487,853.4285888671875,75.13092041015625,0.04416383057832718,782.5986328125,148.8585662841797,0.02997090481221676,795.811767578125,159.76235961914062,0.03466134890913963,876.6615600585938,99.49200439453125,0.8600189685821533,920.1697998046875,101.03201293945312,0.8535782098770142,835.1620483398438,489.5715637207031,0.9730290770530701,845.9203491210938,501.71624755859375,0.9711936116218567,1129.560791015625,712.275634765625,0.9821012616157532,911.4635009765625,833.7872314453125,0.9805020689964294
678,22600,823.0269165039062,94.87076568603516,0.002822530921548605,816.4134521484375,80.41161346435547,0.002777659334242344,819.2735595703125,92.89018249511719,0.0016421618638560176,825.19580078125,61.0810546875,0.01249511819332838,858.513671875,80.8505859375,0.004274795297533274,800.372314453125,27.81170654296875,0.0223077442497015,946.7593383789062,5.1239776611328125,0.02609015814960003,807.7015380859375,63.58135986328125,0.07120737433433533,880.2636108398438,77.19859313964844,0.09566152095794678,806.2771606445312,144.19107055664062,0.06549915671348572,801.6791381835938,135.2449951171875,0.08837246149778366,875.2972412109375,110.41529846191406,0.8870285153388977,971.9341430664062,106.279541015625,0.8898407816886902,794.3432006835938,484.4072570800781,0.9747565984725952,863.4647827148438,496.1296691894531,0.9754010438919067,1089.11767578125,703.3943481445312,0.980678379535675,936.4951171875,833.0130615234375,0.979688823223114
679,22633,771.1653442382812,88.08451080322266,0.0017154212109744549,770.20166015625,70.50444030761719,0.002208938356488943,770.3313598632812,88.39558410644531,0.0010028538526967168,796.5830078125,52.03985595703125,0.023264797404408455,820.6402587890625,80.28996276855469,0.00551156559959054,795.4021606445312,10.81201171875,0.027231445536017418,913.2506103515625,2.1269760131835938,0.031537581235170364,803.446533203125,50.946533203125,0.048673465847969055,905.8411254882812,78.30965423583984,0.06505521386861801,814.4339599609375,160.0556182861328,0.029220014810562134,857.7837524414062,167.0250701904297,0.035777438431978226,887.4605712890625,105.57357788085938,0.8614328503608704,968.8956909179688,106.86502075195312,0.871440589427948,774.7357177734375,470.3434143066406,0.9632807374000549,891.7168579101562,485.91265869140625,0.9641740322113037,1006.134521484375,721.3321533203125,0.9634485840797424,991.1890869140625,798.9656982421875,0.962429404258728
680,22666,768.6681518554688,83.04817199707031,0.0015480297151952982,767.3480224609375,64.5252914428711,0.002007773146033287,770.8753051757812,82.87074279785156,0.0008891644538380206,794.9143676757812,45.79389953613281,0.021774429827928543,828.243896484375,74.76081848144531,0.0049888454377651215,798.6112670898438,4.596977233886719,0.022096002474427223,919.3873901367188,1.02191162109375,0.02755848318338394,800.189453125,49.87632751464844,0.03961746767163277,928.1475219726562,72.24549865722656,0.05858176574110985,814.671630859375,159.09649658203125,0.027397319674491882,877.5403442382812,166.14552307128906,0.03579755127429962,887.2738647460938,105.8375244140625,0.8621784448623657,974.55859375,105.40731811523438,0.8762223720550537,760.4177856445312,460.335693359375,0.9727950096130371,913.0130004882812,474.6266174316406,0.973905086517334,953.1936645507812,775.034423828125,0.9748492240905762,1047.9661865234375,814.6565551757812,0.9747413992881775
681,22700,810.2056884765625,86.78092193603516,0.006310099735856056,811.4130249023438,60.250099182128906,0.00844491645693779,812.2291259765625,79.63172912597656,0.003930324222892523,835.0598754882812,42.48834228515625,0.03995108976960182,860.9744262695312,73.06192016601562,0.008914723992347717,829.1746215820312,0.0,0.051584307104349136,923.304931640625,10.033607482910156,0.02512509375810623,823.9613037109375,49.54234313964844,0.08532678335905075,893.8099975585938,64.51148986816406,0.044037602841854095,845.1006469726562,147.95462036132812,0.07379931211471558,845.2749633789062,153.2888946533203,0.04868593439459801,899.8597412109375,105.24714660644531,0.840611457824707,978.9021606445312,111.2867202758789,0.7844974994659424,740.7091674804688,438.42059326171875,0.9646372199058533,930.47998046875,465.6645812988281,0.9479144811630249,885.9756469726562,798.983154296875,0.9582364559173584,1089.791748046875,804.2429809570312,0.9457265734672546
682,22733,812.0736694335938,85.68598937988281,0.008442576974630356,813.2363891601562,56.50474548339844,0.009054446592926979,812.3886108398438,75.49493408203125,0.00493615074083209,833.5192260742188,39.75139617919922,0.02785545401275158,856.3680419921875,70.60498809814453,0.007856513373553753,827.5874633789062,0.0,0.03738798573613167,915.7012939453125,9.986297607421875,0.026706580072641373,815.2538452148438,56.369544982910156,0.08601327240467072,846.5509643554688,71.59542846679688,0.0696667805314064,823.0301513671875,146.81813049316406,0.11209103465080261,760.8600463867188,166.37928771972656,0.10713724792003632,900.1259765625,99.67554473876953,0.8371796011924744,981.65185546875,106.57878112792969,0.8068771362304688,758.7826538085938,438.1058654785156,0.9717479944229126,957.197021484375,457.44854736328125,0.9615410566329956,811.6483154296875,813.0606079101562,0.9634460210800171,1121.7880859375,781.0985107421875,0.9559689164161682
683,22766,816.9002075195312,88.87532043457031,0.003204117063432932,815.0987548828125,66.83949279785156,0.003480053972452879,814.2801513671875,78.15362548828125,0.0015072396490722895,836.4056396484375,50.77043151855469,0.012486400082707405,857.3067626953125,68.54230499267578,0.0029441588558256626,839.5479125976562,17.0621337890625,0.017754126340150833,908.618408203125,11.880661010742188,0.011207816191017628,826.183837890625,67.64405822753906,0.0700814351439476,884.0927124023438,60.89305114746094,0.04545021802186966,832.430419921875,112.16871643066406,0.10940415412187576,805.0995483398438,103.4970703125,0.08196532726287842,889.95703125,73.99273681640625,0.8376899361610413,954.6162109375,72.67936706542969,0.7935076951980591,787.6318969726562,439.6343078613281,0.9830085635185242,967.2310791015625,457.5323486328125,0.973959743976593,777.251953125,826.5641479492188,0.9854592084884644,1154.414306640625,765.5982055664062,0.9802711009979248
684,22800,797.35986328125,74.62760925292969,0.002397953299805522,802.8231811523438,50.43848419189453,0.003154168138280511,799.91259765625,66.8547134399414,0.0013150889426469803,827.6953735351562,36.12364196777344,0.017280293628573418,839.78564453125,61.58133316040039,0.003765334840863943,830.77392578125,0.0,0.014165184460580349,892.8618774414062,0.0,0.012653554789721966,834.2578735351562,33.75022888183594,0.042724914848804474,920.3935546875,39.912940979003906,0.04111327975988388,893.1494750976562,95.76111602783203,0.05960206314921379,922.1510620117188,95.39087677001953,0.051855456084012985,896.6068725585938,74.9197769165039,0.7735333442687988,954.7523803710938,76.26132202148438,0.7574146389961243,786.5632934570312,451.28717041015625,0.9669121503829956,942.5150756835938,445.96282958984375,0.9595546126365662,765.5660400390625,819.9336547851562,0.9612207412719727,1171.290283203125,751.15283203125,0.9556272625923157
685,22833,810.6879272460938,88.36134338378906,0.00293558556586504,812.5911254882812,64.92945098876953,0.0037539603654295206,805.8861694335938,78.2530288696289,0.0013823930639773607,839.3428955078125,49.17155456542969,0.011606411077082157,837.4332275390625,71.59959411621094,0.0022060847841203213,838.790283203125,6.6152801513671875,0.01441531628370285,881.197998046875,0.0,0.006462812889367342,825.0734252929688,47.84431457519531,0.06675168871879578,877.0523071289062,49.13584899902344,0.028486793860793114,850.295654296875,78.30642700195312,0.10224756598472595,829.1437377929688,81.29484558105469,0.055996835231781006,896.832275390625,71.25009155273438,0.8198970556259155,933.0415649414062,72.551513671875,0.7394718527793884,800.556884765625,449.2493896484375,0.9823803901672363,913.4256591796875,467.25421142578125,0.9673289656639099,817.8228759765625,834.7501831054688,0.9867091178894043,1159.42333984375,735.9188232421875,0.9791841506958008
686,22866,818.4785766601562,88.01715087890625,0.0024075887631624937,818.022216796875,66.98139953613281,0.0029560818802565336,818.1925048828125,80.90975189208984,0.0011416085762903094,841.234130859375,47.23878479003906,0.010673895478248596,851.1886596679688,71.68352508544922,0.0020715766586363316,834.807373046875,2.104705810546875,0.014940774999558926,888.1945190429688,0.0,0.0079561248421669,820.5858764648438,42.794586181640625,0.0741005539894104,882.5637817382812,45.87904357910156,0.03903083875775337,837.7007446289062,79.47312927246094,0.10421131551265717,832.8453979492188,72.62727355957031,0.06814244389533997,885.6716918945312,86.61831665039062,0.860004186630249,920.885986328125,87.67648315429688,0.8018176555633545,815.8070068359375,464.28106689453125,0.984836995601654,884.4179077148438,480.37042236328125,0.972404956817627,850.77392578125,841.7820434570312,0.9880101084709167,1132.811279296875,708.9786987304688,0.9816670417785645
687,22900,792.7291259765625,75.1937255859375,0.0018631181446835399,797.0881958007812,55.36024475097656,0.00243660737760365,796.1160278320312,67.91949462890625,0.0010082041844725609,822.6068115234375,37.31364440917969,0.016023162752389908,826.8125610351562,57.27557373046875,0.003412859747186303,834.4940185546875,5.208686828613281,0.01725929230451584,866.5777587890625,0.0,0.017653541639447212,840.7648315429688,67.7633056640625,0.05154161900281906,882.0157470703125,60.187042236328125,0.05537464842200279,845.1779174804688,137.47679138183594,0.05200880393385887,833.3077392578125,120.84066009521484,0.052862297743558884,896.5573120117188,114.30363464355469,0.8587740659713745,916.7153930664062,107.32342529296875,0.851797878742218,822.9117431640625,482.51654052734375,0.9769815802574158,861.829833984375,468.9563903808594,0.9702202677726746,892.34033203125,847.4869995117188,0.9765843749046326,1105.6065673828125,713.6021118164062,0.972614586353302
688,22933,778.9524536132812,71.51751708984375,0.0024527153000235558,781.4842529296875,53.48066711425781,0.0026892011519521475,778.4361572265625,68.51861572265625,0.0012469080975279212,808.9957275390625,35.118255615234375,0.013030732981860638,798.1696166992188,62.60215759277344,0.003094305517151952,832.6723022460938,5.872856140136719,0.015787331387400627,826.2006225585938,0.0,0.02812579832971096,827.0535888671875,56.718658447265625,0.05949825048446655,845.3405151367188,58.46086120605469,0.12469811737537384,824.390625,132.5609893798828,0.07289811223745346,801.2664184570312,124.44715118408203,0.12924963235855103,908.1156005859375,123.83290100097656,0.8857142925262451,890.7891235351562,118.99296569824219,0.9054650068283081,833.0421752929688,496.3810729980469,0.9784249067306519,812.6158447265625,468.9501647949219,0.9772863984107971,952.8226318359375,842.9177856445312,0.9741699695587158,1062.6080322265625,697.0744018554688,0.9749862551689148
689,22966,829.6922607421875,86.14096069335938,0.005859966389834881,836.6345825195312,61.44374084472656,0.006688784342259169,820.342529296875,73.7728042602539,0.0028598743956536055,864.1159057617188,40.351593017578125,0.02017940953373909,819.4283447265625,60.779273986816406,0.003930273931473494,871.0881958007812,3.7546234130859375,0.03328191861510277,820.6034545898438,0.0,0.01886700466275215,818.3582763671875,73.24301147460938,0.10504533350467682,805.5796508789062,75.8038330078125,0.06220182031393051,780.4993896484375,169.63192749023438,0.11939811706542969,729.5482788085938,160.73826599121094,0.0923750251531601,922.0799560546875,123.23377990722656,0.8182868361473083,865.5933837890625,120.65908813476562,0.7619501352310181,850.0087280273438,488.0589599609375,0.9593344926834106,758.0072021484375,467.3321228027344,0.9296562075614929,985.4089965820312,837.8695678710938,0.9547649621963501,1019.91064453125,681.4655151367188,0.9404087662696838
690,23000,769.2540893554688,81.43163299560547,0.0017694917041808367,772.8329467773438,62.91943359375,0.0025981843937188387,771.3700561523438,78.70905303955078,0.0011006880085915327,799.5042724609375,46.32671356201172,0.02491891384124756,795.7842407226562,73.20977783203125,0.004767048638314009,827.259521484375,1.6106414794921875,0.02417156845331192,822.4116821289062,0.0,0.0321715846657753,782.9392700195312,51.321693420410156,0.046431634575128555,855.9501953125,59.42024230957031,0.07097598165273666,760.405517578125,160.47573852539062,0.026938019320368767,804.494384765625,159.59747314453125,0.037461116909980774,923.3046264648438,129.56173706054688,0.8871080279350281,888.6264038085938,128.83187866210938,0.900198221206665,880.6986694335938,490.03399658203125,0.9717922806739807,753.2911376953125,448.65374755859375,0.9685930013656616,1028.2950439453125,826.4275512695312,0.9626893997192383,933.0020751953125,714.4016723632812,0.9650430679321289
691,23033,778.6636962890625,78.27841186523438,0.0018373581115156412,782.7056274414062,58.417945861816406,0.0024950585793703794,777.945068359375,71.59085083007812,0.0011003095423802733,814.2052612304688,42.34295654296875,0.016060102730989456,797.238525390625,66.15541076660156,0.0032722328323870897,844.9310913085938,11.443473815917969,0.013812059536576271,819.203125,0.5923004150390625,0.022177565842866898,809.7933349609375,58.42133331298828,0.03280548006296158,862.7080078125,58.74705505371094,0.06857374310493469,812.1098022460938,135.01011657714844,0.02513389103114605,831.684814453125,135.1931915283203,0.042433518916368484,911.2896118164062,120.6617431640625,0.8621972799301147,857.6270141601562,117.51979064941406,0.8887145519256592,913.88916015625,483.28179931640625,0.9743169546127319,751.72412109375,434.248291015625,0.9742704629898071,1070.58837890625,833.960693359375,0.9726874232292175,882.73779296875,733.2888793945312,0.9772627949714661
692,23066,781.3197021484375,78.05281066894531,0.0036938318517059088,784.738037109375,57.59955596923828,0.004656188189983368,783.6932373046875,71.25313568115234,0.0027713740710169077,811.4339599609375,44.73717498779297,0.021175608038902283,808.5750732421875,67.49258422851562,0.0073720552027225494,837.1322021484375,6.4072265625,0.018237825483083725,836.6599731445312,2.9217681884765625,0.03126633167266846,807.076416015625,53.757225036621094,0.031130466610193253,900.9322509765625,46.332733154296875,0.07403669506311417,835.3093872070312,128.14796447753906,0.023356011137366295,921.1578369140625,109.33161163330078,0.04156235232949257,912.5172729492188,98.48982238769531,0.8130764961242676,869.5869750976562,102.74805450439453,0.8535881042480469,938.0158081054688,473.797119140625,0.9577041268348694,763.67138671875,442.7221984863281,0.9621071219444275,1107.9942626953125,805.0682373046875,0.9472939372062683,824.7741088867188,775.2671508789062,0.9575867056846619
693,23100,819.4882202148438,94.08496856689453,0.0035765296779572964,821.39599609375,75.11865234375,0.00452876091003418,812.7213134765625,84.39157104492188,0.0020516894292086363,849.7855834960938,60.39024353027344,0.012024570256471634,823.85595703125,76.37377166748047,0.0027752944733947515,862.7252197265625,34.634307861328125,0.014198625460267067,847.3515014648438,21.17578125,0.009970956481993198,822.2157592773438,87.97174072265625,0.04792839288711548,880.4976806640625,96.58914184570312,0.03773365914821625,817.5776977539062,142.05157470703125,0.04867061972618103,862.0188598632812,165.51490783691406,0.037857506424188614,909.9630126953125,85.53717041015625,0.8420586585998535,858.0740356445312,81.93988037109375,0.8184685111045837,939.758056640625,468.920654296875,0.9796081781387329,782.1397705078125,448.9324035644531,0.9732939004898071,1142.3961181640625,779.7445678710938,0.9847447276115417,783.3803100585938,799.914794921875,0.9831510782241821
694,23133,815.04052734375,90.28914642333984,0.003698643296957016,818.083984375,71.33610534667969,0.0049067954532802105,807.4966430664062,80.51932525634766,0.0021408165339380503,847.7426147460938,57.554718017578125,0.011395146138966084,817.8161010742188,73.03353881835938,0.0025181809905916452,858.4552001953125,33.041473388671875,0.011715888045728207,841.8585815429688,19.987564086914062,0.007655409164726734,803.6653442382812,85.42048645019531,0.04326016083359718,847.5552978515625,96.873046875,0.028965270146727562,768.1217651367188,148.25262451171875,0.04642823338508606,794.597900390625,178.1988983154297,0.0326232947409153,907.6653442382812,79.24969482421875,0.8119450807571411,858.7024536132812,76.94828796386719,0.7783178091049194,919.9985961914062,464.04693603515625,0.9770920872688293,789.19140625,450.34716796875,0.9685768485069275,1158.033935546875,758.8756713867188,0.9843342900276184,789.0926513671875,795.4220581054688,0.9819539785385132
695,23166,811.564697265625,91.95314025878906,0.0034861580934375525,812.3225708007812,75.3855972290039,0.00473511079326272,805.024658203125,83.76933288574219,0.001980316126719117,833.7918090820312,62.38847351074219,0.00872867926955223,816.4661865234375,76.07908630371094,0.0018315816996619105,835.0233764648438,29.173599243164062,0.0076689147390425205,841.2086791992188,15.10528564453125,0.004465273581445217,778.8114624023438,66.913330078125,0.039811696857213974,831.7702026367188,80.90762329101562,0.022367211058735847,737.356201171875,138.2332763671875,0.053864143788814545,767.3954467773438,152.04762268066406,0.03430923819541931,890.0478515625,75.7646484375,0.7672685384750366,859.9110717773438,76.354248046875,0.7143945097923279,881.8967895507812,467.9931640625,0.9746434688568115,798.03369140625,463.44122314453125,0.9639164209365845,1163.845947265625,741.2399291992188,0.9849344491958618,823.6488647460938,811.1204833984375,0.9816717505455017
696,23200,827.663330078125,93.31549072265625,0.003081180388107896,827.7213134765625,79.2451171875,0.0037485514767467976,820.6433715820312,88.7234115600586,0.0018821840640157461,842.6842041015625,63.44963836669922,0.009190588258206844,832.160400390625,79.88422393798828,0.002362812403589487,823.53759765625,25.299636840820312,0.00898074172437191,869.2467651367188,11.03082275390625,0.008074420504271984,787.7578125,62.74122619628906,0.03809318691492081,804.8889770507812,83.5272216796875,0.03604259341955185,762.7346801757812,156.8346405029297,0.04393554851412773,731.2091674804688,175.74339294433594,0.04374571889638901,877.799560546875,90.78231811523438,0.8049496412277222,889.0082397460938,94.48750305175781,0.7886065244674683,843.3234252929688,479.6715087890625,0.9716244339942932,823.6034545898438,492.3766784667969,0.9663861989974976,1156.356201171875,722.6417236328125,0.9821455478668213,856.8543701171875,822.5877685546875,0.9798592329025269
697,23233,834.0979614257812,90.63013458251953,0.0022680696565657854,830.4381103515625,76.7739486694336,0.002718559931963682,828.337646484375,87.59314727783203,0.0015117112779989839,840.003662109375,59.651641845703125,0.013152185827493668,851.5847778320312,78.1974105834961,0.003917821682989597,814.8226318359375,20.454025268554688,0.016465874388813972,910.8440551757812,1.6582489013671875,0.016009829938411713,810.1776123046875,61.95634460449219,0.041185781359672546,860.2908325195312,86.23887634277344,0.046359796077013016,826.904296875,164.40170288085938,0.030428193509578705,806.943603515625,183.81129455566406,0.03522910550236702,875.4019775390625,97.63174438476562,0.8537746071815491,928.0849609375,98.87727355957031,0.8472184538841248,812.6998901367188,485.8238525390625,0.9699031710624695,830.8255615234375,499.5654602050781,0.9680288434028625,1123.0360107421875,709.2886962890625,0.979965329170227,896.1350708007812,836.4964599609375,0.9779276847839355
698,23266,775.4086303710938,100.33362579345703,0.001930551021359861,770.6555786132812,82.66026306152344,0.002459844807162881,776.4786987304688,97.95158386230469,0.00118901371024549,790.2440185546875,62.505226135253906,0.016894500702619553,830.7960205078125,86.7777099609375,0.004444020800292492,783.9946899414062,20.477828979492188,0.01740836538374424,918.1176147460938,3.0291824340820312,0.024307694286108017,791.206298828125,58.48011016845703,0.039077527821063995,867.2217407226562,78.8155746459961,0.0682583823800087,809.4110107421875,163.07969665527344,0.026618484407663345,801.8303833007812,161.9646759033203,0.042730510234832764,871.8255615234375,117.16502380371094,0.8638244867324829,954.948486328125,118.57301330566406,0.8827126622200012,788.85888671875,479.6637268066406,0.9698767066001892,836.7403564453125,489.922119140625,0.9736155271530151,1058.514892578125,695.99951171875,0.9767157435417175,921.1954345703125,829.033447265625,0.9769121408462524
699,23300,770.686767578125,90.7939453125,0.0017460560193285346,770.2306518554688,74.4814453125,0.002205682685598731,771.4022827148438,91.2901611328125,0.000980378594249487,797.6486206054688,55.042144775390625,0.02337762340903282,821.3233032226562,81.26596069335938,0.005365002900362015,792.490966796875,15.004142761230469,0.0322917215526104,909.848876953125,2.1773757934570312,0.034090492874383926,807.166259765625,55.77037811279297,0.06266613304615021,916.8622436523438,75.927978515625,0.07437198609113693,828.84814453125,167.51824951171875,0.0388023816049099,886.1649780273438,166.9276123046875,0.04203594848513603,875.3128662109375,113.96708679199219,0.8871428370475769,953.5226440429688,113.47563171386719,0.8894178867340088,759.834716796875,471.9251708984375,0.9686452150344849,863.6337890625,481.9817810058594,0.9661869406700134,1008.4793701171875,728.349609375,0.966884434223175,979.2125244140625,763.3588256835938,0.9646652936935425
700,23333,762.7432250976562,89.38655090332031,0.0015323039842769504,760.886962890625,71.85017395019531,0.002010271418839693,765.2105102539062,89.01658630371094,0.0008884843555279076,789.2235717773438,53.12450408935547,0.02292875573039055,826.0048828125,79.21719360351562,0.005257978569716215,793.0833129882812,14.407241821289062,0.02505568228662014,919.75732421875,4.093711853027344,0.030819404870271683,806.67626953125,59.132240295410156,0.04261559620499611,927.5872802734375,76.28267669677734,0.0639868751168251,826.8794555664062,172.07997131347656,0.027446437627077103,871.3836059570312,170.67889404296875,0.037055812776088715,874.4976806640625,114.00196838378906,0.871477484703064,966.3045654296875,111.957275390625,0.8842459917068481,742.3117065429688,459.54180908203125,0.9712415933609009,892.4850463867188,478.32696533203125,0.9726993441581726,955.4146728515625,754.0794067382812,0.9742144346237183,1022.318115234375,807.1217651367188,0.9738140106201172
701,23366,801.8932495117188,90.0525131225586,0.007026088889688253,802.969482421875,61.521080017089844,0.009613060392439365,805.16845703125,81.171875,0.004463340621441603,827.5910034179688,43.526756286621094,0.045110780745744705,858.0781860351562,74.38728332519531,0.009757768362760544,824.0178833007812,5.602638244628906,0.05120038986206055,922.737548828125,17.940582275390625,0.027325963601469994,817.4711303710938,63.202674865722656,0.07541948556900024,892.7598876953125,84.4460678100586,0.043773353099823,827.9932861328125,166.70884704589844,0.06356077641248703,836.7429809570312,186.591796875,0.0459953248500824,895.1477661132812,108.91241455078125,0.8078665137290955,974.9547729492188,115.43339538574219,0.7539421916007996,726.9358520507812,434.96337890625,0.9543846845626831,911.4151611328125,465.79541015625,0.936721682548523,892.1165771484375,786.3265380859375,0.9491286873817444,1061.473876953125,804.7780151367188,0.9358534216880798
702,23400,807.1109619140625,90.4570541381836,0.007327476982027292,807.77880859375,61.60615539550781,0.009211632423102856,810.7611694335938,80.57086944580078,0.004859093111008406,828.67822265625,43.60423278808594,0.039908215403556824,861.7713012695312,73.61027526855469,0.01062354352325201,822.1507568359375,1.1279067993164062,0.0466875284910202,925.5327758789062,12.29534912109375,0.028191395103931427,813.0589599609375,59.846099853515625,0.06882435828447342,886.505126953125,75.4584732055664,0.04765390604734421,828.9721069335938,154.1234588623047,0.06219666078686714,829.31689453125,170.0847930908203,0.0526282973587513,891.7987670898438,101.79737091064453,0.8277033567428589,979.396240234375,107.83241271972656,0.7864593863487244,740.7658081054688,432.8804931640625,0.9667617082595825,935.2304077148438,455.4432678222656,0.9543501734733582,825.7044067382812,797.6823120117188,0.962722659111023,1095.846435546875,787.5064086914062,0.9538871049880981
703,23433,815.0271606445312,90.39797973632812,0.0034778208937495947,811.5798950195312,67.17684173583984,0.003820122219622135,812.5294189453125,79.41693878173828,0.0016566866543143988,830.3163452148438,50.086029052734375,0.012375039048492908,856.611572265625,70.2146987915039,0.0029361716005951166,831.04833984375,17.221389770507812,0.016799621284008026,909.2127685546875,11.649627685546875,0.010519417934119701,815.2355346679688,77.42353820800781,0.06780055165290833,861.139404296875,73.18803405761719,0.0420641265809536,805.3553466796875,138.8231964111328,0.10862737149000168,763.7860717773438,136.39727783203125,0.08025640994310379,885.89501953125,73.26310729980469,0.828886866569519,956.4688110351562,71.88148498535156,0.7798629403114319,774.9763793945312,437.2354431152344,0.9830977320671082,946.4650268554688,456.1324157714844,0.9731553792953491,775.2807006835938,829.6093139648438,0.9864526391029358,1130.8436279296875,763.2372436523438,0.9810452461242676
704,23466,818.5869140625,86.98148345947266,0.0028970714192837477,817.0881958007812,63.85121154785156,0.0033857147209346294,815.0079345703125,75.06342315673828,0.0014227654319256544,836.1405029296875,48.291412353515625,0.0119941933080554,850.5186767578125,66.97679901123047,0.0026851361617445946,837.3404541015625,14.238601684570312,0.015149107202887535,892.6272583007812,8.795745849609375,0.008512063883244991,826.5648803710938,67.8211669921875,0.05859187990427017,877.1299438476562,61.10064697265625,0.03368888050317764,840.010986328125,121.98976135253906,0.08951888233423233,807.0011596679688,108.35160827636719,0.061244361102581024,885.7709350585938,71.16188049316406,0.8247610926628113,936.8031005859375,71.03128051757812,0.7675630450248718,786.7940063476562,444.32501220703125,0.9832348823547363,935.9749755859375,457.466796875,0.972099244594574,765.539794921875,835.136962890625,0.9866682291030884,1142.5638427734375,746.6993408203125,0.981052041053772
705,23500,793.4892578125,77.47611236572266,0.0032472703605890274,795.81689453125,53.61909484863281,0.0036982621531933546,794.1537475585938,69.67259216308594,0.0014131105272099376,818.3551025390625,38.061492919921875,0.010120805352926254,826.0427856445312,65.90581512451172,0.002127779880538583,821.786865234375,0.0,0.011349410749971867,873.20361328125,0.0,0.00955029297620058,810.7994384765625,31.488006591796875,0.07228802889585495,840.6564331054688,38.80824279785156,0.05875734984874725,826.8867797851562,100.1615982055664,0.14677689969539642,787.126708984375,98.92554473876953,0.12524184584617615,900.5083618164062,72.95301818847656,0.8170269727706909,946.6978149414062,72.29988098144531,0.7879171967506409,789.8809204101562,448.9888000488281,0.9800421595573425,900.8908081054688,449.301025390625,0.9717181921005249,772.2881469726562,827.0526123046875,0.980979859828949,1154.455810546875,738.0298461914062,0.974787175655365
706,23533,801.1190185546875,80.14920043945312,0.004550652112811804,801.7890014648438,56.78631591796875,0.005106657277792692,800.3311767578125,70.42176818847656,0.001862889970652759,827.0013427734375,39.49566650390625,0.011660508811473846,834.3169555664062,62.59856414794922,0.002447248436510563,833.694580078125,0.0,0.016829347237944603,876.9683227539062,0.0,0.010130349546670914,820.775634765625,34.2447509765625,0.10243654996156693,849.9940795898438,42.74409484863281,0.05139007419347763,819.5912475585938,92.38261413574219,0.18878163397312164,794.7412719726562,92.608154296875,0.10873585194349289,892.06884765625,74.93499755859375,0.8401839137077332,927.7767333984375,72.57769775390625,0.7829086184501648,799.5531616210938,465.218994140625,0.9833695292472839,885.597900390625,472.31195068359375,0.9704557657241821,817.2804565429688,852.678955078125,0.9848476052284241,1127.8875732421875,725.11767578125,0.9772046208381653
707,23566,814.0372924804688,87.16069793701172,0.0028873232658952475,817.2499389648438,67.8910903930664,0.0035069563891738653,809.9657592773438,82.36621856689453,0.0014527479652315378,849.0040283203125,47.587371826171875,0.011138697154819965,828.2796630859375,74.5224380493164,0.002486806595697999,861.0604858398438,6.646087646484375,0.017392175272107124,843.1168212890625,0.0,0.01004668977111578,829.8818359375,51.146026611328125,0.07612955570220947,823.1130981445312,55.97831726074219,0.044195402413606644,815.9688720703125,101.09124755859375,0.09858828037977219,791.4291381835938,96.98396301269531,0.07217639684677124,896.3267822265625,98.24935913085938,0.8741284608840942,883.5802001953125,99.95576477050781,0.825745701789856,796.5961303710938,467.3550109863281,0.9845404028892517,840.6533813476562,488.3802185058594,0.972044050693512,864.781494140625,847.1085205078125,0.9874995350837708,1108.735107421875,704.9599609375,0.9809438586235046
708,23600,775.3672485351562,76.12069702148438,0.002277913736179471,778.325927734375,58.57145690917969,0.0027375121135264635,775.2669067382812,73.82542419433594,0.0012356525985524058,805.3885498046875,39.71818542480469,0.014722858555614948,795.1370239257812,67.25743103027344,0.0033598211593925953,827.9771118164062,8.065750122070312,0.016215600073337555,822.0444946289062,0.0,0.024788279086351395,821.4647827148438,60.223846435546875,0.051198799163103104,824.8756713867188,63.02549743652344,0.09147637337446213,810.586669921875,135.23008728027344,0.05483987182378769,775.210205078125,128.7630615234375,0.0891013965010643,897.0540161132812,120.16250610351562,0.8850029706954956,887.6691284179688,116.98127746582031,0.8977801203727722,816.9578857421875,488.7841491699219,0.9802908897399902,832.717041015625,477.73663330078125,0.9778425097465515,909.7388916015625,850.3595581054688,0.9788733720779419,1071.733154296875,704.1448974609375,0.9779101610183716
709,23633,779.3527221679688,75.35385131835938,0.002127169631421566,783.5125732421875,54.52947235107422,0.0026867736596614122,776.3798217773438,73.7567138671875,0.0010529456194490194,822.515869140625,35.47883605957031,0.014608323574066162,792.176025390625,72.11334228515625,0.002503251191228628,852.3206787109375,9.279304504394531,0.01432176772505045,813.2860717773438,0.0,0.024490471929311752,841.5595703125,57.406883239746094,0.05063250660896301,831.7496948242188,67.55651092529297,0.1037173718214035,820.6917114257812,140.7574920654297,0.05674209073185921,787.0929565429688,136.76011657714844,0.09940816462039948,914.5484619140625,127.28288269042969,0.8732326626777649,870.5451049804688,123.11254119873047,0.8930410742759705,834.965576171875,502.45477294921875,0.9742850661277771,760.0072631835938,469.1825866699219,0.9717206954956055,965.565673828125,848.5111083984375,0.969761848449707,1032.0439453125,682.0543212890625,0.9702620506286621
710,23666,774.124755859375,87.63709259033203,0.00103565095923841,778.094970703125,66.88975524902344,0.0016271553467959166,771.281494140625,84.16069793701172,0.0005548293120227754,814.665771484375,48.99302673339844,0.020784255117177963,793.1292114257812,80.48432922363281,0.002725489204749465,846.8135986328125,17.323196411132812,0.019236551597714424,822.0960083007812,5.529396057128906,0.021149935200810432,822.843994140625,58.728424072265625,0.04281998798251152,863.551025390625,67.272216796875,0.055823441594839096,826.7268676757812,142.13014221191406,0.027662426233291626,827.1948852539062,143.95016479492188,0.032650548964738846,909.980224609375,123.05296325683594,0.8229503035545349,869.9807739257812,118.14784240722656,0.8293943405151367,851.79345703125,492.2952575683594,0.9481256604194641,756.8978271484375,455.20477294921875,0.9390727281570435,981.9559936523438,839.3174438476562,0.9336443543434143,967.47607421875,726.2012329101562,0.9329941272735596
711,23700,769.9510498046875,78.85626983642578,0.0014279206516221166,771.35693359375,58.828033447265625,0.0019930501002818346,771.8170166015625,74.45526123046875,0.0008166042389348149,803.2282104492188,42.32750701904297,0.017769282683730125,803.3694458007812,70.67353820800781,0.0031130823772400618,831.3775634765625,13.185356140136719,0.014733001589775085,840.2239990234375,2.8846206665039062,0.024509424343705177,798.7220458984375,58.508148193359375,0.03279464691877365,895.2432861328125,64.76241302490234,0.07275167852640152,803.8446044921875,134.4214324951172,0.023628277704119682,858.3744506835938,132.5090789794922,0.041916828602552414,903.5037841796875,123.91346740722656,0.8692783117294312,873.0562133789062,119.86942291259766,0.8962931036949158,892.5479736328125,487.2966003417969,0.9748929738998413,751.3153686523438,437.37445068359375,0.9750124216079712,1051.764404296875,840.0199584960938,0.9726266264915466,908.6878662109375,725.7091064453125,0.9770883321762085
712,23733,775.7105712890625,78.15103912353516,0.002101512160152197,777.7677612304688,57.45355224609375,0.0027749224100261927,776.6285400390625,71.48762512207031,0.0012532472610473633,808.736083984375,43.43023681640625,0.01567438617348671,804.1033325195312,68.671142578125,0.0033926309552043676,837.8168334960938,13.651153564453125,0.013163249008357525,836.3406982421875,4.899925231933594,0.022322578355669975,798.2369384765625,56.427635192871094,0.03190142288804054,877.07763671875,58.61103057861328,0.07256242632865906,793.1329345703125,131.2458038330078,0.02617526985704899,837.2860107421875,123.94622039794922,0.047586217522621155,908.0590209960938,111.14360046386719,0.8481733798980713,867.2860717773438,110.12924194335938,0.8807279467582703,916.4310302734375,474.1386413574219,0.9730905890464783,752.8023681640625,435.27081298828125,0.9745600819587708,1084.115478515625,827.186279296875,0.9726601243019104,845.9852294921875,768.18896484375,0.9775087833404541
713,23766,819.8465576171875,88.46685791015625,0.003199605969712138,821.47802734375,69.2896957397461,0.004111555404961109,814.4688720703125,79.08833312988281,0.001722790184430778,850.1318359375,55.5758056640625,0.012902016751468182,829.5313110351562,72.02742004394531,0.00259490218013525,865.91455078125,29.866470336914062,0.01593460701406002,854.0376586914062,14.653152465820312,0.010985315777361393,823.320556640625,75.06880187988281,0.05620567500591278,879.8597412109375,76.1590576171875,0.04237363114953041,810.2626342773438,122.14915466308594,0.056327465921640396,841.5492553710938,126.73626708984375,0.042315296828746796,915.3689575195312,88.919677734375,0.8436324000358582,866.6034545898438,82.00382995605469,0.81928551197052,937.5261840820312,472.40625,0.9776966571807861,777.81396484375,439.32379150390625,0.9701697826385498,1122.221923828125,798.9644775390625,0.9812412858009338,802.1414794921875,794.6675415039062,0.979557454586029
714,23800,830.4940795898438,90.608642578125,0.003457755083218217,832.0067749023438,73.02085876464844,0.004111830610781908,824.5889282226562,81.50896453857422,0.0018313609762117267,858.8663330078125,57.871124267578125,0.009379573166370392,838.4500122070312,71.61351013183594,0.0021105390042066574,864.9408569335938,28.561477661132812,0.011611816473305225,865.919677734375,11.623214721679688,0.008925920352339745,821.7438354492188,71.47123718261719,0.055383745580911636,868.0018310546875,67.96467590332031,0.04537403583526611,800.913818359375,120.57133483886719,0.0682620257139206,810.7421875,116.46455383300781,0.054624177515506744,908.8511352539062,84.32638549804688,0.8416124582290649,870.8984985351562,78.66229248046875,0.8220420479774475,930.9060668945312,465.7797546386719,0.9803921580314636,792.6474609375,442.4402160644531,0.9744858145713806,1151.38623046875,776.8408813476562,0.984805166721344,788.4683227539062,798.829345703125,0.9835039377212524
715,23833,818.8817749023438,86.35041046142578,0.0029776233714073896,820.3777465820312,68.34576416015625,0.004149582237005234,812.8311767578125,78.49134063720703,0.0017669439548626542,845.758544921875,54.756683349609375,0.010103258304297924,824.2406616210938,71.8776626586914,0.0021316763013601303,853.6132202148438,25.6834716796875,0.008685185573995113,848.4763793945312,12.013092041015625,0.0058042979799211025,806.6016235351562,71.97303771972656,0.03446968272328377,877.5103149414062,77.518798828125,0.024633437395095825,789.310791015625,134.05357360839844,0.0400037057697773,849.6845092773438,139.47637939453125,0.02915712259709835,905.8228149414062,67.02131652832031,0.7650954723358154,864.7493286132812,66.88893127441406,0.7286986112594604,904.0206909179688,460.1761779785156,0.9718539714813232,795.6813354492188,450.4332275390625,0.9613487720489502,1159.219482421875,753.4213256835938,0.9817702174186707,818.7449340820312,774.041015625,0.979025661945343
716,23866,827.6669921875,88.96135711669922,0.00290702935308218,827.5008544921875,72.52272033691406,0.003626375226303935,820.8369750976562,81.7888412475586,0.0016467487439513206,844.5819091796875,56.18055725097656,0.0077843437902629375,833.5873413085938,71.67759704589844,0.0017305902438238263,832.0435791015625,20.49114990234375,0.006891249213367701,868.3251953125,6.69580078125,0.005700096487998962,800.4353637695312,61.96929931640625,0.03658652305603027,825.1265258789062,79.83444213867188,0.0313887782394886,775.5617065429688,145.6878204345703,0.0515945740044117,754.9288330078125,170.11354064941406,0.04598547890782356,885.16796875,72.12277221679688,0.7693706154823303,886.2665405273438,74.02706909179688,0.7452713847160339,866.9454956054688,469.2546691894531,0.9717022180557251,825.8992919921875,470.425048828125,0.9645280838012695,1163.099853515625,740.376708984375,0.9819559454917908,853.9346923828125,809.8920288085938,0.9796894788742065
717,23900,833.78759765625,91.71576690673828,0.0022108424454927444,831.7450561523438,76.79839324951172,0.00277846516110003,828.719482421875,87.72759246826172,0.0014274544082581997,844.7406616210938,59.944793701171875,0.01133489515632391,849.356689453125,78.47252655029297,0.002909050788730383,822.7340698242188,18.201736450195312,0.011277621611952782,895.9896240234375,2.5893402099609375,0.011045454069972038,798.655517578125,57.17015075683594,0.034229978919029236,843.4047241210938,78.64823913574219,0.03787515312433243,797.4658813476562,148.37521362304688,0.02976333536207676,780.221435546875,166.65550231933594,0.03350794315338135,881.5123901367188,82.23779296875,0.8277904987335205,914.5843505859375,85.92251586914062,0.8204776048660278,845.4407958984375,479.3923645019531,0.9716676473617554,845.72998046875,494.1385803222656,0.9685149192810059,1144.637939453125,728.7693481445312,0.9813281297683716,892.185791015625,828.4750366210938,0.9795650243759155
718,23933,836.6702880859375,92.80066680908203,0.001953908707946539,828.3158569335938,78.03726196289062,0.002143729478120804,835.0230712890625,89.72502136230469,0.0012457554694265127,832.0794677734375,59.2935791015625,0.014074679464101791,879.2789306640625,76.69743347167969,0.00451258709654212,795.41015625,20.705978393554688,0.020408783107995987,973.4967651367188,0.0,0.022168003022670746,803.4774169921875,57.37202453613281,0.04953617975115776,920.0982055664062,70.23289489746094,0.06337661296129227,820.8656616210938,152.7905731201172,0.03564908728003502,867.4248657226562,153.71859741210938,0.04500213637948036,871.442138671875,95.87887573242188,0.879723072052002,985.91015625,91.18327331542969,0.8802788257598877,806.6325073242188,479.72698974609375,0.9752503633499146,868.3181762695312,488.599365234375,0.9753554463386536,1099.809326171875,710.05078125,0.9827743172645569,919.3905029296875,835.2339477539062,0.9817569851875305
719,23966,784.1898803710938,80.23727416992188,0.0026391888968646526,780.2880249023438,63.84654235839844,0.0029889103025197983,785.4655151367188,80.02118682861328,0.0013306235196068883,800.5318603515625,46.31554412841797,0.01788996160030365,840.0701293945312,72.41175842285156,0.004541510716080666,796.3727416992188,7.040061950683594,0.028336871415376663,935.405517578125,0.0,0.02589556947350502,808.6309814453125,47.55152893066406,0.08419473469257355,920.6836547851562,64.14006042480469,0.07911549508571625,835.4789428710938,141.2358856201172,0.07177754491567612,851.7828979492188,137.05897521972656,0.0640857070684433,889.117919921875,114.90495300292969,0.8916556239128113,976.9841918945312,117.21711730957031,0.8864675760269165,795.8500366210938,475.75299072265625,0.976477324962616,883.60986328125,489.831298828125,0.9737802743911743,1038.4080810546875,726.41748046875,0.9758408665657043,948.1373901367188,822.11865234375,0.9729563593864441
720,24000,770.9634399414062,77.64692687988281,0.0017659374279901385,768.343505859375,61.1627197265625,0.0021680963691323996,771.9174194335938,77.72110748291016,0.0010538046481087804,791.7164306640625,47.26945495605469,0.02456715703010559,828.5247802734375,72.71475219726562,0.0066125160083174706,793.4212646484375,12.586097717285156,0.028476279228925705,927.6168823242188,3.2196121215820312,0.03741719573736191,808.9956665039062,59.24894714355469,0.04351431503891945,955.1861572265625,80.17586517333984,0.07097050547599792,840.8681640625,167.3825225830078,0.026299552991986275,922.9956665039062,167.28053283691406,0.03649521619081497,893.6934814453125,111.12075805664062,0.865228533744812,983.49462890625,111.422607421875,0.8835670948028564,770.3772583007812,462.41888427734375,0.9672043919563293,897.8079223632812,475.6441955566406,0.9703609347343445,997.2793579101562,727.99658203125,0.968825101852417,998.4990234375,806.6131591796875,0.9698318243026733
721,24033,806.5803833007812,87.46417236328125,0.005513884127140045,805.9989624023438,62.52843475341797,0.007749681826680899,811.3338012695312,81.60800170898438,0.0035067442804574966,827.387939453125,43.46708679199219,0.04655503109097481,867.9089965820312,72.3119888305664,0.009602216072380543,815.6636352539062,2.6371994018554688,0.056296657770872116,944.8657836914062,9.088897705078125,0.029702510684728622,818.164306640625,54.20592498779297,0.08108588308095932,942.6681518554688,74.02015686035156,0.04743773117661476,845.7489624023438,160.2908935546875,0.05998224392533302,916.2052001953125,173.38510131835938,0.0429970882833004,901.746826171875,110.75914764404297,0.8447884917259216,996.3772583007812,113.66134643554688,0.7995784878730774,745.121337890625,438.68170166015625,0.960554838180542,917.2868041992188,458.5055236816406,0.9470558762550354,941.22021484375,777.1168212890625,0.9562698006629944,1059.16845703125,801.2146606445312,0.9467464089393616
722,24066,816.5008544921875,85.41675567626953,0.004957328550517559,816.2852783203125,58.480865478515625,0.006752874702215195,820.2764282226562,78.15154266357422,0.0031538696493953466,839.785400390625,42.97251892089844,0.03750813007354736,876.132568359375,73.42493438720703,0.00826318096369505,831.0772705078125,1.2270126342773438,0.04456537216901779,945.538330078125,12.658699035644531,0.022663574665784836,833.9095458984375,52.13463592529297,0.06903906166553497,932.6820068359375,71.28057861328125,0.03948137164115906,871.7001342773438,146.6461639404297,0.057629380375146866,899.0191650390625,159.1288299560547,0.04036674275994301,902.4993896484375,98.8033676147461,0.8509413003921509,996.0767211914062,104.65731811523438,0.8023901581764221,756.30419921875,433.43548583984375,0.9722787141799927,955.6431884765625,457.21099853515625,0.9601688385009766,862.7293090820312,802.2490234375,0.9694725871086121,1098.191162109375,800.0223999023438,0.9613555669784546
723,24100,806.975830078125,77.14320373535156,0.0026697691064327955,807.0287475585938,53.68640899658203,0.0029649410862475634,809.4130249023438,69.46991729736328,0.0013266740133985877,827.1793823242188,36.801429748535156,0.01258696336299181,855.317138671875,62.53667449951172,0.003304018871858716,833.0950927734375,0.0,0.012461083941161633,925.8460693359375,0.0,0.014338371343910694,832.2611083984375,52.76831817626953,0.046989329159259796,906.0147094726562,53.14457702636719,0.05879196524620056,851.3051147460938,124.73119354248047,0.07696013897657394,835.978515625,107.29387664794922,0.08671492338180542,897.8743286132812,74.68167114257812,0.7934658527374268,979.9147338867188,72.03488159179688,0.7971383929252625,783.8690185546875,439.4542236328125,0.9754864573478699,963.640380859375,447.4184875488281,0.9727897047996521,794.9569702148438,816.9750366210938,0.9770926237106323,1140.1519775390625,780.21826171875,0.9743449091911316
724,24133,837.4780883789062,90.54327392578125,0.004112724680453539,834.7540893554688,66.82914733886719,0.004170713480561972,834.0401000976562,77.83158874511719,0.0018861002754420042,851.5487060546875,51.748809814453125,0.009295369498431683,871.0572509765625,69.3676528930664,0.0025031762197613716,853.4337768554688,18.68463134765625,0.012815832160413265,918.5889282226562,13.537033081054688,0.008411036804318428,846.4227905273438,63.31562805175781,0.07245957106351852,880.88623046875,54.10615539550781,0.047330230474472046,845.4054565429688,102.23121643066406,0.15677954256534576,819.9774169921875,87.6405029296875,0.11708170175552368,905.1655883789062,58.26031494140625,0.7985450029373169,968.0029907226562,56.323516845703125,0.7470124363899231,807.9298095703125,433.9779052734375,0.9820773601531982,975.1133422851562,444.6296081542969,0.9723635911941528,787.4248046875,825.9227294921875,0.9853853583335876,1160.108642578125,762.817626953125,0.9800623059272766
725,24166,825.43603515625,90.13916015625,0.0026858500204980373,828.2249145507812,67.41812896728516,0.003203796921297908,822.44189453125,83.67430114746094,0.0014084632275626063,854.0376586914062,53.06318664550781,0.009128522127866745,851.3995971679688,81.52281188964844,0.002131461398676038,853.1980590820312,5.951408386230469,0.00848360639065504,896.7513427734375,1.4214019775390625,0.007612332236021757,835.2601928710938,34.493408203125,0.04533790796995163,855.4180297851562,36.89277648925781,0.048540253192186356,864.3409423828125,69.70294189453125,0.08931516110897064,830.559326171875,68.17176818847656,0.10092365741729736,911.2696533203125,62.3016357421875,0.7805125117301941,956.896728515625,63.655242919921875,0.7598159909248352,805.1305541992188,435.4786376953125,0.9754592180252075,947.2015380859375,444.5457763671875,0.9691257476806641,795.85986328125,791.5909423828125,0.9797816276550293,1170.8349609375,746.9291381835938,0.9751474261283875
726,24200,818.8289794921875,93.89144897460938,0.0020769955590367317,821.0657958984375,70.89051818847656,0.0026399109046906233,820.2017822265625,88.76554870605469,0.001096951076760888,848.2260131835938,53.168701171875,0.009286653250455856,857.5452270507812,83.74969482421875,0.001920390292070806,842.906494140625,4.0234222412109375,0.007679594215005636,913.6309204101562,0.0,0.007828671485185623,830.0640258789062,37.295562744140625,0.03997068479657173,886.5086669921875,39.16786193847656,0.04971049726009369,852.4028930664062,72.89218139648438,0.0707361102104187,837.3311157226562,71.7974853515625,0.09158506989479065,912.1122436523438,70.48805236816406,0.787345290184021,966.5770263671875,69.82575988769531,0.7758693695068359,818.2945556640625,444.79779052734375,0.9761530160903931,918.3861694335938,451.3893127441406,0.9699015617370605,832.027099609375,816.5859375,0.98119056224823,1170.471923828125,721.4838256835938,0.9768238663673401
727,24233,828.3673706054688,84.33338928222656,0.0021838101092725992,830.5372924804688,63.381683349609375,0.002802368253469467,827.7998657226562,75.27145385742188,0.0011361364740878344,855.7608032226562,43.16876220703125,0.011799389496445656,858.2337036132812,62.69959259033203,0.0023281832691282034,856.909423828125,2.89471435546875,0.011589176021516323,899.1450805664062,0.0,0.009889412671327591,860.7861328125,56.32951354980469,0.04225696623325348,916.362548828125,50.00102233886719,0.04207151383161545,867.4224853515625,109.50233459472656,0.05537177622318268,867.4884033203125,86.30117797851562,0.05745315924286842,907.5773315429688,85.20231628417969,0.8287694454193115,935.9073486328125,82.17192077636719,0.8068382143974304,839.2340698242188,468.69195556640625,0.9807851314544678,899.304931640625,472.0042419433594,0.972926914691925,877.6726684570312,841.83349609375,0.9856975078582764,1136.27880859375,709.6187133789062,0.9820177555084229
728,24266,816.9990844726562,79.6109390258789,0.002553611993789673,819.4021606445312,63.82415771484375,0.0031150970607995987,815.28076171875,73.399658203125,0.0012838213006034493,844.7479858398438,46.09844970703125,0.013347615487873554,836.4598999023438,62.034210205078125,0.0027533522807061672,863.6771850585938,14.424224853515625,0.018745316192507744,864.3917236328125,0.0,0.015398351475596428,873.6229248046875,70.26814270019531,0.066068634390831,883.671630859375,58.782989501953125,0.06041330099105835,855.273193359375,136.651611328125,0.07535654306411743,836.020751953125,107.36288452148438,0.0747142806649208,924.0062866210938,106.99827575683594,0.8848801255226135,921.35986328125,103.16944885253906,0.8663424849510193,843.378662109375,478.0293273925781,0.9836136102676392,877.9235229492188,482.5425109863281,0.975957453250885,927.4883422851562,841.4057006835938,0.9858381152153015,1108.9703369140625,702.126708984375,0.9820337891578674
729,24300,770.9866333007812,58.8167724609375,0.002012350130826235,773.8378295898438,42.935142517089844,0.002372574293985963,771.11669921875,58.37782287597656,0.0007946323021315038,807.7478637695312,26.341552734375,0.016068655997514725,800.877685546875,54.04969024658203,0.0023688706569373608,826.3002319335938,0.0,0.03024660237133503,832.133056640625,0.0,0.022784527391195297,760.9124145507812,6.8684234619140625,0.13793927431106567,840.45361328125,29.13848876953125,0.0935918465256691,813.2990112304688,19.982574462890625,0.13630637526512146,834.4623413085938,93.9301986694336,0.09338566660881042,926.2723388671875,136.3468780517578,0.9331135749816895,909.8402709960938,130.62557983398438,0.9184659719467163,845.7940673828125,504.78692626953125,0.9863036274909973,819.0399780273438,462.93365478515625,0.9785096645355225,978.4777221679688,840.1558837890625,0.979458212852478,1064.6024169921875,690.1958618164062,0.9755862951278687
730,24333,752.7085571289062,40.211517333984375,0.0025388917420059443,758.1178588867188,23.722457885742188,0.003363291034474969,751.1253662109375,39.439842224121094,0.0010088739218190312,797.0313720703125,15.029891967773438,0.02335430309176445,775.51708984375,43.53804016113281,0.002956332406029105,829.8160400390625,0.0,0.041665464639663696,801.0885009765625,0.0,0.024992685765028,768.0473022460938,3.806121826171875,0.13850365579128265,797.9888916015625,16.377090454101562,0.07255086302757263,805.25244140625,7.943389892578125,0.1092819795012474,780.9424438476562,24.3046875,0.06119822338223457,941.9452514648438,129.7678985595703,0.91058748960495,899.11669921875,127.63156127929688,0.8823836445808411,867.2660522460938,496.0675964355469,0.9776729345321655,792.3050537109375,458.4364929199219,0.9623608589172363,992.205322265625,829.8539428710938,0.9654779434204102,1031.056396484375,689.3135986328125,0.95683753490448
731,24366,802.9832763671875,69.12801361083984,0.0013619509991258383,806.9906616210938,52.196319580078125,0.0018134622368961573,801.158935546875,67.37191772460938,0.000696134811732918,838.3991088867188,35.82939147949219,0.01751764677464962,820.2440795898438,63.13249969482422,0.0026228600181639194,855.9992065429688,3.8339767456054688,0.02408132702112198,852.44091796875,0.0,0.027026809751987457,804.170654296875,39.453277587890625,0.06888625770807266,872.4555053710938,56.209991455078125,0.09996557235717773,816.5013427734375,107.52273559570312,0.04833434894680977,831.473876953125,125.26821899414062,0.07143672555685043,944.4100341796875,138.3928680419922,0.9116376638412476,906.0016479492188,133.8607177734375,0.9157047271728516,912.474609375,498.00250244140625,0.9752668738365173,770.0132446289062,452.5276184082031,0.971900463104248,1047.2825927734375,798.0228881835938,0.970676064491272,956.5955200195312,704.85302734375,0.9710743427276611
732,24400,821.8707885742188,85.43778991699219,0.003042880678549409,825.000244140625,66.53656768798828,0.0033125500194728374,816.2283325195312,79.14118194580078,0.0013950165593996644,857.65087890625,48.640411376953125,0.01210462674498558,831.08642578125,71.55132293701172,0.002325531095266342,879.3255615234375,16.95465087890625,0.019388997927308083,861.348876953125,4.053314208984375,0.023653972893953323,853.5845947265625,55.976165771484375,0.08537409454584122,885.3810424804688,55.38121032714844,0.12577295303344727,839.930419921875,117.25740051269531,0.10041404515504837,831.9898681640625,106.13507080078125,0.13289417326450348,945.5073852539062,122.1068115234375,0.8951247334480286,896.0387573242188,113.66551208496094,0.9028021097183228,947.9835205078125,491.7469482421875,0.9799739122390747,771.7350463867188,430.9253845214844,0.977179229259491,1100.4400634765625,828.4259033203125,0.9775950312614441,914.9452514648438,736.1092529296875,0.9794666767120361
733,24433,823.232177734375,97.16015625,0.0023439773358404636,826.3711547851562,77.21102142333984,0.002761784940958023,819.432861328125,88.36683654785156,0.0012924633920192719,859.3971557617188,61.155487060546875,0.01317701954394579,839.7979125976562,80.093994140625,0.0029948086012154818,879.02001953125,26.50177001953125,0.017882758751511574,873.6552124023438,13.72998046875,0.01962134800851345,857.9533081054688,66.17445373535156,0.05122365429997444,958.78369140625,67.51327514648438,0.07816827297210693,902.4556884765625,110.17172241210938,0.04604802653193474,998.991943359375,101.8857421875,0.05717189982533455,945.8325805664062,96.70518493652344,0.87155681848526,898.2469482421875,93.53755187988281,0.87941974401474,974.1535034179688,471.8656311035156,0.9768381118774414,791.6761474609375,434.4516296386719,0.9752357006072998,1141.6990966796875,801.9755859375,0.9779747724533081,859.08544921875,779.5836181640625,0.979925811290741
734,24466,836.399658203125,91.35946655273438,0.003221020335331559,839.3087768554688,71.96127319335938,0.0034630794543772936,831.9071655273438,80.99908447265625,0.001742081018164754,869.9617309570312,57.62347412109375,0.009609365835785866,849.0276489257812,72.83727264404297,0.0025637128856033087,883.0054931640625,26.700668334960938,0.012012346647679806,885.1113891601562,15.562591552734375,0.014536801725625992,858.2572631835938,71.83602905273438,0.04666975513100624,973.5029907226562,76.52879333496094,0.07745735347270966,889.7921142578125,121.66049194335938,0.05805472657084465,1015.7481689453125,119.92543029785156,0.07499714195728302,946.7451782226562,84.22288513183594,0.8488327264785767,901.0427856445312,83.81538391113281,0.8617215752601624,981.6236572265625,463.6121520996094,0.9786503314971924,807.2012939453125,441.3941650390625,0.9778180122375488,1175.202392578125,783.6270141601562,0.981990396976471,818.8179931640625,792.23876953125,0.9835034608840942
735,24500,838.260498046875,84.87698364257812,0.00344859529286623,839.7288208007812,65.78581237792969,0.0038042536471039057,834.0470581054688,74.73969268798828,0.0018656558822840452,867.5026245117188,52.999420166015625,0.009562104009091854,854.388427734375,67.89608001708984,0.0024589169770479202,873.3787231445312,25.882919311523438,0.010493268258869648,898.3306274414062,12.703811645507812,0.012153620831668377,843.5775756835938,71.99244689941406,0.04230514168739319,985.1026611328125,70.83535766601562,0.06560959666967392,863.3119506835938,126.92765808105469,0.0551186203956604,1016.5498046875,113.34141540527344,0.06738753616809845,938.1077880859375,78.3511962890625,0.8352190852165222,907.2449951171875,79.0360107421875,0.8464749455451965,971.177001953125,462.6090087890625,0.9789301156997681,820.1620483398438,446.29864501953125,0.9778289794921875,1197.7794189453125,764.0978393554688,0.9838135242462158,820.5880737304688,795.793212890625,0.984833300113678
736,24533,886.8671264648438,66.35984802246094,0.013127892278134823,888.5093994140625,43.21531677246094,0.011968347243964672,878.356201171875,55.02550506591797,0.009054699912667274,895.4073486328125,26.230201721191406,0.01558653637766838,871.7964477539062,44.64630889892578,0.008319959044456482,881.3173828125,0.0,0.03244902566075325,905.0809936523438,0.0,0.012743746861815453,846.1327514648438,64.09410095214844,0.09675932675600052,937.3656616210938,66.99659729003906,0.038404401391744614,868.4037475585938,115.69212341308594,0.10834547877311707,966.3660278320312,132.30685424804688,0.05531257018446922,926.2445678710938,106.77813720703125,0.753692090511322,902.7134399414062,98.2540283203125,0.6593131422996521,930.7738647460938,457.2851257324219,0.9473385214805603,822.7673950195312,449.77276611328125,0.9211457371711731,1198.4520263671875,740.2608032226562,0.9513569474220276,848.8673095703125,782.9397583007812,0.9357380270957947
737,24566,826.530029296875,84.04257202148438,0.0029484073165804148,827.2122802734375,67.81107330322266,0.003913600463420153,820.5667114257812,77.79503631591797,0.0017311900155618787,851.1641235351562,53.819183349609375,0.011041157878935337,838.6235961914062,69.78426361083984,0.0023978883400559425,852.8460083007812,16.772689819335938,0.010343379341065884,874.068115234375,3.1754150390625,0.00830891914665699,819.6383056640625,50.679290771484375,0.03839493170380592,879.1759643554688,62.21232604980469,0.033832672983407974,814.3150634765625,134.08396911621094,0.040146004408597946,827.1441650390625,131.407470703125,0.03514017164707184,916.951171875,66.2010498046875,0.8282497525215149,901.5296630859375,69.818115234375,0.8122512102127075,906.8583984375,474.6119384765625,0.9769173860549927,849.0620727539062,470.6796569824219,0.9720717668533325,1196.3642578125,723.3671264648438,0.9842556118965149,881.4898681640625,805.1526489257812,0.9830564260482788
738,24600,833.7659912109375,81.59957885742188,0.002168418141081929,834.7359619140625,66.30711364746094,0.002941143698990345,832.5657348632812,77.35762023925781,0.0014227856881916523,853.4901123046875,51.810081481933594,0.012280547991394997,858.9976196289062,69.09461975097656,0.0027862100396305323,837.0531005859375,18.911178588867188,0.008710128255188465,917.7023315429688,0.0,0.011652158573269844,821.4791259765625,63.90715026855469,0.0260431170463562,889.705078125,61.56195831298828,0.04594116285443306,807.9757690429688,141.08433532714844,0.023533916100859642,824.6627197265625,116.4682388305664,0.03872893378138542,906.3470458984375,98.32548522949219,0.8134143352508545,942.0467529296875,100.67427062988281,0.8346179127693176,874.4359130859375,480.0029296875,0.9684662818908691,871.6632080078125,487.1678771972656,0.9710120558738708,1170.466552734375,714.464599609375,0.9783434271812439,914.7742309570312,820.10009765625,0.9792170524597168
739,24633,830.64404296875,90.07049560546875,0.002996058901771903,827.063232421875,75.56364440917969,0.0028922075871378183,829.196044921875,87.73544311523438,0.001661101938225329,839.306640625,57.89387512207031,0.008150946348905563,864.180419921875,76.50215148925781,0.002541657304391265,819.8861083984375,22.36248779296875,0.009364109486341476,949.4810180664062,0.0,0.01955862157046795,830.6032104492188,57.704246520996094,0.05015060678124428,897.7073364257812,51.55828857421875,0.14336366951465607,839.6276245117188,119.55301666259766,0.07504701614379883,832.3460693359375,103.35507202148438,0.1807735115289688,904.2778930664062,110.94639587402344,0.8618917465209961,980.9349975585938,106.67147827148438,0.8965169787406921,844.7688598632812,485.1300048828125,0.9746564626693726,876.6734619140625,484.16766357421875,0.9807685017585754,1125.3262939453125,706.6598510742188,0.9797001481056213,956.0203857421875,817.3921508789062,0.9822715520858765
740,24666,837.8604125976562,92.47773742675781,0.0042464518919587135,833.6401977539062,76.91596984863281,0.0035429075360298157,830.0424194335938,91.05329132080078,0.002260192297399044,848.277099609375,57.22540283203125,0.009836174547672272,861.628662109375,79.7270736694336,0.004187724553048611,831.4609375,18.933563232421875,0.022461438551545143,946.3641967773438,0.0,0.02934269607067108,847.0341796875,48.828826904296875,0.10043276101350784,877.9953002929688,53.58819580078125,0.14489984512329102,848.1179809570312,115.65921020507812,0.12858428061008453,834.438720703125,105.91831970214844,0.17607435584068298,912.9094848632812,91.58399963378906,0.8921353816986084,995.7639770507812,89.1617431640625,0.8980943560600281,812.7032470703125,469.3207702636719,0.9771421551704407,909.7761840820312,489.2798156738281,0.9779694080352783,1086.916259765625,704.3860473632812,0.98003089427948,988.420166015625,823.3320922851562,0.9790678024291992
741,24700,829.0296020507812,81.23556518554688,0.004188778344541788,826.7568969726562,64.15198516845703,0.003896306501701474,819.1173706054688,80.82108306884766,0.002245416399091482,852.2766723632812,47.022308349609375,0.01267722062766552,853.7327880859375,75.2479019165039,0.004598946776241064,847.4761962890625,10.262008666992188,0.023221397772431374,934.4077758789062,0.7893218994140625,0.029854102060198784,854.7554321289062,42.469390869140625,0.08033323287963867,883.1343383789062,54.02073669433594,0.11696386337280273,849.6725463867188,106.3809814453125,0.09676749259233475,831.3615112304688,95.7498779296875,0.1326424926519394,917.3692016601562,88.81283569335938,0.8560300469398499,986.3707275390625,87.14163208007812,0.8657164573669434,783.2704467773438,456.6642150878906,0.9678832292556763,917.3463134765625,477.50994873046875,0.9691603183746338,1046.5880126953125,723.1196899414062,0.9716504216194153,1042.4652099609375,814.723388671875,0.9708784222602844
742,24733,823.5151977539062,77.57173919677734,0.00370150338858366,820.0108032226562,59.75605773925781,0.0038813280407339334,818.494873046875,76.78264617919922,0.00197236193343997,844.4251708984375,43.043792724609375,0.014421035535633564,862.3306274414062,71.54907989501953,0.0043480489403009415,846.8467407226562,9.130096435546875,0.021836182102560997,932.7379760742188,3.42572021484375,0.021836457774043083,846.5842895507812,51.710357666015625,0.06699749827384949,890.8306884765625,57.70916748046875,0.07328056544065475,839.9719848632812,111.19990539550781,0.07996509969234467,833.3434448242188,92.61341857910156,0.08836192637681961,912.0304565429688,82.26132202148438,0.8587168455123901,986.1331787109375,81.87908935546875,0.852210521697998,776.69091796875,443.05865478515625,0.9776860475540161,954.1778564453125,478.13616943359375,0.975109875202179,971.0181884765625,774.19189453125,0.9825326204299927,1105.010986328125,818.6693725585938,0.979880154132843
743,24766,832.4024658203125,82.32060241699219,0.002952217124402523,828.4405517578125,61.61254119873047,0.003522670129314065,831.8159790039062,77.24315643310547,0.0015626156236976385,850.3941650390625,45.32926940917969,0.01781962253153324,887.1563110351562,69.93843841552734,0.004503922071307898,845.7786254882812,11.282821655273438,0.02372906357049942,962.3164672851562,7.3967742919921875,0.01469908095896244,847.8470458984375,60.29571533203125,0.06085093319416046,959.9749145507812,62.492431640625,0.03799624741077423,882.2913818359375,124.86016845703125,0.06732849776744843,909.2726440429688,113.5697021484375,0.04462215304374695,910.0270385742188,77.42642211914062,0.8342351913452148,1004.197998046875,75.79389953613281,0.7922347784042358,794.9892578125,434.6766357421875,0.9789672493934631,985.3515625,460.40948486328125,0.9698240160942078,885.596923828125,809.1930541992188,0.9837276935577393,1129.7232666015625,786.035888671875,0.9786139130592346
744,24800,841.6502075195312,90.85185241699219,0.004448795225471258,839.808837890625,68.0753402709961,0.004064435604959726,838.3679809570312,82.13671875,0.0021109208464622498,859.6505737304688,50.792449951171875,0.00934339128434658,879.4044799804688,73.57246398925781,0.003138285828754306,858.1761474609375,8.059524536132812,0.01439552754163742,941.4752197265625,5.6181793212890625,0.013243287801742554,850.5992431640625,53.673980712890625,0.07624766230583191,897.6663208007812,47.945526123046875,0.07390612363815308,860.3588256835938,94.95515441894531,0.15728142857551575,841.330078125,75.69758605957031,0.1549757570028305,919.8356323242188,61.511077880859375,0.8121106028556824,997.4634399414062,61.0001220703125,0.7913687825202942,805.0588989257812,431.0748596191406,0.9799938201904297,995.4197387695312,453.5450439453125,0.9739713668823242,823.5972290039062,812.9818725585938,0.9828296303749084,1167.864990234375,775.1517944335938,0.9785456657409668
745,24833,844.5408325195312,81.11112213134766,0.0046300035901367664,843.749267578125,58.813934326171875,0.004492353647947311,840.520263671875,69.89517974853516,0.001975404564291239,865.6815185546875,43.982940673828125,0.008303789421916008,874.2811889648438,62.27961730957031,0.002156077651306987,873.9161376953125,9.23345947265625,0.01137953158468008,920.8299560546875,5.0391082763671875,0.00907202623784542,867.7201538085938,53.82298278808594,0.07756233960390091,887.79638671875,48.36895751953125,0.06308876723051071,862.2243041992188,93.25314331054688,0.19047750532627106,834.73681640625,75.60269165039062,0.16700266301631927,929.0114135742188,57.39225769042969,0.7994312644004822,978.72802734375,56.38719177246094,0.7638100981712341,825.9614868164062,438.7222900390625,0.9815831780433655,986.2827758789062,453.4177551269531,0.9734766483306885,811.587158203125,824.3036499023438,0.9842321872711182,1186.1656494140625,755.3038940429688,0.9792465567588806
746,24866,833.3661499023438,78.60594177246094,0.0037784134037792683,835.2169799804688,56.58496856689453,0.0037012731190770864,831.0477905273438,71.97074890136719,0.0017171679064631462,858.7091674804688,41.82195281982422,0.006257706321775913,858.00390625,69.2735595703125,0.0016680060653015971,865.473876953125,1.7387008666992188,0.006643365137279034,909.2527465820312,0.0,0.00825157854706049,859.152099609375,41.83781433105469,0.05925422161817551,881.5968627929688,39.46197509765625,0.08863434195518494,855.7606811523438,82.32655334472656,0.1749190241098404,832.4961547851562,75.49930572509766,0.24779675900936127,931.8155517578125,65.71939086914062,0.7787145972251892,974.2060546875,66.16790771484375,0.7802554965019226,827.58642578125,441.7205505371094,0.9773434400558472,957.1895751953125,453.35504150390625,0.9735825061798096,810.800537109375,809.9349975585938,0.979880154132843,1195.7586669921875,740.78759765625,0.9761539101600647
747,24900,841.0939331054688,86.12175750732422,0.004067111760377884,842.6881713867188,63.02339172363281,0.0044347732327878475,837.9336547851562,75.39939880371094,0.0018024980090558529,867.5445556640625,47.173828125,0.008741341531276703,865.6058349609375,68.46784973144531,0.0019649455789476633,869.231689453125,5.841888427734375,0.010219915769994259,910.5435791015625,0.0,0.008054889738559723,869.2472534179688,45.08674621582031,0.06815066933631897,895.6051635742188,47.84120178222656,0.054716650396585464,866.521728515625,87.45661926269531,0.15135149657726288,841.6419067382812,72.60543823242188,0.13256895542144775,932.5891723632812,63.83729553222656,0.7986229062080383,966.9254150390625,62.76324462890625,0.7593649625778198,847.7757568359375,459.94091796875,0.9808973670005798,937.286865234375,466.6666259765625,0.9705069661140442,855.484130859375,845.5980834960938,0.9842125773429871,1180.803466796875,716.197509765625,0.9784852862358093
748,24933,840.6734619140625,82.58409118652344,0.0038157987874001265,841.9325561523438,63.756752014160156,0.004278289619833231,839.3184814453125,76.86559295654297,0.0015814058715477586,868.4786376953125,45.51365661621094,0.009947588667273521,864.1408081054688,68.60188293457031,0.0018090669764205813,877.0087280273438,0.816558837890625,0.013124994933605194,892.7835083007812,0.0,0.010595383122563362,868.7943115234375,43.49848937988281,0.08635954558849335,886.1953125,44.83369445800781,0.07199650257825851,859.3738403320312,86.23983764648438,0.16469992697238922,840.8221435546875,70.37013244628906,0.15086981654167175,930.3548583984375,80.39012145996094,0.8468932509422302,939.4856567382812,80.55780029296875,0.8154266476631165,854.2504272460938,465.2106018066406,0.9820771217346191,905.0940551757812,479.6972351074219,0.9722833633422852,904.6608276367188,843.7897338867188,0.9838575124740601,1154.821533203125,708.282958984375,0.9780247211456299
749,24966,828.5531616210938,80.38554382324219,0.0025766738690435886,832.5422973632812,63.485939025878906,0.002975740935653448,826.9340209960938,77.9413833618164,0.001353156752884388,857.7559814453125,44.34690856933594,0.010399619117379189,841.7695922851562,69.68385314941406,0.002369835739955306,869.608154296875,8.540245056152344,0.01169556099921465,874.5743408203125,0.0,0.015898175537586212,871.36328125,62.90986633300781,0.05578203499317169,877.6491088867188,50.877960205078125,0.0942738875746727,854.63232421875,119.39929962158203,0.08206997811794281,835.556640625,101.25908660888672,0.13429169356822968,934.7224731445312,116.47796630859375,0.8785966634750366,933.261474609375,113.66532897949219,0.8858887553215027,860.9022216796875,485.071044921875,0.982235312461853,888.3278198242188,480.9057312011719,0.979080855846405,955.5411987304688,842.499755859375,0.9829789996147156,1126.85400390625,694.5791015625,0.981374979019165
750,25000,821.649169921875,81.89259338378906,0.0025651080068200827,824.780517578125,63.185943603515625,0.0032006860710680485,818.4747314453125,80.58242797851562,0.0013965172693133354,855.9461059570312,43.4073486328125,0.012459071353077888,832.3516845703125,75.49969482421875,0.0025341815780848265,877.5736694335938,11.972099304199219,0.01138422079384327,861.1719360351562,1.2610015869140625,0.01809689961373806,862.2539672851562,59.172569274902344,0.04361027479171753,875.0050048828125,57.51942443847656,0.09117049723863602,846.0595092773438,125.87569427490234,0.05663193762302399,830.9871826171875,107.57972717285156,0.10842171311378479,949.4921264648438,116.20115661621094,0.8636568784713745,924.844482421875,113.34635925292969,0.8830500245094299,861.1124877929688,493.7511291503906,0.9780128598213196,846.601318359375,473.4384460449219,0.9762343764305115,1007.0068359375,838.989990234375,0.9786495566368103,1086.7918701171875,692.1295166015625,0.9789425730705261
751,25033,817.3358154296875,83.8297119140625,0.001565086073242128,820.5540161132812,62.097129821777344,0.002395193325355649,808.4036865234375,78.02002716064453,0.0006459187716245651,861.8114013671875,41.17510986328125,0.01837260089814663,823.6465454101562,71.51426696777344,0.0017179265851154923,894.3015747070312,8.521408081054688,0.022471388801932335,849.262451171875,0.0,0.01473697554320097,855.94287109375,53.61003112792969,0.08044248819351196,872.7130737304688,64.41888427734375,0.05428321659564972,822.3704223632812,136.89056396484375,0.07185563445091248,811.9579467773438,131.21836853027344,0.054114583879709244,960.402099609375,102.82731628417969,0.816177487373352,905.7882080078125,98.56086730957031,0.7787144780158997,895.0667724609375,491.87274169921875,0.949218213558197,790.94482421875,463.43316650390625,0.9224725961685181,1032.5128173828125,837.8512573242188,0.9369328618049622,1030.6500244140625,707.8335571289062,0.923468828201294
752,25066,829.2251586914062,91.12033081054688,0.0022172967437654734,832.2652587890625,70.92626953125,0.002706431318074465,822.9602661132812,84.66659545898438,0.0010035496670752764,866.7078247070312,52.2059326171875,0.013737984001636505,837.5555419921875,77.19122314453125,0.002167192753404379,891.5117797851562,18.750869750976562,0.021500911563634872,864.5502319335938,1.1676177978515625,0.021103795617818832,863.3368530273438,60.32904052734375,0.08730211108922958,891.2589111328125,52.96875,0.09855242073535919,846.61376953125,110.32722473144531,0.0882839560508728,835.6390380859375,89.29669189453125,0.09539623558521271,955.9288330078125,112.89060974121094,0.9011703133583069,904.1306762695312,103.40904235839844,0.8988166451454163,940.5252685546875,501.21954345703125,0.9802405834197998,781.031494140625,441.9478759765625,0.9748592376708984,1082.60009765625,833.1592407226562,0.9768769145011902,966.8292846679688,721.3500366210938,0.9768969416618347
753,25100,830.6532592773438,87.69804382324219,0.0023776916787028313,834.4934692382812,69.35202026367188,0.002828229684382677,829.6527099609375,83.66349792480469,0.0012282973621040583,865.8926391601562,53.07989501953125,0.011790486052632332,847.7271118164062,78.57634735107422,0.0023291094694286585,889.0317993164062,19.238021850585938,0.014134587720036507,877.787841796875,1.5562820434570312,0.020772185176610947,846.7278442382812,56.59485626220703,0.06057985499501228,891.8009643554688,41.96587371826172,0.1150556206703186,828.0296630859375,107.14622497558594,0.06773268431425095,832.6755981445312,94.6860580444336,0.11441223323345184,958.22314453125,119.0299072265625,0.8756343722343445,909.794189453125,112.83357238769531,0.8939979672431946,967.201904296875,478.99163818359375,0.9755343198776245,786.0472412109375,431.5370178222656,0.9746168255805969,1115.705322265625,825.321533203125,0.9721934199333191,903.7696533203125,742.2099609375,0.9751389026641846
754,25133,836.9401245117188,93.23870086669922,0.002778975060209632,840.1795043945312,72.6200180053711,0.003418221138417721,832.2387084960938,82.69111633300781,0.0013683279976248741,873.7423095703125,56.733856201171875,0.012721095234155655,851.4829711914062,73.4483413696289,0.0023883236572146416,894.5563354492188,25.529388427734375,0.01728418841958046,884.74609375,8.738479614257812,0.015620185062289238,852.50048828125,66.18594360351562,0.06639820337295532,910.6419677734375,53.26808166503906,0.06729424744844437,832.7836303710938,109.89152526855469,0.06560692191123962,845.9158325195312,89.12750244140625,0.06163908541202545,959.88525390625,89.92034912109375,0.8641383051872253,911.2483520507812,83.63996887207031,0.859998345375061,989.73291015625,476.49713134765625,0.9769574403762817,806.751953125,434.540771484375,0.9718985557556152,1162.48095703125,806.341552734375,0.9765855073928833,846.412353515625,781.0263061523438,0.9771291613578796
755,25166,858.7972412109375,87.72789001464844,0.0036038770340383053,860.203857421875,68.21276092529297,0.004087978508323431,854.4300537109375,76.91436767578125,0.001802407787181437,887.301513671875,53.567962646484375,0.009607967920601368,873.8463134765625,68.28856658935547,0.0022592549212276936,894.54345703125,26.307586669921875,0.012964984402060509,916.4324340820312,11.285842895507812,0.011638318188488483,861.353759765625,68.29637145996094,0.06262458115816116,945.1909790039062,63.318328857421875,0.06085134297609329,848.7197265625,109.55667114257812,0.07679719477891922,870.779296875,89.91796875,0.06853043287992477,953.7606811523438,81.13027954101562,0.8599532246589661,924.8720092773438,79.26713562011719,0.8518756628036499,990.2817993164062,465.2501220703125,0.9821640253067017,825.3117065429688,446.535400390625,0.9778803586959839,1195.532470703125,783.9022216796875,0.9850794076919556,816.7595825195312,802.2596435546875,0.9844136238098145
756,25200,905.3584594726562,68.00372314453125,0.017119519412517548,907.9103393554688,48.0780029296875,0.012483514845371246,893.8665161132812,57.33091735839844,0.010031013749539852,918.4037475585938,32.55743408203125,0.011701035313308239,883.8416748046875,45.48779296875,0.007330369204282761,912.4332275390625,6.456573486328125,0.0399576872587204,911.1846923828125,0.0,0.016906263306736946,875.4662475585938,68.72195434570312,0.16587328910827637,906.02294921875,63.61235046386719,0.06266874074935913,852.2993774414062,101.76773071289062,0.2150396704673767,839.7815551757812,97.09945678710938,0.10155080258846283,948.0606079101562,112.24122619628906,0.8015275597572327,905.7366943359375,98.67741394042969,0.7152984738349915,971.3018798828125,461.1481018066406,0.9605695605278015,820.1312866210938,440.0655517578125,0.9338759779930115,1210.66845703125,759.1172485351562,0.9591043591499329,824.793701171875,756.6948852539062,0.9449396133422852
757,25233,842.2269287109375,71.89700317382812,0.0024985182099044323,845.9619750976562,54.38401794433594,0.0032570904586464167,838.5106201171875,66.26609802246094,0.0014719371683895588,870.4193115234375,39.79563903808594,0.007885035127401352,846.3773803710938,60.62095642089844,0.001640834379941225,877.6064453125,7.146125793457031,0.005165716167539358,869.395263671875,0.0,0.007305031176656485,832.9509887695312,47.649810791015625,0.026839030906558037,888.9854736328125,43.35655975341797,0.050180431455373764,814.5214233398438,105.60770416259766,0.0379498153924942,834.22265625,85.0799331665039,0.06140163540840149,935.17333984375,75.29045104980469,0.748853862285614,891.3480834960938,80.19319152832031,0.7808510065078735,944.694580078125,465.0224609375,0.9621373414993286,836.2415771484375,454.90960693359375,0.9631972312927246,1208.7503662109375,733.5202026367188,0.9698854088783264,859.6001586914062,778.138916015625,0.9725326895713806
758,25266,846.8875732421875,89.05501556396484,0.004787004552781582,849.722900390625,72.7928237915039,0.005032800603657961,837.9889526367188,82.314697265625,0.002646749373525381,875.3442993164062,58.88470458984375,0.006541749462485313,848.0543212890625,74.43175506591797,0.0020053714979439974,879.0853271484375,18.381271362304688,0.006909865885972977,888.1463623046875,3.4116668701171875,0.008595089428126812,886.049072265625,48.17559814453125,0.044867269694805145,878.6455688476562,53.67572021484375,0.06590811163187027,863.5343627929688,111.43753051757812,0.08167564123868942,830.5836181640625,89.06707763671875,0.10534456372261047,928.3364868164062,67.8603515625,0.8030809164047241,913.100341796875,70.93977355957031,0.8137863278388977,901.6578369140625,479.2588806152344,0.9748762249946594,858.0930786132812,479.15423583984375,0.9740996360778809,1198.7962646484375,725.8976440429688,0.9822664856910706,903.8677368164062,815.2560424804688,0.9823657870292664
759,25300,838.327880859375,83.08987426757812,0.0025946444366127253,836.959228515625,68.13858032226562,0.0029569619800895452,836.554931640625,80.00289916992188,0.0015420597046613693,852.1756591796875,51.69184112548828,0.009134044870734215,863.6224975585938,70.8515853881836,0.0023940871469676495,840.5996704101562,15.10308837890625,0.007911411114037037,928.7080688476562,0.0,0.013796213082969189,842.7312622070312,53.897804260253906,0.03490614518523216,894.2221069335938,46.99779510498047,0.0826195701956749,844.1927490234375,113.15599822998047,0.04368313029408455,836.14306640625,87.00130462646484,0.08913209289312363,920.2337036132812,100.984130859375,0.8223423957824707,962.767822265625,101.76535034179688,0.85679692029953,879.3322143554688,485.2887268066406,0.9696134924888611,877.8863525390625,487.03765869140625,0.9743732213973999,1164.9542236328125,728.2379150390625,0.9759420156478882,929.9908447265625,822.58740234375,0.9782766699790955
760,25333,834.1375732421875,92.57716369628906,0.002641997067257762,831.8380737304688,78.01066589355469,0.002813032828271389,832.0270385742188,91.24360656738281,0.001541839330457151,847.5930786132812,58.83112335205078,0.010107118636369705,864.8551025390625,79.94476318359375,0.002968743909150362,840.7672729492188,20.12340545654297,0.011800574138760567,940.9927978515625,0.0,0.021153371781110764,849.312255859375,51.27154541015625,0.04885684698820114,893.5664672851562,46.609474182128906,0.11741703003644943,848.839599609375,101.86434173583984,0.05605725571513176,839.5134887695312,82.54206848144531,0.119782455265522,920.2098999023438,115.98495483398438,0.876827597618103,978.8710327148438,113.01356506347656,0.902665913105011,845.001708984375,488.15972900390625,0.9761651754379272,879.6632690429688,489.5389709472656,0.9805551171302795,1120.9656982421875,720.7471923828125,0.9805220365524292,969.3292236328125,818.4688720703125,0.9822904467582703
761,25366,819.7409057617188,87.3365249633789,0.002648674650117755,814.0858764648438,71.9600601196289,0.0026204450987279415,816.291015625,86.8905029296875,0.001379312016069889,835.581298828125,53.795745849609375,0.015769248828291893,872.3027954101562,75.7130126953125,0.004813899286091328,822.970458984375,16.654953002929688,0.03218578174710274,971.1443481445312,0.0,0.03575049340724945,810.6793823242188,41.367919921875,0.09126635640859604,925.227783203125,54.89222717285156,0.111845962703228,795.8408813476562,113.7637939453125,0.07484031468629837,852.8648681640625,96.66728210449219,0.09195447713136673,914.96435546875,99.08042907714844,0.9127123951911926,1015.9105224609375,94.3853759765625,0.9149897694587708,809.9319458007812,472.32147216796875,0.9799662232398987,923.9627075195312,488.22686767578125,0.9800940155982971,1083.085693359375,709.011962890625,0.9820975661277771,1002.8258666992188,821.539306640625,0.9813362956047058
762,25400,816.2149658203125,91.93279266357422,0.002436206443235278,813.8347778320312,74.39948272705078,0.003025589045137167,815.082275390625,92.92350769042969,0.0014069054741412401,840.0289916992188,54.714935302734375,0.019700609147548676,867.3499145507812,84.28944396972656,0.004667051136493683,834.0425415039062,14.26812744140625,0.022759409621357918,961.9450073242188,0.0,0.026170462369918823,840.7984008789062,53.159523010253906,0.054094646126031876,924.4581909179688,58.84721374511719,0.07468514144420624,851.7052612304688,132.2720489501953,0.04460776597261429,854.3876953125,110.11610412597656,0.05963434651494026,919.4500122070312,104.38600158691406,0.8478885293006897,1014.6769409179688,101.08868408203125,0.8572379946708679,779.0234985351562,458.027099609375,0.9631803035736084,929.3446655273438,475.09002685546875,0.9648914337158203,1040.954345703125,715.9046020507812,0.9673465490341187,1036.9520263671875,802.3657836914062,0.966741144657135
763,25433,825.4625244140625,86.93769836425781,0.0036934390664100647,823.6280517578125,69.33883666992188,0.003957060631364584,825.4341430664062,87.90692138671875,0.0018301428062841296,850.4783935546875,49.87110900878906,0.013240920379757881,874.7384643554688,80.22084045410156,0.0033806520514190197,849.507568359375,12.074638366699219,0.017448697239160538,955.682373046875,1.4780502319335938,0.019858337938785553,844.6787109375,44.343223571777344,0.07501204311847687,898.45263671875,45.240875244140625,0.09459776431322098,842.6884155273438,101.1287841796875,0.10955774784088135,836.96435546875,88.61066436767578,0.13410788774490356,924.4407958984375,101.70570373535156,0.8518466949462891,1012.1820068359375,97.16908264160156,0.8548792004585266,777.2650146484375,454.0804138183594,0.9748604893684387,961.0123901367188,470.7071228027344,0.9739444851875305,985.825927734375,770.0429077148438,0.9766563773155212,1110.282958984375,810.5582885742188,0.9749038815498352
764,25466,849.1959228515625,89.61495208740234,0.004368162248283625,844.5206909179688,69.97828674316406,0.004205155652016401,848.7570190429688,86.47135162353516,0.0018061023438349366,866.7025146484375,50.34828186035156,0.010585455223917961,901.9034423828125,77.0401382446289,0.0027639686595648527,862.873779296875,6.2293853759765625,0.020728236064314842,971.3499755859375,3.424072265625,0.013285788707435131,845.2174072265625,36.92161560058594,0.12663225829601288,915.4918823242188,44.56251525878906,0.07346149533987045,851.8561401367188,83.34233093261719,0.22788412868976593,847.5413818359375,75.84036254882812,0.15207700431346893,927.77783203125,77.15830993652344,0.8614570498466492,1019.4615478515625,75.82685852050781,0.8190478086471558,800.9952392578125,434.5196228027344,0.9837583899497986,996.9571533203125,465.0777282714844,0.975399374961853,898.3477172851562,808.2269897460938,0.9854643940925598,1149.090087890625,796.0697631835938,0.9797606468200684
765,25500,846.9957885742188,86.98489379882812,0.0033343019895255566,845.395751953125,65.20729064941406,0.0034430574160069227,850.5648193359375,81.66112518310547,0.0014463552506640553,868.6609497070312,47.53294372558594,0.00824112817645073,900.9422607421875,74.83547973632812,0.001907950732856989,866.5323486328125,5.43731689453125,0.009485489688813686,972.8745727539062,0.03604888916015625,0.009060429409146309,853.9281005859375,44.554161071777344,0.07198867946863174,927.54931640625,45.348838806152344,0.07420121133327484,865.4058837890625,89.2763900756836,0.1751255989074707,853.4284057617188,78.04364776611328,0.18226094543933868,927.6182250976562,72.11700439453125,0.7989353537559509,1016.3467407226562,69.36373901367188,0.7809687852859497,820.0598754882812,438.6921691894531,0.9790468811988831,997.4033203125,450.9972839355469,0.9734950661659241,832.6411743164062,814.8619995117188,0.9805368185043335,1184.3682861328125,769.6181030273438,0.9759481549263
766,25533,865.2306518554688,85.55245971679688,0.004724096041172743,865.234130859375,63.20166778564453,0.004426555708050728,862.2235717773438,73.66834259033203,0.001823135418817401,888.1917114257812,47.05686950683594,0.006973872892558575,898.3745727539062,63.53526306152344,0.001735825790092349,891.3004760742188,6.5050048828125,0.011060992255806923,947.45654296875,1.155029296875,0.007518389727920294,875.5382690429688,41.23484802246094,0.10460985451936722,907.3687744140625,41.09779357910156,0.06626414507627487,869.10205078125,75.39761352539062,0.2802424728870392,851.4109497070312,67.03257751464844,0.20512880384922028,942.0626220703125,60.850067138671875,0.8164658546447754,997.3731079101562,57.74180603027344,0.7665459513664246,836.2528076171875,441.8227844238281,0.9844253063201904,995.8195190429688,450.89569091796875,0.9752991199493408,816.9124755859375,825.9401245117188,0.9862315058708191,1194.724365234375,753.1968383789062,0.9807571172714233
767,25566,857.45361328125,79.96403503417969,0.0031268231105059385,860.80908203125,56.750953674316406,0.003476921934634447,855.2236328125,71.26219940185547,0.0014311416307464242,886.8914794921875,42.295692443847656,0.006760602816939354,880.4443359375,67.96559143066406,0.0015218404587358236,894.1494750976562,0.544189453125,0.0064055416733026505,919.5661010742188,0.0,0.006177712697535753,873.057861328125,36.54505920410156,0.053271546959877014,886.035888671875,37.12083435058594,0.05731415003538132,878.89990234375,70.47711181640625,0.1435145139694214,849.5654296875,69.14069366455078,0.15896247327327728,947.3077392578125,58.10893249511719,0.7639470100402832,977.7431030273438,58.01092529296875,0.7423242330551147,838.58154296875,440.34100341796875,0.9771336317062378,962.262451171875,450.2063903808594,0.9699829816818237,815.3433837890625,816.5787963867188,0.9804965853691101,1207.379638671875,743.3729248046875,0.9749880433082581
768,25600,849.7088012695312,96.1402587890625,0.005938250571489334,851.2776489257812,71.79171752929688,0.005655302200466394,845.9324340820312,87.07381439208984,0.002414009300991893,880.2990112304688,52.978729248046875,0.00670001283288002,873.6990966796875,80.40515899658203,0.0016827030340209603,889.4207763671875,5.683685302734375,0.008116105571389198,919.9403686523438,1.02813720703125,0.008619104512035847,885.060302734375,46.26091003417969,0.07965150475502014,898.090087890625,51.41908264160156,0.08951590955257416,868.9378051757812,75.20283508300781,0.24251478910446167,844.0325927734375,65.85328674316406,0.26963040232658386,944.7784423828125,60.66087341308594,0.7889276742935181,971.8280639648438,61.46177673339844,0.7707948088645935,854.0445556640625,453.2886962890625,0.9813117384910583,943.6847534179688,470.10845947265625,0.9739581346511841,862.187255859375,839.6243286132812,0.9843044877052307,1191.364013671875,714.3444213867188,0.9795646667480469
769,25633,845.9990844726562,88.47024536132812,0.004795214626938105,849.6156616210938,68.35526275634766,0.005222309846431017,842.4168090820312,81.56497192382812,0.0020619428250938654,879.73046875,49.488922119140625,0.009887205436825752,859.8681030273438,73.56513977050781,0.0019685060251504183,898.1430053710938,8.372177124023438,0.010683516971766949,888.427978515625,0.0,0.012122676707804203,901.7900390625,62.75299072265625,0.06587148457765579,900.6387329101562,58.84593200683594,0.0839337632060051,866.9572143554688,90.85134887695312,0.1416195034980774,847.681884765625,71.03324890136719,0.17613112926483154,945.6890869140625,80.35661315917969,0.8121012449264526,939.9445190429688,81.38864135742188,0.8045547604560852,859.4703369140625,461.67388916015625,0.9788163900375366,916.6235961914062,482.2007751464844,0.9716917276382446,909.6612548828125,848.4819946289062,0.9814544320106506,1164.2427978515625,706.074462890625,0.9770709276199341
770,25666,844.7930297851562,86.27471923828125,0.004435297567397356,847.2080078125,70.35479736328125,0.004529984202235937,841.2984008789062,83.40904998779297,0.002028311602771282,874.4273071289062,49.0081787109375,0.010165938176214695,855.0392456054688,73.04045104980469,0.002492685103788972,891.7474365234375,5.5662689208984375,0.015641262754797935,876.6427612304688,0.0,0.01815677434206009,880.6675415039062,50.492523193359375,0.08790367096662521,876.83740234375,44.363433837890625,0.11002067476511002,854.5975952148438,94.92691040039062,0.14685438573360443,838.734619140625,76.57154846191406,0.18159586191177368,953.1985473632812,103.26576232910156,0.8959634304046631,939.0232543945312,103.90919494628906,0.891610324382782,864.6714477539062,476.0078430175781,0.9866771697998047,902.90478515625,492.9453125,0.981848955154419,966.7409057617188,844.6957397460938,0.9875800013542175,1128.7303466796875,696.8272705078125,0.9848900437355042
771,25700,806.6649780273438,74.03592681884766,0.0016578164650127292,812.2408447265625,57.53949737548828,0.002533099614083767,804.6427001953125,74.33985900878906,0.0008699441095814109,851.4703369140625,40.47697448730469,0.020130712538957596,823.4762573242188,70.70278930664062,0.0026947457809001207,873.197021484375,5.88043212890625,0.020417077466845512,847.46044921875,0.0,0.019209375604987144,827.0676879882812,28.138778686523438,0.05303270369768143,851.9617309570312,43.79058837890625,0.0579497292637825,838.8709716796875,80.01718139648438,0.03922373801469803,830.0523071289062,92.4356460571289,0.044881757348775864,959.9998168945312,131.26290893554688,0.917941153049469,925.4185180664062,128.14248657226562,0.9131678938865662,875.387939453125,503.0697326660156,0.9850590229034424,836.8346557617188,470.0847473144531,0.9799600839614868,1010.8850708007812,836.7039794921875,0.9847947955131531,1097.1265869140625,679.124267578125,0.9832995533943176
772,25733,813.1507568359375,79.89472961425781,0.0018030323553830385,818.3471069335938,59.956329345703125,0.002577406819909811,804.3468017578125,74.08490753173828,0.0007399764726869762,863.025390625,38.76246643066406,0.017936980351805687,817.0413818359375,65.0397720336914,0.0017783981747925282,895.8814086914062,2.64898681640625,0.021319005638360977,838.0695190429688,0.0,0.01935432292521,844.1578369140625,39.280609130859375,0.07654065638780594,853.9819946289062,53.72639465332031,0.07652466744184494,818.5618286132812,131.6447296142578,0.07203418016433716,806.8742065429688,127.02369689941406,0.07444188743829727,971.669921875,112.302978515625,0.8542429804801941,907.1574096679688,107.055908203125,0.8442100286483765,906.2613525390625,501.5460205078125,0.9619258642196655,794.170166015625,464.3482666015625,0.9470409154891968,1034.0152587890625,837.5848388671875,0.9514219164848328,1033.2718505859375,676.09765625,0.9468123912811279
773,25766,838.108154296875,92.13072967529297,0.002678512129932642,843.0443115234375,73.87106323242188,0.0029347785748541355,830.6301879882812,86.7810287475586,0.0011620766017585993,881.1354370117188,54.262298583984375,0.012175525538623333,840.61083984375,78.2347183227539,0.002118114847689867,909.2238159179688,19.76019287109375,0.021261805668473244,862.1658935546875,3.0018768310546875,0.02699294127523899,876.6670532226562,51.19816589355469,0.0997968390583992,881.6775512695312,42.676300048828125,0.14726850390434265,851.234619140625,105.626220703125,0.11474961042404175,835.7772827148438,91.38240051269531,0.15244683623313904,966.9437866210938,132.3987579345703,0.9232787489891052,903.521484375,122.15968322753906,0.929325520992279,947.3020629882812,504.5446472167969,0.9844588041305542,787.52783203125,441.15179443359375,0.9817895293235779,1090.361572265625,833.0787963867188,0.9810490608215332,978.8074951171875,707.610107421875,0.9824962615966797
774,25800,890.8004150390625,81.59303283691406,0.013619232922792435,897.8294677734375,58.458595275878906,0.012340866029262543,882.50927734375,69.93026733398438,0.008218728937208652,919.6390380859375,41.63420104980469,0.015940090641379356,876.4246826171875,58.616363525390625,0.007286718115210533,924.2699584960938,12.248085021972656,0.03987691551446915,888.666748046875,0.0,0.01861494407057762,871.417236328125,67.7757797241211,0.14387670159339905,866.0773315429688,48.961669921875,0.06620204448699951,839.75390625,102.23355102539062,0.16955766081809998,822.8263549804688,86.15771484375,0.09879892319440842,975.6533203125,122.66606140136719,0.8037724494934082,908.9727783203125,109.27244567871094,0.7344419360160828,1003.0045166015625,466.71746826171875,0.9544340968132019,803.2240600585938,439.84515380859375,0.928950309753418,1176.1124267578125,797.5882568359375,0.9437546730041504,849.3462524414062,769.564697265625,0.9270089864730835
775,25833,857.7652587890625,93.27804565429688,0.004080883227288723,860.4190673828125,72.87629699707031,0.00498134084045887,852.6387329101562,82.35541534423828,0.0019707116298377514,891.8104248046875,58.172515869140625,0.010872584767639637,870.2371826171875,74.43292236328125,0.0022159330546855927,903.7299194335938,27.658035278320312,0.014844737946987152,905.7199096679688,16.13543701171875,0.010117370635271072,853.0156860351562,61.86314392089844,0.07338021695613861,918.9760131835938,62.78215026855469,0.04894666746258736,827.9546508789062,99.14588928222656,0.08628543466329575,853.868408203125,89.01663208007812,0.05727113038301468,966.23828125,79.25592041015625,0.865787148475647,924.2261352539062,78.568359375,0.8409932255744934,1003.1580200195312,466.2187805175781,0.9833530187606812,829.2045288085938,445.1227111816406,0.9767575860023499,1202.7679443359375,782.7495727539062,0.9859362840652466,817.763671875,805.1732177734375,0.9843222498893738
776,25866,908.7404174804688,69.74647521972656,0.011301076970994473,910.6386108398438,47.94818115234375,0.010221038945019245,900.1715698242188,60.500038146972656,0.006831413600593805,923.6848754882812,32.530609130859375,0.014866754412651062,896.2991333007812,53.12493896484375,0.0064287385903298855,910.98193359375,6.143898010253906,0.03474631533026695,931.5291137695312,0.0,0.015368307009339333,862.3513793945312,66.15465545654297,0.1251622587442398,915.229248046875,61.017059326171875,0.05190075561404228,840.620361328125,100.99390411376953,0.1386655569076538,854.43408203125,101.5462646484375,0.07076777517795563,960.7822265625,103.68328857421875,0.8047600388526917,931.646484375,92.52250671386719,0.7298835515975952,986.7251586914062,457.17462158203125,0.9587867259979248,833.1860961914062,439.81781005859375,0.9355435371398926,1217.4005126953125,760.9134521484375,0.9540313482284546,826.0653076171875,769.484130859375,0.9398963451385498
777,25900,915.9871826171875,83.021484375,0.016839616000652313,918.1045532226562,64.33639526367188,0.013048063963651657,903.1732788085938,73.11305236816406,0.009991480968892574,926.3192138671875,47.063690185546875,0.00953939650207758,888.6939697265625,59.82733154296875,0.005732580553740263,915.09375,13.049514770507812,0.026781296357512474,910.3229370117188,0.096405029296875,0.010713727213442326,866.0590209960938,70.10746765136719,0.14137451350688934,886.5029907226562,67.97364807128906,0.04884918034076691,822.25048828125,95.56187438964844,0.21478700637817383,822.9080810546875,92.39653015136719,0.10007108747959137,946.2283325195312,102.1845703125,0.7790308594703674,905.3577270507812,90.56346130371094,0.681108832359314,948.5030517578125,464.81451416015625,0.9644414782524109,829.2548217773438,450.3739929199219,0.9406446814537048,1219.8790283203125,744.49658203125,0.9689993262290955,854.4061889648438,783.2979736328125,0.9572469592094421
778,25933,835.3899536132812,93.47309875488281,0.004119670018553734,837.342041015625,75.2343521118164,0.005164719186723232,828.5654296875,86.09046936035156,0.0021076006814837456,868.8599853515625,61.45838928222656,0.008415790274739265,848.8932495117188,79.24170684814453,0.0016840981552377343,876.4068603515625,21.648834228515625,0.007352101616561413,888.1913452148438,9.477035522460938,0.0069038900546729565,844.014404296875,44.780914306640625,0.04477382451295853,875.3698120117188,54.673370361328125,0.04557495564222336,810.0964965820312,113.29458618164062,0.07088905572891235,819.7894287109375,89.14462280273438,0.06939474493265152,937.7455444335938,64.84803771972656,0.8065670132637024,917.4100952148438,69.53329467773438,0.7985605597496033,919.86474609375,475.9871520996094,0.9772146344184875,860.6004638671875,475.15850830078125,0.9735391139984131,1217.9798583984375,728.9728393554688,0.9842362403869629,900.2451782226562,820.3770141601562,0.983322262763977
779,25966,846.6851806640625,94.98202514648438,0.004424872808158398,845.7379760742188,78.41109466552734,0.004689501132816076,842.504150390625,89.55558013916016,0.0024102814495563507,867.0596923828125,62.827491760253906,0.008960745297372341,872.2493286132812,80.57636260986328,0.0027034583035856485,858.3506469726562,21.311187744140625,0.01121285930275917,935.4636840820312,4.2586212158203125,0.011813092045485973,866.9248046875,56.94671630859375,0.05800138786435127,899.8765869140625,64.9189453125,0.06656529009342194,842.9039306640625,113.67924499511719,0.08073630183935165,834.0347900390625,87.72642517089844,0.08848323673009872,923.1297607421875,79.52375793457031,0.8292297720909119,959.4437255859375,83.56938171386719,0.8258026242256165,893.9262084960938,482.4703674316406,0.9747208952903748,889.0623779296875,498.4858703613281,0.9723578691482544,1188.3511962890625,721.1122436523438,0.9813770651817322,931.8099975585938,832.71240234375,0.9795879125595093
780,26000,845.965087890625,98.26636505126953,0.0024272697046399117,843.6245727539062,82.3615493774414,0.0029346123337745667,844.1233520507812,95.69393920898438,0.0015484822215512395,861.410400390625,63.97563171386719,0.010889814235270023,879.36328125,85.35649108886719,0.0030491668730974197,853.84228515625,23.552146911621094,0.009194167330861092,951.7286376953125,0.0,0.01643911376595497,857.794189453125,51.13890838623047,0.03155912086367607,898.2182006835938,47.30607604980469,0.07968210428953171,860.26123046875,106.21980285644531,0.03319358453154564,844.9458618164062,82.90008544921875,0.07371381670236588,928.811279296875,110.63131713867188,0.8234620690345764,984.2391357421875,108.21153259277344,0.860825777053833,856.4290161132812,486.1641845703125,0.9667741060256958,877.238525390625,486.7555847167969,0.9738247394561768,1128.737060546875,710.8377685546875,0.9764848351478577,964.4436645507812,831.142822265625,0.9787165522575378
781,26033,832.8871459960938,95.84550476074219,0.002339547034353018,828.5643920898438,79.00511169433594,0.002769255544990301,832.3870239257812,94.89193725585938,0.0013948677806183696,847.1638793945312,58.967445373535156,0.01634095422923565,882.8106079101562,83.58119201660156,0.0043388414196670055,835.721435546875,22.489242553710938,0.018473222851753235,979.4053955078125,0.32292938232421875,0.025802943855524063,845.429443359375,52.36555480957031,0.04797176644206047,940.3125610351562,55.58631134033203,0.08687126636505127,862.13037109375,124.2147216796875,0.03992079943418503,864.7527465820312,96.83209991455078,0.06745526939630508,926.5682983398438,113.67182922363281,0.8787079453468323,1023.1580810546875,110.25796508789062,0.8957492709159851,824.4876708984375,477.67401123046875,0.9745875000953674,921.7042846679688,489.4083557128906,0.9782114028930664,1079.778564453125,703.6116943359375,0.9796920418739319,982.7882080078125,822.9140625,0.9805102944374084
782,26066,823.7402954101562,94.50189971923828,0.0022089374251663685,824.396728515625,77.6378402709961,0.0027762700337916613,820.6843872070312,95.34656524658203,0.0012145217042416334,855.6736450195312,57.30729675292969,0.01743428222835064,866.4364624023438,85.21051025390625,0.00372606934979558,852.03662109375,13.068489074707031,0.020162926986813545,952.1005249023438,0.0,0.02348821423947811,842.815673828125,45.236000061035156,0.05625999718904495,905.916015625,48.79225158691406,0.07725214213132858,827.0220336914062,118.39393615722656,0.04830414429306984,838.4073486328125,99.86368560791016,0.06479942053556442,933.9822387695312,106.86058044433594,0.8613047003746033,1009.62109375,102.80621337890625,0.8709497451782227,790.4419555664062,462.6695251464844,0.967800498008728,930.089599609375,476.33404541015625,0.9692901372909546,1043.5975341796875,719.9141235351562,0.9709416031837463,1029.7174072265625,806.7859497070312,0.9707740545272827
783,26100,834.958740234375,83.96747589111328,0.004181010648608208,830.2919311523438,66.85043334960938,0.003778235288336873,832.0684814453125,82.64838409423828,0.0019789801444858313,854.8985595703125,49.276519775390625,0.011142800562083721,884.6504516601562,74.14139556884766,0.003695875406265259,858.166259765625,13.90374755859375,0.019642207771539688,966.2429809570312,1.4395751953125,0.025286611169576645,856.6216430664062,46.8804931640625,0.086294025182724,924.3798217773438,46.84977722167969,0.1226765364408493,852.8713989257812,99.73219299316406,0.13346794247627258,848.2780151367188,78.98652648925781,0.17659349739551544,931.7884521484375,93.76689147949219,0.8725930452346802,1017.7249145507812,88.99008178710938,0.879496157169342,789.882080078125,450.93768310546875,0.9807383418083191,962.9059448242188,478.14404296875,0.9803568720817566,979.3450927734375,784.0127563476562,0.9836406111717224,1108.56005859375,825.1857299804688,0.9823197722434998
784,26133,846.4949951171875,90.2046890258789,0.004416863899677992,841.4959716796875,70.25177764892578,0.0038469412829726934,845.677978515625,86.48872375488281,0.0019669674802571535,863.8331909179688,51.13494873046875,0.009843524545431137,900.52978515625,77.4367904663086,0.0032339319586753845,865.5977783203125,12.087112426757812,0.01735084131360054,978.6385498046875,7.215362548828125,0.020426303148269653,859.7486572265625,50.24322509765625,0.0915183499455452,936.96484375,53.10868835449219,0.11726430058479309,864.017822265625,97.45747375488281,0.1735098659992218,857.4373168945312,73.81233215332031,0.20970605313777924,931.0025024414062,81.44064331054688,0.8628848791122437,1025.1072998046875,79.67770385742188,0.8621737360954285,802.614990234375,433.0459289550781,0.9834946990013123,994.329345703125,468.3653259277344,0.9815340638160706,896.53369140625,799.4110717773438,0.9861667156219482,1145.101806640625,807.1111450195312,0.9838602542877197
785,26166,853.3055419921875,92.66400146484375,0.003867395455017686,850.6168212890625,70.51197052001953,0.0035673293750733137,853.3740844726562,83.66239929199219,0.0016064842930063605,874.6597290039062,51.69140625,0.009716258384287357,908.376708984375,71.9011459350586,0.0026456445921212435,875.5704956054688,9.572296142578125,0.01602780818939209,980.12353515625,5.5010833740234375,0.014464251697063446,859.49951171875,50.424774169921875,0.09410936385393143,938.9439697265625,52.16802978515625,0.08744664490222931,862.1232299804688,96.60850524902344,0.18982188403606415,860.8251342773438,75.11146545410156,0.1791752576828003,936.393310546875,75.81903076171875,0.8395447134971619,1025.700439453125,72.32061767578125,0.8206681609153748,821.7368774414062,439.2066955566406,0.9824709296226501,1007.4148559570312,456.0524597167969,0.9771823287010193,827.0906982421875,814.6712646484375,0.9839624762535095,1173.1165771484375,782.1771240234375,0.980022132396698
786,26200,867.80126953125,84.09537506103516,0.004111123736947775,867.1368408203125,61.182701110839844,0.004011386539787054,865.9619750976562,72.16902923583984,0.0015155798755586147,892.95654296875,44.83195495605469,0.007606272120028734,909.4573974609375,62.39959716796875,0.0016069363337010145,900.2872924804688,7.9602813720703125,0.01110799703747034,964.4478149414062,3.404754638671875,0.008180489763617516,885.0673828125,47.83172607421875,0.09736482799053192,931.2164306640625,50.38371276855469,0.06938102841377258,874.284912109375,84.36300659179688,0.2523443400859833,854.8507690429688,69.71763610839844,0.19908586144447327,946.2947387695312,63.595184326171875,0.811036229133606,1005.9893798828125,60.30596923828125,0.7690821886062622,838.9550170898438,439.2116394042969,0.9830219745635986,995.6079711914062,451.78875732421875,0.9745727777481079,815.2767944335938,822.5244140625,0.9850603938102722,1194.376953125,761.3455810546875,0.979637086391449
787,26233,848.9338989257812,79.54206848144531,0.0034719938412308693,852.0458374023438,55.963829040527344,0.003826802596449852,850.1713256835938,75.05509948730469,0.0016165189445018768,879.0889892578125,42.60237121582031,0.008273475803434849,887.0534057617188,74.66423797607422,0.0018818766111508012,883.333251953125,0.0,0.00830183457583189,939.9375,0.0,0.009070110507309437,868.890625,21.5028076171875,0.06658662855625153,898.3775024414062,27.565452575683594,0.08147178590297699,871.7297973632812,80.83435821533203,0.17323464155197144,853.805419921875,73.52286529541016,0.21051041781902313,951.3167724609375,60.814727783203125,0.7955226898193359,1003.783447265625,63.585182189941406,0.7872506976127625,832.3480224609375,436.5581359863281,0.9764255881309509,966.406005859375,446.6139221191406,0.9712446331977844,811.5993041992188,813.5736694335938,0.9741504192352295,1210.0787353515625,751.2660522460938,0.968522310256958
788,26266,852.222900390625,94.34967041015625,0.006228082347661257,852.2399291992188,71.19573211669922,0.005858810618519783,848.8509521484375,87.3922119140625,0.0024424849543720484,880.4425048828125,52.983489990234375,0.007563764229416847,880.7023315429688,81.45169830322266,0.0018273323075845838,888.1658935546875,2.0410308837890625,0.010007890872657299,930.1345825195312,0.0,0.010695352219045162,878.0423583984375,36.867095947265625,0.09250863641500473,909.2904052734375,44.61799621582031,0.103797547519207,872.331298828125,74.02157592773438,0.2608521580696106,852.398681640625,65.89096069335938,0.2900637686252594,952.6383056640625,60.738189697265625,0.8125079274177551,986.6028442382812,63.084869384765625,0.796562910079956,852.0884399414062,441.2895812988281,0.9821155071258545,948.406494140625,466.9703063964844,0.9756552577018738,868.76611328125,824.2450561523438,0.9849780797958374,1188.853271484375,724.929931640625,0.9803378582000732
789,26300,857.80615234375,94.71265411376953,0.005096267908811569,857.520263671875,74.2540054321289,0.005455894395709038,856.6873168945312,89.81531524658203,0.0019653767812997103,885.2969970703125,52.569305419921875,0.00946617592126131,884.8411254882812,80.96733856201172,0.0017056982032954693,897.2202758789062,0.41583251953125,0.01234038919210434,916.564453125,0.0,0.011132705956697464,887.1959838867188,37.336578369140625,0.09949395805597305,900.2464599609375,48.34039306640625,0.09072910994291306,870.552490234375,79.30531311035156,0.223870649933815,854.6107788085938,71.4114990234375,0.2169649600982666,951.804443359375,76.66973876953125,0.8432072997093201,964.21728515625,79.23902893066406,0.8167623281478882,869.41259765625,458.8201904296875,0.9826925992965698,924.5057373046875,481.287353515625,0.974092960357666,913.2356567382812,837.8582153320312,0.984432578086853,1167.20849609375,713.3439331054688,0.9788274765014648
790,26333,859.5126342773438,85.3106918334961,0.005931411404162645,860.5983276367188,69.21073150634766,0.005873080808669329,857.09619140625,82.36958312988281,0.002387752290815115,887.7869262695312,47.35496520996094,0.01037112157791853,877.2735595703125,70.77710723876953,0.0023161759600043297,901.2318115234375,0.2786865234375,0.019803300499916077,900.487060546875,0.0,0.016662929207086563,887.0067138671875,39.30157470703125,0.14339123666286469,882.16357421875,39.35174560546875,0.11657971143722534,867.466552734375,84.57215881347656,0.26244309544563293,852.5009765625,73.809814453125,0.2292713075876236,954.0872192382812,105.86636352539062,0.9121330976486206,949.6089477539062,103.61842346191406,0.8929607272148132,877.788818359375,483.78765869140625,0.989014208316803,911.8011474609375,488.35162353515625,0.9826937317848206,970.8576049804688,840.848388671875,0.9888132214546204,1125.3204345703125,699.9776000976562,0.985281765460968
791,26366,833.400146484375,86.89187622070312,0.0022712615318596363,836.4957275390625,68.74852752685547,0.002895863726735115,831.57958984375,85.9859619140625,0.0011208918876945972,871.93798828125,48.08143615722656,0.013060110621154308,851.817626953125,79.90809631347656,0.0021626015659421682,893.7669067382812,11.106971740722656,0.012840122915804386,880.2015991210938,0.0,0.020220370963215828,865.0346069335938,42.348358154296875,0.05437466874718666,878.8114013671875,40.611305236816406,0.10920023918151855,852.4031982421875,94.34188842773438,0.06699630618095398,845.95703125,80.97534942626953,0.12377713620662689,967.6265258789062,127.28883361816406,0.8930439949035645,939.7681274414062,121.99468231201172,0.9074786305427551,896.2298583984375,495.7236328125,0.981767475605011,837.4819946289062,465.6318054199219,0.9800418019294739,1013.438232421875,835.0623779296875,0.9816505312919617,1094.3746337890625,683.6129760742188,0.9817454218864441
792,26400,837.7884521484375,88.35722351074219,0.0029952700715512037,841.751953125,67.68461608886719,0.0035812007263302803,829.3629150390625,83.38851928710938,0.0010895244777202606,889.9852294921875,45.133575439453125,0.013772910460829735,846.00732421875,75.75460052490234,0.0015387213788926601,924.1322021484375,7.8034515380859375,0.017412012442946434,873.8807983398438,0.0,0.0241291131824255,884.2880859375,40.03843688964844,0.09634952992200851,886.6382446289062,45.47080993652344,0.1536104381084442,845.1377563476562,103.8387451171875,0.13977009057998657,838.1078491210938,91.122802734375,0.20338188111782074,983.0491943359375,118.45170593261719,0.8616312146186829,923.6846923828125,111.71365356445312,0.872516930103302,921.26953125,496.5940246582031,0.9669821858406067,798.6676025390625,464.79229736328125,0.9605973958969116,1038.2904052734375,832.3591918945312,0.958052396774292,1057.6168212890625,675.5447387695312,0.9571133255958557
793,26433,843.524658203125,95.85010528564453,0.002962762489914894,847.175048828125,76.85133361816406,0.0032509719021618366,837.5813598632812,90.34025573730469,0.0012035856489092112,887.6927490234375,57.0867919921875,0.013715234585106373,856.1803588867188,81.90145111083984,0.0020636310800909996,916.0628051757812,23.683639526367188,0.020781470462679863,887.9553833007812,6.174041748046875,0.03284294530749321,885.4559936523438,55.9749755859375,0.09471502155065536,909.8218383789062,48.67030334472656,0.17943672835826874,858.2271118164062,104.76516723632812,0.11484545469284058,849.067626953125,89.42587280273438,0.18377260863780975,974.935546875,132.22975158691406,0.9219094514846802,923.0855712890625,119.81341552734375,0.9353075623512268,955.3905029296875,505.3537902832031,0.9843868613243103,793.13818359375,436.5814208984375,0.9835243225097656,1091.072509765625,833.1177978515625,0.98068767786026,987.2523803710938,705.5067138671875,0.9835045337677002
794,26466,847.9022827148438,98.11125183105469,0.003168065333738923,851.6638793945312,78.21375274658203,0.0035507252905517817,842.6895141601562,91.3733139038086,0.0013226065784692764,892.9830322265625,58.33099365234375,0.012926817871630192,864.2186279296875,81.81468200683594,0.0019891841802746058,921.3087768554688,20.325759887695312,0.01761556603014469,896.915771484375,5.360687255859375,0.026935050264000893,880.8695678710938,49.44639587402344,0.0828312411904335,915.0487670898438,41.15309143066406,0.1528940349817276,848.3646850585938,95.92698669433594,0.10168609023094177,853.7601928710938,79.64323425292969,0.155470609664917,975.7128295898438,120.60383605957031,0.8958128094673157,920.02734375,110.35345458984375,0.9136438369750977,983.1180419921875,493.0708923339844,0.9795451164245605,793.5697631835938,427.9789123535156,0.9790499806404114,1137.5159912109375,823.7429809570312,0.9755846858024597,923.767822265625,738.19482421875,0.979770302772522
795,26500,853.9640502929688,98.3587875366211,0.0030842036940157413,858.9402465820312,76.2798843383789,0.0040228161960840225,848.565673828125,87.63871765136719,0.001441570115275681,900.449951171875,59.39927673339844,0.014589164406061172,869.3800659179688,78.25806427001953,0.0023101905826479197,924.0167236328125,23.179458618164062,0.01850937306880951,897.96923828125,9.860595703125,0.01637941412627697,871.8303833007812,54.79664611816406,0.06957085430622101,907.893310546875,50.143798828125,0.06756815314292908,839.8781127929688,100.57974243164062,0.0676058903336525,865.0225219726562,81.83038330078125,0.06089472398161888,980.525390625,92.0006103515625,0.8765027523040771,923.6588745117188,87.00128173828125,0.8713151216506958,1003.497314453125,475.6138000488281,0.979264497756958,818.5320434570312,434.8251647949219,0.9744502902030945,1169.5623779296875,800.83154296875,0.9792910218238831,866.2827758789062,778.0387573242188,0.97978675365448
796,26533,890.3651733398438,93.04003143310547,0.005190161056816578,892.3540649414062,73.99790954589844,0.005624530371278524,883.0970458984375,83.22530364990234,0.0028303524013608694,919.885986328125,59.627197265625,0.009747391566634178,893.354736328125,74.6392593383789,0.002810616744682193,925.5392456054688,34.69715881347656,0.014839843846857548,926.0152587890625,16.621353149414062,0.010134189389646053,860.6669921875,83.60069274902344,0.0708964616060257,918.7733154296875,74.46318054199219,0.04940790683031082,810.0820922851562,97.57868957519531,0.08928905427455902,849.3986206054688,82.05972290039062,0.06580490618944168,977.947998046875,84.91941833496094,0.8310063481330872,933.653564453125,75.08697509765625,0.8008018136024475,1007.5386352539062,464.3805847167969,0.9785203337669373,837.7135620117188,439.28887939453125,0.9707557559013367,1209.8558349609375,781.30078125,0.98265540599823,832.4779052734375,797.8679809570312,0.9800422787666321
797,26566,859.029052734375,87.61429595947266,0.0027600794564932585,862.6031494140625,66.65176391601562,0.0038250393699854612,857.2036743164062,79.01426696777344,0.0014506798470392823,894.1661376953125,54.211578369140625,0.00915268063545227,877.4769897460938,75.23954772949219,0.0016097548650577664,904.505859375,23.946327209472656,0.006747695617377758,910.3876342773438,9.67144775390625,0.006696633994579315,814.2742919921875,58.453948974609375,0.03882541507482529,909.0890502929688,47.138877868652344,0.042194608598947525,732.311279296875,114.72116088867188,0.053055450320243835,839.565673828125,91.05844116210938,0.05629059299826622,965.14697265625,75.29154968261719,0.7945271134376526,926.2901000976562,77.60408020019531,0.7955452799797058,983.0159912109375,456.46453857421875,0.9749379754066467,852.1541748046875,446.7025451660156,0.9711410999298096,1218.205810546875,755.7086791992188,0.9802579283714294,847.5028076171875,801.3596801757812,0.979939877986908
798,26600,931.1217651367188,81.90831756591797,0.015191101469099522,934.14404296875,62.594032287597656,0.012469466775655746,916.984375,71.28092193603516,0.00916780810803175,944.5321655273438,48.0208740234375,0.009492808021605015,900.2772827148438,61.183616638183594,0.005395406391471624,932.8451538085938,18.042068481445312,0.022399665787816048,918.5167236328125,7.9024200439453125,0.009545693174004555,872.8550415039062,73.54000854492188,0.11383336037397385,890.0612182617188,74.02766418457031,0.04284205660223961,815.5728149414062,105.53224182128906,0.17970065772533417,832.3868408203125,96.54153442382812,0.09110809117555618,958.6957397460938,95.46981811523438,0.7520110607147217,915.3211669921875,86.85159301757812,0.6556892991065979,943.7662353515625,463.65106201171875,0.9615265727043152,850.0166015625,457.4063720703125,0.9383945465087891,1214.4454345703125,741.4954833984375,0.9692330360412598,881.518798828125,792.6394653320312,0.9580339789390564
799,26633,863.4356689453125,85.26580810546875,0.0049291085451841354,862.8709716796875,67.30325317382812,0.004954928066581488,857.94091796875,79.25786590576172,0.002521876245737076,885.1825561523438,52.4263916015625,0.007548541761934757,882.7261962890625,71.93492889404297,0.002271021716296673,872.05810546875,5.30657958984375,0.00858977623283863,937.4099731445312,0.0,0.010461126454174519,813.6685791015625,34.69267272949219,0.05751247704029083,906.5424194335938,47.04103088378906,0.07464488595724106,764.9605712890625,116.0335693359375,0.09791333973407745,846.734619140625,82.50686645507812,0.11640407145023346,943.8927612304688,64.1484375,0.822929322719574,958.9810180664062,69.32881164550781,0.8305514454841614,927.4885864257812,475.9770202636719,0.9782498478889465,889.0138549804688,477.79522705078125,0.9766649007797241,1217.3931884765625,731.0786743164062,0.9833195805549622,909.1360473632812,821.5519409179688,0.9830524921417236
800,26666,847.504638671875,87.000732421875,0.003052355954423547,847.0408325195312,69.92793273925781,0.003556386334821582,844.3222045898438,83.77253723144531,0.0018497830023989081,867.1514892578125,54.07466125488281,0.009556970559060574,868.0045166015625,78.03156280517578,0.002675021532922983,865.1305541992188,15.788612365722656,0.008241080678999424,922.78662109375,0.0,0.013627493754029274,847.0713500976562,47.438026428222656,0.03519663214683533,896.2156372070312,46.144065856933594,0.07669389247894287,842.0044555664062,108.59394836425781,0.04372264817357063,844.1318359375,80.44365692138672,0.08384250104427338,950.9861450195312,93.03575134277344,0.8214415311813354,969.6414184570312,99.17481994628906,0.8527687788009644,902.5540161132812,478.21380615234375,0.9708567261695862,892.5612182617188,490.83197021484375,0.9746398329734802,1181.2801513671875,720.2479248046875,0.9776216745376587,950.9733276367188,826.06787109375,0.9789270758628845
801,26700,855.1702880859375,94.47633361816406,0.0024609656538814306,852.737548828125,78.87000274658203,0.0027292866725474596,853.8623657226562,92.60343933105469,0.001456193975172937,871.9044799804688,60.28296661376953,0.010749305598437786,894.973388671875,81.51374816894531,0.003139879321679473,862.8513793945312,21.150535583496094,0.010919509455561638,977.4401245117188,0.0,0.02101231925189495,870.42919921875,47.61206817626953,0.04004805162549019,918.7799072265625,46.24072265625,0.10478778928518295,866.16015625,104.63044738769531,0.04299197718501091,858.1996459960938,87.22938537597656,0.09724032133817673,943.944091796875,114.17784118652344,0.857313334941864,1014.2297973632812,111.18800354003906,0.8914715051651001,861.2587890625,482.42633056640625,0.9729452133178711,904.355712890625,485.95953369140625,0.9790897369384766,1128.728515625,708.1322631835938,0.9793024659156799,980.8381958007812,828.1318359375,0.9814808368682861
802,26733,841.662109375,95.343017578125,0.002280957531183958,840.7756958007812,76.91560363769531,0.0029138652607798576,841.7518310546875,93.823974609375,0.0012147381203249097,866.0767822265625,55.70947265625,0.02126341685652733,888.0787353515625,81.84480285644531,0.004256738815456629,856.166259765625,17.706802368164062,0.026607219129800797,972.8946533203125,0.0,0.0266454815864563,863.03271484375,49.584754943847656,0.07015872001647949,925.7584228515625,52.01728820800781,0.07502937316894531,862.64501953125,111.59209442138672,0.05559900403022766,867.3911743164062,99.22647857666016,0.05815509334206581,948.8057250976562,105.63372802734375,0.853484570980072,1029.589599609375,99.13243103027344,0.8512706160545349,847.1732177734375,478.61810302734375,0.9634811282157898,929.6145629882812,470.6636657714844,0.9578949809074402,1062.9532470703125,761.3756103515625,0.9583136439323425,1030.2879638671875,752.2077026367188,0.955266535282135
803,26766,847.6776733398438,93.01663970947266,0.004046130459755659,844.72998046875,75.20132446289062,0.003681959817185998,843.2645874023438,92.28620910644531,0.0018496703123673797,876.3984985351562,55.48699951171875,0.011834859848022461,894.3941040039062,82.7431411743164,0.0036017850507050753,878.6911010742188,16.665069580078125,0.02096451446413994,980.2936401367188,1.7177581787109375,0.03104289248585701,878.8670654296875,46.34967041015625,0.09190676361322403,936.636474609375,49.095611572265625,0.15011000633239746,866.0335693359375,87.32423400878906,0.13166452944278717,859.5806274414062,74.79185485839844,0.19097135961055756,952.3341064453125,95.48249816894531,0.8663391470909119,1028.6334228515625,90.40155029296875,0.881853461265564,822.4742431640625,459.6874084472656,0.9750399589538574,955.2366943359375,480.83331298828125,0.975894570350647,1036.846923828125,773.0929565429688,0.9755480289459229,1085.9959716796875,814.5732421875,0.9749932885169983
804,26800,833.4854736328125,88.05528259277344,0.002473762957379222,831.2012939453125,69.69561767578125,0.0028822084423154593,836.345947265625,86.84454345703125,0.0013036533491685987,858.9540405273438,52.70942687988281,0.013362664729356766,895.2927856445312,79.02182006835938,0.0031964262016117573,865.6718139648438,17.487945556640625,0.012628063559532166,981.61376953125,6.130256652832031,0.018705686554312706,866.6282958984375,52.806678771972656,0.04280303418636322,947.3851928710938,55.25248718261719,0.0801319107413292,876.78076171875,107.68171691894531,0.05683692544698715,872.2379150390625,88.52577209472656,0.09455257654190063,946.6658935546875,100.98751831054688,0.8317279815673828,1036.9234619140625,95.70542907714844,0.8553521633148193,816.7784423828125,453.3172302246094,0.9759182929992676,983.37255859375,468.0564880371094,0.9780434370040894,974.2835693359375,791.9276733398438,0.9798984527587891,1121.07861328125,817.5545654296875,0.9802058935165405
805,26833,855.3436889648438,89.05732727050781,0.0038453920278698206,851.40087890625,67.01568603515625,0.004148085135966539,855.2915649414062,82.19256591796875,0.0017290052492171526,876.8926391601562,51.365203857421875,0.014754786156117916,913.27978515625,75.37337493896484,0.003499395214021206,882.6910400390625,18.857620239257812,0.018970536068081856,989.9615478515625,15.569366455078125,0.017459964379668236,877.9667358398438,58.045166015625,0.06963898241519928,958.5106201171875,63.77247619628906,0.06640705466270447,882.98095703125,108.81980895996094,0.10657448321580887,877.9090576171875,84.80575561523438,0.10071390867233276,955.1049194335938,81.10281372070312,0.8320398926734924,1043.31396484375,78.29946899414062,0.817671000957489,836.6971435546875,436.24322509765625,0.980832576751709,1007.69970703125,458.0137939453125,0.9760200381278992,899.5609741210938,821.4904174804688,0.9842124581336975,1163.4884033203125,796.5435791015625,0.9808465838432312
806,26866,896.7808227539062,98.67837524414062,0.0044778757728636265,894.0516357421875,73.03321838378906,0.004583381116390228,891.922119140625,85.65699005126953,0.002271236851811409,913.4598999023438,56.60467529296875,0.010303358547389507,931.8726196289062,77.27446746826172,0.0030001795385032892,908.6966552734375,18.828872680664062,0.013010651804506779,988.7986450195312,13.927825927734375,0.009961852803826332,894.1907958984375,63.50148010253906,0.060117434710264206,949.3034057617188,58.984222412109375,0.050938814878463745,893.3516845703125,102.59632873535156,0.11683337390422821,870.5303344726562,77.68757629394531,0.1105860248208046,963.8214721679688,72.55595397949219,0.7892356514930725,1030.2059326171875,71.24945068359375,0.7518654465675354,861.891357421875,436.48931884765625,0.9797637462615967,1004.8486328125,450.1825866699219,0.9710005521774292,863.7775268554688,830.1121826171875,0.9845442175865173,1183.2822265625,768.0078735351562,0.9799823760986328
807,26900,897.1339111328125,96.34362030029297,0.005105007905513048,897.4305419921875,71.16442108154297,0.005031160544604063,890.1251220703125,84.31555938720703,0.0025503968354314566,921.5048828125,56.22221374511719,0.008516274392604828,918.2177734375,79.30398559570312,0.0026004468090832233,924.0250854492188,17.31280517578125,0.010299012064933777,961.1686401367188,14.348464965820312,0.009377260692417622,899.0623168945312,63.88499450683594,0.05721580609679222,924.8457641601562,62.72868347167969,0.060581520199775696,885.3892822265625,97.40386962890625,0.13253173232078552,860.5488891601562,75.97087097167969,0.15229299664497375,972.2990112304688,68.04656982421875,0.7778733372688293,1007.5369262695312,69.63185119628906,0.7526395320892334,865.1907958984375,437.71307373046875,0.9795358777046204,987.025634765625,456.45465087890625,0.9716948866844177,859.9308471679688,826.9508056640625,0.9844518899917603,1197.0889892578125,746.4832763671875,0.980125367641449
808,26933,878.2020874023438,85.64891052246094,0.00569688156247139,880.7582397460938,59.972900390625,0.005544405896216631,872.2857055664062,74.37128448486328,0.0025916127488017082,905.7986450195312,44.12786865234375,0.008732764981687069,894.9805908203125,68.99718475341797,0.002576163038611412,912.60205078125,0.297637939453125,0.010435582138597965,937.5719604492188,0.0,0.01155010610818863,899.2080688476562,46.202545166015625,0.06646845489740372,911.11328125,46.53858947753906,0.07750243693590164,891.7266235351562,87.17056274414062,0.16245557367801666,869.6451416015625,72.90884399414062,0.18292507529258728,973.3888549804688,57.21784973144531,0.7848478555679321,999.3995361328125,57.93470764160156,0.7738359570503235,878.455078125,442.9491882324219,0.9789376854896545,970.2258911132812,459.02728271484375,0.972703218460083,881.4371948242188,831.9332885742188,0.9828727841377258,1201.24609375,740.3527221679688,0.9785444140434265
809,26966,886.5936279296875,85.34209442138672,0.007071805652230978,888.6361694335938,61.64202117919922,0.006449465174227953,881.2791137695312,76.49466705322266,0.003349320264533162,911.9658203125,47.20243835449219,0.0082798907533288,898.0427856445312,75.15296173095703,0.0029429509304463863,929.7072143554688,15.654876708984375,0.010553216561675072,941.2849731445312,9.738327026367188,0.01351274736225605,937.4703979492188,73.0594482421875,0.07168390601873398,959.60888671875,75.24851989746094,0.09708424657583237,889.3522338867188,97.77145385742188,0.18630431592464447,880.0170288085938,92.48561096191406,0.22989612817764282,970.3641967773438,79.4454345703125,0.7815935015678406,977.1973266601562,77.48689270019531,0.7811876535415649,893.3386840820312,465.69158935546875,0.9768400192260742,941.3164672851562,475.7456359863281,0.9709104299545288,934.0565185546875,847.7219848632812,0.9801909923553467,1176.6416015625,728.3834838867188,0.9761105179786682
810,27000,862.01953125,80.27714538574219,0.004902990069240332,864.3678588867188,64.2088394165039,0.005279247183352709,861.1205444335938,75.3332290649414,0.002140478231012821,895.7998046875,46.73286437988281,0.016870994120836258,888.649658203125,66.27275848388672,0.0034925814252346754,929.2998046875,14.5631103515625,0.023784544318914413,928.0279541015625,2.433563232421875,0.028707874938845634,962.181884765625,78.31910705566406,0.08779922127723694,975.8074951171875,75.18040466308594,0.11735281348228455,918.3960571289062,133.4911651611328,0.12528873980045319,898.0693969726562,107.46080017089844,0.15248706936836243,977.25439453125,113.20014953613281,0.8911276459693909,973.1322021484375,108.683349609375,0.8928471803665161,898.4227905273438,482.48236083984375,0.9831891059875488,936.9060668945312,489.0575866699219,0.9793358445167542,982.8754272460938,843.1583862304688,0.9824439883232117,1149.1324462890625,718.663330078125,0.9803456664085388
811,27033,852.546630859375,74.78478240966797,0.0038772374391555786,854.8723754882812,56.35084533691406,0.0043553560972213745,846.2169799804688,70.8530502319336,0.0012996798614040017,898.1630859375,38.26043701171875,0.013599972240626812,866.0722045898438,66.53640747070312,0.0014734005089849234,932.7426147460938,5.4094390869140625,0.015995167195796967,894.274169921875,0.0,0.02629087306559086,910.51611328125,51.0714111328125,0.09531298279762268,922.9535522460938,59.076507568359375,0.17895595729351044,885.1052856445312,116.89787292480469,0.16233913600444794,873.5475463867188,103.64117431640625,0.25395748019218445,999.1829223632812,118.55964660644531,0.901711642742157,950.6892700195312,111.66696166992188,0.9156368374824524,932.0474853515625,504.2486877441406,0.9832515716552734,845.0610961914062,469.2415771484375,0.9810375571250916,1050.59423828125,851.1882934570312,0.9793892502784729,1115.119384765625,683.3853149414062,0.9801244735717773
812,27066,912.9013061523438,95.58476257324219,0.010249979794025421,921.23388671875,69.18500518798828,0.009867142885923386,901.8385620117188,82.55735778808594,0.004552365280687809,951.2940673828125,47.619049072265625,0.017844058573246002,898.571044921875,69.8705062866211,0.003913005813956261,962.1390380859375,9.128036499023438,0.032862287014722824,909.6766357421875,0.0,0.02509375289082527,921.4010009765625,73.47463989257812,0.1384817212820053,918.88037109375,64.52384948730469,0.12183474749326706,878.714599609375,137.58187866210938,0.21342821419239044,863.8451538085938,107.68446350097656,0.22413384914398193,1009.9888916015625,133.0191650390625,0.8127543330192566,949.0655517578125,127.08998107910156,0.7812647819519043,936.967529296875,492.5671691894531,0.9555740356445312,824.4047241210938,459.5347900390625,0.933255672454834,1060.32666015625,835.263427734375,0.9441925883293152,1098.663330078125,676.0570678710938,0.9338676333427429
813,27100,860.2765502929688,98.15238189697266,0.004325735382735729,862.35498046875,76.89312744140625,0.0041796015575528145,852.6976318359375,92.19847869873047,0.0015942332101985812,903.8040161132812,55.42295837402344,0.01122624333947897,871.9168090820312,84.53819274902344,0.0018329900922253728,940.2318115234375,17.864822387695312,0.015953123569488525,909.3375244140625,6.094482421875,0.035224590450525284,914.3071899414062,54.996826171875,0.09787729382514954,938.6158447265625,52.54783630371094,0.2510339021682739,879.3717041015625,120.3746337890625,0.16764278709888458,875.8936767578125,103.74430847167969,0.3169073164463043,1006.7481079101562,121.22209167480469,0.911036491394043,952.7391967773438,111.73361206054688,0.9360341429710388,978.5841674804688,502.0440979003906,0.9842138290405273,823.880126953125,438.9267883300781,0.9851880073547363,1124.187255859375,842.8555297851562,0.9791609644889832,1013.9951171875,714.1044921875,0.9836969971656799
814,27133,858.3345947265625,89.27696228027344,0.002267836593091488,862.9287109375,68.91806030273438,0.002498743822798133,856.602783203125,83.84880065917969,0.0011674511479213834,902.2661743164062,49.38086700439453,0.010112352669239044,879.0938110351562,76.78072357177734,0.002170102670788765,935.9639892578125,13.581802368164062,0.009576868265867233,913.41748046875,0.289215087890625,0.02655833214521408,898.4198608398438,55.04454803466797,0.040926121175289154,944.7392578125,41.960792541503906,0.1632741391658783,879.26220703125,110.70330047607422,0.05174461379647255,884.83154296875,95.6249771118164,0.15018047392368317,998.281494140625,127.57772827148438,0.8652915358543396,942.5845336914062,121.8244400024414,0.9141761064529419,1012.7849731445312,488.5245666503906,0.9739927649497986,823.1574096679688,434.3096008300781,0.9795604348182678,1167.3861083984375,835.822509765625,0.9690738916397095,954.6090087890625,743.8458251953125,0.9780657887458801
815,27166,906.90771484375,77.35526275634766,0.011525160633027554,912.5136108398438,54.23405456542969,0.01246047392487526,903.3300170898438,67.59342956542969,0.0073440708220005035,939.301025390625,40.841102600097656,0.021311257034540176,911.9989013671875,61.565242767333984,0.007761810440570116,944.733642578125,13.860603332519531,0.03923877328634262,938.5507202148438,0.7936248779296875,0.02065887302160263,894.3534545898438,57.09821319580078,0.11741048097610474,930.2056274414062,48.95903778076172,0.06358025223016739,865.5575561523438,106.25598907470703,0.12386840581893921,878.3910522460938,96.74787139892578,0.08202528208494186,1009.0060424804688,112.94883728027344,0.8059654831886292,958.7902221679688,103.58345031738281,0.7501108646392822,1040.76171875,466.6878967285156,0.9520577192306519,834.7698364257812,440.80426025390625,0.9301443099975586,1210.258544921875,798.2628173828125,0.9350865483283997,903.826171875,771.79638671875,0.9188421368598938
816,27200,912.4261474609375,97.93830871582031,0.003910528961569071,915.193359375,77.16703033447266,0.0044781118631362915,905.4635009765625,86.50279998779297,0.0022290502674877644,944.4558715820312,62.610145568847656,0.009756970219314098,915.9179077148438,78.27273559570312,0.002627750625833869,954.4070434570312,35.94859313964844,0.012252350337803364,943.7810668945312,18.787399291992188,0.01099473237991333,914.9741821289062,85.18853759765625,0.04991743713617325,961.1041259765625,77.85090637207031,0.052486445754766464,903.0885009765625,113.83964538574219,0.05840297415852547,906.2710571289062,105.66188049316406,0.0578029491007328,1004.654541015625,83.2694091796875,0.8369221687316895,953.5384521484375,77.04949951171875,0.8293179869651794,1053.0496826171875,469.76055908203125,0.9790869951248169,865.6301879882812,442.8928527832031,0.9750643372535706,1241.241943359375,790.5873413085938,0.9834100604057312,867.5770263671875,804.0150756835938,0.9828689098358154
817,27233,873.7011108398438,94.8163833618164,0.005267529282718897,876.9970703125,69.79087829589844,0.006680118851363659,867.830810546875,80.45420837402344,0.002416142961010337,914.0477294921875,57.13664245605469,0.015177613124251366,889.6005859375,74.93657684326172,0.0026752124540507793,933.4546508789062,29.202804565429688,0.0154324471950531,925.6774291992188,23.782974243164062,0.013859294354915619,846.3944702148438,77.239013671875,0.061453044414520264,955.3027954101562,71.50872802734375,0.05469009280204773,751.594482421875,132.16616821289062,0.07133743911981583,890.5764770507812,98.36508178710938,0.060115519911050797,1006.3668823242188,68.02166748046875,0.8379116058349609,955.4994506835938,71.53330993652344,0.8334718346595764,1034.295166015625,460.1575927734375,0.9792353510856628,869.7733154296875,441.9039001464844,0.9744465351104736,1266.8375244140625,773.7835693359375,0.9813783168792725,870.73388671875,798.38232421875,0.9816604852676392
818,27266,922.6759643554688,72.21343231201172,0.007904318161308765,931.6529541015625,48.96283721923828,0.00956406444311142,913.350830078125,61.06665802001953,0.00535421259701252,956.4135131835938,40.160888671875,0.015281716361641884,902.5339965820312,59.07831573486328,0.004883859772235155,953.0191040039062,24.678451538085938,0.018683046102523804,906.6231079101562,12.831596374511719,0.00970474537461996,923.5299682617188,72.71836853027344,0.06126878410577774,893.3406982421875,57.692138671875,0.033289916813373566,892.4304809570312,110.68812561035156,0.07253795117139816,871.704345703125,104.03693389892578,0.047615133225917816,999.1763305664062,100.52751159667969,0.7324636578559875,937.72265625,98.24251556396484,0.6711598634719849,1000.5521850585938,465.62164306640625,0.9445847868919373,876.5167236328125,457.43994140625,0.9232158660888672,1256.9521484375,755.8961791992188,0.9401660561561584,908.3031005859375,781.8718872070312,0.9281608462333679
819,27300,904.4185180664062,94.33673858642578,0.003694516373798251,906.0531616210938,77.15235900878906,0.004673490766435862,894.9345703125,86.74612426757812,0.0021581528708338737,923.9880981445312,63.703514099121094,0.007438497617840767,896.08544921875,80.4481430053711,0.0017531850608065724,915.0869750976562,28.940689086914062,0.0060904803685843945,922.8593139648438,15.553482055664062,0.004568255506455898,873.0870361328125,65.51829528808594,0.03526204079389572,902.5523071289062,72.89497375488281,0.027712583541870117,826.6490478515625,134.032470703125,0.055552564561367035,842.3919067382812,123.79586791992188,0.047708459198474884,974.3397216796875,67.97314453125,0.741507887840271,951.846923828125,72.2435302734375,0.708907425403595,966.3902587890625,476.88446044921875,0.9704450964927673,910.7354736328125,478.950927734375,0.9622527956962585,1261.9852294921875,736.905029296875,0.981726884841919,949.9387817382812,810.7564086914062,0.9792340993881226
820,27333,916.7265014648438,93.1402816772461,0.0032724004704505205,915.050537109375,78.6976547241211,0.0035716898273676634,909.3470458984375,89.41616821289062,0.0021118288859725,923.8414916992188,64.58180236816406,0.008134070783853531,919.7587890625,83.72584533691406,0.002657216042280197,899.4076538085938,25.208267211914062,0.008237079717218876,971.5030517578125,7.4071197509765625,0.00945485383272171,891.4323120117188,65.23983764648438,0.03577524051070213,928.6937866210938,67.81864929199219,0.04943022131919861,886.2254028320312,126.85281372070312,0.045531634241342545,872.82568359375,94.77452087402344,0.0614222027361393,959.9066162109375,83.85067749023438,0.8014479279518127,992.7427368164062,88.62391662597656,0.8038520812988281,935.1441650390625,488.1661682128906,0.9710139632225037,940.7813110351562,507.09954833984375,0.97003573179245,1240.0015869140625,727.3135986328125,0.9811181426048279,986.738525390625,833.553466796875,0.9801556468009949
821,27366,915.7881469726562,96.53068542480469,0.00378306838683784,910.9737548828125,82.74474334716797,0.0033776808995753527,910.4232788085938,92.31088256835938,0.0022827303037047386,915.0985717773438,67.06377410888672,0.008289524354040623,933.4191284179688,81.90184020996094,0.003487243317067623,889.954345703125,30.324920654296875,0.012813623063266277,1008.3270263671875,1.3693084716796875,0.01992925815284252,903.2536010742188,68.69435119628906,0.05891331657767296,949.83984375,64.27505493164062,0.11363627761602402,892.62548828125,124.6043701171875,0.07995513826608658,885.1583862304688,97.8841552734375,0.1438683271408081,963.7526245117188,99.8807373046875,0.8396868109703064,1036.284912109375,96.12103271484375,0.8594499826431274,894.5726318359375,483.24041748046875,0.9684730172157288,934.3064575195312,494.8484802246094,0.972540020942688,1190.8846435546875,703.7379760742188,0.9773684740066528,1016.2569580078125,835.1867065429688,0.9777547717094421
822,27400,897.6419677734375,90.1918716430664,0.00328073650598526,894.2102661132812,72.49209594726562,0.003585333004593849,895.1182250976562,89.05210876464844,0.00200436869636178,905.1571655273438,51.99176788330078,0.014917071908712387,926.8218994140625,79.92402648925781,0.0042524682357907295,885.5020751953125,20.112625122070312,0.017613636329770088,1009.8645629882812,2.1124191284179688,0.02433980256319046,889.1484375,63.305076599121094,0.054412636905908585,953.6719360351562,65.7627182006836,0.09685128182172775,892.2134399414062,123.35099029541016,0.05693260207772255,886.0938720703125,104.3818359375,0.09890840947628021,967.1685791015625,110.52323913574219,0.8500480055809021,1053.1419677734375,108.25154113769531,0.8665457367897034,855.6161499023438,478.0474853515625,0.9653133749961853,958.962158203125,492.841552734375,0.9696070551872253,1132.6351318359375,709.71826171875,0.9710831046104431,1032.545654296875,822.5548706054688,0.9718780517578125
823,27433,851.7283325195312,83.15364074707031,0.0018738036742433906,849.456298828125,66.10020446777344,0.002228270983323455,852.260009765625,83.19598388671875,0.0011039874516427517,875.1974487304688,49.39768981933594,0.019374044612050056,907.8025512695312,75.79861450195312,0.0051655275747179985,877.7799682617188,14.626968383789062,0.020787516608834267,1002.6658325195312,0.0,0.035264573991298676,886.8675537109375,54.487998962402344,0.04025930538773537,982.9822998046875,59.41278076171875,0.09031330794095993,910.6937255859375,128.94252014160156,0.028921207413077354,904.4193115234375,101.83362579345703,0.056196462363004684,971.1399536132812,106.89857482910156,0.8565313816070557,1058.9251708984375,105.59651184082031,0.887637197971344,861.895263671875,463.8887634277344,0.9664217829704285,985.5596923828125,482.02178955078125,0.9727392792701721,1082.8714599609375,734.0941772460938,0.9684111475944519,1089.4892578125,812.89892578125,0.9709302186965942
824,27466,895.9074096679688,80.80909729003906,0.01006876677274704,899.5784912109375,53.363067626953125,0.011927541345357895,895.7957153320312,71.54315948486328,0.006277586333453655,920.5266723632812,38.20976257324219,0.03303396701812744,931.5968627929688,67.16613006591797,0.008646613918244839,912.09033203125,5.94287109375,0.03769023343920708,992.0220336914062,11.532096862792969,0.02711702510714531,905.9345092773438,60.58037567138672,0.07966580986976624,943.1416625976562,61.853599548339844,0.06533172726631165,896.6858520507812,136.9904022216797,0.09813611209392548,880.6988525390625,115.18169403076172,0.09648261219263077,989.477783203125,99.07495880126953,0.7822153568267822,1055.994873046875,103.66522979736328,0.7503045797348022,836.6614990234375,439.0714416503906,0.9506250023841858,1001.5693359375,461.76580810546875,0.939113199710846,1026.2406005859375,784.74169921875,0.9416491389274597,1149.5589599609375,804.92138671875,0.93296217918396
825,27500,904.0496215820312,82.15814971923828,0.009905459359288216,906.15625,51.94573974609375,0.011250239796936512,905.0332641601562,70.67495727539062,0.006146501284092665,926.0203857421875,37.92510223388672,0.028833160176873207,945.6982421875,68.24125671386719,0.008303388953208923,917.824951171875,0.8229904174804688,0.033325161784887314,1005.36181640625,8.397811889648438,0.02323400229215622,907.6253051757812,58.45477294921875,0.07483047991991043,954.6864624023438,60.87249755859375,0.060402482748031616,908.8784790039062,127.28816986083984,0.10106043517589569,889.242919921875,107.26130676269531,0.09937392175197601,987.10986328125,92.26013946533203,0.792945921421051,1062.6673583984375,98.61197662353516,0.7550112009048462,848.814697265625,434.4438171386719,0.9639943242073059,1023.27099609375,458.2852783203125,0.9517505168914795,937.9341430664062,806.9434814453125,0.9579261541366577,1196.0811767578125,787.2828369140625,0.9485400915145874
826,27533,913.4038696289062,89.7608413696289,0.004912092816084623,909.9877319335938,68.56777954101562,0.004539793357253075,909.8575439453125,81.20599365234375,0.0020827418193221092,928.6234130859375,53.17364501953125,0.008456399664282799,947.3174438476562,74.4485092163086,0.002268038457259536,930.8746948242188,15.602142333984375,0.014105328358709812,996.02587890625,11.946441650390625,0.010216712951660156,922.1522827148438,56.26158142089844,0.10002406686544418,959.5005493164062,56.68524169921875,0.07449226826429367,911.320556640625,95.20632934570312,0.23282545804977417,892.9768676757812,85.59027099609375,0.19980919361114502,981.2506713867188,71.40087890625,0.8209105134010315,1039.9603271484375,70.93821716308594,0.7789958715438843,877.762939453125,438.8551330566406,0.9815030097961426,1035.7877197265625,458.21868896484375,0.9723768830299377,892.0413818359375,825.3173217773438,0.9833179712295532,1221.4639892578125,767.8053588867188,0.9775977730751038
827,27566,921.227294921875,90.13316345214844,0.004824771545827389,919.8753662109375,67.39132690429688,0.0044663758017122746,915.6080932617188,79.41703033447266,0.0021571130491793156,936.841552734375,52.97621154785156,0.007324944715946913,941.1985473632812,73.90663146972656,0.0021843360736966133,937.3828735351562,14.003677368164062,0.01170151587575674,978.1220092773438,9.387451171875,0.008462314493954182,926.9022216796875,57.07493591308594,0.08750925958156586,947.26123046875,53.38531494140625,0.06554505974054337,919.65625,90.79238891601562,0.21634691953659058,891.87158203125,81.7891845703125,0.1885271668434143,984.7775268554688,67.27084350585938,0.8082119226455688,1025.493896484375,68.49032592773438,0.7624630928039551,884.6757202148438,438.30792236328125,0.981984555721283,1020.3274536132812,456.6204528808594,0.9720378518104553,876.87890625,829.0541381835938,0.9847046136856079,1231.8607177734375,748.2844848632812,0.9788243770599365
828,27600,911.9799194335938,90.77577209472656,0.005494347307831049,911.7676391601562,67.28739166259766,0.004943161271512508,904.4741821289062,80.52397155761719,0.0024218582548201084,929.8869018554688,52.225067138671875,0.006308700889348984,922.3804321289062,76.06109619140625,0.0019805412739515305,933.5278930664062,6.9225311279296875,0.01031559519469738,956.5418701171875,1.4192962646484375,0.007886323146522045,927.2796020507812,47.34498596191406,0.09307768195867538,933.2631225585938,47.689727783203125,0.07424123585224152,915.2529296875,87.45552062988281,0.2532336115837097,890.6046752929688,87.18388366699219,0.23602595925331116,992.5576171875,65.24697875976562,0.8059724569320679,1016.5018310546875,67.40913391113281,0.7628137469291687,888.3186645507812,445.09130859375,0.9819043278694153,990.9380493164062,460.8032531738281,0.9716291427612305,896.7277221679688,838.1129760742188,0.9846161007881165,1234.989990234375,733.84716796875,0.9785191416740417
829,27633,885.473388671875,79.62952423095703,0.005308771971613169,886.6915283203125,55.736114501953125,0.005330131854861975,883.0926513671875,68.73616790771484,0.002605342771857977,906.6956176757812,41.950927734375,0.009190536104142666,905.6027221679688,64.1136245727539,0.002997725736349821,914.823486328125,0.0,0.01134659256786108,939.4237060546875,0.0,0.011411369778215885,919.0020141601562,41.88578796386719,0.06585109233856201,923.7206420898438,46.96632385253906,0.06485114991664886,918.37451171875,82.27546691894531,0.14205008745193481,893.3142700195312,72.22975158691406,0.13688547909259796,983.0081176757812,61.04896545410156,0.794050931930542,1004.5972290039062,60.26719665527344,0.7731809616088867,901.4080810546875,464.0204772949219,0.9792717099189758,969.8881225585938,469.7550048828125,0.9709911346435547,940.6001586914062,853.3717041015625,0.9824072122573853,1214.4510498046875,728.6495361328125,0.9774182438850403
830,27666,884.0659790039062,75.41766357421875,0.006577393505722284,885.2825317382812,57.172576904296875,0.0062088873237371445,882.0924682617188,71.56736755371094,0.00261510256677866,915.7760620117188,39.57586669921875,0.011335359886288643,907.037109375,65.48480987548828,0.002963378094136715,931.7091674804688,0.0,0.0244128555059433,936.3809204101562,0.0,0.019126128405332565,915.2393188476562,30.927017211914062,0.1590082198381424,923.557861328125,48.29905700683594,0.11164841055870056,917.113037109375,84.45790100097656,0.28364259004592896,898.4507446289062,85.1246337890625,0.21376968920230865,995.1932983398438,92.74827575683594,0.8940390944480896,995.6444091796875,92.41424560546875,0.8664053082466125,901.860595703125,473.8464660644531,0.9856056571006775,944.7969360351562,482.3819274902344,0.9765533804893494,994.4942016601562,844.39599609375,0.9840332865715027,1179.8272705078125,716.5469360351562,0.9779155850410461
831,27700,865.2813720703125,70.33882141113281,0.0027084089815616608,869.4124755859375,50.982765197753906,0.003249190980568528,863.2278442382812,69.1226577758789,0.001402138383127749,906.0994262695312,35.20600891113281,0.01369986031204462,881.4559936523438,69.00439453125,0.0028327247127890587,935.6661987304688,9.468475341796875,0.012759438715875149,908.6642456054688,0.0,0.02350720576941967,919.2130737304688,55.83350372314453,0.046540357172489166,924.4509887695312,54.568565368652344,0.10563157498836517,894.5963745117188,111.45838165283203,0.05931810662150383,877.719970703125,93.5745620727539,0.11280956864356995,999.97412109375,119.55949401855469,0.870020866394043,967.4512939453125,114.04934692382812,0.8941861391067505,924.9818725585938,498.75091552734375,0.9785621762275696,883.3172607421875,467.9762878417969,0.9776060581207275,1044.334716796875,853.6116943359375,0.9767022132873535,1148.619140625,694.3833618164062,0.9777228832244873
832,27733,864.0319213867188,75.16834259033203,0.0037494006101042032,867.4302978515625,54.986114501953125,0.004378905054181814,856.3605346679688,70.14907836914062,0.0012780213728547096,915.7073974609375,37.93428039550781,0.01389631349593401,875.4745483398438,67.48883056640625,0.0015088804066181183,956.9921264648438,8.387603759765625,0.016050798818469048,903.1212768554688,0.0,0.02324877679347992,936.689453125,51.075347900390625,0.09419907629489899,934.09423828125,57.00224304199219,0.14940334856510162,893.077392578125,118.62602233886719,0.1579018533229828,879.1268920898438,105.38392639160156,0.21392512321472168,1012.1460571289062,114.39248657226562,0.8652764558792114,954.271240234375,108.06893920898438,0.8777663111686707,940.9215087890625,499.5130920410156,0.9734295606613159,853.6729125976562,471.4981384277344,0.9683370590209961,1073.9996337890625,846.371337890625,0.965552031993866,1107.88232421875,689.9398193359375,0.9653306007385254
833,27766,893.3681640625,88.89024353027344,0.0022251170594245195,899.6173095703125,69.77439880371094,0.0028861660975962877,888.8018798828125,85.31497192382812,0.0011921165278181434,933.4532470703125,51.95347595214844,0.014568098820745945,896.011474609375,79.94183349609375,0.002526472322642803,955.974853515625,21.375045776367188,0.017231032252311707,918.624755859375,4.166450500488281,0.020955316722393036,918.0390625,64.31648254394531,0.06058236211538315,931.8572387695312,56.67539978027344,0.09769921004772186,881.1170654296875,123.00975036621094,0.058308638632297516,872.7390747070312,96.95569610595703,0.09417062252759933,1012.45751953125,130.844482421875,0.8871107697486877,953.874755859375,122.51195526123047,0.8949882984161377,976.6616821289062,503.1470947265625,0.9755460023880005,824.5439453125,453.9392395019531,0.9721783399581909,1127.189453125,826.458251953125,0.972903311252594,1025.0205078125,707.7550659179688,0.9735434055328369
834,27800,864.057861328125,84.25698852539062,0.0027084925677627325,867.507080078125,62.35890197753906,0.0029809814877808094,863.4649658203125,77.66015625,0.0014181648148223758,904.6142578125,46.43357849121094,0.009986628778278828,890.2269287109375,74.27032470703125,0.0023347113747149706,935.8553466796875,16.827117919921875,0.008671528659760952,931.3597412109375,2.0364532470703125,0.023904435336589813,912.9661254882812,60.903602600097656,0.037556298077106476,960.676025390625,49.45122528076172,0.14535066485404968,888.9864501953125,112.9053955078125,0.05292435362935066,891.4730224609375,97.10458374023438,0.14710567891597748,1003.0017700195312,119.84417724609375,0.8453067541122437,961.8338012695312,114.14936828613281,0.8990916013717651,999.9686889648438,485.6157531738281,0.9745705127716064,832.3192749023438,435.024169921875,0.9792674779891968,1172.0953369140625,843.5469970703125,0.9719549417495728,978.422119140625,747.0192260742188,0.9791776537895203
835,27833,912.7415771484375,77.33116149902344,0.011534971185028553,919.5553588867188,52.89049530029297,0.012060970067977905,907.4888305664062,66.72908020019531,0.007434471044689417,946.5167236328125,38.886314392089844,0.01997540332376957,912.1783447265625,60.65595245361328,0.00773682352155447,951.86865234375,10.952316284179688,0.03656256943941116,938.0123291015625,0.0,0.022138038650155067,907.3736572265625,55.72917938232422,0.11220472306013107,928.7957153320312,45.76116943359375,0.07245027273893356,877.2254028320312,109.07137298583984,0.12473389506340027,878.413330078125,90.4123306274414,0.09516849368810654,1011.7185668945312,111.05390167236328,0.8052838444709778,959.771728515625,101.9425048828125,0.7616727352142334,1031.447021484375,474.4382019042969,0.9507780075073242,837.361083984375,446.2510986328125,0.9317582249641418,1206.6796875,804.6668701171875,0.9309871792793274,916.3486328125,770.7073974609375,0.9172686338424683
836,27866,912.556884765625,96.72116088867188,0.004161949269473553,915.6507568359375,76.24974060058594,0.004512210376560688,904.9535522460938,85.18203735351562,0.002254041377454996,944.5499267578125,63.21189880371094,0.007443925365805626,912.4337768554688,77.91252136230469,0.002043558284640312,953.722412109375,38.372772216796875,0.009018191136419773,938.5320434570312,18.543548583984375,0.008762079291045666,907.7241821289062,83.65965270996094,0.050649818032979965,945.5790405273438,65.40238952636719,0.05691284313797951,876.0791625976562,104.70918273925781,0.07655034959316254,880.1332397460938,78.43084716796875,0.07990194857120514,1001.9762573242188,84.12217712402344,0.8099406361579895,948.1966552734375,76.74879455566406,0.8062289357185364,1039.298095703125,472.45404052734375,0.9774159789085388,862.3828735351562,446.00079345703125,0.9733981490135193,1242.3167724609375,797.4369506835938,0.9819797277450562,862.3126831054688,809.6845703125,0.9815556406974792
837,27900,914.88427734375,95.5004653930664,0.004241188522428274,917.8429565429688,75.28573608398438,0.005099024623632431,906.5087280273438,83.50806427001953,0.00240155728533864,946.5540161132812,64.85169982910156,0.008503519929945469,913.4168701171875,78.28463745117188,0.0021404384169727564,953.8973388671875,46.78211975097656,0.008738099597394466,939.8829956054688,26.874114990234375,0.006994502153247595,921.5892333984375,96.62997436523438,0.04144846647977829,947.8458862304688,84.20860290527344,0.036608755588531494,899.5433349609375,123.01213073730469,0.057855699211359024,895.2620239257812,115.73670959472656,0.04899812117218971,999.0108032226562,78.97970581054688,0.7902272343635559,949.7742919921875,73.02433776855469,0.7713785767555237,1025.4598388671875,472.0446472167969,0.9769040942192078,873.4149169921875,449.88134765625,0.9708337187767029,1263.172119140625,778.7256469726562,0.9835121035575867,861.4464111328125,808.4337158203125,0.9822131395339966
838,27933,918.4634399414062,73.14994812011719,0.008484969846904278,925.81787109375,48.599945068359375,0.010508742183446884,910.4674682617188,60.87834548950195,0.005624024197459221,945.7717895507812,39.51555633544922,0.016569439321756363,901.9220581054688,58.65934753417969,0.004937303252518177,939.5934448242188,24.418304443359375,0.019500644877552986,914.3095092773438,13.66424560546875,0.009010250680148602,902.5719604492188,76.05713653564453,0.06529965996742249,900.9283447265625,64.42716979980469,0.029267504811286926,857.1073608398438,118.80159759521484,0.07824432849884033,866.3316650390625,114.77096557617188,0.04385955259203911,996.545654296875,96.16577911376953,0.709123969078064,947.8793334960938,92.5634536743164,0.6315208673477173,985.1484375,467.00238037109375,0.9392695426940918,869.5200805664062,456.6537780761719,0.9109076857566833,1249.414794921875,759.2803955078125,0.9339668154716492,898.264892578125,777.604248046875,0.9177501201629639
839,27966,952.4740600585938,109.68338012695312,0.02022686041891575,950.955322265625,91.11868286132812,0.014859689399600029,935.1741943359375,99.85208129882812,0.013462674804031849,950.7916259765625,79.00653076171875,0.008535685949027538,921.5469970703125,89.22761535644531,0.006776866037398577,939.1314697265625,38.09678649902344,0.019160877913236618,950.6348876953125,35.46693420410156,0.010862820781767368,910.12060546875,89.53445434570312,0.09692419320344925,913.5291748046875,89.29055786132812,0.04890589416027069,887.672607421875,136.2034149169922,0.18073038756847382,863.4219360351562,119.13542175292969,0.11021170765161514,973.3656616210938,99.23094177246094,0.711179792881012,951.4765014648438,96.41299438476562,0.6335657238960266,955.3921508789062,482.8173522949219,0.9592180252075195,888.5059204101562,481.7339172363281,0.9412769079208374,1251.802978515625,740.2764282226562,0.9739764928817749,922.3057250976562,827.3676147460938,0.9665021896362305
840,28000,871.5396118164062,95.8978271484375,0.004188466351479292,870.9236450195312,76.47054290771484,0.004624607507139444,865.4840698242188,87.79078674316406,0.0022257682867348194,897.9540405273438,62.05304718017578,0.010396945290267467,897.3850708007812,79.75499725341797,0.0028097135946154594,891.8096923828125,19.457382202148438,0.011196623556315899,953.3666381835938,3.6894378662109375,0.014645909890532494,872.2291870117188,49.4058837890625,0.0489482656121254,907.1942749023438,62.06996154785156,0.07187972962856293,860.4005126953125,131.25357055664062,0.06169821694493294,848.1038818359375,110.73271179199219,0.08089561015367508,964.2698974609375,81.40008544921875,0.8395147919654846,987.1822509765625,86.43278503417969,0.8520844578742981,936.0538330078125,484.7833557128906,0.976164698600769,916.3975219726562,494.1845397949219,0.9761114120483398,1225.7498779296875,734.6603393554688,0.9813922047615051,971.4388427734375,845.4611206054688,0.9811796545982361
841,28033,859.7376708984375,93.64590454101562,0.0029938078951090574,856.062255859375,75.23421478271484,0.00308800907805562,857.8724365234375,89.86692810058594,0.0016231515910476446,879.0294799804688,57.76936340332031,0.008897353895008564,902.1681518554688,81.658447265625,0.002713274210691452,878.15576171875,21.094940185546875,0.009593196213245392,985.6005859375,0.0,0.020121490582823753,886.5161743164062,56.689910888671875,0.04614890366792679,940.03515625,58.206275939941406,0.12931689620018005,883.7073364257812,130.13467407226562,0.06376530230045319,875.0559692382812,109.28407287597656,0.14882026612758636,962.9561157226562,106.96037292480469,0.837630569934845,1021.6393432617188,107.036865234375,0.8788789510726929,892.363037109375,482.4645080566406,0.9690614938735962,905.2408447265625,489.6353759765625,0.9763160347938538,1172.257568359375,714.586181640625,0.9743970036506653,1010.6651000976562,838.55126953125,0.9767870306968689
842,28066,850.8369140625,90.47476959228516,0.0027185692451894283,847.426025390625,73.0308609008789,0.00264383340254426,848.9720458984375,91.79878234863281,0.001473942887969315,872.703369140625,53.129425048828125,0.011609162203967571,897.8291015625,84.4244613647461,0.0037303022108972073,874.5433959960938,15.635490417480469,0.014762934297323227,992.6452026367188,0.8628387451171875,0.03395649790763855,880.5734252929688,54.724639892578125,0.05220752954483032,950.9213256835938,64.24356079101562,0.16276930272579193,885.5601196289062,126.3193588256836,0.05938031151890755,877.8417358398438,105.2105941772461,0.15384149551391602,965.3232421875,107.57533264160156,0.8696695566177368,1042.7451171875,109.28219604492188,0.9083142280578613,862.4573974609375,474.74981689453125,0.9714951515197754,949.3599853515625,500.1047058105469,0.9793154001235962,1109.890625,718.7432861328125,0.9731218218803406,1023.5869140625,831.3812255859375,0.976371169090271
843,28100,840.62548828125,94.45122528076172,0.0024462651927024126,840.9457397460938,75.31338500976562,0.0026223263703286648,838.5308227539062,94.9526138305664,0.0013137757778167725,875.2831420898438,55.6142578125,0.012840231880545616,886.1671752929688,87.08228302001953,0.0034305346198379993,883.826171875,17.650680541992188,0.013789663091301918,974.2709350585938,4.451179504394531,0.028178490698337555,880.8114624023438,54.112083435058594,0.04589025676250458,931.7313232421875,55.16473388671875,0.12383083999156952,870.9071655273438,106.1604995727539,0.05441636964678764,869.7907104492188,90.95681762695312,0.12228435277938843,965.9307861328125,97.28086853027344,0.8382946252822876,1033.968994140625,94.50718688964844,0.8793246150016785,845.37451171875,466.8298645019531,0.9680107831954956,973.242431640625,484.6793518066406,0.974584698677063,1055.98681640625,776.388671875,0.967180609703064,1080.599853515625,823.3087158203125,0.9707211256027222
844,28133,915.6255493164062,98.16217803955078,0.011053817346692085,913.72802734375,71.7799072265625,0.01014611218124628,908.91943359375,86.19097137451172,0.006734930444508791,921.2767333984375,53.09033203125,0.021539270877838135,934.5421142578125,75.69314575195312,0.008385444059967995,908.0477294921875,12.566390991210938,0.03146595135331154,983.9580688476562,9.766571044921875,0.027678614482283592,887.260986328125,74.13189697265625,0.0746186226606369,926.5266723632812,58.71327209472656,0.07611875981092453,882.1221313476562,117.52020263671875,0.10344608128070831,861.8479614257812,87.90463256835938,0.12172634154558182,970.7801513671875,99.97764587402344,0.7731184363365173,1032.44970703125,102.72015380859375,0.7502852082252502,817.0107421875,442.3265075683594,0.9586793184280396,980.4551391601562,473.4869384765625,0.9501309990882874,995.9238891601562,789.7998046875,0.9656093716621399,1140.8536376953125,818.1448974609375,0.9598538279533386
845,28166,906.4957275390625,90.64508056640625,0.008786904625594616,904.849365234375,59.06803894042969,0.008054905571043491,903.620361328125,75.56314086914062,0.0048991781659424305,916.2023315429688,42.78300476074219,0.017742039635777473,938.473388671875,70.594482421875,0.005835430230945349,902.763427734375,3.6093978881835938,0.02351182885468006,1007.4332885742188,5.5756988525390625,0.023564819246530533,887.0733032226562,64.26406860351562,0.07449866086244583,958.3716430664062,58.839271545410156,0.09504911303520203,888.1964721679688,114.80060577392578,0.12706823647022247,874.5419921875,86.08245849609375,0.1792869120836258,976.598388671875,98.20051574707031,0.7942118048667908,1060.2113037109375,101.91069030761719,0.7839895486831665,833.3467407226562,437.16497802734375,0.9681402444839478,1002.4216918945312,458.9328308105469,0.9621585011482239,914.3172607421875,817.1044921875,0.9674974083900452,1183.4666748046875,797.338623046875,0.9629647135734558
846,28200,868.8790893554688,80.91481018066406,0.003951426595449448,868.4976196289062,56.61419677734375,0.004194383509457111,866.6541137695312,69.51081848144531,0.001625640201382339,896.1372680664062,44.00848388671875,0.011800562962889671,910.7221069335938,65.2075424194336,0.0025416924618184566,909.5299072265625,15.0069580078125,0.01406907569617033,972.3649291992188,11.363388061523438,0.013612926006317139,897.4048461914062,59.83580017089844,0.06721848994493484,949.695068359375,60.77952575683594,0.06742610037326813,889.9765014648438,110.83026123046875,0.13031597435474396,884.10791015625,79.25926208496094,0.12992434203624725,984.3826904296875,71.96090698242188,0.8107950687408447,1041.19189453125,70.2725830078125,0.7958782911300659,862.5573120117188,439.5535583496094,0.9809085130691528,1005.9328002929688,457.98175048828125,0.9752371907234192,864.923583984375,839.3823852539062,0.9838257431983948,1215.59326171875,776.4847412109375,0.9797174334526062
847,28233,876.7318725585938,75.50344848632812,0.0030733910389244556,878.3095092773438,49.4073486328125,0.0035113710910081863,874.6688232421875,65.6268310546875,0.0016102882800623775,899.458740234375,39.369049072265625,0.008905632421374321,901.4158325195312,68.85310363769531,0.002383817220106721,910.4307861328125,8.702018737792969,0.0066075632348656654,952.3511962890625,5.0422210693359375,0.009405726566910744,907.3363647460938,56.23164367675781,0.031469929963350296,933.3706665039062,55.408470153808594,0.05539075285196304,920.0647583007812,110.65086364746094,0.06848994642496109,881.32763671875,83.6338119506836,0.10955633223056793,989.5781860351562,61.86039733886719,0.7383049726486206,1029.4471435546875,63.39271545410156,0.7556294202804565,876.6751098632812,440.796142578125,0.9750585556030273,982.1978759765625,451.53253173828125,0.9725855588912964,848.3895263671875,838.1298217773438,0.9806640148162842,1229.251953125,757.576171875,0.9777377843856812
848,28266,876.0114135742188,82.14193725585938,0.0052969204261898994,877.1027221679688,56.21466064453125,0.004736602772027254,870.5319213867188,70.94361877441406,0.0023743347264826298,899.753173828125,43.12994384765625,0.00806399341672659,895.568359375,69.25405883789062,0.002668036613613367,909.2979125976562,1.521697998046875,0.009916553273797035,947.4527587890625,2.2598876953125,0.01450253650546074,889.5880737304688,39.5870361328125,0.0639013797044754,935.2584838867188,50.99615478515625,0.10254989564418793,859.8966064453125,96.170654296875,0.1624016910791397,880.04150390625,76.58335876464844,0.233021080493927,989.6627197265625,61.340240478515625,0.7957521080970764,1022.1373901367188,62.970703125,0.8071574568748474,877.938232421875,444.6783142089844,0.9801455736160278,972.0851440429688,460.45623779296875,0.9769223928451538,876.0873413085938,842.2457885742188,0.9835187196731567,1216.869873046875,746.530517578125,0.9806929230690002
849,28300,875.4966430664062,85.02106475830078,0.004928180016577244,876.4563598632812,61.51036834716797,0.005116461776196957,871.9791870117188,76.80500793457031,0.0022914425935596228,902.2388916015625,44.404815673828125,0.010379689745604992,894.0780639648438,72.27413177490234,0.0027309332508593798,917.320556640625,1.337677001953125,0.011770663782954216,929.8749389648438,0.0,0.014797101728618145,910.3993530273438,48.36419677734375,0.061830177903175354,925.6752319335938,58.8929443359375,0.08393444120883942,889.3767700195312,100.81187438964844,0.12379723787307739,879.3171997070312,80.51165771484375,0.15715183317661285,986.4080200195312,64.55076599121094,0.8249650597572327,994.2877807617188,65.4129638671875,0.8240973353385925,892.6600952148438,466.1594543457031,0.9816639423370361,940.06298828125,477.2579345703125,0.9766519069671631,936.369140625,859.6488647460938,0.9841400384902954,1187.4305419921875,733.0053100585938,0.9808114767074585
850,28333,875.660888671875,86.53761291503906,0.004647524561733007,876.7599487304688,68.0394058227539,0.004858461674302816,873.6590576171875,82.18769073486328,0.0019979625940322876,907.890380859375,48.190155029296875,0.01274920254945755,898.7120971679688,74.09273529052734,0.0028369626961648464,927.9322509765625,9.5438232421875,0.019591759890317917,930.690673828125,0.0,0.021650150418281555,916.85400390625,55.525726318359375,0.09758808463811874,930.2342529296875,60.30317687988281,0.11060138791799545,897.334716796875,103.89852905273438,0.1547056883573532,881.151123046875,89.42674255371094,0.16872631013393402,984.876708984375,100.15031433105469,0.8934816718101501,982.8477783203125,97.77685546875,0.8871231079101562,898.1689453125,482.2215270996094,0.9856730699539185,932.436767578125,490.35919189453125,0.9806296229362488,982.1861572265625,853.9568481445312,0.9854044318199158,1156.6805419921875,724.5611572265625,0.9822388887405396
851,28366,906.7119140625,95.19058227539062,0.010411742143332958,916.8720703125,68.4093246459961,0.010246300138533115,894.2100219726562,81.85535430908203,0.004867623094469309,950.2095947265625,46.254547119140625,0.016822580248117447,888.5520629882812,68.6011734008789,0.00397829432040453,961.80615234375,3.0218353271484375,0.029478328302502632,892.681640625,0.0,0.02004455029964447,920.8610229492188,71.90528869628906,0.12180707603693008,895.0991821289062,65.94515991210938,0.09221243858337402,872.0557250976562,133.38880920410156,0.1922193020582199,855.51123046875,105.03652954101562,0.18159618973731995,1001.7418823242188,123.03904724121094,0.8411819338798523,935.8172607421875,119.46524047851562,0.8033424019813538,906.88916015625,499.472900390625,0.9717804193496704,834.7105102539062,469.6147155761719,0.9539552330970764,1049.68212890625,850.91748046875,0.9675995111465454,1127.33544921875,681.2822265625,0.9601209163665771
852,28400,921.8087768554688,105.89495086669922,0.010906858369708061,931.3907470703125,76.64030456542969,0.010895639657974243,910.0525512695312,91.72423553466797,0.004960858263075352,967.2200927734375,55.52632141113281,0.01739630661904812,906.2918701171875,81.4090347290039,0.0036998610012233257,978.1415405273438,16.602447509765625,0.026409098878502846,916.7362060546875,8.64404296875,0.022885818034410477,932.4522094726562,76.40863037109375,0.11059144884347916,924.114990234375,69.35041809082031,0.11338945478200912,877.5650024414062,132.03250122070312,0.18144848942756653,863.5285034179688,101.43475341796875,0.21475806832313538,1010.6141967773438,126.17692565917969,0.7926567792892456,943.06640625,120.7939453125,0.7677742838859558,929.4065551757812,489.7268371582031,0.9570406675338745,811.0491943359375,463.94879150390625,0.9371671080589294,1057.721435546875,854.852783203125,0.9504534602165222,1099.4681396484375,685.6718139648438,0.9412558674812317
853,28433,861.9540405273438,98.31889343261719,0.0015922868624329567,867.5079345703125,77.62495422363281,0.002090014051645994,856.989990234375,94.27986145019531,0.0008747093379497528,907.1480712890625,58.17576599121094,0.01340515911579132,869.0995483398438,89.1492919921875,0.002326888730749488,942.241943359375,26.71826934814453,0.011473641730844975,893.4407958984375,8.404449462890625,0.025696003809571266,913.4092407226562,64.2890396118164,0.03569154441356659,921.7408447265625,54.85425567626953,0.114654541015625,895.3948974609375,117.62017822265625,0.033213499933481216,875.4818115234375,101.31470489501953,0.0838734358549118,1003.8936767578125,128.65541076660156,0.8868350386619568,939.7017211914062,119.58686828613281,0.9205798506736755,969.5779418945312,507.3095703125,0.9776241779327393,810.3525390625,445.4197998046875,0.9800107479095459,1111.2332763671875,837.6937866210938,0.974521279335022,1010.1063232421875,704.0165405273438,0.9799436926841736
854,28466,847.9169311523438,95.75157165527344,0.0015165240038186312,852.3460693359375,74.38119506835938,0.002032848307862878,846.9139404296875,90.42572021484375,0.0008422248065471649,893.5958862304688,55.78564453125,0.012768086045980453,873.5106811523438,84.96011352539062,0.0021739895455539227,928.4688720703125,22.28313446044922,0.009270994924008846,911.8963623046875,7.654243469238281,0.021699322387576103,883.3005981445312,60.68476867675781,0.028440671041607857,949.0591430664062,48.911521911621094,0.09840746968984604,859.1656494140625,113.09932708740234,0.02632427215576172,882.3209838867188,92.1368408203125,0.06906070560216904,993.9474487304688,126.06367492675781,0.8578101992607117,941.700439453125,118.31575012207031,0.9039456844329834,1001.4448852539062,495.69854736328125,0.9745240807533264,810.5224609375,432.665771484375,0.9786072969436646,1166.3095703125,851.46826171875,0.9721855521202087,960.8698120117188,745.499267578125,0.9797088503837585
855,28500,903.6400146484375,80.5019302368164,0.017318570986390114,909.5272216796875,54.10350036621094,0.016865434125065804,898.49072265625,68.29463958740234,0.011330368928611279,933.7695922851562,39.722442626953125,0.019559387117624283,903.5028076171875,62.37638854980469,0.00899510644376278,938.9688720703125,15.141197204589844,0.0358610525727272,935.1174926757812,0.2086029052734375,0.023221418261528015,896.5015869140625,59.33125305175781,0.1166122704744339,930.9461669921875,45.730934143066406,0.08098681271076202,868.892578125,104.01292419433594,0.15143509209156036,872.684326171875,89.8505859375,0.12346486747264862,1006.2698364257812,109.22257232666016,0.7731418609619141,958.4616088867188,98.70320892333984,0.7297475934028625,1028.1273193359375,468.37994384765625,0.9455469846725464,820.0369262695312,439.61822509765625,0.9263578057289124,1205.047119140625,814.9505004882812,0.9250407218933105,910.242431640625,782.8159790039062,0.9101388454437256
856,28533,898.4883422851562,99.24968719482422,0.0042485445737838745,900.2180786132812,78.76860809326172,0.004223016556352377,892.037841796875,88.69503021240234,0.0020386462565511465,928.9078369140625,65.10079193115234,0.005904434714466333,903.533447265625,81.67975616455078,0.0015369413886219263,938.8194580078125,37.63938903808594,0.007835258729755878,938.7463989257812,17.2899169921875,0.00847544800490141,886.9552612304688,82.48667907714844,0.06374664604663849,954.4677124023438,65.27568054199219,0.07960672676563263,835.504638671875,108.69456481933594,0.12025275081396103,871.0675659179688,82.85009765625,0.1388971507549286,996.9617309570312,86.32882690429688,0.8091596961021423,947.7003173828125,77.75143432617188,0.8121287822723389,1037.384033203125,472.0633850097656,0.9773703217506409,844.3938598632812,442.65911865234375,0.9739184379577637,1245.2578125,805.1085815429688,0.9806257486343384,861.7974243164062,803.5668334960938,0.9804922342300415
857,28566,903.49072265625,96.98863220214844,0.005325858481228352,904.1152954101562,77.4814224243164,0.004930287133902311,895.7567138671875,87.29578399658203,0.0025569202844053507,929.5380859375,65.46830749511719,0.0048052058555185795,904.4390869140625,82.07070922851562,0.0014319316251203418,937.2162475585938,37.91468811035156,0.006368061527609825,940.5161743164062,18.728485107421875,0.0073048872873187065,903.8401489257812,79.64895629882812,0.06379057466983795,949.8076782226562,64.16702270507812,0.08473499864339828,865.82080078125,106.01106262207031,0.14906807243824005,868.7294311523438,84.55123901367188,0.17723210155963898,991.1155395507812,77.96662902832031,0.7998001575469971,948.67529296875,72.04875183105469,0.8049932718276978,1023.293212890625,469.27935791015625,0.9786974787712097,860.5796508789062,448.4848937988281,0.9759962558746338,1259.541015625,782.2587890625,0.9829150438308716,866.69091796875,805.353515625,0.9827938079833984
858,28600,851.677734375,96.81253051757812,0.00641649728640914,854.4893798828125,72.4482650756836,0.006985065992921591,842.4349365234375,83.44239807128906,0.0029868914280086756,891.95068359375,59.77679443359375,0.0070046670734882355,858.2466430664062,78.91765594482422,0.0016142826061695814,921.3681030273438,26.410903930664062,0.005960362032055855,891.2021484375,18.36016845703125,0.008587530814111233,869.7200927734375,59.10319519042969,0.0464659221470356,917.9177856445312,55.914642333984375,0.07836252450942993,795.91064453125,126.28092956542969,0.10454097390174866,863.2315673828125,92.80036926269531,0.14659906923770905,989.6143798828125,63.24732971191406,0.7954983711242676,929.2637939453125,68.30644226074219,0.822339653968811,994.5038452148438,469.72576904296875,0.9792529940605164,859.1911010742188,455.7946472167969,0.979241669178009,1270.650146484375,759.2159423828125,0.9844539761543274,905.6039428710938,819.397705078125,0.9858739376068115
859,28633,892.5201416015625,97.24273681640625,0.004510199185460806,892.9552612304688,81.98121643066406,0.004669160582125187,884.520263671875,90.9814682006836,0.0023074611090123653,910.4282836914062,67.96392059326172,0.004665412474423647,891.17138671875,82.84881591796875,0.0012349054450169206,899.9364624023438,25.958267211914062,0.004575388506054878,930.010498046875,10.323348999023438,0.00436322670429945,871.1924438476562,57.18058776855469,0.04739603400230408,913.3887329101562,62.56146240234375,0.05042039602994919,840.9039916992188,119.22926330566406,0.114987313747406,861.6227416992188,98.76319885253906,0.12272578477859497,962.336669921875,75.99476623535156,0.7463903427124023,952.6651611328125,77.76626586914062,0.7341173887252808,948.6824340820312,482.7236328125,0.9725104570388794,897.524658203125,480.0498352050781,0.968271791934967,1266.2427978515625,742.310546875,0.9816950559616089,941.448486328125,824.9837646484375,0.9806315898895264
860,28666,956.7174682617188,96.25932312011719,0.016337845474481583,952.3374633789062,79.92233276367188,0.010491199791431427,945.1952514648438,87.68215942382812,0.010729087516665459,941.2348022460938,67.93881225585938,0.009523128159344196,945.5599975585938,75.75814819335938,0.008427306078374386,911.9978637695312,25.010055541992188,0.026193929836153984,993.8939208984375,18.589324951171875,0.021081209182739258,886.31982421875,82.96856689453125,0.11321264505386353,920.3353271484375,74.64665222167969,0.08735550940036774,873.7279052734375,135.12657165527344,0.18501310050487518,855.7333374023438,89.45672607421875,0.16095255315303802,959.751708984375,107.97184753417969,0.7566581964492798,992.6619873046875,105.80474853515625,0.7161383032798767,921.69140625,485.73486328125,0.9549534320831299,916.115478515625,494.2209777832031,0.9446330666542053,1227.3800048828125,729.5471801757812,0.9677374958992004,980.9276733398438,839.646484375,0.9613807201385498
861,28700,859.37353515625,91.15326690673828,0.0038967912551015615,857.9893798828125,73.7105712890625,0.003887804690748453,855.4751586914062,88.29995727539062,0.0022205854766070843,881.1302490234375,56.20660400390625,0.00838837493211031,884.901123046875,81.64682006835938,0.002905452623963356,886.5067749023438,17.696022033691406,0.008853118866682053,948.3779907226562,0.0,0.019774535670876503,885.4030151367188,50.07025909423828,0.04495565965771675,921.062255859375,50.62140655517578,0.13628268241882324,881.5602416992188,112.27679443359375,0.06892906129360199,870.6560668945312,94.41952514648438,0.16951707005500793,963.9542236328125,106.43357849121094,0.8238289952278137,989.56494140625,110.19209289550781,0.8706796765327454,898.5985107421875,480.4664001464844,0.9657284617424011,901.9052124023438,492.4085998535156,0.9742547273635864,1176.974609375,709.500244140625,0.9718481302261353,1019.0667114257812,830.7471313476562,0.9748514890670776
862,28733,854.1893920898438,92.64521026611328,0.002987828804180026,852.042724609375,75.3200912475586,0.002986235311254859,851.3720092773438,93.33343505859375,0.0015331300674006343,878.2012939453125,55.009254455566406,0.01182821486145258,895.1609497070312,84.61692810058594,0.0034576861653476954,878.0540771484375,16.71617889404297,0.017231686040759087,981.8721923828125,0.0,0.029164427891373634,873.9613037109375,48.03321075439453,0.07026629894971848,928.810546875,52.74687194824219,0.14471392333507538,874.0060424804688,100.67342376708984,0.08084625750780106,869.812744140625,94.08155822753906,0.1483926773071289,968.0411376953125,104.38265991210938,0.8779674768447876,1035.9755859375,104.49156188964844,0.9009184241294861,861.59130859375,475.3090515136719,0.9729014039039612,944.609130859375,494.76251220703125,0.9770597219467163,1115.386962890625,714.3726196289062,0.973110556602478,1028.984619140625,820.5179443359375,0.9740816354751587
863,28766,838.6682739257812,93.02462768554688,0.002979542128741741,838.6473999023438,74.67070770263672,0.0027801275718957186,836.3992309570312,94.2059326171875,0.0014354466693475842,871.7738037109375,54.79765319824219,0.009510139003396034,882.1640625,86.53829956054688,0.00272966711781919,879.736083984375,14.236541748046875,0.011987934820353985,972.2659301757812,2.5142898559570312,0.027401840314269066,876.6392822265625,44.4774169921875,0.062258657068014145,939.5861206054688,50.47613525390625,0.1792852282524109,864.3001708984375,100.55554962158203,0.10222026705741882,869.0938110351562,93.83134460449219,0.23272866010665894,965.5054321289062,99.35545349121094,0.8450170755386353,1030.779541015625,97.27505493164062,0.8881109952926636,848.947509765625,469.24237060546875,0.969551146030426,968.4328002929688,485.2737121582031,0.9763092398643494,1069.098388671875,770.7174682617188,0.9664095640182495,1086.8062744140625,814.0862426757812,0.9705207943916321
864,28800,845.86767578125,86.06648254394531,0.0028831157833337784,847.3002319335938,66.59236907958984,0.0030157864093780518,842.6314086914062,85.83805847167969,0.0014651379315182567,882.7307739257812,47.95404052734375,0.009374271146953106,884.21875,80.09866333007812,0.0024928972125053406,900.3856201171875,9.886505126953125,0.008599072694778442,960.3616943359375,4.280570983886719,0.018322080373764038,902.2805786132812,49.952178955078125,0.03947237506508827,926.7633056640625,47.69572448730469,0.11304726451635361,890.6180419921875,113.18401336669922,0.07139436155557632,873.4271850585938,92.02411651611328,0.1613370180130005,972.7615356445312,88.54742431640625,0.8118283152580261,1027.9705810546875,86.96676635742188,0.8592627644538879,830.6055908203125,448.2147521972656,0.9727956056594849,997.0639038085938,471.64013671875,0.9786695241928101,1003.87744140625,785.2109985351562,0.9764775633811951,1150.560302734375,823.1927490234375,0.9787476062774658
865,28833,891.6560668945312,84.58642578125,0.010481234639883041,893.7097778320312,53.28742218017578,0.0114626195281744,894.1126098632812,71.32383728027344,0.006881776265799999,910.8739624023438,38.23420715332031,0.03347855061292648,936.2510375976562,66.51876068115234,0.010933388024568558,901.6446533203125,3.2067031860351562,0.039451226592063904,996.350830078125,8.880271911621094,0.03008206933736801,876.257080078125,59.08197784423828,0.07241307199001312,942.2260131835938,58.41169738769531,0.0648418664932251,870.45703125,119.6883773803711,0.08741557598114014,873.1025390625,100.63433074951172,0.09529748558998108,976.7952270507812,98.52772521972656,0.7749524116516113,1056.390625,104.11621856689453,0.744467556476593,834.245361328125,435.5735168457031,0.9550743699073792,1014.6063232421875,458.4796447753906,0.9427787661552429,922.3020629882812,807.9678955078125,0.944469690322876,1190.150390625,793.1328735351562,0.9343296885490417
866,28866,902.8443603515625,92.360595703125,0.0037053583655506372,900.8944702148438,70.65424346923828,0.003687472315505147,898.9539794921875,81.24446868896484,0.0018784020794555545,917.3864135742188,55.633209228515625,0.010448767803609371,933.6068725585938,72.73299407958984,0.003046410856768489,915.5165405273438,20.728271484375,0.013915733434259892,978.44091796875,13.448776245117188,0.012249297462403774,901.128173828125,71.30712890625,0.05853074789047241,941.7061767578125,59.94657897949219,0.05936799943447113,901.0916748046875,112.76449584960938,0.10396644473075867,872.9983520507812,87.27383422851562,0.11394399404525757,967.7743530273438,80.78173828125,0.8148701786994934,1026.7752685546875,80.34068298339844,0.7927722930908203,864.7908325195312,442.3758544921875,0.9801359176635742,1030.61669921875,461.66876220703125,0.9736468195915222,862.6461181640625,823.6854858398438,0.9836486577987671,1218.7481689453125,769.724853515625,0.9797220826148987
867,28900,909.0982055664062,94.32925415039062,0.00475497217848897,907.553466796875,71.44274139404297,0.004332627169787884,903.5619506835938,82.4483413696289,0.0021493439562618732,923.2789916992188,56.35633850097656,0.0067902179434895515,928.7245483398438,75.2826919555664,0.0020087412558496,922.1119995117188,16.7318115234375,0.009398257359862328,962.3126831054688,12.501296997070312,0.00805481057614088,903.9417114257812,58.21687316894531,0.07171272486448288,920.9205322265625,51.87400817871094,0.06729170680046082,890.341796875,101.55487060546875,0.19401618838310242,863.0365600585938,85.01637268066406,0.20192676782608032,972.1148071289062,70.8255615234375,0.795729398727417,1013.471923828125,72.74528503417969,0.7633609175682068,874.5734252929688,438.52716064453125,0.9822580218315125,1019.56787109375,457.3681640625,0.9742831587791443,855.0093994140625,835.0064086914062,0.9854274392127991,1230.9913330078125,750.6597900390625,0.9809019565582275
868,28933,909.4253540039062,108.00370788574219,0.013241114094853401,908.011962890625,83.72726440429688,0.00963735580444336,901.1141967773438,96.591064453125,0.006328930612653494,924.3759155273438,70.55987548828125,0.011793287470936775,930.2706909179688,85.34280395507812,0.005798148922622204,925.3192749023438,9.104507446289062,0.023949790745973587,954.1534423828125,13.390365600585938,0.02344544604420662,896.7587280273438,62.84275817871094,0.11468540877103806,919.7962646484375,59.37098693847656,0.11677387356758118,890.102783203125,89.07719421386719,0.2666647434234619,880.1114501953125,72.00444030761719,0.2854883372783661,975.0772705078125,68.49192810058594,0.778651773929596,1007.9619750976562,72.62095642089844,0.7569335103034973,862.2865600585938,439.5887451171875,0.9742183089256287,1006.3170776367188,461.28125,0.9651748538017273,860.736328125,802.7634887695312,0.9779486656188965,1225.576171875,740.3089599609375,0.9725486040115356
869,28966,879.6926879882812,79.87923431396484,0.006199528928846121,881.8447875976562,54.63139343261719,0.005822166800498962,875.4765625,68.0818862915039,0.0026915976777672768,902.8547973632812,38.86944580078125,0.008225062862038612,897.8648681640625,61.559852600097656,0.002381275175139308,908.92919921875,0.0,0.010169191285967827,940.4826049804688,0.0,0.011366905644536018,919.20556640625,37.64076232910156,0.07604622840881348,921.553955078125,39.37513732910156,0.08658459037542343,904.819580078125,92.45361328125,0.20180045068264008,877.7553100585938,78.53388977050781,0.2189321517944336,972.8701782226562,64.42845153808594,0.7896293997764587,1002.5638427734375,63.61317443847656,0.7778586149215698,886.9028930664062,463.0354919433594,0.9788244962692261,973.0538330078125,468.71319580078125,0.9719488024711609,900.57666015625,846.87158203125,0.9812660813331604,1222.6602783203125,728.9741821289062,0.9767071008682251
870,29000,871.8541870117188,80.08101654052734,0.007001327816396952,874.9129028320312,60.25257110595703,0.006557626184076071,868.305419921875,74.12711334228516,0.002777588088065386,906.84033203125,42.03483581542969,0.009208966046571732,889.27734375,66.47341918945312,0.0022654556669294834,920.7096557617188,0.0,0.014375043101608753,919.0673217773438,0.0,0.0158791933208704,906.475341796875,34.94512939453125,0.11185824871063232,903.5857543945312,44.496551513671875,0.1232636347413063,887.182861328125,91.05986022949219,0.2584627866744995,867.5820922851562,87.19779968261719,0.2787354588508606,975.5259399414062,82.98866271972656,0.871649980545044,975.0677490234375,83.21566772460938,0.860203206539154,885.9356689453125,464.2020263671875,0.9857139587402344,939.0844116210938,481.5207824707031,0.9801614880561829,948.3817749023438,846.3511962890625,0.9865413904190063,1193.754638671875,721.7618408203125,0.9827017188072205
871,29033,869.2877807617188,87.57582092285156,0.005682133603841066,873.8526000976562,70.80077362060547,0.0059271762147545815,864.4072265625,82.71562957763672,0.002387539716437459,908.7127685546875,51.54949951171875,0.012594539672136307,877.2140502929688,72.90614318847656,0.0026348659303039312,930.8965454101562,10.449691772460938,0.01928970217704773,893.2080688476562,0.0,0.021192345768213272,913.4249877929688,46.14436340332031,0.1072779968380928,890.5482788085938,47.37986755371094,0.11938146501779556,883.1072387695312,82.51222229003906,0.18092794716358185,863.593017578125,75.33659362792969,0.19467799365520477,980.5657348632812,106.50169372558594,0.89714115858078,951.4127197265625,103.16981506347656,0.8906369209289551,899.9264526367188,489.6596374511719,0.9853750467300415,920.05029296875,489.6146240234375,0.9801332950592041,1001.3300170898438,847.3421630859375,0.9843689203262329,1157.9825439453125,712.2807006835938,0.981477677822113
872,29066,856.0490112304688,81.32949829101562,0.001696349703706801,862.5679931640625,61.54161071777344,0.002323133870959282,852.9050903320312,79.06095886230469,0.0008395790937356651,905.9238891601562,41.911834716796875,0.013500497676432133,867.1251220703125,74.13166809082031,0.0018668710254132748,928.7711791992188,9.654716491699219,0.010513896122574806,884.2802124023438,0.0,0.01921652816236019,896.9971313476562,46.14049530029297,0.039898581802845,895.3143310546875,43.633460998535156,0.09540636092424393,877.4454956054688,102.27935028076172,0.04500254616141319,862.5167236328125,90.85970306396484,0.09248694777488708,986.0467529296875,126.38690185546875,0.8673112392425537,937.1902465820312,120.6280746459961,0.8925009369850159,925.952880859375,509.5224914550781,0.9743334650993347,846.571533203125,473.4258728027344,0.9735713601112366,1047.0174560546875,848.3699340820312,0.9716227650642395,1119.28759765625,686.4713745117188,0.9734565615653992
873,29100,846.8076782226562,95.18550109863281,0.0012708983849734068,854.6577758789062,76.46525573730469,0.0016833478584885597,841.285400390625,91.91569519042969,0.0006512440158985555,898.9332275390625,54.528900146484375,0.013632210902869701,851.3075561523438,82.45985412597656,0.00201349682174623,936.2396850585938,17.24663543701172,0.012930972501635551,869.558349609375,0.0,0.024784106761217117,902.833740234375,50.82300567626953,0.04452962428331375,898.2803344726562,38.52593994140625,0.11856968700885773,879.83349609375,110.2181625366211,0.042400989681482315,864.788818359375,94.05379486083984,0.09445808082818985,986.2716064453125,129.71490478515625,0.8399513959884644,918.0154418945312,122.13038635253906,0.8773221373558044,938.302001953125,505.36151123046875,0.9517008066177368,830.0496826171875,463.41375732421875,0.9544250965118408,1069.21875,837.2037963867188,0.9330011606216431,1047.098876953125,704.918701171875,0.9425457119941711
874,29133,854.341552734375,98.15801239013672,0.0031906142830848694,858.4107666015625,76.7944107055664,0.003561572637408972,846.998291015625,90.38813781738281,0.0013827880611643195,899.4024047851562,56.71820068359375,0.013203572481870651,861.8487548828125,81.81092834472656,0.0021840939298272133,934.378662109375,22.642959594726562,0.017152655869722366,886.170654296875,7.59466552734375,0.02950955182313919,907.1814575195312,59.553131103515625,0.07273104786872864,912.3021240234375,50.291290283203125,0.15466688573360443,876.9169921875,117.29525756835938,0.0898304283618927,865.09521484375,95.817626953125,0.15545158088207245,990.7969360351562,118.10604858398438,0.9069560766220093,927.3766479492188,110.22834777832031,0.9259652495384216,976.90234375,498.80255126953125,0.9830254316329956,822.2127685546875,444.051025390625,0.982970118522644,1131.2408447265625,840.2581787109375,0.9800374507904053,998.0780639648438,736.119140625,0.9833409190177917
875,29166,855.448486328125,86.82772064208984,0.0019020386971533298,860.2044067382812,67.33721923828125,0.0024252659641206264,853.9786376953125,81.21144104003906,0.0011769611155614257,893.59228515625,50.59556579589844,0.01264610979706049,871.1848754882812,75.62381744384766,0.002902238629758358,921.2076416015625,15.559844970703125,0.011151677928864956,894.4288330078125,2.2935791015625,0.0218253992497921,881.1229858398438,53.862327575683594,0.031551849097013474,920.1216430664062,44.10589599609375,0.08946213126182556,874.125,109.9119873046875,0.027169683948159218,879.454345703125,95.28753662109375,0.06186153367161751,980.4094848632812,118.77360534667969,0.8620981574058533,923.8617553710938,116.3023681640625,0.8981510996818542,1004.7367553710938,482.0584716796875,0.9738121628761292,825.5517578125,439.490966796875,0.9769123792648315,1163.0648193359375,819.8319091796875,0.9734665751457214,930.1494140625,755.3370361328125,0.9790781140327454
876,29200,868.8900146484375,99.41777801513672,0.0038790684193372726,874.6856689453125,74.93206787109375,0.004730665124952793,860.9598999023438,85.44822692871094,0.0020119575783610344,913.3076171875,59.620697021484375,0.01216531079262495,872.7265014648438,77.47185516357422,0.0025951897259801626,938.9925537109375,30.010345458984375,0.013102388940751553,893.2086181640625,18.57110595703125,0.015234358608722687,898.6814575195312,75.64640808105469,0.04806946590542793,915.101806640625,66.38072204589844,0.06615710258483887,875.9652709960938,114.986572265625,0.05533713102340698,876.476318359375,86.29536437988281,0.06483611464500427,988.636962890625,80.89915466308594,0.8410796523094177,920.9712524414062,80.24665832519531,0.8518978357315063,1008.1304321289062,470.9465637207031,0.9771544337272644,838.5979614257812,442.6878662109375,0.9750001430511475,1208.173828125,798.7252807617188,0.9792695641517639,880.8629760742188,798.4520874023438,0.9809433817863464
877,29233,900.9544067382812,93.22547149658203,0.004402237944304943,904.404296875,72.93537139892578,0.005213308148086071,891.2481689453125,82.40602111816406,0.0026180546265095472,931.6102905273438,58.440399169921875,0.009798336774110794,893.7296142578125,74.68860626220703,0.0027122057508677244,936.7127075195312,37.035369873046875,0.011112225241959095,915.6245727539062,20.962692260742188,0.008280081674456596,881.4519653320312,93.84017944335938,0.04474722594022751,913.1074829101562,90.62823486328125,0.03591048717498779,839.8863525390625,125.66560363769531,0.05453725904226303,860.4345703125,136.35836791992188,0.045195091515779495,983.1033325195312,81.72514343261719,0.796602189540863,930.5177001953125,76.43179321289062,0.771816074848175,1005.2477416992188,466.7703857421875,0.9755417108535767,861.7405395507812,447.4486999511719,0.9683827757835388,1228.49072265625,773.8702392578125,0.982477605342865,864.6607055664062,800.4570922851562,0.9805919528007507
878,29266,857.9194946289062,100.57024383544922,0.005213983356952667,861.7780151367188,76.82936096191406,0.00632701488211751,848.60400390625,87.8697280883789,0.0026603215374052525,895.4588012695312,62.237274169921875,0.008075459860265255,858.0333862304688,81.64549255371094,0.0018153050914406776,915.4802856445312,26.444549560546875,0.007000357378274202,882.1231079101562,20.417266845703125,0.006975930649787188,858.5278930664062,60.812347412109375,0.0451248437166214,896.7845458984375,66.65803527832031,0.047744400799274445,788.0623168945312,114.7518310546875,0.08092871308326721,845.2201538085938,87.48106384277344,0.0805613249540329,972.3546752929688,61.77836608886719,0.7796943187713623,914.546630859375,68.34974670410156,0.776515007019043,971.7303466796875,463.435546875,0.9766254425048828,857.808837890625,459.10540771484375,0.9721742868423462,1235.334228515625,754.416015625,0.9833956956863403,894.8228759765625,808.257568359375,0.9827169179916382
879,29300,846.2261352539062,97.38468933105469,0.005049786530435085,848.33740234375,77.8721694946289,0.005308510269969702,839.0726318359375,87.84013366699219,0.0024321319069713354,879.3593139648438,61.82286071777344,0.006515130866318941,860.05517578125,77.17185974121094,0.0016512539004907012,886.937255859375,12.891082763671875,0.006227489560842514,905.0355834960938,0.2906341552734375,0.008567964658141136,839.16748046875,41.37144470214844,0.05112338438630104,909.9456176757812,48.29237365722656,0.07993563264608383,764.3493041992188,124.35214233398438,0.10654938220977783,853.4458618164062,90.0186767578125,0.14753703773021698,961.80029296875,63.67323303222656,0.807849109172821,943.1043701171875,68.87049865722656,0.827150821685791,941.6611328125,473.2557678222656,0.9781766533851624,885.2532348632812,475.9928283691406,0.9781985282897949,1226.3807373046875,734.2194213867188,0.9840736389160156,930.9631958007812,825.6194458007812,0.9846040606498718
880,29333,852.706298828125,88.357177734375,0.002388057531788945,853.0946044921875,70.69949340820312,0.0029669771902263165,848.5145874023438,83.31660461425781,0.0015101302415132523,874.5068359375,54.28742980957031,0.010101771913468838,871.6554565429688,75.25877380371094,0.0026650994550436735,871.1876220703125,13.845634460449219,0.007928134873509407,923.6521606445312,0.0,0.013376206159591675,853.0294189453125,45.29132080078125,0.028937585651874542,891.7050170898438,43.248802185058594,0.06674300134181976,851.5453491210938,118.26402282714844,0.031107693910598755,853.6381225585938,90.15433502197266,0.06317555159330368,954.5790405273438,86.63941955566406,0.8161211609840393,971.6537475585938,91.568115234375,0.8507754802703857,913.1950073242188,476.228515625,0.9682123064994812,901.67431640625,486.1322937011719,0.9734076261520386,1182.3992919921875,714.54541015625,0.9760955572128296,969.6564331054688,830.3699951171875,0.9779207110404968
881,29366,850.28125,88.41680145263672,0.0022723337169736624,849.0267944335938,73.23603057861328,0.0025360193103551865,847.3350830078125,87.028564453125,0.001400248846039176,869.6873168945312,56.276092529296875,0.00997247640043497,881.2379150390625,78.5746078491211,0.002999982563778758,866.2078857421875,15.53631591796875,0.009504611603915691,952.6906127929688,0.0,0.020283229649066925,865.0911865234375,39.66444396972656,0.034604188054800034,907.56005859375,39.27745056152344,0.10591065138578415,870.173828125,97.55172729492188,0.03759674355387688,861.9230346679688,79.66598510742188,0.09726203978061676,945.2310791015625,106.59059143066406,0.8465211987495422,993.5676879882812,105.82470703125,0.8880023956298828,873.1026000976562,477.83111572265625,0.9698753356933594,902.5054321289062,482.7629699707031,0.9777190089225769,1135.577392578125,709.2872924804688,0.9767618775367737,1001.2760009765625,822.6959838867188,0.9798545241355896
882,29400,835.4053955078125,102.12446594238281,0.0021210003178566694,836.001708984375,85.23275756835938,0.0024179527536034584,833.3875732421875,102.46495056152344,0.0011467158328741789,863.7940673828125,62.97303771972656,0.014270659536123276,872.20458984375,90.18626403808594,0.00335102342069149,862.6047973632812,15.944915771484375,0.01629648357629776,948.4037475585938,0.0,0.028034884482622147,843.4277954101562,38.84417724609375,0.05583235248923302,902.7515869140625,40.216575622558594,0.11847667396068573,807.5498657226562,101.527587890625,0.0555616095662117,859.0008544921875,81.82374572753906,0.10759066045284271,951.6318969726562,100.82926940917969,0.8336890935897827,1008.6560668945312,98.09280395507812,0.8653053045272827,852.28955078125,471.10107421875,0.9569191932678223,934.0362548828125,480.1506042480469,0.9616281390190125,1083.04833984375,758.0760498046875,0.9514557719230652,1047.140625,779.6424560546875,0.954472005367279
883,29433,833.6849365234375,96.17168426513672,0.002241394715383649,834.8765869140625,78.12876892089844,0.002708940766751766,832.3013916015625,96.1358871459961,0.0012000106507912278,869.175537109375,58.876556396484375,0.013760408386588097,880.2631225585938,86.67375183105469,0.0031195455230772495,872.392333984375,16.804367065429688,0.014525104314088821,960.8426513671875,0.8271560668945312,0.020239034667611122,863.9617919921875,41.25846862792969,0.04891902580857277,912.09375,39.98822021484375,0.08316607028245926,855.8062744140625,100.94098663330078,0.05413960665464401,859.5507202148438,86.49412536621094,0.08487708866596222,952.948974609375,104.11001586914062,0.8592849969863892,1022.4041748046875,98.6905517578125,0.8768606781959534,818.0603637695312,464.08148193359375,0.9753538966178894,958.8301391601562,474.1883544921875,0.9771708250045776,1026.429931640625,772.9088745117188,0.978165328502655,1101.6903076171875,815.9448852539062,0.9784486293792725
884,29466,850.6030883789062,92.24830627441406,0.004041492473334074,849.2327880859375,71.39440155029297,0.004384723491966724,845.8770141601562,88.44877624511719,0.0019328640773892403,882.2432250976562,54.789825439453125,0.012465105392038822,891.3164672851562,83.36073303222656,0.003191611962392926,893.44873046875,19.660629272460938,0.01490960456430912,956.6995849609375,16.091583251953125,0.016482770442962646,879.85693359375,50.05155944824219,0.05828678980469704,907.9024658203125,56.087310791015625,0.06957756727933884,866.8764038085938,95.21759033203125,0.09224633872509003,852.5989379882812,80.291748046875,0.10660727322101593,960.6268310546875,78.01560974121094,0.8208943009376526,1020.176513671875,77.84092712402344,0.8183794021606445,814.3004760742188,433.6446838378906,0.9784374237060547,984.2628173828125,471.162353515625,0.9753018021583557,946.2493896484375,813.9495849609375,0.9836961030960083,1149.4068603515625,817.7537841796875,0.9807284474372864
885,29500,852.0126953125,88.56033325195312,0.002963465638458729,849.8568115234375,66.331787109375,0.002926550805568695,855.0137329101562,83.4605941772461,0.0015123074408620596,872.3536376953125,49.79951477050781,0.008294151164591312,905.49462890625,78.64498901367188,0.002543897135183215,875.0021362304688,10.343193054199219,0.007541970815509558,982.3517456054688,3.2894668579101562,0.014656979590654373,868.317626953125,49.61192321777344,0.039676837623119354,943.4578857421875,51.79840850830078,0.10341139882802963,884.138916015625,99.3599624633789,0.08802036195993423,870.9327392578125,80.35377502441406,0.1872434914112091,950.9738159179688,81.48532104492188,0.7934593558311462,1036.8935546875,78.61454772949219,0.832432746887207,839.8462524414062,442.6976623535156,0.9780578017234802,990.3878173828125,453.8028259277344,0.9801310300827026,854.1339111328125,820.4727172851562,0.9817754030227661,1182.0718994140625,782.5850830078125,0.9816980361938477
886,29533,872.5338134765625,85.0850601196289,0.0038388660177588463,874.6715698242188,60.96748352050781,0.003989404998719692,867.26611328125,71.90595245361328,0.001680066459812224,900.6907348632812,46.18084716796875,0.00873933918774128,896.04052734375,65.02450561523438,0.0021168533712625504,912.8646240234375,13.89697265625,0.010066622868180275,940.1611328125,10.456695556640625,0.00933795515447855,903.1966552734375,57.15348815917969,0.057989392429590225,912.7827758789062,54.992889404296875,0.05757898837327957,900.962646484375,103.53204345703125,0.13185372948646545,866.4345703125,76.353515625,0.13081271946430206,965.1815185546875,63.17115783691406,0.790807843208313,1001.5360107421875,62.44477844238281,0.7691461443901062,851.8287963867188,444.6852111816406,0.9808535575866699,994.453857421875,458.8876037597656,0.9744035601615906,817.4436645507812,833.7291870117188,0.984421968460083,1204.9083251953125,766.3167724609375,0.980189859867096
887,29566,870.8226928710938,80.09385681152344,0.0031103608198463917,872.568115234375,54.959014892578125,0.003466073889285326,868.3846435546875,70.17141723632812,0.0014616233529523015,895.1350708007812,42.56151580810547,0.006635905243456364,895.575439453125,70.29391479492188,0.0015678222989663482,901.5689086914062,4.09808349609375,0.005304624326527119,944.0812377929688,0.0,0.006263271905481815,884.705078125,45.76091766357422,0.040513116866350174,910.2750244140625,46.56621551513672,0.056321464478969574,891.1607666015625,94.60018157958984,0.113087959587574,859.0889892578125,79.13525390625,0.1523197591304779,966.6170654296875,60.88407897949219,0.7333706021308899,1007.6921997070312,62.37652587890625,0.7299979329109192,852.2059936523438,439.1847839355469,0.9760704636573792,970.0048828125,453.7592468261719,0.9711043238639832,810.9410400390625,821.601806640625,0.9816379547119141,1215.2586669921875,752.2684936523438,0.9771380424499512
888,29600,856.9231567382812,86.69693756103516,0.005751546937972307,857.83837890625,63.766571044921875,0.005632991436868906,851.7794189453125,77.64459228515625,0.0022479507606476545,885.4028930664062,48.777923583984375,0.007897601462900639,879.1104736328125,73.24310302734375,0.001813070266507566,896.5980834960938,1.83837890625,0.010420240461826324,920.691650390625,0.0,0.009654178284108639,881.0897827148438,35.38471984863281,0.08901801705360413,897.7701416015625,40.9368896484375,0.0846376046538353,880.4568481445312,77.14558410644531,0.23861028254032135,855.5343627929688,65.47833251953125,0.23827587068080902,969.4583129882812,61.17942810058594,0.8144374489784241,993.99462890625,63.54496765136719,0.7886664271354675,853.6109619140625,439.9558410644531,0.9829190969467163,953.9082641601562,462.1503601074219,0.9755750894546509,837.5247802734375,820.963134765625,0.9859092831611633,1200.555908203125,731.103515625,0.9809017777442932
889,29633,861.0272827148438,90.93937683105469,0.0053241439163684845,860.2254638671875,67.49125671386719,0.00537432124838233,857.9720458984375,84.25726318359375,0.002046558540314436,886.0534057617188,48.519287109375,0.0077980817295610905,885.472412109375,79.4989013671875,0.0015932657988741994,892.311767578125,1.014404296875,0.009876931086182594,926.591552734375,0.0,0.00952429324388504,882.1981811523438,36.157928466796875,0.09191899746656418,907.984130859375,45.09361267089844,0.09021639078855515,871.4566650390625,77.10919189453125,0.2428451031446457,852.3262939453125,68.91860961914062,0.2486095130443573,954.460693359375,66.29658508300781,0.818612277507782,978.1296997070312,69.34208679199219,0.7932114005088806,866.236083984375,451.3514404296875,0.9823931455612183,930.49755859375,475.0107727050781,0.9741483926773071,894.4797973632812,844.25244140625,0.9849993586540222,1182.520751953125,721.5353393554688,0.9794923067092896
890,29666,860.8590087890625,94.54257202148438,0.005657549947500229,865.0455932617188,75.32544708251953,0.005862233228981495,856.1424560546875,89.18685150146484,0.0025374407414346933,895.9627685546875,54.525970458984375,0.009109443053603172,867.7674560546875,80.02210235595703,0.0022137295454740524,914.443359375,7.4672698974609375,0.01112847588956356,888.185546875,0.0,0.013227083720266819,902.8204345703125,52.732177734375,0.07478536665439606,891.6152954101562,51.944000244140625,0.09584888815879822,864.0921630859375,84.86878967285156,0.1617041379213333,851.5994262695312,71.83767700195312,0.20128189027309418,965.931884765625,89.78562927246094,0.835381269454956,945.8170776367188,91.42840576171875,0.8294126987457275,867.81005859375,468.14044189453125,0.9813334345817566,907.4833374023438,491.4551086425781,0.9750009775161743,938.1981811523438,849.447021484375,0.9839419722557068,1149.1942138671875,715.478759765625,0.979870080947876
891,29700,843.8349609375,87.21441650390625,0.0026623783633112907,849.7051391601562,69.20267486572266,0.0031542400829494,840.287841796875,85.99905395507812,0.001276095979847014,884.7411499023438,47.387168884277344,0.009796352125704288,850.48828125,77.97898864746094,0.0018674760358408093,902.5147705078125,5.687713623046875,0.010717473924160004,869.3303833007812,0.0,0.014652401208877563,867.05419921875,40.133331298828125,0.06369870901107788,864.8765869140625,37.46305847167969,0.10211646556854248,842.9191284179688,93.17900848388672,0.10198993980884552,838.0609741210938,88.817138671875,0.15536698698997498,968.9286499023438,119.9542236328125,0.8846926689147949,933.5848999023438,116.11940002441406,0.8916323184967041,880.0836791992188,494.9403076171875,0.9827471971511841,858.613037109375,474.192626953125,0.9794050455093384,990.7007446289062,842.7877807617188,0.9824674725532532,1116.559326171875,693.8294677734375,0.9812136888504028
892,29733,841.5236206054688,90.1911392211914,0.0029641755390912294,848.215576171875,70.61949920654297,0.003755001351237297,831.9651489257812,85.20318603515625,0.0012189175467938185,896.1325073242188,49.407257080078125,0.014740029349923134,838.9595947265625,77.52971649169922,0.0018487946363165975,927.8363037109375,11.994049072265625,0.017809877172112465,852.4713134765625,0.0,0.02251005917787552,883.6790771484375,43.522979736328125,0.07962916046380997,860.5482788085938,46.152557373046875,0.11718431115150452,846.0003662109375,111.23382568359375,0.09970071166753769,834.0870361328125,92.37226867675781,0.13947264850139618,979.440673828125,117.95521545410156,0.8971132040023804,907.6703491210938,111.95475769042969,0.901012659072876,910.1055908203125,501.9509582519531,0.9797824025154114,802.6278686523438,474.1978454589844,0.9746652841567993,1026.7755126953125,838.1068725585938,0.977607786655426,1067.5582275390625,678.6170654296875,0.9762237668037415
893,29766,836.7324829101562,98.6041030883789,0.0024859949480742216,842.2079467773438,78.32132720947266,0.0028899339959025383,827.4596557617188,92.73653411865234,0.0009815776720643044,885.0186767578125,56.371673583984375,0.01175268366932869,837.2092895507812,82.94652557373047,0.0016133768949657679,915.4069213867188,16.0162353515625,0.019068310037255287,858.3804931640625,0.0,0.02085799165070057,875.533447265625,49.155120849609375,0.10882987827062607,869.7308349609375,38.18028259277344,0.13303562998771667,844.0005493164062,108.15618896484375,0.14031890034675598,831.6246337890625,96.51571655273438,0.16165685653686523,977.4782104492188,122.13638305664062,0.9024798274040222,909.1718139648438,111.25497436523438,0.9035518765449524,940.9021606445312,510.9085693359375,0.9788764715194702,788.1434936523438,448.73345947265625,0.9737154245376587,1075.8359375,836.8216552734375,0.9724597334861755,1007.4481201171875,712.0836791992188,0.9729257822036743
