frame,timestamp_ms,nose_x,nose_y,nose_conf,left_eye_x,left_eye_y,left_eye_conf,right_eye_x,right_eye_y,right_eye_conf,left_ear_x,left_ear_y,left_ear_conf,right_ear_x,right_ear_y,right_ear_conf,left_shoulder_x,left_shoulder_y,left_shoulder_conf,right_shoulder_x,right_shoulder_y,right_shoulder_conf,left_elbow_x,left_elbow_y,left_elbow_conf,right_elbow_x,right_elbow_y,right_elbow_conf,left_wrist_x,left_wrist_y,left_wrist_conf,right_wrist_x,right_wrist_y,right_wrist_conf,left_hip_x,left_hip_y,left_hip_conf,right_hip_x,right_hip_y,right_hip_conf,left_knee_x,left_knee_y,left_knee_conf,right_knee_x,right_knee_y,right_knee_conf,left_ankle_x,left_ankle_y,left_ankle_conf,right_ankle_x,right_ankle_y,right_ankle_conf
0,0,854.4032592773438,78.57655334472656,0.003939385060220957,856.6907958984375,61.95176696777344,0.004286878742277622,849.659423828125,74.03471374511719,0.002215930027887225,882.40283203125,47.55271911621094,0.007370518986135721,864.176513671875,68.79716491699219,0.0020701144821941853,889.0807495117188,9.695640563964844,0.006652288604527712,899.6126098632812,0.0,0.011694805696606636,869.7664184570312,42.21977233886719,0.04023861140012741,888.6980590820312,41.007110595703125,0.09223974496126175,864.5432739257812,97.6636734008789,0.0652422159910202,850.164794921875,79.81246948242188,0.12331840395927429,957.4378662109375,91.92242431640625,0.8228756189346313,937.6106567382812,98.86001586914062,0.8573863506317139,931.0746459960938,488.9253234863281,0.971886157989502,879.2957763671875,488.08795166015625,0.975821316242218,1242.5032958984375,719.92529296875,0.9762638807296753,950.3016357421875,827.441162109375,0.9787755012512207
1,33,823.0919189453125,65.53024291992188,0.004229554440826178,827.7034301757812,50.654823303222656,0.00436621718108654,818.1222534179688,64.39164733886719,0.0023472176399081945,862.884765625,35.628753662109375,0.011744040995836258,842.6861572265625,58.9039306640625,0.003600605996325612,874.9144287109375,5.626029968261719,0.017178745940327644,894.6884765625,0.0,0.02500314451754093,845.0096435546875,29.318161010742188,0.0678517073392868,882.9541625976562,32.55491638183594,0.12375892698764801,839.2516479492188,53.598358154296875,0.0727800577878952,843.529541015625,75.80413055419922,0.12422814965248108,948.3007202148438,117.07164001464844,0.9017660021781921,942.5050048828125,122.30172729492188,0.9161383509635925,898.5260620117188,493.802978515625,0.9785708785057068,893.5481567382812,506.9596252441406,0.9810453653335571,1197.560302734375,708.6156616210938,0.9801607728004456,990.3162231445312,833.6539306640625,0.9810028076171875
2,66,791.3181762695312,47.85498046875,0.05223682522773743,790.0029296875,28.374755859375,0.06388451159000397,788.0000610351562,44.28025817871094,0.01899196207523346,826.8035888671875,9.148475646972656,0.13247954845428467,849.2415771484375,36.17578125,0.015421336516737938,839.019287109375,4.2399444580078125,0.15938717126846313,951.2642822265625,0.0,0.14736142754554749,819.9036254882812,32.82279968261719,0.19097398221492767,921.89208984375,43.727142333984375,0.19162899255752563,821.2166748046875,45.92376708984375,0.1479327529668808,845.75244140625,65.25787353515625,0.15435338020324707,949.7952270507812,128.97218322753906,0.9413484334945679,1017.835205078125,126.06694793701172,0.9398593902587891,860.9064331054688,493.5095520019531,0.9844017624855042,916.7298583984375,493.551025390625,0.9838923215866089,1127.9378662109375,706.0286865234375,0.9817766547203064,1010.3148803710938,817.727783203125,0.9811251163482666
3,100,761.8992919921875,35.24713897705078,0.005950938910245895,767.3485107421875,19.092567443847656,0.00706873694434762,763.576171875,37.46424865722656,0.002308864379301667,818.8824462890625,14.626716613769531,0.03637077286839485,827.4217529296875,41.05998229980469,0.00588992889970541,835.9153442382812,0.0,0.09587077051401138,916.1262817382812,0.0,0.03783122077584267,791.073486328125,11.810989379882812,0.24134261906147003,860.0274047851562,22.076934814453125,0.08118093758821487,801.1754760742188,7.8208465576171875,0.18719056248664856,817.2050170898438,15.863983154296875,0.0762760117650032,957.3272094726562,114.4976806640625,0.9243715405464172,1011.0472412109375,111.36964416503906,0.8825837969779968,846.521484375,479.5845642089844,0.9785568118095398,949.1234130859375,483.649658203125,0.9636490345001221,1088.419189453125,760.5562133789062,0.9673927426338196,1070.2745361328125,789.1717529296875,0.9549427032470703
4,133,832.887451171875,88.53392028808594,0.0016211027977988124,832.790771484375,71.8374252319336,0.0021018702536821365,834.2247314453125,88.51116943359375,0.0009829364717006683,860.7997436523438,54.272438049316406,0.017995387315750122,884.3641357421875,79.4480209350586,0.004122208338230848,863.2928466796875,14.877204895019531,0.016208525747060776,961.4556884765625,0.8725662231445312,0.02442280575633049,849.9188232421875,48.627342224121094,0.03364461287856102,937.1806640625,47.324134826660156,0.06630510091781616,862.7949829101562,112.45763397216797,0.02631407417356968,873.60498046875,95.99432373046875,0.04650447517633438,943.9046630859375,99.98771667480469,0.8631758689880371,1019.4474487304688,96.00723266601562,0.8863098621368408,830.7927856445312,467.8098449707031,0.974918782711029,987.7327880859375,480.56683349609375,0.9782076478004456,1028.8006591796875,782.4146118164062,0.9776673913002014,1127.7686767578125,822.2759399414062,0.9790826439857483
5,166,852.44091796875,83.8388442993164,0.00403598602861166,847.661376953125,64.41563415527344,0.0038761417381465435,852.6742553710938,79.61773681640625,0.00183269870467484,870.1610107421875,48.47845458984375,0.0115997064858675,907.8633422851562,72.18791198730469,0.003286560997366905,874.6480102539062,13.899627685546875,0.016272559762001038,983.42431640625,7.2577056884765625,0.019731702283024788,875.2174682617188,52.217926025390625,0.07226556539535522,945.2631225585938,52.39251708984375,0.09417133033275604,881.8595581054688,92.674072265625,0.12394415587186813,870.5107421875,68.50044250488281,0.1490049958229065,947.5931396484375,80.55253601074219,0.8453755974769592,1036.8302001953125,78.23272705078125,0.8482241630554199,835.7495727539062,441.5672607421875,0.981600284576416,1015.2858276367188,470.7198486328125,0.9796507358551025,957.2722778320312,817.06005859375,0.98433518409729,1171.831787109375,808.2847290039062,0.9823235273361206
6,200,855.9439086914062,77.0577392578125,0.003162879031151533,855.0611572265625,55.820228576660156,0.0031228438019752502,857.4800415039062,72.17232513427734,0.0015259265201166272,874.5755004882812,39.09894561767578,0.00808283407241106,900.7364501953125,65.89851379394531,0.002225123345851898,871.49658203125,0.0,0.007508470211178064,971.5572509765625,0.0,0.012101844884455204,863.3244018554688,42.513336181640625,0.045728929340839386,924.9356689453125,41.89329528808594,0.09101986140012741,887.056640625,94.92267608642578,0.10938787460327148,868.9882202148438,77.51836395263672,0.18281958997249603,945.5267944335938,70.16793823242188,0.7951413989067078,1030.7589111328125,67.3055419921875,0.8206154108047485,848.2274780273438,443.9991760253906,0.9790235757827759,1024.4920654296875,450.6625671386719,0.9795420169830322,882.5303344726562,819.5442504882812,0.9811961650848389,1207.8607177734375,780.591796875,0.9807963371276855
7,233,904.8148193359375,91.3447036743164,0.004976774100214243,904.3272094726562,69.5830307006836,0.00426144665107131,899.3926391601562,79.40215301513672,0.002326056594029069,919.8279418945312,55.584869384765625,0.006630805786699057,924.9229125976562,71.22466278076172,0.002206225413829088,914.381103515625,14.512252807617188,0.009045778773725033,961.1812133789062,9.611526489257812,0.009076979011297226,888.1414184570312,56.101409912109375,0.06634519249200821,914.41796875,46.458343505859375,0.07568630576133728,878.3842163085938,78.86361694335938,0.18462322652339935,855.076171875,60.29154968261719,0.21704287827014923,962.4343872070312,66.47479248046875,0.7965996861457825,1010.8286743164062,66.69410705566406,0.7793770432472229,864.3980712890625,440.5575256347656,0.9829021692276001,1035.927490234375,454.19561767578125,0.9772416353225708,843.7680053710938,831.8386840820312,0.9852853417396545,1224.3779296875,755.1923828125,0.9822518825531006
8,266,900.665283203125,96.34661865234375,0.005450166296213865,899.1017456054688,73.44648742675781,0.004577714949846268,895.3057861328125,84.21741485595703,0.002365119056776166,914.0278930664062,59.16783142089844,0.0054953694343566895,920.798583984375,77.10740661621094,0.0017329462571069598,908.3229370117188,13.589218139648438,0.007564371917396784,957.0604858398438,9.908798217773438,0.007172686979174614,882.5051879882812,49.24159240722656,0.07566864043474197,916.4645385742188,48.6163330078125,0.07950271666049957,875.9506225585938,81.73164367675781,0.2493780553340912,857.4993896484375,77.85237121582031,0.27875202894210815,964.2416381835938,63.684356689453125,0.7887663245201111,1009.9292602539062,65.16279602050781,0.763066828250885,867.9719848632812,440.8304748535156,0.9836761355400085,1019.9188842773438,454.48590087890625,0.9769638180732727,842.9236450195312,834.2096557617188,0.9862723350524902,1233.9942626953125,742.5830078125,0.9826139807701111
9,300,916.4462280273438,89.0606689453125,0.007148807402700186,920.84765625,57.90037536621094,0.006107218563556671,906.1135864257812,72.22123718261719,0.003927116747945547,932.2998657226562,43.665252685546875,0.00880399439483881,907.7508544921875,69.98213195800781,0.003394998610019684,920.3516235351562,0.0,0.011257901787757874,930.904052734375,0.0,0.011337149888277054,891.4887084960938,53.07872772216797,0.060154061764478683,885.7144775390625,42.11125946044922,0.08058346062898636,872.1773071289062,90.74658966064453,0.14876466989517212,847.4603271484375,66.849609375,0.22708623111248016,970.176513671875,78.03080749511719,0.7678617238998413,991.511962890625,87.6046142578125,0.7546294331550598,851.70263671875,435.35113525390625,0.9735689759254456,989.84033203125,455.2079772949219,0.9655088186264038,867.5101928710938,816.6022338867188,0.9736193418502808,1240.516845703125,725.528564453125,0.9687594175338745
10,333,871.5978393554688,80.83696746826172,0.004949432332068682,872.6376953125,58.005523681640625,0.005252045579254627,868.8094482421875,70.62144470214844,0.002179418457672,893.2577514648438,44.009124755859375,0.010419129393994808,893.5192260742188,65.53564453125,0.002369743073359132,892.7611083984375,0.5852508544921875,0.010762476362287998,932.8677978515625,0.0,0.011337470263242722,880.4212646484375,43.59965515136719,0.06368596851825714,913.1956787109375,45.21327209472656,0.0678202360868454,876.8467407226562,88.10536193847656,0.14096137881278992,863.5157470703125,71.69013977050781,0.14766721427440643,962.61474609375,63.83711242675781,0.804110050201416,996.6262817382812,62.72200012207031,0.7893476486206055,874.8365478515625,465.8872375488281,0.981200635433197,973.9209594726562,469.40533447265625,0.9740864038467407,899.9447021484375,856.3477172851562,0.9834129810333252,1230.330322265625,718.6243286132812,0.9793705940246582
11,366,863.5609130859375,77.5624008178711,0.004388241097331047,866.326904296875,57.48262023925781,0.004757605958729982,862.5662841796875,70.5970230102539,0.0018209826666861773,894.929443359375,39.08990478515625,0.010676538571715355,887.5037841796875,61.49022674560547,0.0020194549579173326,902.4437255859375,0.0,0.011999078094959259,917.5001220703125,0.0,0.013795682229101658,889.4306640625,47.13670349121094,0.07255136221647263,907.4000854492188,45.806488037109375,0.08722097426652908,872.414306640625,97.52055358886719,0.14372357726097107,861.9111938476562,83.46839904785156,0.16834843158721924,961.128662109375,86.76100158691406,0.8528783917427063,972.5204467773438,86.75262451171875,0.8455147743225098,879.1307373046875,469.3292541503906,0.9838694930076599,945.4887084960938,485.9577941894531,0.9782553315162659,939.6375732421875,856.6959228515625,0.9856422543525696,1206.9423828125,715.2526245117188,0.9821526408195496
12,400,839.2377319335938,74.74113464355469,0.0020512500777840614,841.830322265625,57.92994689941406,0.0025428931694477797,840.9523315429688,73.13475036621094,0.0009881402365863323,871.1376342773438,38.58888244628906,0.012742074206471443,869.9708862304688,64.58695220947266,0.002168108709156513,880.515625,0.2505340576171875,0.01252152118831873,909.4973754882812,0.0,0.018015660345554352,853.2403564453125,41.55757141113281,0.05387398973107338,902.2743530273438,42.218353271484375,0.09282516688108444,861.9060668945312,101.35826110839844,0.06910531967878342,856.4388427734375,95.42896270751953,0.11232537031173706,962.09912109375,112.93217468261719,0.8917669057846069,973.8019409179688,109.35140991210938,0.9009677767753601,891.6857299804688,491.1453552246094,0.9840452671051025,925.2616577148438,482.3841247558594,0.9815667867660522,986.1044311523438,848.625,0.9835278987884521,1169.9754638671875,696.1602783203125,0.9824591875076294
13,433,823.5078735351562,64.18952178955078,0.004495359491556883,826.6206665039062,44.214385986328125,0.004651180934160948,824.6632690429688,62.21417999267578,0.0018778559751808643,855.8461303710938,28.409591674804688,0.013682352378964424,853.1876831054688,60.12751007080078,0.002721364377066493,862.8023681640625,0.0,0.03197803720831871,896.9286499023438,0.0,0.01982828974723816,811.6668090820312,31.59832763671875,0.18496190011501312,842.0015258789062,37.714874267578125,0.11515673249959946,797.31005859375,17.906112670898438,0.25392138957977295,790.4014892578125,15.6185302734375,0.20824512839317322,976.8409423828125,125.17607116699219,0.9316242337226868,981.8363037109375,125.35855865478516,0.9068458676338196,899.3260498046875,497.6271057128906,0.9885632991790771,881.6553955078125,480.0649108886719,0.9801926016807556,1044.627197265625,851.8623046875,0.984872579574585,1144.6920166015625,698.2280883789062,0.9797001481056213
14,466,810.744140625,65.93293762207031,0.029146146029233932,812.2139892578125,43.929290771484375,0.04398801922798157,809.1366577148438,61.543212890625,0.008454452268779278,854.794921875,25.171966552734375,0.10135123878717422,847.2337646484375,58.41382598876953,0.005112717393785715,882.9226684570312,12.375457763671875,0.07109075039625168,906.3180541992188,2.9857406616210938,0.07689502090215683,864.8963623046875,40.660491943359375,0.1416458636522293,915.9281616210938,46.22465515136719,0.17111995816230774,853.469482421875,79.41517639160156,0.16583161056041718,849.4339599609375,75.0596694946289,0.19627119600772858,984.1550903320312,126.21377563476562,0.8881832361221313,978.7951049804688,122.14329528808594,0.8896596431732178,932.4562377929688,501.1040954589844,0.974587082862854,863.9192504882812,463.95849609375,0.9689993262290955,1064.8255615234375,833.7821044921875,0.9632323980331421,1101.1553955078125,699.9556274414062,0.962378203868866
15,500,819.9690551757812,42.202606201171875,0.1226612851023674,820.52490234375,16.82073211669922,0.17381048202514648,814.8951416015625,35.81245422363281,0.04038174822926521,858.8252563476562,0.0,0.22699034214019775,841.8936767578125,35.977569580078125,0.013516372069716454,897.9111938476562,7.883583068847656,0.1842196136713028,895.6879272460938,3.9236526489257812,0.15655963122844696,885.7933959960938,55.98094940185547,0.1885984092950821,907.8805541992188,50.926551818847656,0.19739533960819244,853.7096557617188,106.77996826171875,0.18047891557216644,856.187255859375,92.59037017822266,0.20895573496818542,988.0508422851562,132.82078552246094,0.920785665512085,953.7781372070312,130.4527587890625,0.9148081541061401,992.521240234375,493.6483154296875,0.9811520576477051,837.7198486328125,451.8518371582031,0.9760701060295105,1140.204345703125,830.9210815429688,0.9731510877609253,1036.8218994140625,711.07080078125,0.9726899862289429
16,533,837.2781982421875,78.16424560546875,0.001964644528925419,842.6944580078125,54.1270751953125,0.0027335472404956818,832.9766845703125,70.19192504882812,0.001048751873895526,882.6044921875,38.263092041015625,0.014440649189054966,847.7440795898438,68.40774536132812,0.0022105679381638765,917.2666625976562,8.589385986328125,0.0115757305175066,865.4192504882812,1.411468505859375,0.01941240206360817,877.1445922851562,50.279090881347656,0.03465237841010094,884.7330322265625,51.95603942871094,0.07918653637170792,864.6577758789062,111.84580993652344,0.030990274623036385,837.4585571289062,119.4898452758789,0.06093546375632286,993.465087890625,102.99348449707031,0.8683950304985046,922.62451171875,104.57208251953125,0.8952871561050415,1025.0518798828125,483.3879089355469,0.975947916507721,832.91748046875,442.768798828125,0.97679203748703,1178.177001953125,838.8433227539062,0.9737489819526672,994.5469360351562,753.1187133789062,0.9782237410545349
17,566,860.6744995117188,83.48018646240234,0.0024342488031834364,864.9180908203125,60.60468292236328,0.0029476394411176443,856.4652099609375,73.89127349853516,0.0014908298617228866,894.4180908203125,45.302398681640625,0.010448053479194641,865.3453369140625,70.26846313476562,0.002686850493773818,918.8602294921875,12.9378662109375,0.008732636459171772,884.0462646484375,3.1425704956054688,0.01809229888021946,887.6975708007812,56.15391540527344,0.029174301773309708,921.8262329101562,43.09485626220703,0.08722373098134995,880.8409423828125,106.25825500488281,0.03044295310974121,879.1864013671875,88.12106323242188,0.07197406142950058,992.5421142578125,90.74043273925781,0.8222419619560242,926.076416015625,94.58143615722656,0.8697652220726013,1047.021484375,467.1683654785156,0.9683683514595032,835.5791015625,435.038818359375,0.9725865721702576,1223.0213623046875,808.685302734375,0.9681186676025391,926.8635864257812,756.1133422851562,0.975196361541748
18,600,916.0031127929688,84.6335220336914,0.010151682421565056,917.5435791015625,63.91761016845703,0.007792670279741287,903.642333984375,73.38777923583984,0.005699940025806427,934.1904296875,49.269927978515625,0.008167303167283535,894.8323974609375,63.963340759277344,0.0043717678636312485,935.7244262695312,16.868820190429688,0.022301234304904938,918.145751953125,1.9852294921875,0.015019183978438377,885.6885375976562,73.82546997070312,0.1202859878540039,924.237548828125,57.448699951171875,0.08477824926376343,849.4948120117188,102.06170654296875,0.17558415234088898,859.5181274414062,78.64022827148438,0.1404818892478943,1007.9242553710938,94.822265625,0.8449113965034485,943.5611572265625,86.37428283691406,0.8118237257003784,1074.0958251953125,457.92059326171875,0.9766818284988403,850.111328125,441.1528015136719,0.9675115942955017,1253.2298583984375,792.501708984375,0.9772883057594299,854.7864990234375,787.9431762695312,0.9726977944374084
19,633,895.6869506835938,93.39649200439453,0.004798287991434336,898.0713500976562,71.865234375,0.005275858100503683,886.4666748046875,80.81259155273438,0.002294277772307396,923.9903564453125,60.20386505126953,0.006030197720974684,889.0559692382812,74.75159454345703,0.0014759922632947564,928.1259765625,33.723724365234375,0.008301186375319958,914.1863403320312,15.609832763671875,0.004738684743642807,847.799560546875,82.29611206054688,0.0721748098731041,944.4622802734375,62.11454772949219,0.039799872785806656,779.9357299804688,123.93086242675781,0.12911149859428406,874.1834106445312,103.09657287597656,0.08223357051610947,1000.691162109375,70.87760925292969,0.8200149536132812,936.5808715820312,68.7667236328125,0.7744280695915222,1069.42822265625,453.9006042480469,0.9832221865653992,862.5181884765625,443.99652099609375,0.9749133586883545,1279.7930908203125,778.6052856445312,0.9879195690155029,839.6385498046875,804.6978149414062,0.9852643013000488
20,666,901.7900390625,85.8486099243164,0.006486083846539259,901.294189453125,67.50595092773438,0.005258971359580755,894.342041015625,75.7470703125,0.003001186531037092,920.3461303710938,55.303436279296875,0.004141135606914759,901.3560791015625,68.16034698486328,0.0014851514715701342,914.8591918945312,24.517684936523438,0.006990751251578331,942.625732421875,5.1094207763671875,0.007925023324787617,871.2870483398438,66.76226806640625,0.08435499668121338,946.2422485351562,47.711517333984375,0.10425472259521484,827.4955444335938,119.70867919921875,0.2051769345998764,866.885009765625,90.23963928222656,0.23257605731487274,990.2362670898438,69.03602600097656,0.8443832397460938,959.4847412109375,66.1885986328125,0.8456599712371826,1052.5948486328125,454.155517578125,0.9845789670944214,876.1853637695312,442.4169616699219,0.9823347330093384,1294.5225830078125,759.5542602539062,0.9876701831817627,842.1181640625,802.3477172851562,0.9873495697975159
21,700,920.2518310546875,61.6981201171875,0.011345689184963703,924.9951782226562,40.457427978515625,0.01005333662033081,914.1743774414062,50.392913818359375,0.006846481002867222,936.104736328125,33.003318786621094,0.010307020507752895,905.4580688476562,47.79705047607422,0.0045296852476894855,909.2161254882812,13.625953674316406,0.019108228385448456,927.8833618164062,0.0,0.011649155989289284,875.8861083984375,55.12598419189453,0.1043398529291153,916.2488403320312,37.23042297363281,0.06672211736440659,853.904296875,115.29741668701172,0.16507425904273987,867.9261474609375,94.29686737060547,0.12687045335769653,972.1688232421875,100.2011489868164,0.7840818762779236,943.302490234375,97.83787536621094,0.7363350987434387,1022.7974853515625,466.1048889160156,0.9565339684486389,872.9682006835938,463.76953125,0.9419864416122437,1292.210693359375,747.6229248046875,0.9467299580574036,879.0202026367188,798.1758422851562,0.9357283115386963
22,733,848.22021484375,84.22645568847656,0.0073221162892878056,849.8208618164062,62.788169860839844,0.007367969956248999,840.6984252929688,73.10888671875,0.0032425587996840477,884.3244018554688,47.7015380859375,0.006934410892426968,860.7448120117188,64.5809097290039,0.001650045975111425,900.5567016601562,5.8680267333984375,0.007513652555644512,893.1009521484375,0.0,0.009675555862486362,867.6249389648438,34.661865234375,0.06521154195070267,905.3575439453125,38.430816650390625,0.09460035711526871,843.1884155273438,107.45576477050781,0.14441068470478058,861.6302490234375,83.11349487304688,0.1775103360414505,967.9594116210938,64.2403564453125,0.8221322298049927,925.1543579101562,72.06069946289062,0.8362746834754944,986.0559692382812,474.95208740234375,0.9783959984779358,870.2886352539062,467.20843505859375,0.9776654243469238,1290.16162109375,729.3805541992188,0.9821568131446838,918.38623046875,820.1596069335938,0.9830740094184875
23,766,846.4482421875,74.56997680664062,0.0030821796972304583,848.4371948242188,57.77149200439453,0.003559177741408348,843.2373657226562,69.89662170410156,0.0016600150847807527,876.8663330078125,43.51318359375,0.007809342350810766,865.6534423828125,64.08151245117188,0.0017980592092499137,882.3779907226562,5.6118621826171875,0.006287208292633295,903.6470947265625,0.0,0.010988350957632065,843.1229248046875,36.44352722167969,0.035963188856840134,898.730224609375,33.094482421875,0.0833355113863945,846.5996704101562,104.21209716796875,0.05357113108038902,860.2269897460938,84.8001708984375,0.10194288939237595,962.2662963867188,95.2818603515625,0.8311644792556763,944.4334716796875,101.73239135742188,0.866359293460846,946.3994750976562,488.52850341796875,0.9742805361747742,883.7314453125,480.4286804199219,0.9780327081680298,1257.84814453125,722.3558349609375,0.9784929156303406,954.5687255859375,822.24755859375,0.9814032316207886
24,800,824.01416015625,67.50750732421875,0.019075876101851463,827.0360107421875,49.32740020751953,0.019394267350435257,819.0514526367188,65.13482666015625,0.007178193423897028,866.9544067382812,30.182098388671875,0.020212050527334213,850.0599975585938,58.53199768066406,0.003544153179973364,881.0383911132812,6.412513732910156,0.02834669128060341,903.640869140625,0.0,0.03171371668577194,845.926025390625,38.31761169433594,0.14509034156799316,875.7882080078125,37.96467590332031,0.17927928268909454,841.9647827148438,88.70906066894531,0.2377161979675293,845.5604248046875,86.9747314453125,0.28111732006073,964.96875,122.31198120117188,0.9052731990814209,959.5281372070312,129.31179809570312,0.907357394695282,916.8073120117188,492.8592224121094,0.9817455410957336,895.6356811523438,502.0484619140625,0.98117595911026,1216.3763427734375,710.0505981445312,0.9810680747032166,1001.2799072265625,828.1133422851562,0.9802349805831909
25,833,837.4003295898438,68.88402557373047,0.005020442418754101,837.267578125,54.107826232910156,0.004309154115617275,837.4315795898438,68.90673065185547,0.0016348174540326,872.4381103515625,43.092567443847656,0.007321637589484453,890.231689453125,66.74347686767578,0.0014640401350334287,879.9322509765625,10.654884338378906,0.015993289649486542,980.90576171875,0.0,0.019923120737075806,873.9649658203125,32.77056884765625,0.19025816023349762,959.3052978515625,42.69026184082031,0.2435145229101181,837.1058959960938,49.42510986328125,0.37240472435951233,841.144775390625,54.93809509277344,0.4462825059890747,959.8546752929688,121.4578857421875,0.9022369980812073,1007.1474609375,120.86750793457031,0.9068715572357178,888.34423828125,485.7649841308594,0.9797859787940979,895.9932861328125,492.50665283203125,0.9795740842819214,1167.8248291015625,714.5436401367188,0.9763495922088623,1028.6712646484375,824.492431640625,0.9746671319007874
26,866,832.9160766601562,62.94165802001953,0.004740922711789608,833.7953491210938,48.43414306640625,0.0035555176436901093,834.2640380859375,64.55007934570312,0.0015074019320309162,869.2740478515625,34.26287841796875,0.010090848430991173,890.5162353515625,59.613189697265625,0.0023820693604648113,872.225341796875,0.0,0.030959617346525192,989.988525390625,0.0,0.042390067130327225,853.341796875,20.414108276367188,0.26096245646476746,962.492431640625,41.11065673828125,0.33422866463661194,813.697509765625,31.617874145507812,0.42194899916648865,835.2310180664062,42.17875671386719,0.5030514597892761,965.3442993164062,118.80661010742188,0.9063069820404053,1038.4669189453125,116.82032775878906,0.9132136702537537,865.976806640625,472.9741516113281,0.9728623628616333,954.752197265625,487.1843566894531,0.9715330600738525,1100.326416015625,751.1239013671875,0.9535853266716003,1086.150146484375,782.5718994140625,0.9508361220359802
27,900,821.62158203125,56.14599609375,0.004575453698635101,823.8822021484375,40.78221130371094,0.004304265603423119,822.8060913085938,58.94737243652344,0.001686353120021522,863.0205688476562,30.122840881347656,0.012801107950508595,876.9715576171875,59.02427673339844,0.002741027856245637,870.3685913085938,0.0,0.029482927173376083,958.616455078125,0.0,0.02494049444794655,819.3980712890625,13.465621948242188,0.18327893316745758,885.5074462890625,28.914642333984375,0.14377041161060333,794.5494384765625,5.7008514404296875,0.26280733942985535,799.183837890625,11.536148071289062,0.2236398160457611,967.2770385742188,103.98770141601562,0.9156041741371155,1032.199951171875,101.37332153320312,0.9041672348976135,845.7979125976562,468.3841552734375,0.9849784970283508,987.9329223632812,478.5260009765625,0.9811681509017944,1059.946533203125,773.2764282226562,0.9805055260658264,1135.029052734375,808.51025390625,0.9770232439041138
28,933,870.8536987304688,71.10535430908203,0.013065526261925697,878.3963012695312,43.04718017578125,0.013982454314827919,867.8302612304688,61.263587951660156,0.007806849200278521,906.6524047851562,30.128860473632812,0.030947132036089897,898.5939331054688,58.66870880126953,0.009019375778734684,899.3225708007812,0.0,0.03972451388835907,950.9486083984375,0.0,0.03087092749774456,874.4800415039062,37.55298614501953,0.09339229017496109,892.330810546875,30.868125915527344,0.08595871180295944,877.7330932617188,97.14907836914062,0.1339026838541031,870.346435546875,77.43479919433594,0.1490863710641861,983.2767944335938,93.29509735107422,0.8137985467910767,1033.5643310546875,100.94579315185547,0.7904396057128906,831.6177978515625,434.53814697265625,0.9602522253990173,1008.3192138671875,462.0689392089844,0.9514232277870178,984.9906616210938,787.9699096679688,0.9478185176849365,1161.36181640625,797.7872314453125,0.9410139918327332
29,966,900.7576904296875,74.7674331665039,0.00878892745822668,906.4976806640625,46.601348876953125,0.008966400288045406,897.8372192382812,62.410011291503906,0.005340547300875187,922.7789306640625,34.111358642578125,0.02254411019384861,920.2017211914062,59.71826934814453,0.007406936027109623,910.2295532226562,0.0,0.03093293495476246,962.94384765625,0.0,0.0232903603464365,885.84521484375,48.366188049316406,0.08363926410675049,896.3009033203125,44.09266662597656,0.07317573577165604,870.385498046875,108.35913848876953,0.12386298924684525,857.93701171875,88.35154724121094,0.13467030227184296,983.423095703125,87.36872863769531,0.8112944960594177,1040.9678955078125,96.30631256103516,0.7816160917282104,844.6115112304688,431.3190612792969,0.9657434821128845,1035.0960693359375,458.04949951171875,0.9551275372505188,919.5941162109375,796.5980224609375,0.9555444121360779,1206.4146728515625,780.4747924804688,0.9469587206840515
30,1000,912.3453369140625,92.452880859375,0.004176597576588392,910.0916748046875,68.81954956054688,0.003911996725946665,907.4169311523438,80.01093292236328,0.002221842994913459,920.3215942382812,53.757476806640625,0.010137490928173065,936.933837890625,71.8359146118164,0.0036124298349022865,913.5719604492188,17.49261474609375,0.01444301102310419,982.9122314453125,12.498184204101562,0.012306476943194866,903.624755859375,68.55642700195312,0.06070287525653839,937.3059692382812,55.1993408203125,0.05776415020227432,907.7301635742188,108.24737548828125,0.11299660056829453,879.9151611328125,84.74267578125,0.11590985953807831,970.5682983398438,65.43905639648438,0.8080360889434814,1038.8763427734375,65.4774169921875,0.7824748754501343,874.6578369140625,438.72216796875,0.9802531003952026,1055.5850830078125,450.6513977050781,0.9735293984413147,848.279296875,810.722900390625,0.9833381772041321,1229.565673828125,761.5160522460938,0.9794088006019592
31,1033,921.2312622070312,92.85372161865234,0.004816668573766947,920.05810546875,69.16980743408203,0.004390160087496042,914.9000244140625,78.55549621582031,0.0024377540685236454,929.552734375,54.85139465332031,0.0074836150743067265,933.7373657226562,70.53092193603516,0.002715995069593191,927.887939453125,17.430633544921875,0.010343726724386215,964.6580200195312,13.741195678710938,0.008460682816803455,918.645263671875,63.944732666015625,0.06152130290865898,926.792236328125,52.986785888671875,0.05466267094016075,907.5615234375,105.86631774902344,0.15056100487709045,878.9692993164062,87.67268371582031,0.14872370660305023,981.080810546875,58.95561218261719,0.7964164018630981,1025.502685546875,60.9290771484375,0.7624568343162537,886.5772705078125,432.9259033203125,0.9833763241767883,1047.6546630859375,445.6360778808594,0.9759944677352905,835.8402099609375,820.4888305664062,0.9869837760925293,1244.4173583984375,746.5880126953125,0.9830626249313354
32,1066,883.710205078125,80.67915344238281,0.0030034349765628576,887.4176025390625,57.32194519042969,0.0033041287679225206,882.7566528320312,71.29474639892578,0.0014827627455815673,907.4778442382812,45.21503448486328,0.009100370109081268,908.3860473632812,68.92302703857422,0.0022669530007988214,909.8466796875,0.29386138916015625,0.007830619812011719,950.5810546875,0.0,0.01008302066475153,901.2760620117188,42.246551513671875,0.04347860440611839,922.3529663085938,43.29570007324219,0.06445495039224625,907.8876953125,96.01437377929688,0.09481464326381683,883.2031860351562,85.29004669189453,0.129082590341568,977.2359008789062,66.82109069824219,0.782976508140564,1021.5963134765625,66.76226806640625,0.7906246781349182,887.2881469726562,441.17413330078125,0.9771665930747986,1019.2849731445312,441.3970031738281,0.974486768245697,848.0885009765625,806.6299438476562,0.9800556302070618,1258.34912109375,732.6513061523438,0.9776860475540161
33,1100,883.4506225585938,75.41706848144531,0.003362426534295082,886.6217651367188,53.55560302734375,0.003885797690600157,882.3516235351562,67.5479736328125,0.0017521181143820286,907.3934936523438,41.69050598144531,0.010282582603394985,904.9423828125,66.15699005126953,0.0025227749720215797,908.74365234375,3.084228515625,0.0075740572065114975,943.0339965820312,0.0,0.01107827015221119,897.5787963867188,43.97925567626953,0.03628379479050636,919.6858520507812,43.39885711669922,0.06364721059799194,906.56689453125,94.69164276123047,0.07449737936258316,877.6027221679688,80.94863891601562,0.11695686727762222,974.3117065429688,69.41390991210938,0.775387704372406,1007.9338989257812,67.60922241210938,0.7925528883934021,890.4349365234375,452.95477294921875,0.9760776162147522,991.2540893554688,448.2730407714844,0.9741142392158508,879.5903930664062,820.0850830078125,0.9798939824104309,1250.1973876953125,722.8157958984375,0.9781095385551453
34,1133,886.8365478515625,83.14700317382812,0.007582251448184252,889.6619262695312,59.963653564453125,0.007111300714313984,882.853271484375,72.93079376220703,0.003202460240572691,916.31689453125,44.79158020019531,0.009131415747106075,905.0175170898438,67.16136932373047,0.0025443872436881065,923.5360717773438,2.02716064453125,0.011642657220363617,943.5016479492188,0.0,0.013465872965753078,923.1168823242188,45.65620422363281,0.08551265299320221,926.0242919921875,47.482818603515625,0.09882429987192154,904.9329223632812,86.400146484375,0.22393390536308289,883.5792846679688,73.82322692871094,0.24312905967235565,977.8412475585938,70.59013366699219,0.8152492046356201,998.8851928710938,69.34309387207031,0.8052985072135925,893.79150390625,458.2060546875,0.9815273880958557,976.2001342773438,468.4221496582031,0.9754557013511658,921.7445068359375,836.61328125,0.9836561679840088,1226.6187744140625,714.0576782226562,0.9796992540359497
35,1166,859.90966796875,71.29151916503906,0.0036447534803301096,862.8330688476562,53.387969970703125,0.0036273335572332144,859.46630859375,69.08507537841797,0.0017034707125276327,889.4711303710938,35.38574981689453,0.00886551197618246,880.99072265625,63.552886962890625,0.0023228772915899754,901.5748901367188,0.0,0.011262201704084873,917.7338256835938,0.0,0.017937056720256805,890.9000854492188,44.30207061767578,0.07215337455272675,907.7559814453125,39.36900329589844,0.1332688331604004,888.2345581054688,98.34709167480469,0.1419662982225418,872.6517944335938,87.40397644042969,0.23276886343955994,973.300048828125,102.28788757324219,0.8788943290710449,982.0006713867188,100.90017700195312,0.8902963399887085,895.87158203125,469.3403625488281,0.9840023517608643,941.373779296875,473.99591064453125,0.981971800327301,959.5823974609375,834.0360717773438,0.9840480089187622,1200.7642822265625,700.9830322265625,0.9822888374328613
36,1200,830.9271240234375,64.11300659179688,0.004755682777613401,839.0687866210938,45.305877685546875,0.004620037507265806,830.4290771484375,63.09649658203125,0.0018382050329819322,884.3890380859375,31.70555877685547,0.011199845001101494,859.3023071289062,62.35015869140625,0.0021265228278934956,901.833251953125,0.0,0.024167567491531372,906.3911743164062,0.0,0.019727637991309166,839.6456909179688,26.670501708984375,0.17350666224956512,873.7234497070312,34.90242004394531,0.1513890027999878,793.60400390625,18.773345947265625,0.2871890068054199,795.2076416015625,13.875732421875,0.29674795269966125,985.9468383789062,120.41496276855469,0.9253715872764587,977.8914794921875,120.34295654296875,0.9110525846481323,899.7680053710938,484.23394775390625,0.9879144430160522,926.7100219726562,481.9419250488281,0.981834888458252,1010.4413452148438,835.6408081054688,0.9838224053382874,1172.2547607421875,696.2847290039062,0.979978621006012
37,1233,856.5547485351562,68.26020812988281,0.0054857018403708935,860.9192504882812,48.64054870605469,0.004775709472596645,855.1513061523438,67.06661224365234,0.0017435629852116108,899.7595825195312,32.98967742919922,0.00825396366417408,883.7255859375,66.34373474121094,0.0012987382942810655,911.7700805664062,0.0,0.01712886057794094,946.5244140625,0.0,0.020547153428196907,882.3753662109375,23.528091430664062,0.20903530716896057,955.4755249023438,43.96092224121094,0.26793172955513,814.6944580078125,29.527267456054688,0.4390322268009186,830.4457397460938,35.804168701171875,0.5406882762908936,990.4849243164062,126.72514343261719,0.9151366353034973,988.593017578125,121.9961929321289,0.9144758582115173,922.3251953125,496.5808410644531,0.9852044582366943,876.31591796875,467.9964294433594,0.9809386730194092,1073.0350341796875,836.4629516601562,0.978373110294342,1130.7374267578125,682.2227783203125,0.9766896963119507
38,1266,828.5238647460938,61.029052734375,0.0036813411861658096,835.3084716796875,43.22831726074219,0.0036368330474942923,827.9037475585938,59.189048767089844,0.001079642795957625,886.01025390625,29.369430541992188,0.012786895036697388,859.3350830078125,58.159812927246094,0.0013880716869607568,916.3553466796875,0.0,0.023418698459863663,909.51416015625,0.0,0.0317404679954052,852.8556518554688,21.126022338867188,0.19395709037780762,924.2161254882812,42.221580505371094,0.2703798711299896,819.7769165039062,14.953170776367188,0.3168090283870697,829.0938720703125,27.184616088867188,0.39795413613319397,990.75,124.97785949707031,0.9035273194313049,954.12841796875,118.37173461914062,0.9112536311149597,961.5333862304688,504.5330505371094,0.974200963973999,852.49462890625,458.6274108886719,0.970092236995697,1087.9249267578125,820.4843139648438,0.9500091075897217,1063.6099853515625,694.2952880859375,0.952095091342926
39,1300,818.6378173828125,47.78453063964844,0.006920174229890108,825.5908813476562,24.996139526367188,0.010369437746703625,816.983642578125,43.223785400390625,0.0029566807206720114,872.6327514648438,14.368766784667969,0.04337102919816971,844.5659790039062,46.463401794433594,0.004382619634270668,902.0394897460938,0.6961898803710938,0.05983242020010948,884.0718383789062,0.0,0.02744842879474163,842.9326171875,30.61962890625,0.12848424911499023,888.5718994140625,37.34326171875,0.06326904147863388,842.443603515625,26.807235717773438,0.0953797772526741,842.2547607421875,38.423492431640625,0.05910379812121391,996.3477172851562,118.83187866210938,0.904366135597229,944.3069458007812,117.37234497070312,0.8666919469833374,1020.275390625,486.9178161621094,0.9786872267723083,843.3381958007812,447.9845886230469,0.9653096199035645,1159.8350830078125,823.84423828125,0.9726114869117737,1020.1968383789062,738.9114990234375,0.9664331674575806
40,1333,851.7925415039062,69.55490112304688,0.0019946498796343803,858.3585205078125,49.28938293457031,0.002748084720224142,848.0553588867188,63.30109405517578,0.0010749476496130228,894.7957763671875,36.25355529785156,0.016524728387594223,859.796875,62.264076232910156,0.0028624210972338915,918.1670532226562,1.7045059204101562,0.020421693101525307,873.2722778320312,0.0,0.01955047808587551,860.1597290039062,20.938156127929688,0.05832071974873543,892.281005859375,30.17889404296875,0.06363558769226074,883.336181640625,41.73646545410156,0.04016992822289467,878.9285888671875,58.43206787109375,0.041550178080797195,999.6648559570312,107.09005737304688,0.8980727195739746,928.896484375,110.34141540527344,0.8965999484062195,1042.2557373046875,476.895751953125,0.9784201979637146,837.6083374023438,434.40673828125,0.9737741947174072,1189.8782958984375,808.2339477539062,0.9744181632995605,954.9613647460938,737.7661743164062,0.9758013486862183
41,1366,878.4851684570312,77.58865356445312,0.0032615175005048513,883.062744140625,56.53193664550781,0.0035513476468622684,874.3123168945312,68.75768280029297,0.0020054795313626528,910.4042358398438,43.42561340332031,0.010962720029056072,879.6332397460938,66.28422546386719,0.003552180016413331,936.29150390625,11.740425109863281,0.011488443240523338,893.4725341796875,7.6197052001953125,0.02400882914662361,894.926025390625,55.59766387939453,0.037071824073791504,933.2939453125,45.62134552001953,0.10615664720535278,867.8307495117188,111.49397277832031,0.038114868104457855,880.8475341796875,88.65367126464844,0.08678743243217468,1006.254638671875,93.18319702148438,0.8301045298576355,931.9471435546875,99.3416748046875,0.8761382699012756,1068.464111328125,457.8432312011719,0.9661718010902405,845.9396362304688,436.46575927734375,0.9711564779281616,1230.8675537109375,797.4307861328125,0.9635686278343201,887.6881713867188,766.513916015625,0.9718623161315918
42,1400,904.1023559570312,89.1104965209961,0.005991270300000906,906.1522216796875,69.02336883544922,0.004736550617963076,894.8150024414062,78.18205261230469,0.0029112992342561483,930.047607421875,55.020721435546875,0.005030000116676092,893.6314086914062,70.56925964355469,0.00202061515301466,942.2791137695312,23.832550048828125,0.009849092923104763,919.0966186523438,10.716110229492188,0.014002492651343346,889.2021484375,68.57638549804688,0.0855504721403122,946.7547607421875,51.36579895019531,0.14338548481464386,831.2323608398438,114.48207092285156,0.16859793663024902,870.3555908203125,83.04158020019531,0.2449362426996231,1014.4570922851562,80.20907592773438,0.8641175627708435,946.1636352539062,77.84207153320312,0.8796188831329346,1085.7613525390625,451.1151123046875,0.982570469379425,857.6548461914062,436.5246276855469,0.9819601774215698,1263.507568359375,782.8438110351562,0.9839443564414978,837.1505737304688,786.3709716796875,0.9849404692649841
43,1433,908.8253784179688,89.25963592529297,0.00860415119677782,910.3584594726562,70.57525634765625,0.006428099237382412,899.2549438476562,79.06082153320312,0.00384714943356812,933.50927734375,58.20941162109375,0.0038405947852879763,897.5960083007812,72.30340576171875,0.001563429832458496,940.4154663085938,28.5208740234375,0.007492116652429104,924.653564453125,14.135696411132812,0.009585507214069366,887.319580078125,67.90191650390625,0.10000284016132355,940.80859375,52.335845947265625,0.1412321776151657,820.8663940429688,111.06294250488281,0.2621931731700897,865.9627685546875,85.02653503417969,0.32646387815475464,1007.037109375,75.6884765625,0.8513544201850891,943.9230346679688,74.52983093261719,0.8593536615371704,1079.69677734375,446.3002624511719,0.9846989512443542,867.6062622070312,439.1031494140625,0.9831618070602417,1288.2000732421875,763.366943359375,0.9871561527252197,830.381103515625,793.6913452148438,0.9871986508369446
44,1466,928.7962646484375,78.41690826416016,0.014926142990589142,928.3486328125,60.662452697753906,0.00915481336414814,916.7750244140625,69.42214965820312,0.007260151207447052,940.564453125,48.28175354003906,0.004733499605208635,908.4110107421875,61.76289367675781,0.00300682638771832,931.6701049804688,18.879226684570312,0.015949666500091553,945.2330932617188,2.904876708984375,0.012551738880574703,892.3418579101562,73.91798400878906,0.16633924841880798,935.6506958007812,55.83270263671875,0.13148702681064606,841.1596069335938,113.12677001953125,0.3545699119567871,855.6347045898438,93.17807006835938,0.31295421719551086,998.4927978515625,90.87904357910156,0.856554388999939,956.732666015625,84.4500732421875,0.8304435014724731,1065.8909912109375,446.3245544433594,0.9817059636116028,873.2510986328125,444.41375732421875,0.9754151105880737,1304.01171875,750.6099853515625,0.9829280972480774,840.833740234375,788.754638671875,0.9794592261314392
45,1500,918.967529296875,57.65565490722656,0.01807112619280815,922.7377319335938,36.163604736328125,0.01321546919643879,911.1216430664062,46.31554412841797,0.010264908894896507,933.2257690429688,30.375320434570312,0.008049584925174713,899.8411254882812,46.355621337890625,0.004628011025488377,912.1884765625,13.724349975585938,0.018424861133098602,927.849853515625,0.0,0.013624467886984348,881.9622802734375,57.084228515625,0.13514871895313263,928.1568603515625,35.36414337158203,0.1094888374209404,843.8095092773438,122.16128540039062,0.27355921268463135,869.023681640625,98.79753112792969,0.25683343410491943,972.8770751953125,99.76998138427734,0.7967385053634644,938.9127197265625,98.03231048583984,0.765319287776947,1033.6724853515625,460.2943115234375,0.9614266157150269,873.835205078125,462.50006103515625,0.9519996643066406,1302.3143310546875,737.9764404296875,0.9515839219093323,879.4279174804688,797.7667846679688,0.9433012008666992
46,1533,890.4476318359375,90.74079895019531,0.005735916551202536,892.6683349609375,73.53433227539062,0.00558863440528512,883.4536743164062,82.29130554199219,0.002459745155647397,918.099609375,55.6226806640625,0.005071024410426617,894.3825073242188,69.27351379394531,0.0011909531895071268,908.7904052734375,13.338912963867188,0.008526986464858055,924.8926391601562,0.0,0.005015057511627674,864.5872192382812,38.695770263671875,0.11003412306308746,906.139892578125,41.62495422363281,0.06270303577184677,838.0720825195312,91.69816589355469,0.23560263216495514,847.4147338867188,80.7454833984375,0.1584262102842331,965.0073852539062,83.76397705078125,0.842823326587677,936.2278442382812,84.90266418457031,0.7974110841751099,1006.1783447265625,488.0096740722656,0.9813712239265442,885.5467529296875,477.272216796875,0.9733260869979858,1299.60986328125,726.641357421875,0.9847058653831482,913.2213745117188,820.9011840820312,0.9814745187759399
47,1566,829.4213256835938,48.010780334472656,0.0037849198561161757,833.6288452148438,32.61676025390625,0.004731341265141964,829.2900390625,44.432373046875,0.0016152843600139022,872.0903930664062,25.469764709472656,0.011916598305106163,864.9276733398438,44.279090881347656,0.001819153199903667,884.2847900390625,0.0,0.016147993505001068,905.7865600585938,0.0,0.010854646563529968,838.6150512695312,12.705322265625,0.09647427499294281,883.341064453125,18.484176635742188,0.06444015353918076,848.7400512695312,19.10943603515625,0.11376426368951797,840.77734375,15.24847412109375,0.07839776575565338,961.2804565429688,99.68820190429688,0.8878316283226013,943.3515014648438,105.03080749511719,0.8670875430107117,961.38427734375,491.6999816894531,0.9801708459854126,886.4441528320312,475.7794494628906,0.974541425704956,1271.4849853515625,713.3746948242188,0.9792066812515259,961.2396240234375,822.3999633789062,0.9768914580345154
48,1600,858.08154296875,58.75794982910156,0.005138465203344822,865.0924072265625,46.00593566894531,0.004908998496830463,853.537353515625,58.601898193359375,0.0021650181151926517,900.5083618164062,36.22224426269531,0.007930146530270576,875.3970336914062,57.1505126953125,0.0017700738972052932,891.5180053710938,3.5329742431640625,0.017393160611391068,926.7486572265625,0.0,0.011915969662368298,842.4237670898438,28.660903930664062,0.15718479454517365,871.5763549804688,37.17970275878906,0.11424598097801208,828.3681030273438,27.499740600585938,0.25827306509017944,833.9254760742188,30.24078369140625,0.22354108095169067,959.3778076171875,117.80250549316406,0.8989916443824768,962.6849365234375,122.14665985107422,0.8759981989860535,909.7628784179688,487.46990966796875,0.9796774983406067,910.182861328125,500.15771484375,0.9745770692825317,1239.1878662109375,702.088134765625,0.9787383675575256,993.3849487304688,828.0494384765625,0.9751185178756714
49,1633,880.870849609375,68.25173950195312,0.004618746228516102,881.9053955078125,54.57398986816406,0.003923667594790459,880.4022216796875,68.90924835205078,0.0017453697510063648,907.2166137695312,39.9385986328125,0.007416593376547098,917.1626586914062,63.71214294433594,0.0016758848214522004,890.14111328125,0.01556396484375,0.019571978598833084,991.9303588867188,0.0,0.01713615283370018,846.7412109375,25.580978393554688,0.21129028499126434,941.9381713867188,43.64808654785156,0.19417361915111542,815.142333984375,28.531585693359375,0.3641306757926941,833.8634643554688,33.71690368652344,0.3730892837047577,959.9806518554688,118.70118713378906,0.9149805903434753,1009.8252563476562,117.58392333984375,0.903140664100647,882.7103271484375,482.9496765136719,0.9813754558563232,912.4409790039062,492.3968811035156,0.9782376289367676,1183.6180419921875,710.8912353515625,0.9790074825286865,1024.4271240234375,815.7372436523438,0.9757887721061707
50,1666,833.0352783203125,59.758758544921875,0.003958682995289564,831.3717651367188,43.86552429199219,0.0038708262145519257,838.2858276367188,61.445411682128906,0.0012554024579003453,866.2376098632812,29.08513641357422,0.017921926453709602,908.8812255859375,55.94938659667969,0.002937257755547762,857.2238159179688,0.0,0.0612054243683815,1002.560302734375,0.0,0.029803775250911713,798.8753051757812,16.225753784179688,0.3351486921310425,907.3132934570312,32.04972839355469,0.1428515911102295,799.1076049804688,9.494842529296875,0.3723059892654419,813.279296875,12.604202270507812,0.19527263939380646,957.96337890625,110.66885375976562,0.9264326691627502,1053.4952392578125,106.31263732910156,0.8908606171607971,878.5186157226562,476.5827331542969,0.9796743988990784,972.9618530273438,476.0331115722656,0.9658842086791992,1101.5916748046875,746.2597045898438,0.9644455909729004,1091.78173828125,761.95263671875,0.9504718780517578
51,1700,827.1746215820312,64.18636322021484,0.002661618636921048,828.4365234375,48.919830322265625,0.0031161706428974867,828.7505493164062,67.21705627441406,0.0012015477987006307,864.8148193359375,37.66127014160156,0.016067305579781532,882.7819213867188,66.20745849609375,0.0031198584474623203,874.7777709960938,0.0,0.025391116738319397,962.94677734375,0.0,0.021639931946992874,848.9634399414062,17.56182861328125,0.10033656656742096,904.0507202148438,23.009719848632812,0.08276795595884323,817.1386108398438,8.981414794921875,0.09920003265142441,816.88916015625,10.824325561523438,0.08655274659395218,964.0816040039062,89.97390747070312,0.9038376212120056,1030.6182861328125,87.89872741699219,0.894326388835907,864.0774536132812,464.7873229980469,0.9825846552848816,999.4222412109375,479.82177734375,0.9794084429740906,1075.452880859375,761.4627685546875,0.980815052986145,1136.28076171875,811.9627075195312,0.9778856039047241
52,1733,892.79150390625,74.73429107666016,0.00969662331044674,894.2604370117188,47.917144775390625,0.010573790408670902,896.1152954101562,65.79519653320312,0.005588323809206486,911.5698852539062,33.81610107421875,0.029163941740989685,940.1798095703125,61.04887390136719,0.007479002233594656,893.798095703125,0.9620819091796875,0.03753545507788658,1006.9473266601562,4.561775207519531,0.026844056323170662,889.79736328125,50.86164093017578,0.09629349410533905,954.8336791992188,52.342987060546875,0.0780201107263565,898.1773681640625,117.76918029785156,0.13270269334316254,887.6411743164062,95.29119873046875,0.128474622964859,971.677978515625,98.84605407714844,0.8153011798858643,1060.0345458984375,102.11183166503906,0.7826363444328308,846.6683959960938,441.6158752441406,0.9626337289810181,1018.7525024414062,460.68927001953125,0.9522923231124878,1011.167724609375,796.010009765625,0.9524015188217163,1163.96044921875,797.1454467773438,0.9449014067649841
53,1766,905.2095336914062,74.1095199584961,0.0093744657933712,907.8173217773438,47.47389221191406,0.008678303100168705,906.4197387695312,64.38567352294922,0.004690369591116905,924.4327392578125,34.760650634765625,0.018071802332997322,944.510009765625,60.869590759277344,0.004969574976712465,903.9808959960938,0.0,0.028919152915477753,1007.6349487304688,0.0,0.021508045494556427,894.6095581054688,43.88701629638672,0.12385403364896774,953.0062866210938,45.362159729003906,0.10607576370239258,894.7639770507812,113.53516387939453,0.2332373708486557,887.7261352539062,96.24586486816406,0.23761263489723206,973.5630493164062,97.4051284790039,0.8439317941665649,1062.09716796875,101.73614501953125,0.8146812319755554,852.8615112304688,440.6536560058594,0.9741702079772949,1048.6593017578125,456.3057861328125,0.9655507206916809,925.8527221679688,802.6201782226562,0.9635689854621887,1203.187744140625,776.4567260742188,0.9571235775947571
54,1800,920.6788940429688,89.0855941772461,0.005321255885064602,917.1036987304688,67.14724731445312,0.004173953086137772,917.6629028320312,78.04277801513672,0.002414775313809514,923.08544921875,52.15068054199219,0.006955467630177736,948.845458984375,69.21803283691406,0.002632980700582266,912.1465454101562,12.295852661132812,0.012448263354599476,1000.5875244140625,6.803741455078125,0.011040428653359413,905.010009765625,61.043243408203125,0.09428874403238297,955.9210205078125,48.27717590332031,0.08846493065357208,902.4400634765625,98.03846740722656,0.247518390417099,890.6046752929688,83.69485473632812,0.2464393675327301,966.2583618164062,65.5565185546875,0.8276365399360657,1046.3118896484375,63.983184814453125,0.8021008968353271,880.2952880859375,442.263916015625,0.9843944907188416,1071.7178955078125,451.96563720703125,0.978510856628418,861.276123046875,824.152587890625,0.9853943586349487,1235.52685546875,762.999267578125,0.981868326663971
55,1833,925.7761840820312,93.12217712402344,0.005648680496960878,924.5902099609375,70.294189453125,0.004762374330312014,920.1678466796875,79.8167724609375,0.0025330563075840473,936.4325561523438,57.25469970703125,0.005817369557917118,940.4747314453125,73.05777740478516,0.0020452402532100677,937.8251953125,17.83868408203125,0.008691529743373394,970.3392944335938,13.592193603515625,0.00718716299161315,929.859619140625,61.03564453125,0.0781407579779625,930.2188110351562,48.9649658203125,0.06821857392787933,911.5927734375,91.05496215820312,0.2453281134366989,886.0089721679688,79.01394653320312,0.23854246735572815,985.7635498046875,53.250274658203125,0.7798862457275391,1027.7236328125,55.59928894042969,0.7410144209861755,889.25634765625,431.5496520996094,0.9827185273170471,1057.6455078125,450.9736022949219,0.9743965268135071,838.7333374023438,826.6763916015625,0.985431432723999,1253.58349609375,747.9937744140625,0.9805059432983398
56,1866,918.7747192382812,95.31253051757812,0.005689242389053106,918.6991577148438,73.98456573486328,0.004681038204580545,913.1444702148438,84.67902374267578,0.0024940583389252424,932.3087768554688,59.36187744140625,0.006027859635651112,931.22119140625,77.5151138305664,0.0021118330769240856,932.318359375,11.962738037109375,0.010496343486011028,960.1240234375,8.826461791992188,0.008679824881255627,923.5134887695312,53.45036315917969,0.09732575714588165,931.248779296875,47.0863037109375,0.08402784913778305,910.560791015625,88.15122985839844,0.28106021881103516,887.5631103515625,81.62928771972656,0.2718178331851959,981.8770751953125,62.54026794433594,0.8139396905899048,1017.3369140625,65.01585388183594,0.778495192527771,887.84765625,436.59808349609375,0.983551561832428,1040.1766357421875,452.70135498046875,0.9750522971153259,859.2249755859375,827.1447143554688,0.9848384857177734,1261.85888671875,725.08837890625,0.9797630906105042
57,1900,890.4541625976562,76.0836181640625,0.004714492242783308,894.7247314453125,52.4813232421875,0.004341610707342625,886.9658203125,66.82255554199219,0.0022457668092101812,911.6510009765625,38.329994201660156,0.007094996515661478,899.3526000976562,63.579071044921875,0.0022743672598153353,912.8764038085938,0.0,0.007012519054114819,935.1024169921875,0.0,0.011656277813017368,913.0704345703125,45.03424072265625,0.05489940941333771,916.6635131835938,38.56361389160156,0.10357803851366043,908.7023315429688,99.67657470703125,0.16370990872383118,881.7877807617188,86.77931213378906,0.2551218867301941,980.7374877929688,66.47309875488281,0.7641505599021912,1008.6321411132812,65.65704345703125,0.7874608635902405,889.90673828125,458.664306640625,0.9735929369926453,1003.9611206054688,455.5372009277344,0.9715518355369568,885.4033813476562,835.7074584960938,0.9729177951812744,1265.947509765625,723.6253662109375,0.9707831144332886
58,1933,904.8488159179688,91.51231384277344,0.0052684759721159935,902.6543579101562,70.4923095703125,0.0046369112096726894,902.8048095703125,84.13208770751953,0.002252961741760373,917.8101806640625,53.08845520019531,0.005656415596604347,927.6295166015625,77.5129165649414,0.0015971085522323847,912.6908569335938,6.9086151123046875,0.007684032432734966,967.8067016601562,0.0,0.008665267378091812,913.0181274414062,51.2222900390625,0.08131983131170273,945.9208984375,48.2244873046875,0.10210700333118439,890.32861328125,96.84077453613281,0.2436315417289734,881.3331298828125,82.5325927734375,0.30960190296173096,977.1220092773438,85.55241394042969,0.8288962841033936,1016.0345458984375,86.40673828125,0.815912127494812,900.9525146484375,465.1183776855469,0.9852810502052307,983.443359375,479.3291015625,0.9795392751693726,936.3040161132812,846.6333618164062,0.9882043600082397,1247.6275634765625,703.1536254882812,0.984948456287384
59,1966,875.7665405273438,79.92274475097656,0.0064520807936787605,878.7295532226562,62.373573303222656,0.005592854227870703,872.2317504882812,74.80359649658203,0.002647377783432603,907.8896484375,42.96299743652344,0.008680133149027824,888.7799072265625,65.05158233642578,0.00249605905264616,925.611572265625,0.0,0.015185210853815079,912.1780395507812,0.0,0.02110208198428154,914.3410034179688,43.588714599609375,0.11404029279947281,897.3671264648438,42.767486572265625,0.1593935638666153,888.296630859375,106.67742919921875,0.2526952922344208,871.853759765625,100.40895080566406,0.31712207198143005,983.631103515625,97.70027160644531,0.8965945839881897,976.9705810546875,96.0985107421875,0.8978036642074585,894.7396240234375,476.5752868652344,0.9874032735824585,954.644775390625,488.4122314453125,0.9838532209396362,975.216796875,849.841552734375,0.9870131611824036,1214.3851318359375,705.4646606445312,0.9846028089523315
60,2000,831.5244750976562,54.75128173828125,0.0036165870260447264,836.8185424804688,37.901161193847656,0.003981755580753088,830.6353149414062,55.88129425048828,0.0016759446589276195,877.6723022460938,23.70135498046875,0.015656819567084312,855.1063842773438,55.66200256347656,0.0031228007283061743,903.2122802734375,0.0,0.01860917918384075,893.3163452148438,0.0,0.0304289311170578,867.8939208984375,27.933013916015625,0.07053279876708984,893.7448120117188,50.155860900878906,0.13293249905109406,865.1795654296875,56.75555419921875,0.09068236500024796,865.6686401367188,120.32075500488281,0.15552636981010437,987.887939453125,117.20233154296875,0.9104700088500977,973.5820922851562,114.72930908203125,0.9228200912475586,903.4091186523438,498.4045104980469,0.9854023456573486,929.9080810546875,484.72576904296875,0.9837480783462524,1019.94287109375,850.819580078125,0.9825528860092163,1184.953369140625,689.9066772460938,0.9823363423347473
61,2033,759.9314575195312,26.283302307128906,0.02619403973221779,767.1298828125,2.9271697998046875,0.037819378077983856,764.3839111328125,25.445709228515625,0.008852452971041203,831.1444702148438,0.0,0.08167196065187454,819.1135864257812,34.584136962890625,0.005765191279351711,885.5657958984375,0.0,0.08124483376741409,900.6746215820312,0.0,0.06470748782157898,868.8432006835938,19.524215698242188,0.16955605149269104,909.5689697265625,29.31438446044922,0.15497300028800964,828.136962890625,20.686111450195312,0.1942768394947052,831.871826171875,15.425056457519531,0.2051776945590973,1008.4610595703125,128.76271057128906,0.9078903198242188,995.5400390625,125.67583465576172,0.8974446654319763,923.22802734375,499.754638671875,0.978900671005249,872.1581420898438,473.53472900390625,0.9702688455581665,1088.12548828125,856.1204223632812,0.9644614458084106,1150.3399658203125,675.5663452148438,0.9607123732566833
62,2066,800.8901977539062,37.072723388671875,0.04569336026906967,802.9746704101562,14.544754028320312,0.07277729362249374,797.8109130859375,32.607765197753906,0.011348363943397999,849.8414306640625,0.0,0.1704542636871338,833.65966796875,33.13471984863281,0.005944761913269758,900.4978637695312,0.0,0.12596921622753143,885.0450439453125,0.0,0.10916469246149063,868.3012084960938,33.03016662597656,0.19392241537570953,897.1090087890625,33.93717956542969,0.17950142920017242,848.0399780273438,91.51599884033203,0.19893714785575867,858.4028930664062,89.49856567382812,0.18604516983032227,999.7479858398438,129.6398162841797,0.8976954817771912,965.726806640625,126.15206909179688,0.8904201984405518,958.6787109375,505.1876220703125,0.9699318408966064,861.4320068359375,459.7982482910156,0.9603636264801025,1090.02001953125,831.7586059570312,0.9461507201194763,1082.04052734375,696.4714965820312,0.9450362920761108
63,2100,830.3011474609375,53.172386169433594,0.0022677460219711065,834.6513671875,32.73197937011719,0.0030214504804462194,829.229736328125,50.000885009765625,0.0009514661505818367,877.4030151367188,21.590675354003906,0.01731122098863125,857.7530517578125,53.237937927246094,0.0021052402444183826,905.0314331054688,0.0,0.02275405451655388,889.5130004882812,0.0,0.020106123760342598,854.014892578125,14.556060791015625,0.08710770308971405,911.001953125,29.613784790039062,0.08211804926395416,887.8652954101562,24.495712280273438,0.07829209417104721,882.9614868164062,71.3836669921875,0.07197242230176926,997.11474609375,115.49171447753906,0.9104573726654053,950.0971069335938,115.97607421875,0.9034922122955322,1008.6757202148438,491.42791748046875,0.9818511009216309,849.3900146484375,447.1229553222656,0.9757177829742432,1170.17333984375,835.9202880859375,0.9754966497421265,1040.65869140625,729.0758666992188,0.9748601317405701
64,2133,864.958251953125,84.3292236328125,0.001985512673854828,869.9359741210938,60.94981384277344,0.0025956069584935904,859.6080932617188,75.32991027832031,0.001147723407484591,905.5032348632812,43.85307312011719,0.013275142759084702,870.2261352539062,71.26931762695312,0.002599826082587242,940.1664428710938,12.801109313964844,0.010399594902992249,890.1170654296875,3.2541961669921875,0.022626647725701332,921.8031005859375,55.27674865722656,0.029068689793348312,928.4855346679688,46.943824768066406,0.092130646109581,915.096923828125,114.5302963256836,0.02608523890376091,895.5604248046875,98.1470947265625,0.06316646933555603,1010.933349609375,104.41896057128906,0.8440583348274231,939.6233520507812,103.83869934082031,0.8901011943817139,1038.9898681640625,484.0067138671875,0.9688460230827332,835.8807373046875,432.4907531738281,0.9733611941337585,1204.3128662109375,824.4420776367188,0.9648341536521912,972.1806030273438,737.5069580078125,0.9738725423812866
65,2166,869.5728149414062,84.12899780273438,0.002391682006418705,872.9634399414062,61.62245178222656,0.003064277581870556,867.084228515625,74.22017669677734,0.00153359433170408,899.9404907226562,48.78684997558594,0.014008420519530773,878.7154541015625,72.15092468261719,0.0036457928363233805,923.407470703125,15.635467529296875,0.011974111199378967,897.8119506835938,9.778495788574219,0.020830491557717323,876.2109375,59.321136474609375,0.029092755168676376,947.984130859375,49.139373779296875,0.06875858455896378,856.7725219726562,117.78630065917969,0.022517606616020203,913.933837890625,94.61272430419922,0.0434131994843483,1008.6207885742188,89.55258178710938,0.8319430351257324,943.8012084960938,94.72737121582031,0.8701579570770264,1069.20263671875,466.2241516113281,0.9686217308044434,845.15576171875,433.5362548828125,0.9713208079338074,1243.6790771484375,806.0989379882812,0.9677644968032837,903.9684448242188,760.4130249023438,0.9746642708778381
66,2200,901.773193359375,91.1561279296875,0.004126985091716051,904.4203491210938,68.84589385986328,0.004800943657755852,893.5733642578125,77.07316589355469,0.002424148377031088,931.6353759765625,58.09776306152344,0.009572210721671581,898.96435546875,71.4367904663086,0.0027675575111061335,942.2373046875,38.430999755859375,0.0113831153139472,925.5350341796875,22.376998901367188,0.009249602444469929,893.3954467773438,95.154052734375,0.043077509850263596,985.4052124023438,80.59794616699219,0.04109085351228714,887.2295532226562,134.87777709960938,0.05002182349562645,972.0433959960938,130.7336883544922,0.04505498334765434,1019.794921875,75.90312194824219,0.8248422145843506,955.5154418945312,72.81752014160156,0.813262939453125,1083.1776123046875,454.02886962890625,0.9800888895988464,864.0245361328125,432.3551330566406,0.9754495024681091,1275.990234375,785.0494995117188,0.9856547713279724,843.592529296875,792.6163330078125,0.9850532412528992
67,2233,910.7411499023438,93.27713012695312,0.0058263447135686874,912.3115234375,72.97123718261719,0.0055336738005280495,902.1600952148438,80.96630859375,0.0027640946209430695,936.46435546875,61.09043884277344,0.004969544243067503,904.7697143554688,74.23951721191406,0.0014932098565623164,938.8696899414062,36.5958251953125,0.00676644966006279,934.0661010742188,17.9871826171875,0.006704100873321295,856.2127685546875,80.4005126953125,0.06709882616996765,953.961181640625,55.987060546875,0.07145914435386658,780.4834594726562,119.69609069824219,0.14229163527488708,881.5620727539062,79.36070251464844,0.1482563614845276,1014.9085693359375,72.890625,0.8251338601112366,955.3328247070312,70.63055419921875,0.8213260769844055,1083.43115234375,450.9797058105469,0.983632504940033,869.9993286132812,439.7564392089844,0.9804051518440247,1305.4619140625,767.7405395507812,0.9880020618438721,832.5362548828125,800.370849609375,0.9874691963195801
68,2266,938.9675903320312,79.04708862304688,0.010355516336858273,937.7824096679688,60.712371826171875,0.0076390597969293594,927.7813110351562,68.64028930664062,0.005049355793744326,949.8101806640625,47.625732421875,0.005282932426780462,922.272216796875,59.8626708984375,0.002497332403436303,934.8563232421875,21.52587890625,0.013651997782289982,960.6026611328125,2.934814453125,0.008455079980194569,863.5977783203125,79.21998596191406,0.13257363438606262,946.431396484375,61.77900695800781,0.07668393850326538,789.1776123046875,115.35951232910156,0.25909024477005005,862.7939453125,93.70692443847656,0.1820753812789917,1007.8275146484375,84.78913879394531,0.8414803147315979,970.6563720703125,76.38253784179688,0.7982237339019775,1071.1337890625,452.62847900390625,0.9822211861610413,879.7154541015625,442.8392028808594,0.9739392399787903,1313.1688232421875,756.4334106445312,0.9849299788475037,842.502685546875,797.1486206054688,0.9810155630111694
69,2300,895.3475341796875,89.22942352294922,0.005972709972411394,897.1701049804688,69.11226654052734,0.006083011627197266,886.2892456054688,76.91663360595703,0.003215752076357603,920.5449829101562,58.37846374511719,0.005347959231585264,888.7017211914062,71.47093963623047,0.0016689440235495567,925.2088623046875,32.13322448730469,0.005885988473892212,915.3154907226562,12.503952026367188,0.005813851486891508,894.9379272460938,72.81880187988281,0.04752632603049278,928.1890869140625,59.3060302734375,0.05439313128590584,864.5474853515625,119.2174072265625,0.09781390428543091,868.5344848632812,86.26368713378906,0.1069529578089714,988.752197265625,68.76557922363281,0.7899859547615051,936.7940063476562,69.96853637695312,0.7853547930717468,1040.672119140625,470.4876708984375,0.9791193604469299,873.8637084960938,460.8785095214844,0.9759812951087952,1320.6163330078125,741.11962890625,0.9860306978225708,884.467041015625,813.8438110351562,0.985372006893158
70,2333,898.0464477539062,86.15451049804688,0.004452414810657501,900.8572998046875,68.25125885009766,0.004977348260581493,890.3743286132812,76.88607788085938,0.0024238256737589836,924.2887573242188,52.250701904296875,0.007366233505308628,896.08447265625,66.57083129882812,0.0019439341267570853,915.6630249023438,17.442718505859375,0.00918118841946125,918.7278442382812,0.5267486572265625,0.006353790871798992,873.841552734375,51.73388671875,0.05666237324476242,911.4007568359375,50.40655517578125,0.04160630330443382,858.9691772460938,111.32569885253906,0.08165530860424042,867.2018432617188,82.89060974121094,0.06400522589683533,970.0361938476562,83.07710266113281,0.8164762258529663,933.4274291992188,86.22354125976562,0.7849748134613037,1008.3768920898438,488.9457092285156,0.9760580658912659,883.8113403320312,479.8055725097656,0.9691358208656311,1309.9517822265625,728.1348266601562,0.9825451374053955,918.901611328125,822.9204711914062,0.9801934361457825
71,2366,867.2100219726562,75.55366516113281,0.004250756464898586,869.763427734375,58.47633361816406,0.004271768033504486,863.7262573242188,70.08682250976562,0.0021864811424165964,897.6022338867188,43.32737731933594,0.007082871161401272,882.2861938476562,63.74336242675781,0.002006636466830969,903.4006958007812,3.8604583740234375,0.007669713813811541,914.9650268554688,0.0,0.013465847820043564,865.8986206054688,34.94073486328125,0.05459587275981903,919.737548828125,30.648513793945312,0.11816312372684479,863.33203125,98.30866241455078,0.09379421919584274,873.1011352539062,88.41703033447266,0.16386014223098755,967.402099609375,102.46774291992188,0.8486568331718445,939.99169921875,109.72824096679688,0.8784904479980469,967.6497802734375,491.291748046875,0.9740577936172485,884.1854248046875,483.3567810058594,0.9773651957511902,1282.4168701171875,720.8876342773438,0.97525554895401,969.4735717773438,825.6458740234375,0.9781050086021423
72,2400,860.8829956054688,79.11607360839844,0.003936270717531443,863.6260986328125,62.24908447265625,0.004442782606929541,857.2335815429688,75.09329223632812,0.00212660594843328,894.628662109375,47.97404479980469,0.009771549142897129,882.7362670898438,70.02603149414062,0.0025131255388259888,899.058349609375,9.06463623046875,0.009963197633624077,925.2477416992188,0.0,0.014899692498147488,873.5941772460938,35.70643615722656,0.05052025243639946,897.8701782226562,38.83827209472656,0.09125488996505737,868.7494506835938,109.0257339477539,0.06760367006063461,862.3641357421875,97.37544250488281,0.10736064612865448,965.4891357421875,111.10400390625,0.8464299440383911,961.2360229492188,119.09751892089844,0.8675292730331421,935.9852294921875,489.0452575683594,0.9711179137229919,906.4874877929688,497.3270263671875,0.9733709096908569,1244.9122314453125,720.9307250976562,0.974465548992157,1008.1165161132812,832.6005249023438,0.9753257632255554
73,2433,809.0839233398438,32.869468688964844,0.025492781773209572,810.3666381835938,13.599357604980469,0.03196524456143379,806.3536987304688,30.204849243164062,0.011874893680214882,852.1346435546875,1.9275741577148438,0.07116887718439102,859.0408325195312,29.199485778808594,0.010862846858799458,870.1272583007812,0.936492919921875,0.0775679498910904,947.12939453125,0.0,0.07414574176073074,857.68505859375,36.93992614746094,0.10135038197040558,921.2413330078125,41.1954345703125,0.12253427505493164,851.3087768554688,71.32575988769531,0.08152823150157928,865.6588134765625,93.01510620117188,0.10744155943393707,976.8766479492188,126.87519836425781,0.9093899726867676,1016.1630859375,125.08222961425781,0.9108331799507141,887.9156494140625,488.18902587890625,0.9772597551345825,920.26904296875,494.3753662109375,0.9781558513641357,1192.8980712890625,712.6483764648438,0.97911536693573,1027.410888671875,828.5057373046875,0.9792936444282532
74,2466,787.3773803710938,46.832611083984375,0.003462345339357853,790.3554077148438,30.595504760742188,0.00412183441221714,790.4500732421875,48.02666473388672,0.0013200154062360525,837.2151489257812,23.077102661132812,0.02840418368577957,859.909423828125,47.223541259765625,0.00427157711237669,846.4655151367188,0.6237716674804688,0.06882208585739136,954.1129760742188,0.0,0.03197496756911278,807.0709228515625,11.315322875976562,0.20175911486148834,910.800537109375,30.18603515625,0.0826415941119194,848.2218017578125,15.026687622070312,0.15695202350616455,862.1153564453125,51.3328857421875,0.07300607860088348,968.2047729492188,108.01762390136719,0.9295052289962769,1037.0565185546875,104.02125549316406,0.8984407186508179,885.6698608398438,482.6478271484375,0.9818284511566162,979.0838012695312,479.6986389160156,0.9709882140159607,1114.2718505859375,763.257568359375,0.9722139239311218,1096.1142578125,779.6671142578125,0.9635329842567444
75,2500,851.1187133789062,85.58006286621094,0.0021424824371933937,850.956298828125,68.48556518554688,0.0025882229674607515,850.3953247070312,86.69686889648438,0.00119704008102417,876.3261108398438,50.53788757324219,0.01698589138686657,889.831787109375,80.61534118652344,0.0040381657890975475,878.4466552734375,7.338981628417969,0.01903369091451168,958.4000244140625,0.7500228881835938,0.02448265813291073,859.6818237304688,35.514495849609375,0.051154859364032745,926.4781494140625,45.848854064941406,0.07451111823320389,867.6884765625,98.47107696533203,0.04476853087544441,869.6373291015625,97.73600006103516,0.060607798397541046,971.5703125,91.37155151367188,0.8708934187889099,1031.4940185546875,93.07987976074219,0.8825435042381287,871.4647216796875,469.0888671875,0.974958598613739,1003.9815673828125,482.93035888671875,0.9755553007125854,1078.609130859375,771.9920654296875,0.9742749929428101,1145.36767578125,815.6923828125,0.9739930629730225
76,2533,865.0560302734375,71.61339569091797,0.0026025872211903334,863.1282348632812,51.75604248046875,0.0030446143355220556,867.9276123046875,70.190185546875,0.0013512482400983572,888.2982788085938,34.60285949707031,0.015181788243353367,922.3204345703125,64.28315734863281,0.0035988001618534327,890.768798828125,0.8291244506835938,0.014493570663034916,1005.561767578125,0.0,0.018964776769280434,897.3057861328125,50.36970520019531,0.04551049321889877,976.5018920898438,49.86305236816406,0.06839621067047119,909.597900390625,104.52740478515625,0.05707067251205444,899.8494873046875,81.70408630371094,0.07527458667755127,965.1458740234375,85.48260498046875,0.8310713171958923,1056.51953125,82.77836608886719,0.8462784290313721,865.0309448242188,458.56671142578125,0.9759871959686279,1035.9508056640625,469.3876037597656,0.9764635562896729,1010.5661010742188,800.4796752929688,0.9773119688034058,1181.364501953125,812.1796875,0.9769416451454163
77,2566,919.4478759765625,81.04078674316406,0.005867996718734503,918.0115966796875,54.44036865234375,0.005360618233680725,916.7177734375,68.62504577636719,0.003191172145307064,924.9439086914062,39.53418731689453,0.01221427507698536,945.937744140625,63.060699462890625,0.003908410202711821,905.8890991210938,0.0,0.016636962071061134,1004.7138671875,0.0,0.01374787837266922,897.1094970703125,62.842323303222656,0.07007856667041779,957.189208984375,52.68763732910156,0.07085280865430832,905.3157348632812,111.75684356689453,0.1331259310245514,886.5641479492188,87.03776550292969,0.15418080985546112,970.3892822265625,89.68116760253906,0.8149902820587158,1054.6883544921875,92.52662658691406,0.7904489636421204,864.9522094726562,440.1667175292969,0.9777727723121643,1057.9749755859375,458.36224365234375,0.9714194536209106,928.9730224609375,816.0919189453125,0.9780319333076477,1217.6859130859375,787.4600830078125,0.9743760228157043
78,2600,924.7453002929688,90.30624389648438,0.004332635086029768,920.5741577148438,67.06709289550781,0.003729332936927676,922.2977294921875,78.16104125976562,0.0020454367622733116,926.9436645507812,51.079833984375,0.007680575363337994,956.7384033203125,68.55118560791016,0.0026395770255476236,917.107421875,13.06329345703125,0.01167592778801918,1009.2544555664062,7.4944610595703125,0.009935855865478516,909.5799560546875,61.4498291015625,0.07529935985803604,961.912353515625,48.5009765625,0.06781456619501114,910.7650146484375,104.51898193359375,0.18256382644176483,893.4517822265625,88.29295349121094,0.17580915987491608,971.723876953125,61.85655212402344,0.8044179081916809,1055.065673828125,60.12062072753906,0.7748110294342041,886.2302856445312,444.9354248046875,0.9819285869598389,1079.358154296875,454.2136535644531,0.9751062393188477,864.4783325195312,828.6791381835938,0.9837759137153625,1246.923828125,770.8331909179688,0.9796897172927856
79,2633,924.2159423828125,86.94573211669922,0.004480740055441856,924.08154296875,63.65721130371094,0.00423566997051239,918.78662109375,71.86402130126953,0.002073112176731229,939.7880859375,53.04364013671875,0.007028524298220873,942.9730834960938,65.76457214355469,0.002124268561601639,943.240234375,20.801284790039062,0.009129315614700317,974.6435546875,14.784622192382812,0.006763008423149586,933.8007202148438,64.83485412597656,0.06325270980596542,937.4978637695312,49.79136657714844,0.04936593398451805,921.27099609375,94.78994750976562,0.17143185436725616,888.3146362304688,74.80508422851562,0.1510946899652481,989.6380615234375,54.136322021484375,0.7776508331298828,1031.2698974609375,53.804168701171875,0.7329668998718262,895.4705200195312,438.0677795410156,0.9827585816383362,1064.4521484375,447.48797607421875,0.9740594625473022,840.2510986328125,834.1787719726562,0.9858298897743225,1265.1934814453125,755.230224609375,0.9811733365058899
80,2666,897.7234497070312,77.02722930908203,0.003359587863087654,904.0496215820312,53.16730499267578,0.0036651743575930595,894.141357421875,66.57774353027344,0.0016153359320014715,928.0471801757812,41.539306640625,0.00813309382647276,910.4491577148438,64.34209442138672,0.0020263781771063805,940.185302734375,0.9177703857421875,0.00677443016320467,940.7730712890625,0.0,0.00811085570603609,930.1563720703125,49.46495819091797,0.042765598744153976,918.3792114257812,41.93859100341797,0.05622611939907074,922.667236328125,95.4232406616211,0.10984154045581818,890.60986328125,81.86034393310547,0.13207870721817017,991.8078002929688,56.84596252441406,0.7505682706832886,1014.3065185546875,56.87022399902344,0.7514081597328186,886.0470581054688,441.8480529785156,0.9752635955810547,1038.2730712890625,445.7048034667969,0.9709606766700745,847.7449951171875,820.5730590820312,0.9773059487342834,1277.4171142578125,739.6506958007812,0.9739436507225037
81,2700,888.759765625,78.57765197753906,0.0034580163192003965,893.2831420898438,54.189971923828125,0.004029722884297371,888.1890258789062,68.79862976074219,0.0017409960273653269,916.494873046875,41.827789306640625,0.010105343535542488,912.2908325195312,66.50660705566406,0.0024268287234008312,919.4075317382812,1.114654541015625,0.007829033769667149,952.44140625,0.0,0.009312378242611885,919.5460205078125,48.303428649902344,0.04142018407583237,932.218017578125,41.61863708496094,0.053469814360141754,926.6206665039062,91.53160858154297,0.09056852012872696,891.83349609375,77.12677001953125,0.10772702842950821,981.6055908203125,61.84767150878906,0.7548639178276062,1018.4924926757812,59.201568603515625,0.7540763020515442,891.3380126953125,458.9148864746094,0.9741120934486389,1011.1989135742188,452.86846923828125,0.9686641097068787,888.086669921875,838.3546142578125,0.9761338233947754,1276.99951171875,722.9013061523438,0.9723366498947144
82,2733,900.730224609375,85.36811828613281,0.0034550484269857407,899.3541870117188,64.93006896972656,0.0036634509451687336,900.5995483398438,77.63813781738281,0.0017018017824739218,916.8056030273438,50.116424560546875,0.008949480019509792,930.2725219726562,72.49598693847656,0.0022307487670332193,911.2377319335938,11.792678833007812,0.01030207984149456,969.104736328125,0.860321044921875,0.009904888458549976,907.4453125,59.90093994140625,0.05584957078099251,949.1961059570312,53.39263916015625,0.06093093752861023,901.3765869140625,104.34269714355469,0.10626808553934097,886.2636108398438,77.42083740234375,0.1263015866279602,973.6519775390625,88.201904296875,0.8238953351974487,1015.518310546875,89.60096740722656,0.8025988340377808,902.0092163085938,465.56781005859375,0.9824368953704834,990.5630493164062,483.92669677734375,0.9746604561805725,936.4008178710938,848.1617431640625,0.9864202737808228,1250.6558837890625,703.8849487304688,0.9821848273277283
83,2766,871.451904296875,78.44940948486328,0.0026226441841572523,877.0512084960938,60.09294891357422,0.0032713741529732943,870.9024047851562,74.78604125976562,0.001351098995655775,908.825927734375,43.546875,0.012031370773911476,888.5681762695312,69.3204574584961,0.0024105978664010763,925.3154907226562,9.363739013671875,0.010664789006114006,911.7407836914062,0.0,0.014974639751017094,909.4714965820312,58.91436767578125,0.04592482000589371,902.6556396484375,52.221885681152344,0.07416392862796783,889.0169677734375,109.24021911621094,0.06770505756139755,866.7543334960938,95.85997009277344,0.10139837116003036,978.12158203125,103.111083984375,0.8643707036972046,971.0597534179688,100.10243225097656,0.8722385764122009,901.58935546875,482.6665954589844,0.9825997352600098,954.8511352539062,482.549560546875,0.9793835282325745,967.843017578125,855.3944091796875,0.9832725524902344,1219.0333251953125,703.6024780273438,0.9813644289970398
84,2800,822.2517700195312,57.28733825683594,0.003142634406685829,828.1521606445312,40.32023620605469,0.003430020995438099,821.8229370117188,58.97941589355469,0.0012848280603066087,868.2835693359375,25.47942352294922,0.01252856943756342,849.001708984375,58.150634765625,0.0023463100660592318,883.4251708984375,0.0,0.024298662319779396,883.443603515625,0.0,0.017993690446019173,809.5193481445312,9.609146118164062,0.14037013053894043,828.756103515625,20.273208618164062,0.09637581557035446,846.2047119140625,12.639083862304688,0.1889476478099823,834.5297241210938,30.946426391601562,0.14482149481773376,987.9625854492188,107.97431945800781,0.9289152026176453,979.9677124023438,108.09356689453125,0.9103761315345764,909.4827270507812,495.3126525878906,0.9892644286155701,945.6103515625,484.12152099609375,0.9827892184257507,1023.6207885742188,855.7174072265625,0.9852541089057922,1187.5799560546875,715.8527221679688,0.98099684715271
85,2833,804.3960571289062,47.178131103515625,0.04710729420185089,804.769775390625,24.80321502685547,0.06352661550045013,799.068115234375,43.546417236328125,0.016317863017320633,843.029296875,3.9689712524414062,0.11930617690086365,829.2325439453125,41.70135498046875,0.009906665422022343,887.8628540039062,0.0,0.08621037006378174,891.3756103515625,0.0,0.121541827917099,878.206787109375,29.165176391601562,0.1169106662273407,917.253662109375,38.73802185058594,0.19403618574142456,861.8977661132812,48.986663818359375,0.12308201193809509,865.6502075195312,64.61563110351562,0.18750494718551636,1003.1787109375,120.23735046386719,0.9122369289398193,988.8607788085938,118.26644897460938,0.9248796105384827,934.4420166015625,502.1351623535156,0.9830958843231201,895.5133666992188,465.4512634277344,0.9816885590553284,1071.916259765625,843.463623046875,0.9765892624855042,1136.6806640625,696.650634765625,0.978298008441925
86,2866,804.98828125,42.1842041015625,0.005403162445873022,810.9769287109375,21.784629821777344,0.00746168801560998,804.6009521484375,39.92449951171875,0.0017950107576325536,860.4672241210938,11.175636291503906,0.03762220963835716,837.646728515625,43.704986572265625,0.003050384344533086,894.2347412109375,0.0,0.05560503900051117,878.2523803710938,0.0,0.034469444304704666,825.3812255859375,18.919967651367188,0.17028748989105225,866.4161376953125,26.180831909179688,0.10165813565254211,835.7316284179688,20.5865478515625,0.1560630351305008,832.6854858398438,19.458709716796875,0.10200992226600647,1001.1578979492188,119.07174682617188,0.907812237739563,962.9580688476562,115.81434631347656,0.8828392624855042,971.1705932617188,504.61651611328125,0.9757786393165588,865.1182861328125,457.58929443359375,0.9616272449493408,1096.07080078125,831.0474853515625,0.958267867565155,1087.3853759765625,696.17919921875,0.9514287114143372
87,2900,841.846435546875,57.5189208984375,0.0018216416938230395,844.936767578125,36.33050537109375,0.0025532112922519445,840.9393920898438,53.146820068359375,0.0008460414246656001,881.2899169921875,25.721694946289062,0.017277946695685387,868.5985717773438,56.676475524902344,0.0023382205981761217,906.328857421875,0.0,0.021389616653323174,899.1202392578125,0.0,0.017624925822019577,854.584716796875,14.325531005859375,0.07166880369186401,917.6187744140625,28.373565673828125,0.06184248998761177,888.0195922851562,27.77435302734375,0.055714186280965805,886.6336669921875,54.696624755859375,0.047435417771339417,1002.7235107421875,105.409423828125,0.8903488516807556,960.6405639648438,107.45333862304688,0.8796636462211609,1020.7256469726562,490.6890563964844,0.9773858785629272,859.9830322265625,448.58294677734375,0.9696497917175293,1175.2532958984375,841.3812255859375,0.9698306918144226,1031.5355224609375,750.1681518554688,0.9688336253166199
88,2933,872.663330078125,77.25617980957031,0.002162677003070712,876.1179809570312,53.13153076171875,0.0028652178589254618,869.4497680664062,68.07048797607422,0.0013146080309525132,907.7139282226562,39.09056854248047,0.01493041217327118,884.3494873046875,67.51583862304688,0.0032426249235868454,936.958984375,8.946121215820312,0.012122955173254013,904.291259765625,5.19854736328125,0.022110266610980034,907.5172729492188,49.32799530029297,0.02930491790175438,937.7931518554688,52.90470886230469,0.07351389527320862,908.3342895507812,108.27129364013672,0.023616010323166847,891.7512817382812,105.28257751464844,0.04777975007891655,1008.7987670898438,96.39797973632812,0.8363026976585388,948.2991943359375,99.74482727050781,0.8743482232093811,1051.4906005859375,473.9761047363281,0.9681751132011414,852.8760375976562,436.3991394042969,0.9709165096282959,1201.993896484375,824.3694458007812,0.965789794921875,963.2796630859375,755.1721801757812,0.9728459119796753
89,2966,915.7029418945312,72.60303497314453,0.006451882421970367,921.5751953125,50.667022705078125,0.007856952026486397,911.031005859375,63.1149787902832,0.004393362440168858,945.8670043945312,41.55381774902344,0.018952688202261925,912.8992309570312,60.7928352355957,0.006113233044743538,947.0074462890625,15.13494873046875,0.029356367886066437,928.723388671875,2.3968276977539062,0.014966411516070366,901.0862426757812,58.567474365234375,0.078057661652565,929.5313110351562,48.171112060546875,0.04200481250882149,879.8679809570312,117.09956359863281,0.06740620732307434,898.2297973632812,109.70853424072266,0.04410995915532112,1023.1792602539062,95.94632720947266,0.8150857090950012,963.7651977539062,91.60221862792969,0.762230396270752,1083.6376953125,452.7704772949219,0.9608190059661865,861.730224609375,437.6999816894531,0.9430970549583435,1241.8267822265625,796.7113037109375,0.9526878595352173,886.1426391601562,782.797119140625,0.9407506585121155
90,3000,903.0430297851562,92.97079467773438,0.00422321492806077,906.4630737304688,71.07687377929688,0.005071883089840412,894.2933959960938,79.0858383178711,0.002211010782048106,934.705322265625,60.05140686035156,0.00911650899797678,897.0460205078125,73.19634246826172,0.0021000795532017946,946.2869262695312,37.64886474609375,0.011241644620895386,916.1802978515625,23.25897216796875,0.007620918098837137,880.0379028320312,90.45112609863281,0.05595612898468971,940.0518188476562,80.00701904296875,0.038685817271471024,832.6038208007812,135.60433959960938,0.07119843363761902,855.684814453125,145.28228759765625,0.0524413026869297,1023.8969116210938,74.0570068359375,0.8384848237037659,952.9099731445312,73.08384704589844,0.811468243598938,1090.808837890625,453.8760681152344,0.9825356006622314,874.5042114257812,440.4802551269531,0.9757022857666016,1279.0821533203125,787.5479736328125,0.9870147705078125,856.4320678710938,795.9710083007812,0.9853062629699707
91,3033,915.5059814453125,91.87227630615234,0.004947333130985498,919.2496948242188,69.5368423461914,0.005536529701203108,906.8033447265625,77.31642150878906,0.0025948367547243834,946.0986938476562,57.49163818359375,0.007414869964122772,908.647705078125,70.16697692871094,0.0019938242621719837,945.42333984375,37.8526611328125,0.008905199356377125,933.1564331054688,20.994873046875,0.006574110593646765,863.7105102539062,91.76783752441406,0.053976550698280334,955.2235107421875,73.31597900390625,0.04046104848384857,794.527099609375,130.64735412597656,0.08133192360401154,891.266845703125,109.5908203125,0.06389406323432922,1016.2277221679688,68.63053894042969,0.8111432790756226,955.3931274414062,67.72572326660156,0.7864475250244141,1087.4395751953125,449.9209899902344,0.9812905192375183,881.1421508789062,440.2189636230469,0.9749078154563904,1305.2254638671875,773.6932983398438,0.9867776036262512,842.8282470703125,800.9710693359375,0.9851800203323364
92,3066,934.040771484375,74.68444061279297,0.008504392579197884,934.8281860351562,56.41841125488281,0.006959905382245779,922.3447875976562,64.15232849121094,0.004469695501029491,951.1717529296875,45.34698486328125,0.005644979886710644,915.2833251953125,57.30303955078125,0.0025199553929269314,944.3591918945312,20.13812255859375,0.012296696193516254,943.9547119140625,3.032684326171875,0.007362350355833769,886.8653564453125,75.77664184570312,0.09814362227916718,939.1930541992188,60.59033203125,0.05711403489112854,829.6561889648438,109.55992126464844,0.17788219451904297,873.6965942382812,83.71408081054688,0.1231796070933342,1010.338134765625,81.82351684570312,0.817586362361908,958.4829711914062,76.05702209472656,0.7694928050041199,1071.1051025390625,451.15447998046875,0.9794859886169434,880.6774291992188,445.2040100097656,0.9699772000312805,1315.6005859375,759.9580688476562,0.9837876558303833,864.076171875,797.6078491210938,0.9795877933502197
93,3100,897.5068969726562,92.95431518554688,0.005163190420717001,899.14306640625,72.21524047851562,0.005350135732442141,889.5352172851562,80.62408447265625,0.0028788105119019747,921.7044677734375,59.20445251464844,0.005776643753051758,894.5266723632812,73.52519989013672,0.0017925697611644864,923.7843017578125,29.620330810546875,0.005832388065755367,923.8116455078125,13.396820068359375,0.006598088890314102,886.1235961914062,67.4630126953125,0.0411580353975296,939.424072265625,60.367950439453125,0.05659009516239166,853.1043701171875,130.96316528320312,0.0778786689043045,878.9119873046875,93.92330932617188,0.09994995594024658,990.480712890625,71.54425048828125,0.778016209602356,945.5125732421875,74.92813110351562,0.7851812839508057,1040.939208984375,472.0174560546875,0.9754921197891235,884.1273803710938,466.31048583984375,0.9736621975898743,1320.3560791015625,741.787353515625,0.9835431575775146,901.3030395507812,816.8922729492188,0.9834316372871399
94,3133,896.5872802734375,87.98272705078125,0.002334506018087268,902.2615966796875,70.05024719238281,0.0032273123506456614,890.4069213867188,80.83992004394531,0.0015281571540981531,925.5231323242188,53.373138427734375,0.00877657812088728,890.2994384765625,72.06060791015625,0.0018999692983925343,917.30712890625,14.506576538085938,0.005759197752922773,906.7922973632812,0.0,0.006220599636435509,855.5095825195312,52.36530303955078,0.0239019263535738,912.7846069335938,44.19438171386719,0.03441968932747841,837.3356323242188,128.67747497558594,0.026361428201198578,874.216064453125,100.4502182006836,0.037771668285131454,977.7423706054688,90.84397888183594,0.7508674263954163,931.8297729492188,97.29158020019531,0.7635445594787598,1002.5156860351562,484.9673767089844,0.9590141773223877,893.8760375976562,480.1742248535156,0.9587799906730652,1307.422119140625,724.3530883789062,0.9697298407554626,942.3507080078125,812.2857055664062,0.9708569645881653
95,3166,857.6730346679688,73.30641174316406,0.003576606046408415,858.4041137695312,56.88194274902344,0.003913187421858311,855.30126953125,68.84994506835938,0.0018774287309497595,883.7371215820312,41.67054748535156,0.010263742879033089,880.334716796875,62.49181365966797,0.002585213864222169,886.7115478515625,3.39239501953125,0.012005121447145939,916.489013671875,0.0,0.01723153330385685,851.929931640625,30.774993896484375,0.05842529982328415,903.3678588867188,33.799896240234375,0.09897026419639587,862.2154541015625,111.88394165039062,0.07031041383743286,862.9671020507812,108.18944549560547,0.10573630779981613,967.9746704101562,108.09819030761719,0.8740461468696594,958.5670166015625,117.63194274902344,0.8902074098587036,959.2901000976562,485.624755859375,0.9752109050750732,901.2254028320312,487.8328857421875,0.9765298366546631,1274.25439453125,719.0137939453125,0.9761556386947632,996.5089111328125,827.4614868164062,0.9771949648857117
96,3200,856.4241943359375,68.9762191772461,0.004177641123533249,856.9462280273438,54.682891845703125,0.004112170543521643,852.5420532226562,67.32037353515625,0.0018854502122849226,880.6083984375,39.46337127685547,0.009685594588518143,875.8905639648438,61.88628387451172,0.002457469468936324,880.7020263671875,1.2595596313476562,0.019305242225527763,915.3243408203125,0.0,0.01848672702908516,843.0990600585938,23.562286376953125,0.12528665363788605,880.403564453125,41.26268005371094,0.12317924201488495,884.5457153320312,61.60130310058594,0.16322186589241028,868.6549682617188,102.51576232910156,0.16253487765789032,971.6598510742188,118.19229125976562,0.9105361104011536,972.5623168945312,127.91992950439453,0.9037139415740967,935.2535400390625,490.48590087890625,0.9803324937820435,918.4367065429688,502.2352294921875,0.9773299694061279,1228.6231689453125,713.3924560546875,0.9780036211013794,1027.390869140625,824.27734375,0.9750800728797913
97,3233,862.3255004882812,83.21278381347656,0.005159155465662479,862.4066162109375,66.28921508789062,0.005022474564611912,861.195556640625,81.56055450439453,0.0023050704039633274,890.7091064453125,46.902076721191406,0.012002259492874146,906.3876953125,70.55516052246094,0.0028707103338092566,876.265380859375,13.342117309570312,0.024686424061655998,991.4263916015625,0.0,0.020298311486840248,844.1708374023438,41.75569152832031,0.15045544505119324,915.2408447265625,50.38195037841797,0.13264821469783783,851.3551025390625,37.35008239746094,0.21319587528705597,859.4000244140625,43.661041259765625,0.20997415482997894,969.6627197265625,114.73471069335938,0.9000160694122314,1038.1409912109375,110.72698974609375,0.8868694305419922,881.8729858398438,491.6613464355469,0.9780411124229431,942.2598876953125,492.1086730957031,0.9752530455589294,1184.521728515625,707.8585205078125,0.9768936038017273,1043.9305419921875,824.5195922851562,0.9742190837860107
98,3266,809.5279541015625,46.63664245605469,0.006791523192077875,809.7076416015625,29.00566864013672,0.0074381278827786446,814.334716796875,45.54320526123047,0.002591639757156372,850.8468017578125,16.376358032226562,0.04120868071913719,890.2911987304688,39.77604675292969,0.007520155981183052,857.1724243164062,1.2650070190429688,0.09999801963567734,992.9266357421875,0.0,0.05855710431933403,820.91748046875,28.633438110351562,0.22657868266105652,938.6610717773438,35.97642517089844,0.11753250658512115,826.7371826171875,15.499557495117188,0.1716063767671585,844.939697265625,20.120315551757812,0.0980645939707756,968.5084228515625,111.088623046875,0.9262108206748962,1060.4775390625,105.24728393554688,0.9033457040786743,885.4384155273438,479.53179931640625,0.9792735576629639,992.154052734375,480.1919860839844,0.9702546000480652,1110.8690185546875,747.0363159179688,0.968151330947876,1108.5567626953125,780.2742919921875,0.9596832990646362
99,3300,854.5679321289062,73.4465560913086,0.0031127005349844694,853.7208862304688,56.21216583251953,0.003933079075068235,856.2083129882812,74.79901885986328,0.0013838381273671985,881.0465698242188,39.252777099609375,0.021440722048282623,911.051513671875,68.39511108398438,0.0035003749653697014,860.8599243164062,0.0,0.04531805217266083,980.975341796875,0.0,0.014962799847126007,786.4376831054688,16.171279907226562,0.1732313185930252,892.0574340820312,25.084121704101562,0.04751599580049515,844.7594604492188,9.840682983398438,0.1692960560321808,855.325927734375,30.62640380859375,0.06418381631374359,968.3037109375,101.25910949707031,0.9144183397293091,1054.430419921875,98.77748107910156,0.8546295762062073,846.8613891601562,460.11529541015625,0.9836527109146118,1010.9934692382812,470.91448974609375,0.9706552028656006,1071.7884521484375,775.6585693359375,0.9810845851898193,1165.53369140625,810.4277954101562,0.9721065759658813
100,3333,864.5733642578125,63.864349365234375,0.002952597104012966,862.5883178710938,45.13751220703125,0.003077831119298935,867.106201171875,62.54340362548828,0.0015244160313159227,883.77197265625,29.506622314453125,0.01456512976437807,917.2783813476562,57.8785400390625,0.004073500167578459,887.029052734375,0.0,0.015649251639842987,997.232177734375,0.0,0.025253456085920334,892.1303100585938,52.71906280517578,0.04951091855764389,974.7911376953125,55.298927307128906,0.09550672024488449,901.6304321289062,124.63488006591797,0.06626126170158386,891.1928100585938,104.26789855957031,0.10908704996109009,965.4395141601562,89.82948303222656,0.8396223187446594,1054.300537109375,88.94036865234375,0.8654590249061584,862.5750732421875,454.46392822265625,0.974901020526886,1041.6551513671875,471.13067626953125,0.9774956703186035,1001.5341796875,790.7955932617188,0.9754601120948792,1199.780517578125,808.1679077148438,0.976042628288269
101,3366,905.9234619140625,80.6766357421875,0.005630916450172663,902.2108764648438,60.173789978027344,0.004592134617269039,903.6771850585938,72.57962036132812,0.00245031644590199,914.3538818359375,45.04302978515625,0.008098355494439602,942.579345703125,64.38690948486328,0.0027015320956707,908.2033081054688,5.9669952392578125,0.014612408354878426,999.7566528320312,1.6025390625,0.01264936663210392,905.3485717773438,55.6871337890625,0.10391563922166824,962.0010375976562,50.328277587890625,0.09432046860456467,906.886474609375,97.40785217285156,0.2539741098880768,896.3084106445312,83.60568237304688,0.24637669324874878,970.3811645507812,70.58441162109375,0.8162575960159302,1050.249755859375,69.13838195800781,0.7889487743377686,879.4642333984375,437.8551940917969,0.9800924062728882,1063.7413330078125,454.0320739746094,0.973168671131134,910.0856323242188,821.2738037109375,0.9809811115264893,1236.003173828125,774.1516723632812,0.9764454960823059
102,3400,917.2974853515625,96.18354034423828,0.004901121836155653,914.6463012695312,72.95896911621094,0.004241178277879953,912.7040405273438,83.80071258544922,0.0024023856967687607,923.4171752929688,58.629180908203125,0.007805460132658482,940.383056640625,76.34017181396484,0.0028793648816645145,918.3942260742188,18.80328369140625,0.011636770330369473,986.7973022460938,16.244338989257812,0.010028121061623096,911.6753540039062,61.921783447265625,0.07175743579864502,948.427978515625,52.696746826171875,0.06682237982749939,908.9818725585938,96.76171875,0.17600220441818237,889.3211669921875,78.44412231445312,0.1761292964220047,974.7409057617188,60.43231201171875,0.7972453832626343,1042.1397705078125,60.911773681640625,0.7684836983680725,886.760986328125,440.0235900878906,0.9814342260360718,1072.689208984375,451.38116455078125,0.974506676197052,854.5720825195312,819.9108276367188,0.983758807182312,1257.3707275390625,758.1520385742188,0.9796501398086548
103,3433,919.3960571289062,93.7360610961914,0.005598535295575857,918.5361938476562,71.94046783447266,0.004798358306288719,914.390869140625,80.64937591552734,0.0023756667505949736,933.6198120117188,59.2811279296875,0.006248053163290024,939.0957641601562,72.85924530029297,0.0019517292967066169,934.1494140625,17.638595581054688,0.009881478734314442,972.3043212890625,13.241409301757812,0.007442864589393139,926.3844604492188,53.112579345703125,0.09148513525724411,937.1089477539062,46.77818298339844,0.07107149809598923,911.7491455078125,84.03630065917969,0.27358487248420715,885.7342529296875,72.98561096191406,0.245446115732193,982.3356323242188,59.52635192871094,0.8050771951675415,1027.2381591796875,60.25584411621094,0.7618120312690735,892.8587036132812,438.5992126464844,0.984289824962616,1061.1697998046875,451.4093933105469,0.9759819507598877,842.622314453125,823.6505126953125,0.9860596656799316,1269.7752685546875,741.7257080078125,0.9812275171279907
104,3466,888.1632080078125,83.07625579833984,0.006099891383200884,890.2999877929688,58.996490478515625,0.005530714523047209,884.6669921875,70.98568725585938,0.002652376890182495,909.8140869140625,44.554229736328125,0.008845243602991104,908.1157836914062,64.45559692382812,0.0027056976687163115,912.8757934570312,0.0,0.011239626444876194,949.7129516601562,0.0,0.013274380005896091,909.3798217773438,45.8389892578125,0.07639336585998535,926.0963745117188,46.60670471191406,0.08991658687591553,901.4357299804688,94.53240966796875,0.19726072251796722,880.4859008789062,81.12771606445312,0.2161252647638321,977.21728515625,64.73089599609375,0.793523907661438,1015.5055541992188,63.19569396972656,0.7866351008415222,885.6659545898438,457.2347717285156,0.9791529774665833,1003.493408203125,459.5066833496094,0.9728440046310425,884.7656860351562,842.6035766601562,0.9803422093391418,1258.9130859375,715.3787231445312,0.97632896900177
105,3500,894.30029296875,90.07305908203125,0.003888125764206052,893.58251953125,70.89997100830078,0.003840596415102482,893.1842651367188,83.02127838134766,0.0018011350184679031,910.7296752929688,53.308135986328125,0.00787055678665638,919.4500122070312,74.46006774902344,0.0019936715252697468,904.395263671875,9.125289916992188,0.010635542683303356,955.9706420898438,0.0,0.010242016054689884,895.17919921875,58.893951416015625,0.07178095728158951,937.2378540039062,50.712982177734375,0.07784770429134369,883.4300537109375,103.70150756835938,0.15030014514923096,876.4109497070312,83.63946533203125,0.17979982495307922,965.430908203125,97.48663330078125,0.856284499168396,1002.2047119140625,98.62765502929688,0.8372159004211426,892.7721557617188,465.92889404296875,0.9860101938247681,980.1022338867188,485.93402099609375,0.9797062277793884,934.8693237304688,840.8446655273438,0.9889829754829407,1243.1339111328125,700.269287109375,0.9855301380157471
106,3533,836.1530151367188,66.24714660644531,0.002608171897009015,838.743896484375,49.00286865234375,0.0030264807865023613,839.5938720703125,65.40751647949219,0.0012107965303584933,871.611572265625,33.416656494140625,0.013605012558400631,879.16357421875,60.94276428222656,0.002593361074104905,878.9315185546875,0.0,0.015589719638228416,932.267578125,0.0,0.02017243579030037,841.1281127929688,31.516067504882812,0.06931634992361069,918.242431640625,39.33119201660156,0.10034976154565811,859.3475341796875,45.84251403808594,0.09266489744186401,869.7510375976562,81.07072448730469,0.13088293373584747,961.470947265625,115.18771362304688,0.9000074863433838,991.7474365234375,110.0753173828125,0.9032315611839294,893.3556518554688,488.98260498046875,0.9857419729232788,946.4544067382812,480.6640319824219,0.9827432632446289,970.623046875,839.968017578125,0.985113263130188,1210.690185546875,691.2506103515625,0.9832968711853027
107,3566,756.0147705078125,32.08168029785156,0.02046361193060875,760.4652709960938,10.18707275390625,0.02719765156507492,758.9880981445312,29.72010040283203,0.009096871130168438,809.9932861328125,0.24405670166015625,0.08731216937303543,814.5939331054688,30.28656005859375,0.012449394911527634,843.6251220703125,0.0,0.13322262465953827,897.9869995117188,0.0,0.07736215740442276,812.3928833007812,19.944923400878906,0.18218041956424713,887.220947265625,35.83509063720703,0.11243044584989548,820.4064331054688,33.983001708984375,0.14595310389995575,854.4537963867188,77.4576416015625,0.11819183826446533,980.7908935546875,132.73883056640625,0.9401944875717163,1006.0146484375,131.87759399414062,0.9204616546630859,896.2081298828125,493.8776550292969,0.9858493804931641,926.4911499023438,486.91033935546875,0.9772656559944153,1024.572509765625,845.3684692382812,0.9777637720108032,1179.5537109375,690.636474609375,0.9716795682907104
108,3600,786.5614624023438,42.489349365234375,0.1320406049489975,782.21630859375,21.192398071289062,0.20190350711345673,781.3167724609375,37.626983642578125,0.040671270340681076,810.1547241210938,0.0,0.3190068006515503,818.3768920898438,32.514404296875,0.015887979418039322,864.315673828125,0.0,0.17551743984222412,887.3276977539062,0.0,0.23269659280776978,880.887451171875,36.01881408691406,0.13653190433979034,922.9530639648438,45.747962951660156,0.2267124205827713,860.315185546875,96.26934814453125,0.12238967418670654,861.36279296875,92.3283462524414,0.1920190304517746,989.2201538085938,131.0668487548828,0.9189594388008118,987.820556640625,130.8456573486328,0.931665301322937,926.2386474609375,502.50054931640625,0.9814261198043823,892.7743530273438,467.93310546875,0.980610728263855,1069.6014404296875,829.6810913085938,0.9730589389801025,1125.2783203125,690.2757568359375,0.9759888052940369
109,3633,803.1357421875,34.89353942871094,0.019761424511671066,805.9111328125,13.063980102539062,0.030235273763537407,799.9427490234375,30.801956176757812,0.0065279738046228886,849.2871704101562,0.0,0.11102331429719925,834.24609375,33.78034973144531,0.0067091393284499645,889.2728271484375,0.0,0.08833589404821396,885.6480102539062,0.0,0.08754537999629974,848.4576416015625,22.577316284179688,0.12060460448265076,909.8704833984375,34.92887878417969,0.1362217366695404,846.208740234375,42.029754638671875,0.09610350430011749,865.3301391601562,87.53297424316406,0.10799311846494675,985.5882568359375,121.78614807128906,0.8889557719230652,957.333984375,119.27091979980469,0.889702320098877,962.7350463867188,500.32080078125,0.9681400060653687,864.2200927734375,459.8394470214844,0.9624542593955994,1101.518310546875,833.1507568359375,0.9498422741889954,1073.05419921875,733.53369140625,0.9510483741760254
110,3666,843.39208984375,73.7479248046875,0.0018245643004775047,846.8778076171875,52.447265625,0.0023097905796021223,840.5777587890625,68.04670715332031,0.0009685340919531882,881.7107543945312,36.88691711425781,0.012673710472881794,858.345947265625,65.98855590820312,0.002217034110799432,914.0678100585938,5.823692321777344,0.010685638524591923,879.1027221679688,0.0,0.022289667278528214,874.994384765625,44.477073669433594,0.03506674990057945,908.5979614257812,45.67517852783203,0.104854054749012,876.2493896484375,109.24454498291016,0.03519720956683159,867.8051147460938,105.33686828613281,0.0854581668972969,991.9581909179688,105.01872253417969,0.8600909113883972,934.0457153320312,106.04869079589844,0.8981882929801941,1004.809814453125,481.7996826171875,0.9725750684738159,849.064697265625,444.771240234375,0.9759909510612488,1160.51513671875,829.0462646484375,0.9688110947608948,1013.4395141601562,748.8662109375,0.9752886891365051
111,3700,864.0364990234375,80.78791809082031,0.0020772998686879873,869.0835571289062,59.207061767578125,0.002680292120203376,859.9867553710938,72.44746398925781,0.0013001317856833339,900.4469604492188,42.89250183105469,0.01428622379899025,869.3778076171875,67.44845581054688,0.003288342384621501,929.3035278320312,10.640762329101562,0.012345189228653908,884.2051391601562,2.5553512573242188,0.024260051548480988,897.2373657226562,56.049041748046875,0.029771985486149788,913.4046020507812,54.312652587890625,0.08297211676836014,887.7440185546875,117.55414581298828,0.023126447573304176,852.3448486328125,116.7568359375,0.05242949351668358,996.7529296875,100.90512084960938,0.8520774841308594,929.7232055664062,103.15269470214844,0.8908136487007141,1030.5372314453125,469.2217712402344,0.969741940498352,844.9228515625,436.04388427734375,0.9735263586044312,1192.665771484375,801.95166015625,0.968669056892395,945.4083251953125,750.6742553710938,0.9753795862197876
112,3733,904.673583984375,66.54663848876953,0.011974303051829338,908.93212890625,44.3433837890625,0.010777737945318222,899.6961059570312,56.337135314941406,0.0070005860179662704,925.8305053710938,34.97698974609375,0.014338444918394089,898.7135009765625,53.33557891845703,0.006066166330128908,920.8289794921875,8.722320556640625,0.031329695135354996,927.0993041992188,0.0,0.020013580098748207,864.8319091796875,56.528594970703125,0.13762567937374115,926.612060546875,39.20489501953125,0.09352930635213852,801.58154296875,111.27401733398438,0.18440590798854828,864.0161743164062,86.38380432128906,0.15351641178131104,1002.7548217773438,96.44258880615234,0.8201721906661987,957.091552734375,89.8117904663086,0.7821916341781616,1063.1021728515625,454.154296875,0.9597267508506775,852.7950439453125,439.405517578125,0.9453293681144714,1229.443603515625,789.859375,0.9420394897460938,876.232177734375,777.0606079101562,0.9301673173904419
113,3766,897.6024169921875,87.22437286376953,0.005651364102959633,899.0841064453125,67.69915008544922,0.005257382523268461,889.275390625,76.27125549316406,0.0027857793029397726,922.7096557617188,55.4146728515625,0.006319060456007719,893.8751831054688,69.34693908691406,0.0020133857615292072,928.034912109375,29.692840576171875,0.010270560160279274,927.3096313476562,12.597976684570312,0.00958024337887764,864.24267578125,78.5555419921875,0.0777052640914917,948.5836181640625,55.99974060058594,0.07848033308982849,805.4598999023438,116.71357727050781,0.13639144599437714,866.6423950195312,80.304931640625,0.13545556366443634,1001.0773315429688,76.07940673828125,0.8482407927513123,948.65576171875,71.63667297363281,0.8411433100700378,1063.21142578125,454.073486328125,0.9831960201263428,865.0391235351562,437.26904296875,0.9793661236763,1266.0933837890625,775.9974975585938,0.9860804677009583,835.5333251953125,789.1139526367188,0.9853797554969788
114,3800,908.5018310546875,89.88452911376953,0.007979949936270714,911.0722045898438,71.2789535522461,0.006445738486945629,897.6196899414062,78.6020278930664,0.0038732283283025026,934.8243408203125,60.65052795410156,0.004137937445193529,893.3404541015625,72.34977722167969,0.0016493878792971373,940.0115356445312,35.19026184082031,0.006687849760055542,919.1316528320312,16.863922119140625,0.008463842794299126,904.0045776367188,74.06877136230469,0.07507508248090744,929.9273681640625,55.47203063964844,0.10915317386388779,858.5469360351562,108.92335510253906,0.19438765943050385,867.0807495117188,88.00057983398438,0.24689531326293945,1000.0665893554688,74.6312255859375,0.8283077478408813,938.8614501953125,71.67453002929688,0.8375075459480286,1057.0762939453125,449.58892822265625,0.9830226302146912,865.8325805664062,438.29241943359375,0.9814212918281555,1277.318115234375,759.2352905273438,0.9869541525840759,837.9735717773438,791.2928466796875,0.9870147705078125
115,3833,902.7246704101562,82.17100524902344,0.0071939826011657715,903.6751708984375,64.09696197509766,0.00585122499614954,893.919677734375,72.054931640625,0.00345120532438159,925.2367553710938,52.453399658203125,0.0040026078931987286,896.3558959960938,65.1811752319336,0.0015209311386570334,926.7533569335938,21.576461791992188,0.006484228651970625,929.1077270507812,3.4033355712890625,0.0076667554676532745,901.808349609375,60.83221435546875,0.0778677761554718,933.5429077148438,50.36650085449219,0.10344672948122025,866.13818359375,107.08154296875,0.1986856311559677,868.2476806640625,85.39901733398438,0.23635412752628326,987.7321166992188,67.56312561035156,0.8229045271873474,944.09765625,66.31993103027344,0.8265547156333923,1037.5513916015625,460.4213562011719,0.981165885925293,869.8328247070312,451.99456787109375,0.9789182543754578,1295.3292236328125,745.458984375,0.9851065874099731,854.5215454101562,798.7172241210938,0.9847038984298706
116,3866,911.9954833984375,65.97482299804688,0.011505215428769588,920.061767578125,43.91404724121094,0.011642888188362122,904.2423706054688,54.21979522705078,0.007017354480922222,938.461181640625,33.100364685058594,0.012559802271425724,892.5525512695312,48.51848602294922,0.004773715510964394,921.6652221679688,12.820404052734375,0.02178451418876648,902.3795166015625,0.0,0.009746297262609005,874.210205078125,57.89726257324219,0.10458727180957794,891.9307861328125,40.78669738769531,0.04549000412225723,821.0557861328125,121.3059310913086,0.14842741191387177,858.7315063476562,98.44470977783203,0.08651360869407654,973.6119384765625,103.93013763427734,0.7698097229003906,924.18408203125,102.14048767089844,0.6932962536811829,993.5813598632812,466.7611083984375,0.9517689347267151,866.363525390625,466.8786926269531,0.9283646941184998,1279.7247314453125,738.3721313476562,0.9441455006599426,892.9861450195312,790.9563598632812,0.9279145002365112
117,3900,894.3692016601562,92.42708587646484,0.004652258474379778,895.8973999023438,78.1465072631836,0.004842129535973072,887.0887451171875,87.05596160888672,0.002115044044330716,917.7440185546875,61.349395751953125,0.005410527344793081,896.7677001953125,75.55986785888672,0.0012301484821364284,903.568603515625,15.938644409179688,0.008142377249896526,928.7902221679688,0.0,0.004731978755444288,863.9481811523438,37.08984375,0.09220641106367111,897.653564453125,45.673919677734375,0.05098207667469978,840.782958984375,95.09330749511719,0.1829296350479126,847.1920776367188,91.38066101074219,0.11866632848978043,960.1828002929688,92.45072937011719,0.827893853187561,944.5075073242188,92.72122192382812,0.7792081832885742,960.1463012695312,494.1820983886719,0.9780862927436829,882.566162109375,482.1639404296875,0.9689396023750305,1278.4193115234375,723.950927734375,0.9830366969108582,926.0934448242188,822.052978515625,0.9795754551887512
118,3933,838.1255493164062,67.89262390136719,0.0034670820459723473,841.6036376953125,53.06151580810547,0.0043000224977731705,835.1185913085938,65.67832946777344,0.0017495978390797973,875.0187377929688,37.93556213378906,0.011823244392871857,861.2318115234375,59.489044189453125,0.002290349220857024,886.666259765625,2.362060546875,0.01329480018466711,899.531494140625,0.0,0.013766252435743809,850.3250122070312,25.333877563476562,0.06222698837518692,884.350341796875,29.82476806640625,0.07321015000343323,855.2616577148438,67.62625122070312,0.06827427446842194,850.1732177734375,73.04141235351562,0.07702568918466568,961.8155517578125,116.76434326171875,0.8795755505561829,944.2369995117188,123.1922378540039,0.8812546133995056,928.071533203125,490.3266296386719,0.9774736166000366,883.8264770507812,489.0997314453125,0.9760891795158386,1235.2838134765625,712.5524291992188,0.9798930883407593,970.7880249023438,818.1824951171875,0.9794681668281555
119,3966,818.0971069335938,62.42486572265625,0.11236225068569183,818.9013671875,43.695831298828125,0.13068701326847076,812.5457153320312,57.881011962890625,0.03610244020819664,856.9091186523438,17.9161376953125,0.1323872059583664,850.2191772460938,46.023902893066406,0.013016549870371819,887.9773559570312,7.389862060546875,0.18010428547859192,917.5399169921875,2.10443115234375,0.14774282276630402,879.4337768554688,31.400299072265625,0.3010942339897156,910.556396484375,45.75169372558594,0.25149908661842346,846.4288330078125,34.337310791015625,0.30952319502830505,845.5263671875,42.60575866699219,0.2711513340473175,970.5218505859375,142.08651733398438,0.9472223520278931,975.4345703125,147.65736389160156,0.9402794241905212,902.4591674804688,494.5538635253906,0.9853436350822449,897.3169555664062,501.77984619140625,0.9826022386550903,1187.7017822265625,706.5347900390625,0.9806308150291443,1004.3516845703125,807.8369750976562,0.9783608913421631
120,4000,844.7666625976562,75.1435546875,0.004544288385659456,845.3181762695312,61.35857391357422,0.0036815213970839977,845.0973510742188,75.27802276611328,0.0014627916971221566,879.157470703125,46.63005065917969,0.007924986071884632,901.3651123046875,67.4461669921875,0.0017207838827744126,880.1365966796875,7.662506103515625,0.0215451680123806,1000.1297607421875,0.0,0.02505750022828579,864.1557006835938,28.001861572265625,0.23511342704296112,971.2841186523438,40.281005859375,0.27155473828315735,832.4537353515625,35.24812316894531,0.4113176465034485,847.7653198242188,46.32948303222656,0.45795270800590515,957.9702758789062,130.02053833007812,0.9240075349807739,1024.3994140625,126.0871353149414,0.925654947757721,880.2259521484375,489.130126953125,0.9830748438835144,928.4379272460938,491.6042175292969,0.9823938608169556,1132.5296630859375,717.1827392578125,0.9775834083557129,1028.7216796875,814.3356323242188,0.9761896133422852
121,4033,839.8038940429688,66.16960144042969,0.00449869129806757,840.8887939453125,51.599578857421875,0.0038269420620054007,840.8881225585938,68.79938507080078,0.0014960477128624916,877.7714233398438,38.17760467529297,0.012528114020824432,898.5242309570312,65.32283020019531,0.0027401885017752647,878.9268188476562,0.632537841796875,0.04102972894906998,992.4710083007812,0.0,0.03409118205308914,839.1530151367188,15.825897216796875,0.28154635429382324,936.8043823242188,39.929443359375,0.21825070679187775,801.8131713867188,10.664840698242188,0.3790498971939087,816.441162109375,24.4852294921875,0.3255476951599121,967.299560546875,118.82217407226562,0.9260044693946838,1043.5518798828125,117.16744995117188,0.9145423769950867,856.1512451171875,468.71868896484375,0.9806533455848694,973.978271484375,486.6898498535156,0.9757794141769409,1080.25390625,727.230712890625,0.9707627892494202,1083.715576171875,793.5428466796875,0.9646787643432617
122,4066,815.1610717773438,56.902313232421875,0.002748009981587529,815.8214721679688,40.89958190917969,0.0032205074094235897,819.060791015625,58.19563293457031,0.001095832441933453,852.4087524414062,29.467208862304688,0.01743786782026291,885.24755859375,55.01152038574219,0.0029658502899110317,854.225341796875,0.0,0.03374402970075607,969.5575561523438,0.0,0.01901562511920929,792.50390625,6.1811370849609375,0.14479771256446838,882.140625,15.549819946289062,0.07120299339294434,802.8751831054688,0.976593017578125,0.14961442351341248,809.5023193359375,5.275543212890625,0.08665774762630463,964.9343872070312,100.69514465332031,0.9135422110557556,1050.2347412109375,95.91764831542969,0.8845633864402771,845.7667846679688,463.30902099609375,0.9855865240097046,1001.3897705078125,473.08648681640625,0.97890704870224,1018.913330078125,785.1688842773438,0.9832258820533752,1146.36962890625,810.4539794921875,0.9778822064399719
123,4100,895.6659545898438,69.46307373046875,0.008971024304628372,897.9292602539062,43.411537170410156,0.009031619876623154,898.881591796875,61.06442642211914,0.005045279860496521,915.4271850585938,29.9901123046875,0.026541074737906456,941.1253051757812,57.259185791015625,0.007331955246627331,897.4592895507812,0.0,0.03912309557199478,1008.8453979492188,0.0,0.03317009657621384,883.3927001953125,47.89061737060547,0.10423745214939117,954.8631591796875,46.68841552734375,0.10572648048400879,891.7575073242188,115.10847473144531,0.14150603115558624,883.5992431640625,91.95902252197266,0.16648010909557343,978.2422485351562,102.33187866210938,0.8605431914329529,1066.8798828125,106.64632415771484,0.843816339969635,841.1295776367188,440.5670471191406,0.9726279973983765,1016.875732421875,462.5030822753906,0.9660833477973938,950.0498657226562,797.5226440429688,0.9636873006820679,1170.0889892578125,782.436767578125,0.9584380388259888
124,4133,913.8701171875,87.02277374267578,0.005129185970872641,912.6546020507812,64.91608428955078,0.004327475093305111,907.7963256835938,78.35504150390625,0.0024916476104408503,927.7132568359375,46.65742492675781,0.008723688311874866,936.8155517578125,68.93868255615234,0.00326183857396245,921.2567749023438,4.7837677001953125,0.01603756472468376,987.60888671875,1.796722412109375,0.014037585817277431,915.1392211914062,55.31886291503906,0.08949725329875946,939.7440185546875,47.49998474121094,0.08592469245195389,914.0630493164062,103.18336486816406,0.18788492679595947,893.2117919921875,85.48731994628906,0.19205495715141296,971.0742797851562,72.10079956054688,0.8387688994407654,1037.4063720703125,72.74894714355469,0.8158999085426331,868.7261352539062,438.89520263671875,0.9818835258483887,1049.048583984375,458.04949951171875,0.9758260846138,872.81787109375,807.90771484375,0.9834851622581482,1209.412353515625,768.2261352539062,0.9795152544975281
125,4166,915.9611206054688,94.56898498535156,0.005314198322594166,911.130859375,72.24549865722656,0.0043164766393601894,913.0059814453125,81.96318054199219,0.002456899033859372,917.2432861328125,57.144012451171875,0.007558460347354412,945.6033935546875,72.54041290283203,0.0027891010977327824,913.4991455078125,21.866363525390625,0.012485148385167122,995.6202392578125,16.554336547851562,0.011662553995847702,911.113037109375,72.78085327148438,0.08343805372714996,956.8795776367188,64.28855895996094,0.08503634482622147,903.756591796875,118.25628662109375,0.21404381096363068,885.8267822265625,105.98062133789062,0.22900032997131348,974.4544067382812,69.17381286621094,0.8278681039810181,1049.6298828125,67.65225219726562,0.8072895407676697,883.0757446289062,442.3671875,0.9849610328674316,1065.5350341796875,449.766357421875,0.9797109961509705,842.224365234375,821.9530029296875,0.9865699410438538,1239.4459228515625,756.1937255859375,0.9835088849067688
126,4200,917.3285522460938,95.8095703125,0.005779185798019171,915.9066162109375,74.10740661621094,0.005090055987238884,912.9266967773438,83.02798461914062,0.0025494981091469526,930.51513671875,61.94831085205078,0.007332698442041874,939.2791137695312,76.09977722167969,0.002311626449227333,933.2310791015625,25.269607543945312,0.011382470838725567,972.4512329101562,19.993148803710938,0.008670405484735966,927.492431640625,67.92242431640625,0.0861719623208046,933.2298583984375,57.69561767578125,0.06830689311027527,906.3043212890625,98.12095642089844,0.23565931618213654,884.4050903320312,85.35081481933594,0.2136903554201126,983.463134765625,62.86573791503906,0.822299063205719,1030.700927734375,63.03840637207031,0.7840541005134583,888.3038330078125,434.9954528808594,0.9861447811126709,1060.2244873046875,446.78924560546875,0.9790526032447815,838.2685546875,821.8634643554688,0.9881834387779236,1258.5521240234375,742.304443359375,0.9842981100082397
127,4233,918.1578979492188,92.20067596435547,0.007411266677081585,919.8001098632812,64.59274291992188,0.006344952154904604,910.7337036132812,78.22311401367188,0.0036659264005720615,933.9852905273438,53.02386474609375,0.008638091385364532,925.71337890625,77.37368774414062,0.002813950413838029,928.4207763671875,5.9580230712890625,0.011245413683354855,963.6123657226562,7.019004821777344,0.010852020233869553,920.1983642578125,62.136817932128906,0.07207567989826202,925.0717163085938,51.308349609375,0.09019232541322708,896.8119506835938,102.51056671142578,0.19520576298236847,870.5449829101562,87.06948852539062,0.2705819308757782,979.6276245117188,85.76339721679688,0.7907105684280396,1020.211669921875,91.59169006347656,0.7753443121910095,872.8174438476562,436.4770202636719,0.9779371619224548,1033.7301025390625,449.8310852050781,0.9712417125701904,866.581298828125,805.143310546875,0.9778366088867188,1262.679931640625,718.9966430664062,0.9741170406341553
128,4266,909.1294555664062,98.2452621459961,0.005715076811611652,909.5376586914062,76.53208923339844,0.0050083352252841,904.7291259765625,88.9262924194336,0.0026650349609553814,927.2841796875,60.12293243408203,0.006581457331776619,925.9406127929688,81.8122787475586,0.0021415050141513348,921.6053466796875,12.302719116210938,0.00849078968167305,962.4942626953125,6.538604736328125,0.009531165473163128,917.8170776367188,56.4920654296875,0.06891577690839767,939.0787353515625,50.96305847167969,0.08849053829908371,898.8362426757812,94.05642700195312,0.19882966578006744,880.6220092773438,81.97709655761719,0.25413626432418823,968.8128662109375,72.45730590820312,0.7996857166290283,1007.0709838867188,72.80442810058594,0.7889447212219238,889.3004760742188,453.66644287109375,0.9821363091468811,1012.7677612304688,463.5125427246094,0.9762507081031799,899.0700073242188,833.2978515625,0.9850715398788452,1262.3759765625,708.1552734375,0.9818747043609619
129,4300,906.91943359375,92.44269561767578,0.003586617298424244,906.5350341796875,72.0948715209961,0.003718592692166567,905.37744140625,84.07532501220703,0.0017588312039151788,921.7723999023438,54.202972412109375,0.007841423153877258,929.060302734375,74.90913391113281,0.0020318590104579926,910.39990234375,9.596420288085938,0.009457283653318882,962.8876342773438,0.0,0.008510446175932884,905.289794921875,61.30572509765625,0.06026428937911987,942.9371948242188,51.42567443847656,0.06013260409235954,896.6250610351562,105.67973327636719,0.12479381263256073,882.92138671875,80.3529052734375,0.13791882991790771,964.0247192382812,86.97747802734375,0.8282970190048218,1004.0982666015625,87.02952575683594,0.8024664521217346,891.72900390625,467.24224853515625,0.9836379289627075,987.6451416015625,481.26251220703125,0.9760891795158386,937.2376098632812,835.0032348632812,0.9876487851142883,1247.0618896484375,702.9862670898438,0.9837655425071716
130,4333,874.9766845703125,73.73025512695312,0.0029943003319203854,879.5358276367188,54.43711853027344,0.0035036446060985327,876.3147583007812,69.24302673339844,0.0015367884188890457,907.658447265625,35.45606231689453,0.012131798081099987,901.8366088867188,60.467811584472656,0.002774883061647415,911.0850830078125,0.0,0.011987341567873955,938.0413208007812,0.0,0.01633993722498417,898.2324829101562,48.94921875,0.05407126247882843,916.5590209960938,40.565277099609375,0.08151868730783463,887.4017944335938,103.3165512084961,0.08214239031076431,871.306884765625,93.59307861328125,0.11545643210411072,968.1236572265625,105.18498229980469,0.8601142168045044,989.240478515625,100.47445678710938,0.8661935329437256,896.4849243164062,482.1070251464844,0.9808161854743958,962.7499389648438,476.8641662597656,0.9772606492042542,969.162841796875,838.7008666992188,0.9813789129257202,1225.5543212890625,700.510986328125,0.979036271572113
131,4366,834.5365600585938,61.389060974121094,0.0022370375227183104,839.82568359375,45.99018859863281,0.0028539097402244806,836.1710815429688,62.35981750488281,0.0008947557653300464,881.1218872070312,30.08038330078125,0.015240088105201721,872.1976928710938,57.90898132324219,0.00202848925255239,890.0955200195312,0.0,0.024387745186686516,910.9927978515625,0.0,0.015027149580419064,806.3698120117188,7.7904052734375,0.12735913693904877,871.8191528320312,23.75921630859375,0.06988810002803802,847.7805786132812,17.05682373046875,0.1446152776479721,853.0448608398438,65.19424438476562,0.09070616960525513,974.9191284179688,127.82048034667969,0.9296773672103882,978.405029296875,122.98706817626953,0.9050877690315247,906.7965698242188,502.49224853515625,0.9884917736053467,941.496826171875,481.68695068359375,0.980485200881958,1021.3960571289062,836.7927856445312,0.9854153394699097,1189.961181640625,692.0900268554688,0.9807549715042114
132,4400,808.7581787109375,52.70091247558594,0.0020922806579619646,815.3717651367188,33.87712097167969,0.0030529522337019444,808.4496459960938,50.75530242919922,0.0006838984554633498,869.5563354492188,22.062149047851562,0.022454090416431427,846.2935791015625,51.10340881347656,0.0015202072681859136,901.3628540039062,0.0,0.029817132279276848,888.7489624023438,0.0,0.018847551196813583,837.69140625,15.8133544921875,0.13347841799259186,900.6725463867188,36.61930847167969,0.08323917537927628,866.9002075195312,16.405792236328125,0.1333889365196228,870.50927734375,92.01791381835938,0.0904621109366417,991.1041870117188,120.38081359863281,0.8798021078109741,954.7273559570312,115.28915405273438,0.8510191440582275,965.6356811523438,501.2738342285156,0.9660072326660156,872.4690551757812,460.310791015625,0.9483450651168823,1096.98046875,828.706298828125,0.9424461126327515,1098.043701171875,704.2325439453125,0.933657705783844
133,4433,863.27197265625,73.12115478515625,0.002107250737026334,867.086669921875,51.181068420410156,0.0026508537121117115,860.7550659179688,67.76506805419922,0.0010993812466040254,905.10009765625,34.644378662109375,0.014252908527851105,881.121337890625,66.15559387207031,0.002504561096429825,937.3921508789062,5.7569732666015625,0.01224764809012413,902.8006591796875,0.0,0.025342047214508057,900.8952026367188,43.53826904296875,0.03909661993384361,929.057373046875,49.31831359863281,0.10953349620103836,896.8200073242188,105.74173736572266,0.039165109395980835,883.8809204101562,103.70207977294922,0.08779624104499817,999.6053466796875,114.65821838378906,0.8647607564926147,945.0795288085938,114.54698181152344,0.900118350982666,1010.2828369140625,489.115478515625,0.9717844128608704,861.6640014648438,449.30035400390625,0.9746647477149963,1166.707763671875,823.6198120117188,0.9666327238082886,1051.370849609375,731.5281372070312,0.9731031060218811
134,4466,876.7211303710938,76.92345428466797,0.002276441315189004,881.5853271484375,53.77024841308594,0.0031109657138586044,872.6986083984375,67.9222640991211,0.0013651481131091714,915.4127807617188,38.55084228515625,0.01691906712949276,885.0661010742188,65.50959777832031,0.0034262416884303093,947.9159545898438,10.226165771484375,0.014716902747750282,899.4779663085938,4.8006134033203125,0.023417947813868523,924.6255493164062,52.657745361328125,0.033959511667490005,929.55859375,56.58403015136719,0.07054436951875687,918.0419311523438,111.88300323486328,0.025577832013368607,885.4483032226562,114.03048706054688,0.044136736541986465,1006.3819580078125,104.87397766113281,0.8596492409706116,939.8734130859375,106.66616821289062,0.8858298063278198,1041.25341796875,474.2655944824219,0.9716016054153442,855.3253784179688,435.2939147949219,0.9723492860794067,1197.650634765625,811.5696411132812,0.9695796370506287,984.8736572265625,741.6348266601562,0.9746939539909363
135,4500,888.435302734375,74.1280517578125,0.003064022632315755,892.4207153320312,51.07273864746094,0.003797005396336317,885.9110107421875,63.26856994628906,0.002110158558934927,917.4713745117188,39.03838348388672,0.017274577170610428,896.1773071289062,61.74169921875,0.005498087499290705,937.3357543945312,9.382301330566406,0.01691335067152977,909.336181640625,9.292098999023438,0.025443855673074722,893.909423828125,59.35853576660156,0.03256678953766823,954.0176391601562,65.56919860839844,0.0619637593626976,889.6521606445312,131.9597625732422,0.02253294549882412,926.1881103515625,141.3885955810547,0.035370927304029465,1006.8583374023438,91.547607421875,0.8340989947319031,945.7938232421875,99.35696411132812,0.8613627552986145,1066.4635009765625,456.4300231933594,0.9662656188011169,865.9664306640625,434.37799072265625,0.9667912721633911,1237.6905517578125,792.3722534179688,0.9656519889831543,914.3482055664062,757.4359741210938,0.9710453152656555
136,4533,911.1455078125,86.90208435058594,0.004583689849823713,914.1875610351562,66.12066650390625,0.005037286784499884,902.452880859375,74.76180267333984,0.002554214559495449,940.6744995117188,56.000335693359375,0.00873979739844799,903.920166015625,70.63426208496094,0.00257850787602365,955.035888671875,32.74342346191406,0.012156689539551735,921.4823608398438,19.35205078125,0.009909088723361492,911.742431640625,79.78875732421875,0.05657581239938736,951.869384765625,63.37431335449219,0.05128846690058708,881.927734375,116.87434387207031,0.07250700145959854,902.4347534179688,91.08192443847656,0.06492657959461212,1018.1607055664062,72.48257446289062,0.8314435482025146,949.14208984375,72.40576171875,0.8163583874702454,1080.3148193359375,448.86431884765625,0.9789318442344666,878.6364135742188,438.42388916015625,0.9731405973434448,1271.5887451171875,776.1967163085938,0.9834112524986267,861.135009765625,786.72607421875,0.9821146130561829
137,4566,925.67431640625,90.38735961914062,0.005813338793814182,928.4557495117188,69.62592315673828,0.006118830293416977,916.374267578125,76.33895874023438,0.0031124847009778023,953.1823120117188,59.70762634277344,0.006495973560959101,916.1942138671875,70.6578369140625,0.001951429178006947,957.8880615234375,43.43609619140625,0.007508974522352219,937.3884887695312,24.935531616210938,0.0070213028229773045,919.842041015625,92.56086730957031,0.048899296671152115,952.1019287109375,70.58839416503906,0.05093579366803169,882.371337890625,126.33261108398438,0.0884367898106575,897.1016845703125,100.97140502929688,0.08738179504871368,1013.8778686523438,71.5711669921875,0.7986114025115967,955.0038452148438,70.49057006835938,0.7897887229919434,1076.5184326171875,450.4486999511719,0.9802173376083374,889.4920043945312,442.0111083984375,0.9759390354156494,1296.1212158203125,764.8048706054688,0.9864502549171448,854.5433349609375,797.3368530273438,0.9856247901916504
138,4600,914.7994995117188,85.98069763183594,0.006388995796442032,917.8272094726562,66.3123779296875,0.006153490860015154,905.296875,73.59867095947266,0.0034126262180507183,942.9401245117188,54.647918701171875,0.006052651908248663,906.5728149414062,66.5178451538086,0.002064675325527787,945.7365112304688,31.555435180664062,0.00794319249689579,935.504150390625,15.503082275390625,0.00846698135137558,910.8245239257812,73.40583801269531,0.05671851709485054,941.6851196289062,62.81327819824219,0.06826107203960419,873.0860595703125,118.69789123535156,0.10629144310951233,882.7811279296875,95.51486206054688,0.11883752793073654,1007.1516723632812,70.79681396484375,0.8222805261611938,957.421142578125,71.6802978515625,0.8221081495285034,1060.3045654296875,457.2783508300781,0.980968713760376,894.4656982421875,451.206787109375,0.978156328201294,1307.0584716796875,744.90771484375,0.9862068891525269,866.6968383789062,797.907958984375,0.9857721924781799
139,4633,901.777099609375,88.45758819580078,0.006245430558919907,904.9832763671875,69.136962890625,0.0066036079078912735,892.4608154296875,76.47244262695312,0.003412730060517788,928.977783203125,56.23333740234375,0.006253195460885763,893.390869140625,68.31397247314453,0.0019028931856155396,934.7927856445312,28.388717651367188,0.006878451909869909,918.0001831054688,12.1739501953125,0.006113578099757433,898.557861328125,67.88786315917969,0.050479382276535034,925.5531005859375,64.53579711914062,0.04968559741973877,848.9564819335938,124.02859497070312,0.0976511538028717,864.2831420898438,97.10572814941406,0.09678627550601959,992.6321411132812,67.49070739746094,0.7889992594718933,942.0570068359375,69.77682495117188,0.775448203086853,1029.5689697265625,472.1106262207031,0.9776604175567627,896.1046142578125,463.80413818359375,0.9733090400695801,1305.425537109375,728.6430053710938,0.9850029349327087,912.4754028320312,806.5655517578125,0.9839316606521606
140,4666,899.4761352539062,89.95919036865234,0.004198499955236912,901.2711181640625,73.915283203125,0.004522358998656273,891.8167114257812,81.7525634765625,0.002205249387770891,923.5896606445312,59.47599792480469,0.005585931707173586,900.601318359375,71.93451690673828,0.0014281892217695713,917.861572265625,24.21368408203125,0.005609764717519283,935.2476806640625,7.1879425048828125,0.005513123236596584,893.5538330078125,52.3890380859375,0.0454365611076355,925.1597900390625,54.457305908203125,0.05142062529921532,867.1430053710938,119.12965393066406,0.0893271192908287,875.0947875976562,95.04286193847656,0.0984279066324234,976.1549072265625,79.31240844726562,0.7871622443199158,956.0565185546875,81.36882019042969,0.7815030217170715,984.5714721679688,486.7119445800781,0.9753011465072632,908.6207885742188,478.57452392578125,0.9724657535552979,1298.1339111328125,728.60791015625,0.9832393527030945,946.02685546875,823.1915283203125,0.982851505279541
141,4700,905.9172973632812,88.56500244140625,0.0034940801560878754,905.494140625,76.06665802001953,0.0035421429201960564,900.3933715820312,85.06990814208984,0.0018481242004781961,922.5203247070312,61.68287658691406,0.007346372120082378,918.3425903320312,76.08535766601562,0.002002493478357792,906.0054931640625,21.9591064453125,0.009905533865094185,966.994140625,0.7945404052734375,0.011074420996010303,890.6318359375,52.98756408691406,0.060461774468421936,931.0324096679688,54.01789855957031,0.07845333963632584,875.6841430664062,124.78056335449219,0.08787901699542999,875.2791137695312,102.35769653320312,0.11136605590581894,967.8818359375,100.27583312988281,0.852928638458252,987.2315063476562,101.49563598632812,0.8541756272315979,940.85595703125,493.71514892578125,0.9761105179786682,919.6344604492188,496.7732849121094,0.9750569462776184,1267.5443115234375,719.3336791992188,0.9819486737251282,983.8868408203125,828.1614990234375,0.9815492033958435
142,4733,862.2171020507812,64.53794860839844,0.0032918371725827456,865.1195068359375,50.37181091308594,0.003666119882836938,859.0008544921875,64.23790740966797,0.0015088365180417895,897.7348022460938,36.030487060546875,0.013104609213769436,889.5050048828125,59.67597198486328,0.002855385188013315,901.9544677734375,0.0,0.02725796028971672,933.4296264648438,0.0,0.01967957802116871,854.7930908203125,10.019943237304688,0.13070490956306458,894.1264038085938,28.455276489257812,0.0914316400885582,889.9427490234375,34.226806640625,0.12391471862792969,883.72998046875,82.0389633178711,0.09125714749097824,982.307373046875,121.16111755371094,0.9239964485168457,983.6294555664062,128.17127990722656,0.9086562991142273,929.7013549804688,489.38690185546875,0.9816369414329529,921.3982543945312,497.69091796875,0.9763143658638,1217.599365234375,708.11767578125,0.9793055653572083,1021.7628173828125,814.2606811523438,0.9750487804412842
143,4766,865.4866333007812,60.1124267578125,0.0025547309778630733,864.8538208007812,47.035491943359375,0.002994357142597437,866.9082641601562,62.07879638671875,0.0011451832251623273,891.4891357421875,33.869728088378906,0.019240636378526688,920.2822265625,56.683250427246094,0.0033286139369010925,872.5692138671875,1.9653396606445312,0.04839906841516495,1000.7767333984375,0.0,0.02317521534860134,825.7553100585938,10.909423828125,0.18025651574134827,904.8397216796875,20.698333740234375,0.08125917613506317,859.3515014648438,10.451339721679688,0.1407650113105774,854.57666015625,20.300216674804688,0.07816030830144882,973.927734375,126.42274475097656,0.9368874430656433,1051.9815673828125,122.7488021850586,0.908745288848877,876.20068359375,490.5222473144531,0.9818427562713623,944.6785278320312,490.657470703125,0.9737328290939331,1180.2491455078125,711.71923828125,0.9787335991859436,1034.819091796875,819.1561889648438,0.9725922346115112
144,4800,845.395751953125,58.600616455078125,0.002287745475769043,846.8445434570312,44.38691711425781,0.002813268220052123,847.9663696289062,61.890907287597656,0.0010167757282033563,885.6737060546875,34.865386962890625,0.026069466024637222,911.2234497070312,60.95878601074219,0.004746276419609785,891.1937255859375,2.3294677734375,0.05367888882756233,1002.3671875,0.0,0.0354851558804512,861.9083862304688,8.816848754882812,0.13659079372882843,957.4868774414062,22.4344482421875,0.08293210715055466,859.9649658203125,11.392227172851562,0.08547697961330414,868.6016845703125,20.0584716796875,0.05571463331580162,981.309814453125,114.96968078613281,0.9201683402061462,1057.3463134765625,112.41975402832031,0.9030314683914185,875.6220703125,472.1830749511719,0.976976215839386,990.8450317382812,484.9617919921875,0.9698891639709473,1094.2269287109375,726.7169189453125,0.9704787731170654,1097.8525390625,785.2278442382812,0.9637998938560486
145,4833,856.9662475585938,75.37110900878906,0.0018703981768339872,855.1047973632812,57.410179138183594,0.0024926671758294106,860.0938720703125,75.02845001220703,0.0009813214419409633,883.32666015625,41.15327453613281,0.02202894724905491,920.303466796875,68.10440826416016,0.004299978259950876,883.8184814453125,4.5048065185546875,0.023149613291025162,1008.2855224609375,0.0,0.023618320003151894,868.6681518554688,36.727386474609375,0.051240287721157074,979.414306640625,45.40031433105469,0.05538010597229004,871.82763671875,106.97227478027344,0.038769133388996124,902.5595092773438,103.67601013183594,0.04036039113998413,981.08349609375,97.36871337890625,0.872447669506073,1073.2403564453125,94.48860168457031,0.8742687106132507,864.2582397460938,461.6572265625,0.9773622155189514,1020.8178100585938,471.2082824707031,0.9760661125183105,1051.693115234375,774.948486328125,0.9783932566642761,1155.166259765625,817.0270385742188,0.9769070744514465
146,4866,880.5758666992188,65.6114501953125,0.0020620417781174183,879.419189453125,46.44676208496094,0.0025421734899282455,884.9154052734375,63.42512512207031,0.0011325221275910735,903.447021484375,30.489418029785156,0.01868688501417637,941.2177734375,57.24073791503906,0.00451318034902215,908.1182250976562,0.0,0.01767866313457489,1021.5555419921875,0.0,0.02212817221879959,918.1681518554688,49.71892547607422,0.03873489052057266,1017.216796875,49.802696228027344,0.05693723261356354,947.5204467773438,118.76994323730469,0.037619657814502716,942.21240234375,94.38386535644531,0.04826152324676514,977.6220703125,95.14576721191406,0.84220290184021,1069.902587890625,93.34538269042969,0.8553990125656128,859.8182983398438,450.3743591308594,0.9764199256896973,1049.07666015625,469.4783935546875,0.9767598509788513,974.3408203125,799.1354370117188,0.9790188074111938,1197.696533203125,809.666259765625,0.9781825542449951
147,4900,925.5503540039062,85.53474426269531,0.0043966989032924175,924.322998046875,64.22813415527344,0.004064180888235569,921.7816772460938,76.80839538574219,0.0021850429475307465,940.2271728515625,49.125640869140625,0.010809165425598621,958.44580078125,68.70286560058594,0.003646183991804719,931.7720947265625,11.077239990234375,0.01776132918894291,1016.2864990234375,6.588958740234375,0.01374288834631443,927.81591796875,58.61700439453125,0.07886870205402374,975.8834838867188,46.71116638183594,0.06369704753160477,939.0319213867188,96.94120788574219,0.14201806485652924,917.6563110351562,74.12022399902344,0.12183872610330582,982.8922729492188,69.60488891601562,0.8343231081962585,1063.5556640625,67.74334716796875,0.8039371371269226,878.1725463867188,440.6029357910156,0.98195481300354,1083.60205078125,456.9289855957031,0.9751344919204712,897.8146362304688,822.967041015625,0.9836492538452148,1235.3642578125,784.7077026367188,0.9794854521751404
148,4933,926.5997924804688,83.86216735839844,0.0033277468755841255,922.87939453125,61.67731475830078,0.0031819918658584356,925.4110717773438,72.03197479248047,0.0015917024575173855,933.8292846679688,47.90313720703125,0.009518168866634369,966.0897827148438,63.531646728515625,0.0028444728814065456,928.6187133789062,12.489898681640625,0.014113599434494972,1020.4165649414062,6.9765472412109375,0.010382325388491154,926.991455078125,57.39628601074219,0.06904572993516922,991.0770874023438,43.95945739746094,0.05312382057309151,948.9755859375,96.32295227050781,0.13218846917152405,925.4209594726562,74.98411560058594,0.11008960753679276,988.6151733398438,64.2919921875,0.8295653462409973,1071.7716064453125,62.76878356933594,0.7942119240760803,894.0802612304688,444.86920166015625,0.9841960668563843,1093.701416015625,455.429443359375,0.9770750999450684,861.3997192382812,831.4347534179688,0.9859837889671326,1264.5076904296875,768.931884765625,0.981877326965332
149,4966,932.9097900390625,84.51718139648438,0.00536002591252327,930.6421508789062,62.918426513671875,0.004214857239276171,929.2651977539062,73.56307983398438,0.0020862738601863384,943.593994140625,47.098297119140625,0.005455743987113237,958.4067993164062,63.99481201171875,0.0017777387984097004,942.9893188476562,0.0,0.011016459204256535,998.6904296875,0.0,0.008038509637117386,931.6015014648438,36.91273498535156,0.12397892028093338,956.2593383789062,32.98388671875,0.08881832659244537,934.53515625,92.59364318847656,0.3644886314868927,917.0377807617188,89.5887451171875,0.30767324566841125,1006.3966064453125,57.74775695800781,0.8506484031677246,1063.91650390625,59.12754821777344,0.8103514909744263,900.0098876953125,442.5428466796875,0.9882215857505798,1082.949951171875,456.7204284667969,0.9811933040618896,850.676025390625,833.8436279296875,0.9886306524276733,1281.672607421875,750.4544677734375,0.9841809272766113
150,5000,905.8609008789062,71.38078308105469,0.004954747390002012,909.5299682617188,49.713592529296875,0.0043752603232860565,902.2520141601562,62.519439697265625,0.002004590118303895,928.3095703125,35.07330322265625,0.006685931235551834,918.7595825195312,57.18267059326172,0.0019073034636676311,939.4815673828125,0.0,0.0086223678663373,956.6660766601562,0.0,0.010408063419163227,939.6281127929688,30.711227416992188,0.0853758454322815,935.0712890625,26.043228149414062,0.10402224957942963,941.4810791015625,92.06552124023438,0.264750599861145,916.2659912109375,86.59954833984375,0.28943800926208496,1009.1846923828125,61.466949462890625,0.7994309663772583,1040.3896484375,59.95225524902344,0.7964090704917908,901.0089111328125,451.09149169921875,0.978833019733429,1053.2061767578125,449.3703918457031,0.9742389917373657,877.356689453125,831.8091430664062,0.9756799340248108,1294.28466796875,738.572998046875,0.9718047380447388
151,5033,915.8237915039062,82.50904083251953,0.004085629712790251,915.0694580078125,60.792823791503906,0.003995918668806553,913.4383544921875,73.31444549560547,0.0017583566950634122,933.3160400390625,45.361175537109375,0.007569195237010717,941.7440185546875,66.8129653930664,0.0018934886902570724,932.5340576171875,3.206085205078125,0.010738297365605831,984.5875854492188,0.0,0.008424432948231697,940.4725341796875,49.5992431640625,0.08194121718406677,966.8681030273438,44.2525634765625,0.06629026681184769,942.320068359375,104.31024169921875,0.1959281712770462,917.2410278320312,87.94807434082031,0.17707203328609467,1000.4014892578125,69.86810302734375,0.8257558941841125,1045.5369873046875,69.67245483398438,0.7890796065330505,912.8701171875,463.46136474609375,0.9835380911827087,1032.259033203125,470.3081359863281,0.9743953943252563,921.7012939453125,848.0674438476562,0.985365092754364,1289.205810546875,716.16357421875,0.9801386594772339
152,5066,911.93505859375,81.58092498779297,0.0023471429012715816,912.4676513671875,62.532188415527344,0.0030634677968919277,911.629638671875,74.59478759765625,0.00111010717228055,937.4437866210938,47.5916748046875,0.012738385237753391,943.3900146484375,68.0540542602539,0.002123134909197688,937.096435546875,10.201217651367188,0.013844105415046215,984.4224243164062,0.0,0.009563435800373554,944.6460571289062,59.412689208984375,0.05590169131755829,992.9700317382812,48.70500183105469,0.04093854874372482,947.6063232421875,118.78912353515625,0.07502720504999161,931.9750366210938,85.04878234863281,0.06243596225976944,1000.2090454101562,87.69561767578125,0.8513903617858887,1035.1998291015625,86.69755554199219,0.8137856125831604,914.6371459960938,470.2364501953125,0.9834095239639282,1002.2481689453125,483.5211181640625,0.9731369614601135,957.924560546875,850.799560546875,0.9867223501205444,1262.18603515625,700.5391845703125,0.9815194606781006
153,5100,913.5689086914062,78.3094711303711,0.003109150333330035,917.875732421875,61.66081237792969,0.0034046422224491835,908.889404296875,72.82953643798828,0.0015247688861563802,946.7911376953125,45.333892822265625,0.011218787170946598,919.8422241210938,65.51959991455078,0.0024975473061203957,963.4468383789062,11.19598388671875,0.01441967487335205,936.8262329101562,0.0,0.018213806673884392,957.2608032226562,61.17613220214844,0.05900228023529053,937.1219482421875,58.985137939453125,0.09066455811262131,930.460693359375,118.07080078125,0.08480150997638702,892.6302490234375,91.7135009765625,0.12947295606136322,1016.3816528320312,99.45222473144531,0.880206286907196,998.0182495117188,98.61982727050781,0.8822459578514099,921.8740234375,481.2842102050781,0.983460009098053,965.7332153320312,489.1338806152344,0.9791325926780701,1007.4725341796875,851.8385009765625,0.9846991896629333,1227.3616943359375,700.3994750976562,0.9824934601783752
154,5133,844.0904541015625,49.910179138183594,0.003730077063664794,849.3660278320312,34.24827575683594,0.0037529326509684324,845.6962280273438,49.51158142089844,0.0013699149712920189,887.2525634765625,22.50542449951172,0.012875832617282867,880.0475463867188,48.60676574707031,0.002383887767791748,912.8871459960938,0.0,0.027142789214849472,927.8859252929688,0.0,0.025894714519381523,853.9990234375,14.31134033203125,0.16895441710948944,872.5894775390625,23.617355346679688,0.1441168487071991,821.9373779296875,8.610122680664062,0.22786743938922882,810.4204711914062,6.0731964111328125,0.20386624336242676,1017.1644287109375,122.6707763671875,0.9383456110954285,1019.5286865234375,118.09355163574219,0.9311606884002686,931.2943725585938,499.3508605957031,0.9903980493545532,961.0632934570312,476.32373046875,0.9860308170318604,1057.8724365234375,843.7935791015625,0.9860934019088745,1195.0643310546875,707.413330078125,0.9835365414619446
155,5166,850.7190551757812,54.744232177734375,0.004274713806807995,855.7058715820312,37.381988525390625,0.0037198434583842754,849.4742431640625,52.967559814453125,0.0014127108734101057,899.3756713867188,23.5740966796875,0.009002981707453728,879.8931884765625,51.84210205078125,0.0015985247446224093,936.0663452148438,0.0,0.013766271062195301,935.349609375,0.0,0.028816409409046173,899.6039428710938,22.026077270507812,0.12687836587429047,965.855712890625,39.8338623046875,0.26808249950408936,868.6666259765625,21.149459838867188,0.2697821855545044,870.7769165039062,33.32817077636719,0.42698240280151367,1027.3883056640625,119.25823974609375,0.8847104907035828,1004.6611328125,114.9840087890625,0.9115392565727234,949.397705078125,497.7294616699219,0.9792693257331848,924.678466796875,466.417236328125,0.9790760278701782,1096.551025390625,839.8912353515625,0.9654790163040161,1139.236328125,702.5123291015625,0.9693850874900818
156,5200,860.2081298828125,75.39230346679688,0.0016625204589217901,864.8025512695312,53.27421569824219,0.002265307819470763,857.639892578125,71.53802490234375,0.0009103916818276048,905.4845581054688,38.28694152832031,0.020547902211546898,879.3001098632812,72.43915557861328,0.0035993626806885004,944.2782592773438,6.8953399658203125,0.019935043528676033,906.3634643554688,3.4554519653320312,0.031220434233546257,900.8903198242188,43.04212188720703,0.042235117405653,944.0025024414062,53.828887939453125,0.0807223692536354,909.2758178710938,95.8809814453125,0.027761809527873993,904.3145141601562,98.68817138671875,0.04515092447400093,1033.147705078125,111.08665466308594,0.8639368414878845,979.26123046875,112.64533996582031,0.8875592350959778,1008.8826293945312,496.32598876953125,0.9654337167739868,885.7225341796875,461.7858581542969,0.9642084836959839,1161.0242919921875,838.0557861328125,0.9525306820869446,1087.3673095703125,721.2135620117188,0.9579695463180542
157,5233,868.4078979492188,65.55093383789062,0.002974466886371374,872.5353393554688,43.481964111328125,0.0036481681745499372,864.818115234375,59.14814758300781,0.0015010564820840955,905.3699340820312,32.574668884277344,0.0178166925907135,881.7821044921875,62.54315185546875,0.003633934771642089,931.36474609375,1.2097549438476562,0.023945221677422523,903.5706176757812,0.2183990478515625,0.026330536231398582,879.8994750976562,16.64337158203125,0.07188264280557632,918.8927001953125,23.478012084960938,0.08351960778236389,911.373779296875,16.068603515625,0.05906526744365692,891.2969970703125,14.563430786132812,0.06251978874206543,1031.0279541015625,103.44204711914062,0.88255375623703,977.8304443359375,107.97047424316406,0.8852088451385498,1043.766357421875,481.46832275390625,0.9754340648651123,881.6288452148438,443.3139343261719,0.9703149795532227,1194.7469482421875,843.1516723632812,0.9655224680900574,1047.847412109375,751.780517578125,0.9670923352241516
158,5266,891.3447875976562,74.50369262695312,0.0013421215116977692,897.8609619140625,52.9786376953125,0.0021417904645204544,889.0016479492188,67.51313781738281,0.0008180856239050627,933.217529296875,42.78955078125,0.016559116542339325,903.6445922851562,68.26018524169922,0.002568406518548727,952.5429077148438,10.8511962890625,0.015677807852625847,923.3828125,2.5094146728515625,0.01254549901932478,894.3489990234375,34.93748474121094,0.036720581352710724,950.5151977539062,42.03968811035156,0.03666294366121292,920.624267578125,63.76043701171875,0.022191913798451424,929.5043334960938,78.07303619384766,0.022632980719208717,1041.7872314453125,92.97651672363281,0.8574486374855042,976.688232421875,95.38902282714844,0.8479371070861816,1088.9046630859375,469.6357116699219,0.9724460244178772,877.0810546875,435.7783203125,0.9655405879020691,1239.618896484375,820.3796997070312,0.9723595380783081,976.1301879882812,765.616943359375,0.9719456434249878
159,5300,917.6787109375,95.18465423583984,0.003488841000944376,922.70458984375,71.75782012939453,0.004077195189893246,909.1840209960938,80.2437973022461,0.001854119822382927,953.3281860351562,58.220947265625,0.009751098230481148,912.9248657226562,72.32210540771484,0.002403195947408676,971.5632934570312,30.919967651367188,0.012317470274865627,936.5606689453125,18.189651489257812,0.011389637365937233,898.8864135742188,75.236572265625,0.05374855920672417,972.1115112304688,60.47593688964844,0.0558607280254364,838.6201171875,115.7471923828125,0.06214051693677902,926.6239013671875,82.64350891113281,0.06285613775253296,1056.8983154296875,72.8411865234375,0.8348055481910706,983.8729858398438,70.76280212402344,0.8324277997016907,1107.343017578125,460.17462158203125,0.9779665470123291,888.4916381835938,429.70404052734375,0.9735456705093384,1278.6875,806.6499633789062,0.980694055557251,898.3847045898438,791.1762084960938,0.9811099767684937
160,5333,940.9517822265625,90.10569763183594,0.004753893241286278,944.05615234375,68.3484878540039,0.004746417980641127,931.9471435546875,75.55274963378906,0.00267333653755486,967.427490234375,56.84564208984375,0.00638541579246521,929.7503051757812,69.20711517333984,0.0022477596066892147,977.5833129882812,36.2640380859375,0.007873323746025562,949.8197021484375,21.682754516601562,0.010050400160253048,938.9681396484375,82.40835571289062,0.043383605778217316,983.302734375,58.15736389160156,0.0673862174153328,923.1491088867188,104.27362060546875,0.0681038647890091,923.7052001953125,72.60960388183594,0.09003382921218872,1046.648681640625,72.94308471679688,0.8229480385780334,978.837890625,73.30783081054688,0.838550865650177,1116.829345703125,453.5904235839844,0.9810686707496643,897.7708740234375,438.07269287109375,0.9797915816307068,1311.765380859375,789.7445678710938,0.9856709837913513,864.5114135742188,799.1786499023438,0.9866207838058472
161,5366,934.8025512695312,92.93909454345703,0.004871770273894072,939.0985107421875,71.1965103149414,0.005271028261631727,925.3201904296875,78.15921020507812,0.002532221609726548,966.363525390625,60.41065979003906,0.006244069430977106,924.9312744140625,72.24767303466797,0.0017451944295316935,971.2533569335938,42.24613952636719,0.006698127370327711,950.1992797851562,27.524734497070312,0.006752324290573597,896.2747802734375,86.77194213867188,0.04528455808758736,975.211669921875,63.429840087890625,0.05011479929089546,819.9529418945312,119.85562133789062,0.07802609354257584,916.9134521484375,77.42459106445312,0.08166474103927612,1042.1942138671875,69.46636962890625,0.806917667388916,977.0443725585938,70.64753723144531,0.8070945143699646,1106.485107421875,449.1036071777344,0.9822620153427124,905.2875366210938,438.1614074707031,0.9791208505630493,1333.4715576171875,773.8685302734375,0.9878124594688416,865.1685791015625,805.8878784179688,0.987744152545929
162,5400,960.9307861328125,88.80585479736328,0.008227408863604069,961.7695922851562,70.7691650390625,0.005872685927897692,949.68310546875,78.24165344238281,0.003885618643835187,980.3453979492188,57.718231201171875,0.00325672491453588,945.2047729492188,69.03540802001953,0.0014898123918101192,977.2842407226562,25.1861572265625,0.006716263946145773,981.2521362304688,5.75335693359375,0.007010702509433031,940.547119140625,73.34321594238281,0.09549170732498169,976.9361572265625,58.92494201660156,0.10845661163330078,888.1403198242188,102.85359191894531,0.25567910075187683,898.822998046875,81.48623657226562,0.27892181277275085,1037.255859375,78.47854614257812,0.8248867392539978,990.4583740234375,72.60585021972656,0.8188709616661072,1095.477294921875,460.6524353027344,0.9822707772254944,911.6083374023438,453.70751953125,0.9792765378952026,1346.6881103515625,756.4957275390625,0.985558032989502,878.6127319335938,810.6925659179688,0.9843944907188416
163,5433,944.0640258789062,87.1007080078125,0.00726987374946475,946.0634765625,69.72447967529297,0.006356618367135525,932.3978271484375,76.67855072021484,0.00380293489433825,965.705078125,56.489776611328125,0.005286636762320995,927.306884765625,66.6383056640625,0.002035438781604171,961.997314453125,25.254684448242188,0.009777692146599293,955.2347412109375,3.2947998046875,0.006252714898437262,919.954345703125,69.98565673828125,0.08400809019804001,952.9127197265625,53.580230712890625,0.0557023249566555,880.8671264648438,109.39155578613281,0.158567413687706,889.0302124023438,81.63217163085938,0.11940586566925049,1016.1681518554688,88.64396667480469,0.8241994976997375,965.535888671875,82.70654296875,0.7865273952484131,1068.81396484375,477.44293212890625,0.980268657207489,907.9747924804688,460.88848876953125,0.9736117720603943,1348.666259765625,739.9107666015625,0.9848875999450684,917.7271728515625,816.8274536132812,0.9824362993240356
164,5466,988.6470336914062,77.49710083007812,0.02819543331861496,992.1179809570312,56.79505920410156,0.018449800089001656,974.3599243164062,64.78376770019531,0.018583819270133972,994.7517700195312,40.4256591796875,0.009343170560896397,952.5928344726562,50.78141784667969,0.008712532930076122,974.2498168945312,9.310409545898438,0.02977037988603115,971.2935791015625,0.0,0.012699405662715435,943.2976684570312,69.82969665527344,0.14440985023975372,944.0416870117188,60.74940490722656,0.05577540770173073,917.8486328125,114.04133605957031,0.23344747722148895,894.9179077148438,100.86204528808594,0.12287666648626328,994.3187866210938,121.30165100097656,0.7637949585914612,956.4453735351562,111.64649963378906,0.6670650839805603,1020.8749389648438,487.3358459472656,0.958851158618927,906.54931640625,480.11480712890625,0.9361676573753357,1331.1651611328125,744.0882568359375,0.9641830921173096,951.5235595703125,825.380859375,0.9513832926750183
165,5500,912.66748046875,91.01449584960938,0.003955469466745853,915.6442260742188,75.3134994506836,0.004134005401283503,904.5650024414062,84.56661987304688,0.002072382252663374,941.2698364257812,60.172210693359375,0.006450002547353506,913.9989624023438,75.70655822753906,0.0017093662172555923,940.8658447265625,20.925933837890625,0.007482542656362057,947.9913940429688,6.8857269287109375,0.008777589537203312,922.9588623046875,49.693359375,0.05153859406709671,940.7363891601562,61.161712646484375,0.07216697186231613,892.08251953125,119.49398803710938,0.08603965491056442,886.2269897460938,100.26026916503906,0.11266126483678818,995.6141967773438,88.94577026367188,0.8360703587532043,973.0354614257812,93.10501098632812,0.8432517051696777,981.0564575195312,503.2188720703125,0.9765997529029846,923.1791381835938,496.79827880859375,0.9762660264968872,1311.521728515625,728.8203125,0.9821558594703674,995.3927001953125,842.2644653320312,0.9826356172561646
166,5533,911.8973388671875,86.5041732788086,0.001986359478905797,914.8070068359375,72.55059814453125,0.0027115028351545334,907.284912109375,84.34986877441406,0.0012962357141077518,936.1117553710938,55.679054260253906,0.012365718372166157,922.3327026367188,75.74569702148438,0.002768145874142647,923.8070068359375,15.726310729980469,0.011854840442538261,962.8378295898438,0.0,0.012550556100904942,902.4385986328125,50.695953369140625,0.03634622320532799,923.7705688476562,50.168975830078125,0.04909522458910942,899.7433471679688,139.79273986816406,0.028915369883179665,886.6463012695312,122.37400817871094,0.04082157835364342,988.324462890625,119.15959167480469,0.8633710145950317,999.3971557617188,124.56440734863281,0.8664449453353882,933.9534912109375,494.6326904296875,0.9705992937088013,934.903564453125,509.7476806640625,0.9713232517242432,1248.7239990234375,708.5264282226562,0.9788819551467896,1028.4483642578125,844.6835327148438,0.9781333804130554
167,5566,884.518798828125,89.61378479003906,0.002582598477602005,886.3899536132812,74.51165771484375,0.00312662567012012,879.8837280273438,88.04402160644531,0.0014194779796525836,907.2990112304688,59.249610900878906,0.013177188113331795,900.4205932617188,81.66737365722656,0.0029634921811521053,898.0224609375,17.176712036132812,0.020140772685408592,949.22021484375,0.0,0.0170008335262537,862.60107421875,35.51463317871094,0.08178722858428955,882.3129272460938,34.513916015625,0.07720272988080978,869.4588012695312,91.73762512207031,0.07912803441286087,866.9498901367188,81.13499450683594,0.08602060377597809,998.2608032226562,119.33189392089844,0.8889169692993164,1020.0602416992188,121.61551666259766,0.8776351809501648,905.6859741210938,493.0552673339844,0.9721624255180359,925.3474731445312,498.5577392578125,0.9687806963920593,1195.2022705078125,724.9100341796875,0.9740144610404968,1069.17626953125,827.2001953125,0.9706127643585205
168,5600,860.677734375,84.17811584472656,0.002117457799613476,867.2037963867188,67.44496154785156,0.0030609609093517065,862.462158203125,84.159423828125,0.0011617877753451467,897.7842407226562,53.07371520996094,0.02954036183655262,896.0185546875,77.5352783203125,0.0044868080876767635,900.590576171875,0.0,0.04111354425549507,946.724853515625,0.0,0.029345933347940445,855.5043334960938,24.01215362548828,0.09717080742120743,882.0069580078125,21.613082885742188,0.06878989934921265,838.8579711914062,16.50304412841797,0.0617101714015007,823.233642578125,7.826019287109375,0.050411876291036606,1009.6148681640625,102.80294036865234,0.8537616729736328,1042.16455078125,105.53544616699219,0.83381187915802,889.0980834960938,483.11553955078125,0.9428877234458923,990.4407348632812,489.1373291015625,0.9307733774185181,1139.18212890625,772.3200073242188,0.9020872712135315,1121.4783935546875,810.964599609375,0.8931046724319458
169,5633,900.3529052734375,94.32776641845703,0.0021396921947598457,903.2296142578125,76.01170349121094,0.003040364710614085,896.4214477539062,92.18202209472656,0.0015231756260618567,926.91796875,58.506752014160156,0.024243883788585663,923.6456909179688,84.5548324584961,0.005990542937070131,919.8724365234375,21.45197296142578,0.02150200493633747,985.8316650390625,10.71533203125,0.022277729585766792,920.1031494140625,66.8452377319336,0.03193303942680359,979.76806640625,65.21186828613281,0.04165532812476158,934.9869384765625,143.57749938964844,0.020746450871229172,933.9921264648438,142.04037475585938,0.026946621015667915,994.4505615234375,100.2813720703125,0.8299621939659119,1050.6871337890625,98.26487731933594,0.8354018926620483,865.3052368164062,474.45208740234375,0.9620961546897888,1019.9765625,483.9472961425781,0.9626213908195496,1095.993896484375,779.1451416015625,0.9672137498855591,1180.033935546875,826.6893920898438,0.9668197631835938
170,5666,892.0872802734375,78.32503509521484,0.0024557188153266907,895.437744140625,57.703399658203125,0.003043708624318242,890.8330078125,74.42191314697266,0.0014958766987547278,921.0056762695312,40.29789733886719,0.019128719344735146,922.8707885742188,67.81407165527344,0.005235075484961271,928.97900390625,4.043907165527344,0.01679237000644207,980.170166015625,5.88427734375,0.022120589390397072,933.2901000976562,57.257720947265625,0.03349095210433006,984.972900390625,59.71685028076172,0.050849899649620056,947.9588012695312,129.8154754638672,0.03207913413643837,936.2391967773438,115.77312469482422,0.04129202663898468,993.8064575195312,84.09819030761719,0.8198299407958984,1045.3153076171875,85.09799194335938,0.8371939659118652,874.7064208984375,460.90118408203125,0.9711360335350037,1051.7652587890625,474.8836669921875,0.9720342755317688,1011.2955932617188,806.4057006835938,0.9724186062812805,1214.1783447265625,819.103271484375,0.9721934199333191
171,5700,911.8789672851562,83.31838989257812,0.0035011153668165207,910.85693359375,62.664825439453125,0.0035850328858941793,910.1136474609375,74.74701690673828,0.0016660260735079646,932.042236328125,47.85076904296875,0.012009143829345703,956.441162109375,65.38007354736328,0.0031956241000443697,927.3523559570312,10.578140258789062,0.01835397630929947,1018.5641479492188,2.9910736083984375,0.012501361779868603,919.9402465820312,59.62825012207031,0.07731319963932037,984.8809814453125,49.878570556640625,0.05380379408597946,936.719970703125,97.71249389648438,0.12484435737133026,919.9327392578125,76.64057922363281,0.0953875184059143,986.9979858398438,74.22148132324219,0.8362389206886292,1068.9964599609375,70.41000366210938,0.798906683921814,883.6192626953125,445.1813049316406,0.9815121293067932,1080.991943359375,458.6494445800781,0.9738267660140991,921.177978515625,824.1361083984375,0.9835362434387207,1249.6318359375,790.0391845703125,0.9789469242095947
172,5733,896.4848022460938,75.47340393066406,0.004879525396972895,899.2960205078125,52.93144226074219,0.004778094589710236,897.668212890625,67.8603744506836,0.0021937766578048468,919.1737060546875,36.34233856201172,0.010676165111362934,934.2097778320312,59.756744384765625,0.0029034586623311043,924.412353515625,0.0,0.012103293091058731,989.8180541992188,0.0,0.01407231017947197,922.6424560546875,24.46453857421875,0.07824036478996277,951.5131225585938,25.866165161132812,0.09321428835391998,929.3199462890625,94.10554504394531,0.19544124603271484,909.0230712890625,85.29828643798828,0.2115020602941513,997.5555419921875,66.7807388305664,0.7947003841400146,1067.7674560546875,66.85173797607422,0.7961442470550537,883.9176635742188,452.39739990234375,0.9739329218864441,1089.6390380859375,449.3707580566406,0.9710392355918884,860.4124755859375,823.1354370117188,0.9637017250061035,1284.131591796875,783.0253295898438,0.9605866074562073
173,5766,931.3310546875,86.1478500366211,0.003862849436700344,930.0700073242188,63.29999542236328,0.0037417334970086813,928.5560302734375,72.51207733154297,0.0017427437705919147,944.0468139648438,49.885345458984375,0.0077293626964092255,960.439697265625,64.32778930664062,0.002172446809709072,941.2245483398438,12.109085083007812,0.010716051794588566,1002.1972045898438,8.19781494140625,0.007245569955557585,926.3765258789062,52.166290283203125,0.07122429460287094,967.4533081054688,45.28779602050781,0.047586627304553986,928.6728515625,81.57261657714844,0.16830198466777802,907.27001953125,64.91793823242188,0.13012723624706268,999.0851440429688,56.45338439941406,0.81298828125,1060.7271728515625,57.020599365234375,0.7639173269271851,899.2501831054688,442.2973937988281,0.9854896068572998,1086.3343505859375,455.5282287597656,0.9769495129585266,851.303466796875,832.8636474609375,0.987872838973999,1292.3638916015625,750.7657470703125,0.9831455945968628
174,5800,938.8298950195312,90.14533996582031,0.006011343095451593,940.6673583984375,66.41729736328125,0.004909738898277283,930.6022338867188,75.48820495605469,0.0032257207203656435,954.6284790039062,51.951416015625,0.010845777578651905,947.099853515625,65.66919708251953,0.004619368817657232,951.8251342773438,2.0142059326171875,0.020418088883161545,968.1764526367188,1.773834228515625,0.016634732484817505,927.6046752929688,54.56455993652344,0.08010249584913254,934.9392700195312,43.760650634765625,0.07712816447019577,910.071533203125,92.00601196289062,0.14548948407173157,882.0070190429688,64.63970947265625,0.16520030796527863,998.1883544921875,74.96946716308594,0.8281635642051697,1027.802490234375,79.96023559570312,0.801438570022583,888.7439575195312,442.6296691894531,0.9787777662277222,1063.6878662109375,458.9444274902344,0.9702750444412231,870.4751586914062,804.8373413085938,0.9786067008972168,1296.1048583984375,736.52197265625,0.9735725522041321
175,5833,888.9344482421875,74.33857727050781,0.0032952772453427315,891.1219482421875,51.19175720214844,0.003687787801027298,890.2322998046875,66.04879760742188,0.0015548858791589737,911.817626953125,38.55152893066406,0.010495561175048351,921.351806640625,63.86549377441406,0.002464975928887725,914.9835815429688,0.0,0.009665175341069698,970.2910766601562,0.0,0.011157247237861156,914.8707885742188,42.76734924316406,0.05300379544496536,948.5004272460938,40.541290283203125,0.06412411481142044,923.7310180664062,96.46492767333984,0.10979708284139633,894.3435668945312,79.56653594970703,0.1251465082168579,987.1845703125,66.55691528320312,0.7958840131759644,1038.1357421875,64.3568115234375,0.791808009147644,898.6414184570312,459.635009765625,0.9774801135063171,1022.783203125,456.55078125,0.972244143486023,896.2556762695312,835.125244140625,0.9779450297355652,1289.962158203125,722.2681274414062,0.9739032983779907
176,5866,898.4542846679688,81.7862777709961,0.002868665149435401,897.2431640625,62.85685729980469,0.003165378700941801,900.1884155273438,75.04296112060547,0.0013153270119801164,918.099609375,48.00471496582031,0.010002270340919495,936.8391723632812,68.92781066894531,0.0021145972423255444,916.582763671875,10.390731811523438,0.013228093273937702,979.0150146484375,0.0,0.01065820548683405,912.867431640625,60.53883361816406,0.0692782774567604,966.67822265625,55.86822509765625,0.060069676488637924,905.6666259765625,114.05859375,0.11503883451223373,895.61669921875,93.20402526855469,0.11527605354785919,981.2705078125,96.75489807128906,0.8517293930053711,1026.5911865234375,98.0855712890625,0.8210695385932922,904.8029174804688,461.68157958984375,0.9835758805274963,999.0260620117188,486.7022399902344,0.9745848774909973,940.2610473632812,844.9290161132812,0.9867801070213318,1267.5347900390625,706.13330078125,0.9815129041671753
177,5900,904.3436889648438,81.24053192138672,0.0028621938545256853,907.4507446289062,63.942237854003906,0.003264301223680377,902.3926391601562,76.57626342773438,0.0014823885867372155,934.8662109375,45.86833190917969,0.011014878749847412,922.264404296875,68.6235122680664,0.002632057061418891,940.8023071289062,8.774871826171875,0.015062175691127777,946.93505859375,0.0,0.013249869458377361,932.7586669921875,68.6513671875,0.06106818839907646,941.576171875,59.43296813964844,0.06070151925086975,916.6904296875,117.23666381835938,0.0814349427819252,890.5517578125,94.58473205566406,0.08985347300767899,984.8828125,104.74314880371094,0.8760323524475098,989.7901611328125,104.60174560546875,0.8570974469184875,898.0065307617188,476.4657897949219,0.9846383929252625,961.2932739257812,493.0846252441406,0.9771883487701416,979.977783203125,844.5639038085938,0.9874017834663391,1222.75244140625,692.5073852539062,0.9835332036018372
178,5933,876.3920288085938,65.20243835449219,0.0029881882946938276,881.1099243164062,47.513832092285156,0.0032851663418114185,875.766357421875,62.316307067871094,0.00156229583080858,911.4765625,32.13038635253906,0.013928905129432678,894.0022583007812,58.469078063964844,0.003602663055062294,934.6260375976562,6.3982086181640625,0.01738983765244484,923.04638671875,0.0,0.027232443913817406,930.6634521484375,59.91815185546875,0.06260353326797485,929.7940673828125,54.407318115234375,0.10957154631614685,907.2308349609375,127.12003326416016,0.07744266092777252,884.08544921875,107.1090087890625,0.11975066363811493,998.7032470703125,119.42660522460938,0.8858771324157715,987.2489013671875,115.04475402832031,0.8987271785736084,916.09521484375,493.5517272949219,0.9796602129936218,941.70654296875,481.1451416015625,0.9772690534591675,1032.1966552734375,846.1979370117188,0.9765130281448364,1202.3111572265625,708.54052734375,0.9753758907318115
179,5966,841.4348754882812,50.98876190185547,0.0022312444634735584,844.7239990234375,34.98289489746094,0.0031166509725153446,842.5931396484375,51.58744812011719,0.0009494287660345435,881.7896118164062,23.52477264404297,0.02273329719901085,877.5348510742188,52.28352355957031,0.002819417743012309,900.667236328125,0.0,0.032244373112916946,916.0969848632812,0.0,0.02134852483868599,849.9076538085938,8.31573486328125,0.10494314879179001,902.2401733398438,26.039520263671875,0.06330153346061707,881.6217041015625,27.886917114257812,0.08485989272594452,875.1395874023438,61.84355163574219,0.05468583106994629,998.6610717773438,122.51765441894531,0.9120028614997864,993.7062377929688,119.9703598022461,0.8893146514892578,926.5706176757812,498.317138671875,0.981691837310791,922.2273559570312,471.4208679199219,0.9710477590560913,1076.621337890625,832.2196655273438,0.9752591848373413,1146.8773193359375,709.6415405273438,0.9694584012031555
180,6000,849.6888427734375,68.34796142578125,0.0014246593927964568,854.4100341796875,48.57417297363281,0.0021671040449291468,847.361572265625,66.38076782226562,0.0006708176806569099,894.920654296875,35.71669006347656,0.022032756358385086,872.32275390625,67.86593627929688,0.0025445783976465464,925.6019897460938,2.265655517578125,0.02467256970703602,898.0333251953125,0.0,0.020239345729351044,868.9995727539062,16.64410400390625,0.06757334619760513,910.7216186523438,31.983718872070312,0.057466257363557816,891.1527099609375,34.228271484375,0.046162981539964676,873.7025756835938,55.97126770019531,0.038942351937294006,1002.7626342773438,108.27891540527344,0.8317185640335083,960.26806640625,107.77610778808594,0.8164049386978149,957.7491455078125,491.10699462890625,0.9480155110359192,876.4052734375,461.876953125,0.9325538277626038,1114.7144775390625,829.5957641601562,0.9227586388587952,1081.2979736328125,759.22119140625,0.9162717461585999
181,6033,865.3422241210938,75.10752868652344,0.0020903530530631542,868.7413330078125,52.80134582519531,0.0026903192047029734,863.3504028320312,68.34054565429688,0.0011822025990113616,903.199462890625,37.39109802246094,0.016605406999588013,883.5179443359375,66.73544311523438,0.003264658385887742,935.4672241210938,11.071952819824219,0.014456097036600113,907.7411499023438,4.2417755126953125,0.02932964824140072,914.4298706054688,53.732208251953125,0.03510618954896927,941.7559814453125,55.030906677246094,0.0982886478304863,912.6890869140625,121.20762634277344,0.02894754894077778,894.7134399414062,107.29124450683594,0.06496633589267731,1006.3421630859375,115.2216796875,0.8617753982543945,955.1904296875,115.76504516601562,0.8982129096984863,1023.3644409179688,488.6642150878906,0.9700555801391602,861.9950561523438,448.80718994140625,0.9731791615486145,1174.033935546875,834.7182006835938,0.9645746946334839,1032.638916015625,740.3919067382812,0.9717421531677246
182,6066,871.5736694335938,76.63677978515625,0.0024265735410153866,875.5528564453125,53.2357177734375,0.0032828240655362606,868.7439575195312,67.28009033203125,0.0014186766929924488,908.12060546875,38.85310363769531,0.01747950166463852,883.7479248046875,65.46748352050781,0.003476122161373496,940.0346069335938,9.86041259765625,0.014777809381484985,902.0908813476562,7.0937347412109375,0.024045515805482864,887.2745361328125,55.08549499511719,0.03465389087796211,932.5494384765625,61.070457458496094,0.07192042469978333,841.4939575195312,134.8332061767578,0.02612326107919216,869.3961791992188,126.1805419921875,0.046427782624959946,1011.6939697265625,100.62606811523438,0.8557294607162476,946.7393188476562,104.20065307617188,0.8843939304351807,1048.4378662109375,471.2698974609375,0.9717268347740173,856.107421875,438.236572265625,0.972732424736023,1209.4617919921875,813.6990966796875,0.9697316288948059,959.4547119140625,755.3013305664062,0.9750288724899292
183,6100,920.430908203125,73.65403747558594,0.006562421098351479,925.28759765625,52.28112030029297,0.00739979138597846,916.2456665039062,64.91839599609375,0.004349632654339075,946.6172485351562,42.29791259765625,0.01783827506005764,919.1438598632812,61.97186279296875,0.00606994004920125,942.6376342773438,14.528297424316406,0.030038630589842796,943.9932861328125,2.4571380615234375,0.018094662576913834,904.4507446289062,58.490020751953125,0.08625786751508713,941.8042602539062,48.639244079589844,0.05654551833868027,879.3349609375,117.66707611083984,0.07772760093212128,898.49951171875,103.99053955078125,0.059541091322898865,1020.5777587890625,100.1942367553711,0.8310936689376831,974.8652954101562,95.03377532958984,0.7936878800392151,1080.972900390625,457.8241271972656,0.9618632793426514,865.8466186523438,440.885498046875,0.9479209184646606,1240.66357421875,792.0381469726562,0.951284646987915,879.8642578125,776.2976684570312,0.941584050655365
184,6133,912.9424438476562,91.66349029541016,0.004397237207740545,915.3092651367188,71.18950653076172,0.0048167165368795395,905.4716186523438,79.14060974121094,0.0024075107648968697,939.5826416015625,58.80487060546875,0.00870634987950325,909.4149780273438,71.71634674072266,0.0025199337396770716,943.732421875,36.10450744628906,0.012343713082373142,934.3607177734375,19.473175048828125,0.009482030756771564,884.32861328125,92.25993347167969,0.05885656177997589,967.4078979492188,73.01243591308594,0.04810146242380142,848.440673828125,133.3623504638672,0.0721186175942421,911.1646728515625,113.02029418945312,0.059021662920713425,1015.6426391601562,77.724609375,0.8483189344406128,957.5916137695312,75.54689025878906,0.831007719039917,1085.8145751953125,456.61700439453125,0.982337474822998,876.134765625,441.8642578125,0.9768895506858826,1288.370849609375,778.861083984375,0.9861883521080017,836.6541748046875,791.7105712890625,0.984961986541748
185,6166,921.6983642578125,90.83651733398438,0.006813120562583208,925.068603515625,69.9349365234375,0.0062815179117023945,911.3593139648438,77.21836853027344,0.0033780725207179785,949.1900024414062,57.8287353515625,0.005078330636024475,906.7372436523438,69.83782196044922,0.0017395114991813898,951.0609741210938,36.19779968261719,0.007254098542034626,928.364013671875,18.673919677734375,0.007261148188263178,886.2876586914062,85.20501708984375,0.06680223345756531,944.0198974609375,65.33157348632812,0.07203855365514755,816.8631591796875,123.71553039550781,0.1429266333580017,882.2398681640625,89.52717590332031,0.14868459105491638,1014.44482421875,71.16389465332031,0.8204124569892883,948.840087890625,70.22172546386719,0.8157038688659668,1079.0953369140625,453.5548400878906,0.9826235175132751,877.3310546875,443.84814453125,0.9790964126586914,1305.3187255859375,762.3909912109375,0.987073540687561,840.8051147460938,797.5216064453125,0.9863988161087036
186,6200,912.6097412109375,92.37496948242188,0.005619553849101067,914.6663818359375,72.45236206054688,0.005511244293302298,904.4044189453125,80.15018463134766,0.0028936683665961027,937.437744140625,60.048980712890625,0.005454450845718384,907.4970703125,72.55350494384766,0.0017281617037951946,934.7320556640625,33.43757629394531,0.007055582012981176,936.8600463867188,14.74932861328125,0.006715602707117796,874.4118041992188,76.71922302246094,0.059275560081005096,941.0271606445312,63.11430358886719,0.06041985750198364,810.498779296875,119.31797790527344,0.11381051689386368,877.1607055664062,86.39396667480469,0.1136641874909401,998.9654541015625,67.43778991699219,0.8213306665420532,952.09130859375,66.74601745605469,0.8132996559143066,1056.6424560546875,461.3179626464844,0.9824451804161072,880.5601196289062,451.9610900878906,0.978785514831543,1314.8812255859375,750.0809326171875,0.98736971616745,850.9498901367188,804.75439453125,0.9865100979804993
187,6233,914.8438110351562,67.15235900878906,0.014214592054486275,921.5696411132812,44.836578369140625,0.01442852895706892,908.4979248046875,54.424278259277344,0.008713649585843086,938.8599853515625,37.318702697753906,0.01444066409021616,900.177978515625,51.40315246582031,0.0057292222045362,919.8504638671875,18.938507080078125,0.02552490308880806,913.9566650390625,3.3053054809570312,0.010290582664310932,856.7667846679688,62.22377014160156,0.11528729647397995,902.8438110351562,45.170127868652344,0.04243624210357666,778.2656860351562,135.03517150878906,0.1569538414478302,856.1483154296875,107.87571716308594,0.08082801848649979,981.6296997070312,101.43518829345703,0.7816530466079712,936.6466064453125,99.87187957763672,0.6970011591911316,1017.4852905273438,469.0963439941406,0.956903338432312,878.1434326171875,465.9994812011719,0.9332593083381653,1303.6270751953125,737.1405029296875,0.9503802061080933,896.3742065429688,802.5996704101562,0.9341445565223694
188,6266,862.3031616210938,80.88642883300781,0.003003993071615696,866.5108032226562,59.82508850097656,0.0038816307205706835,858.2026977539062,72.11604309082031,0.001800131518393755,894.9190063476562,43.9368896484375,0.010612336918711662,871.520751953125,65.26263427734375,0.002455378882586956,896.4507446289062,4.2791290283203125,0.00850349199026823,891.4680786132812,0.0,0.010391658172011375,833.3171997070312,38.61863708496094,0.03468826785683632,892.058349609375,37.931488037109375,0.04985281825065613,830.7258911132812,110.59435272216797,0.03742256388068199,850.8475952148438,96.81841278076172,0.04790353775024414,968.031982421875,80.52735900878906,0.8220952153205872,928.5670166015625,90.88911437988281,0.8364606499671936,978.8571166992188,482.8284606933594,0.9708296656608582,883.2101440429688,477.320068359375,0.9704897999763489,1286.5909423828125,725.7530517578125,0.9746798872947693,938.0987548828125,824.0819091796875,0.9758327603340149
189,6300,853.8845825195312,75.55824279785156,0.002777157351374626,856.0428466796875,60.621551513671875,0.003539955709129572,851.7261352539062,72.80536651611328,0.0013621249236166477,886.0986938476562,45.6683349609375,0.012061401270329952,878.8916625976562,66.4332275390625,0.002146473154425621,889.9282836914062,4.188331604003906,0.015394492074847221,911.0689697265625,0.0,0.012954145669937134,843.7186889648438,17.408889770507812,0.0745798647403717,879.531005859375,28.84954833984375,0.06551136076450348,868.8799438476562,51.064453125,0.07347847521305084,859.2518920898438,63.209564208984375,0.0643106997013092,967.4143676757812,110.29156494140625,0.8911166191101074,954.35888671875,117.9151611328125,0.8812710642814636,944.9833984375,492.525146484375,0.9782747030258179,894.6138305664062,487.9153137207031,0.9745153784751892,1252.5338134765625,717.1372680664062,0.9782812595367432,983.0338134765625,828.3338012695312,0.9764447808265686
190,6333,847.23193359375,69.3775634765625,0.0035250294022262096,848.1080932617188,54.97608947753906,0.0036769239231944084,845.1439819335938,68.20463562011719,0.0013503270456567407,878.2308349609375,38.31694793701172,0.010382325388491154,883.3134155273438,60.11505889892578,0.0019247073214501143,878.3763427734375,0.6463394165039062,0.02527635358273983,937.86328125,0.0,0.016109878197312355,830.877685546875,18.074661254882812,0.1857452094554901,877.2251586914062,32.17643737792969,0.11392819881439209,856.257080078125,47.522369384765625,0.23069888353347778,854.256591796875,71.40481567382812,0.160932257771492,967.1189575195312,124.44305419921875,0.9242178797721863,987.4531860351562,129.3955078125,0.9027463793754578,917.3135375976562,490.5143127441406,0.9824467897415161,912.3677368164062,496.81103515625,0.9763121604919434,1201.9176025390625,707.3128662109375,0.9793261289596558,1015.3345336914062,826.4542236328125,0.9739291071891785
191,6366,815.9328002929688,61.098060607910156,0.0030936114490032196,814.900634765625,46.05967712402344,0.0036838026717305183,819.293212890625,60.740570068359375,0.0011573683004826307,852.9840698242188,31.420761108398438,0.02072744630277157,892.661865234375,51.78252410888672,0.0030928277410566807,854.9707641601562,1.7588653564453125,0.05061109736561775,982.3368530273438,0.0,0.02408692054450512,806.2357788085938,19.636459350585938,0.1986621469259262,898.8252563476562,25.43646240234375,0.08521369844675064,826.2142333984375,14.015487670898438,0.1609426587820053,837.4953002929688,20.789886474609375,0.08045615255832672,961.0264892578125,122.24771118164062,0.9373611211776733,1037.8758544921875,118.06901550292969,0.9111118912696838,884.0361328125,489.1039123535156,0.9851052761077881,942.063720703125,486.81768798828125,0.9779865145683289,1154.2386474609375,717.5942993164062,0.981551468372345,1026.3099365234375,820.900634765625,0.9758584499359131
192,6400,844.095947265625,85.2960433959961,0.003612503409385681,847.0457153320312,68.31028747558594,0.004485585726797581,843.03759765625,85.46060943603516,0.0016353942919522524,880.1310424804688,51.8184814453125,0.02363647148013115,888.9239501953125,78.18479919433594,0.003964122384786606,870.52587890625,12.911361694335938,0.05376940593123436,964.5634155273438,0.2693023681640625,0.021414095535874367,814.669921875,23.874343872070312,0.19453935325145721,896.0914916992188,31.467864990234375,0.06921068578958511,813.6134033203125,14.8377685546875,0.17401409149169922,826.0942993164062,22.716888427734375,0.08313431590795517,967.7896728515625,114.80607604980469,0.9115931987762451,1031.3826904296875,111.1204833984375,0.8630221486091614,841.324951171875,471.8476257324219,0.975830078125,962.4529418945312,480.44781494140625,0.9608226418495178,1093.3839111328125,739.5172119140625,0.9700369834899902,1094.6300048828125,787.8856201171875,0.9587798118591309
193,6433,917.916748046875,87.91030883789062,0.011818286031484604,916.2271728515625,64.524169921875,0.009908952750265598,913.0153198242188,77.61458587646484,0.006461254321038723,918.7659912109375,44.892333984375,0.019395427778363228,937.0750122070312,64.5223617553711,0.007597609423100948,897.6541137695312,5.9988555908203125,0.04029328003525734,989.15185546875,1.17132568359375,0.026561500504612923,871.6660766601562,62.9322509765625,0.1305120885372162,932.9208984375,54.507476806640625,0.0860493928194046,849.552978515625,96.32830810546875,0.18997909128665924,848.2666625976562,82.39237976074219,0.1576535552740097,960.8115844726562,107.17250061035156,0.8240561485290527,1029.859130859375,105.79458618164062,0.7781133651733398,831.06884765625,459.65399169921875,0.9678637981414795,987.2625732421875,474.9469299316406,0.9547671675682068,1032.7088623046875,793.2557983398438,0.9687862992286682,1150.9425048828125,803.5717163085938,0.9611570835113525
194,6466,895.8930053710938,77.50971984863281,0.010353976860642433,899.1463623046875,47.77159881591797,0.010877873748540878,895.1680297851562,66.23861694335938,0.006428090389817953,917.5097045898438,33.619789123535156,0.027094706892967224,929.9893798828125,62.978084564208984,0.008530458435416222,902.8616333007812,0.0,0.034474000334739685,989.4857177734375,4.7662353515625,0.026234889402985573,890.8375854492188,50.02045440673828,0.08108856528997421,932.1290283203125,46.553855895996094,0.07189684361219406,895.0823974609375,112.94023132324219,0.11278903484344482,875.5576782226562,86.26178741455078,0.11948703229427338,975.008056640625,95.00878143310547,0.8161630630493164,1050.134765625,102.03902435302734,0.7872780561447144,843.9382934570312,437.6650085449219,0.9679206013679504,1024.554931640625,463.1864318847656,0.9579986929893494,952.0104370117188,812.7817993164062,0.9600266218185425,1181.8961181640625,788.1212768554688,0.9527471661567688
195,6500,877.6204833984375,72.22998046875,0.002481296891346574,877.8490600585938,49.61663818359375,0.0028553702868521214,879.6441650390625,65.48410034179688,0.0012629390694200993,896.9954833984375,34.18684387207031,0.011385761201381683,919.5527954101562,60.68115234375,0.002709154738113284,899.6424560546875,0.0,0.009745500981807709,977.73046875,0.0,0.011843908578157425,896.21337890625,47.281471252441406,0.03958699852228165,944.2285766601562,45.251861572265625,0.055163659155368805,914.3884887695312,115.5285873413086,0.06822969019412994,886.6849975585938,94.65472412109375,0.08714386820793152,966.6619873046875,68.24464416503906,0.7715111970901489,1038.9129638671875,67.45230102539062,0.7781404852867126,864.3416748046875,440.6053161621094,0.9730193614959717,1036.1279296875,449.5080261230469,0.9701340794563293,872.4686889648438,823.1982421875,0.9754287004470825,1232.7972412109375,770.1218872070312,0.972602367401123
196,6533,919.5404663085938,98.22882843017578,0.005158651620149612,917.8414916992188,75.176513671875,0.0044583664275705814,914.693359375,86.1701889038086,0.0023879397194832563,930.1937866210938,59.56059265136719,0.006492122076451778,938.8289794921875,78.0304183959961,0.0022456536535173655,927.4407348632812,15.724273681640625,0.009987943805754185,971.6843872070312,12.7987060546875,0.00799314584583044,912.5787963867188,51.85249328613281,0.0799383893609047,924.7754516601562,43.6552734375,0.0670376718044281,904.99169921875,76.98486328125,0.22159433364868164,883.210693359375,65.08804321289062,0.2074505090713501,977.7235107421875,60.21830749511719,0.8072810769081116,1026.5789794921875,61.77287292480469,0.7699107527732849,881.4146118164062,439.55706787109375,0.9844900965690613,1050.00244140625,452.5500183105469,0.9767593145370483,843.84814453125,835.3971557617188,0.9864515066146851,1241.5140380859375,751.47314453125,0.9821694493293762
197,6566,919.8134765625,98.09122467041016,0.005358531139791012,920.1150512695312,75.38845825195312,0.00468335160985589,913.3674926757812,85.28709411621094,0.002441942458972335,936.315185546875,62.78162384033203,0.005929500330239534,930.1986694335938,79.75362396240234,0.002006115159019828,938.267578125,19.26123046875,0.00882005412131548,951.879638671875,14.828842163085938,0.007210698910057545,924.815185546875,53.176849365234375,0.07779207825660706,914.27001953125,44.15299987792969,0.06777098774909973,907.9991455078125,76.74893188476562,0.23237821459770203,881.1419677734375,64.12019348144531,0.22725476324558258,984.2788696289062,59.578948974609375,0.7972016930580139,1010.74169921875,62.149749755859375,0.7593463063240051,886.72705078125,439.4683532714844,0.9838472008705139,1033.935791015625,454.98028564453125,0.9754958748817444,841.3507690429688,834.8199462890625,0.9861239194869995,1253.18408203125,737.0535888671875,0.9814069271087646
198,6600,880.7560424804688,79.09222412109375,0.0026474834885448217,885.5117797851562,55.79864501953125,0.0031849490478634834,878.2659301757812,70.60771179199219,0.0014334043953567743,908.3641357421875,44.75335693359375,0.009927748702466488,896.52392578125,70.88946533203125,0.0024291614536195993,916.2747802734375,4.242988586425781,0.007350730709731579,928.8135375976562,0.7787933349609375,0.009593114256858826,913.8403930664062,47.24198913574219,0.03200341761112213,909.013916015625,43.38764190673828,0.04983717203140259,929.2606201171875,100.16132354736328,0.06011427193880081,877.7909545898438,80.85120391845703,0.08624719828367233,978.9010620117188,64.35772705078125,0.7732232213020325,1003.8041381835938,65.8641357421875,0.7817345261573792,883.8435668945312,448.713623046875,0.9762247204780579,1004.1648559570312,454.2784423828125,0.9728642106056213,856.9451293945312,829.764404296875,0.9799133539199829,1265.2830810546875,729.7858276367188,0.977143406867981
199,6633,886.5803833007812,80.85587310791016,0.006223040632903576,889.1394653320312,57.778289794921875,0.005467176903039217,883.0137329101562,71.18717193603516,0.002614574274048209,912.4191284179688,41.11798095703125,0.00789862871170044,904.3526611328125,64.48189544677734,0.002337695797905326,919.0726318359375,0.0,0.01012533437460661,942.5220336914062,0.0,0.014481907710433006,914.2445678710938,41.93321228027344,0.07847253978252411,921.181640625,44.044921875,0.11695268005132675,895.1752319335938,99.83029174804688,0.21541856229305267,879.852783203125,87.97421264648438,0.28049758076667786,978.4008178710938,74.33958435058594,0.8080892562866211,1003.2634887695312,74.31971740722656,0.8138296604156494,885.0540771484375,462.4537353515625,0.9796686768531799,983.2918090820312,474.7943115234375,0.9750621914863586,904.7391967773438,851.6041870117188,0.9807807803153992,1243.0513916015625,721.3011474609375,0.9773080348968506
200,6666,873.6692504882812,82.99754333496094,0.006294723134487867,875.0619506835938,63.702552795410156,0.005968303419649601,872.3141479492188,78.56588745117188,0.0023337332531809807,907.8629760742188,45.106292724609375,0.009566630236804485,899.6181030273438,72.40296936035156,0.0019620517268776894,923.4336547851562,2.8997039794921875,0.01292887981981039,936.5476684570312,0.0,0.017971476539969444,916.04541015625,49.57447814941406,0.10072574019432068,928.4454345703125,51.74583435058594,0.1449444591999054,887.6265258789062,107.3477783203125,0.24316218495368958,874.945556640625,94.70988464355469,0.3136434853076935,980.9341430664062,93.80534362792969,0.8748637437820435,991.6197509765625,94.428955078125,0.8762280941009521,881.96630859375,468.1853942871094,0.986247718334198,954.67236328125,492.6286926269531,0.9822807908058167,939.7344970703125,854.38037109375,0.9868062734603882,1219.455322265625,708.78759765625,0.9838084578514099
201,6700,869.1333618164062,79.55429077148438,0.005205586086958647,870.5396118164062,61.680885314941406,0.005101148970425129,866.7969360351562,75.76492309570312,0.002164959441870451,903.52685546875,41.09989929199219,0.01182361226528883,890.2778930664062,67.00138092041016,0.0026788280811160803,925.949951171875,2.0754547119140625,0.01741098426282406,920.4236450195312,0.0,0.0252651609480381,917.056640625,51.88288879394531,0.09356709569692612,918.3477783203125,60.26234436035156,0.14402399957180023,892.3352661132812,125.03329467773438,0.16661067306995392,871.80419921875,113.39620971679688,0.22926877439022064,986.2518920898438,102.89547729492188,0.8984009623527527,979.8261108398438,101.02944946289062,0.9036272764205933,888.7451171875,488.0408020019531,0.9860941171646118,931.5906372070312,496.6175537109375,0.982822835445404,993.6154174804688,854.5153198242188,0.985456645488739,1183.5699462890625,708.6170654296875,0.983391284942627
202,6733,828.4264526367188,58.62519836425781,0.00400139344856143,835.4664916992188,39.92051696777344,0.004955828655511141,831.8372192382812,58.805694580078125,0.0019408689113333821,874.3250122070312,26.707489013671875,0.020051995292305946,868.3070068359375,56.919593811035156,0.0036901275161653757,887.0681762695312,0.0,0.035483215004205704,908.48291015625,0.0,0.02240651845932007,807.9000244140625,14.586616516113281,0.1451561152935028,822.9725341796875,20.760269165039062,0.08706433326005936,797.3355102539062,15.007965087890625,0.16308638453483582,787.6904296875,6.894355773925781,0.12578348815441132,991.8904418945312,127.03227996826172,0.9221855998039246,994.9818115234375,126.67522430419922,0.8970705270767212,893.7479248046875,501.0586242675781,0.9849234819412231,908.8239135742188,483.8476867675781,0.9743381142616272,1044.15576171875,861.1483154296875,0.9761835932731628,1154.66455078125,701.46875,0.9692459106445312
203,6766,811.7070922851562,46.5703125,0.09455354511737823,810.4006958007812,21.112197875976562,0.1694515347480774,807.3345336914062,42.38697052001953,0.02658042125403881,854.1011352539062,0.0,0.30778801441192627,849.1345825195312,41.80169677734375,0.010445878840982914,901.67236328125,1.6713638305664062,0.1355133205652237,915.2200927734375,2.3759765625,0.15476936101913452,887.5968627929688,36.06202697753906,0.11563150584697723,927.1273193359375,48.25328063964844,0.15442998707294464,863.6195068359375,88.46683502197266,0.10480476915836334,860.1132202148438,83.22523498535156,0.13316325843334198,998.047119140625,127.23129272460938,0.8780815601348877,990.9961547851562,125.96509552001953,0.8864367604255676,920.3915405273438,498.8755187988281,0.9719989895820618,877.1052856445312,469.0426940917969,0.9678105115890503,1063.0755615234375,838.7334594726562,0.9611660838127136,1108.993896484375,707.99951171875,0.9621907472610474
204,6800,816.1589965820312,46.61503601074219,0.002586851827800274,822.6567993164062,26.0430908203125,0.0037535924930125475,818.0603637695312,45.921043395996094,0.0012615539599210024,869.0609130859375,18.008514404296875,0.022364983335137367,854.4261474609375,51.37310028076172,0.003176855156198144,902.3635864257812,0.0,0.027018725872039795,894.7302856445312,0.0,0.021137088537216187,837.5231323242188,3.607818603515625,0.08430836349725723,892.9757690429688,11.14453125,0.06551792472600937,855.4151611328125,10.959548950195312,0.06861186772584915,852.9276733398438,23.04553985595703,0.05462910234928131,1001.776123046875,111.06834411621094,0.8699355721473694,966.0205078125,111.02506256103516,0.8533080816268921,972.360595703125,498.63922119140625,0.9685724973678589,849.8507080078125,459.8016357421875,0.9557943940162659,1139.3360595703125,847.692626953125,0.9491169452667236,1056.9173583984375,740.9007568359375,0.9438560009002686
205,6833,856.519775390625,76.48871612548828,0.001651153201237321,861.361328125,54.539154052734375,0.0023285544011741877,854.5457153320312,69.93630981445312,0.0009501725435256958,899.5584106445312,38.51774597167969,0.015737198293209076,873.7984008789062,66.94830322265625,0.0026722955517470837,930.9943237304688,6.679389953613281,0.012373809702694416,893.5924682617188,0.0,0.021407563239336014,894.9190063476562,45.35149383544922,0.030459590256214142,927.5797119140625,44.675994873046875,0.07192542403936386,903.9431762695312,104.22809600830078,0.023331377655267715,895.8001708984375,98.34310913085938,0.04463356360793114,998.7259521484375,110.11203002929688,0.8643599152565002,938.7044677734375,109.79328918457031,0.8936878442764282,1013.7616577148438,486.3841857910156,0.9740890264511108,846.0877685546875,442.8512878417969,0.9748799204826355,1178.658447265625,845.5626220703125,0.9709712266921997,1002.3576049804688,742.9810180664062,0.9762052893638611
206,6866,865.4789428710938,82.81920623779297,0.002535769483074546,870.7749633789062,61.451602935791016,0.0035883306991308928,864.2565307617188,75.88233947753906,0.001824900391511619,901.2669677734375,47.291015625,0.018473250791430473,879.2118530273438,72.51688385009766,0.004814054351300001,935.8782958984375,5.432464599609375,0.014280321076512337,895.0676879882812,3.0135040283203125,0.023560933768749237,903.8525390625,49.475807189941406,0.028053827583789825,940.5693969726562,38.91753387451172,0.06208084523677826,887.385009765625,135.9070587158203,0.019620180130004883,926.6636352539062,114.3628921508789,0.035509854555130005,1013.556396484375,96.5031509399414,0.8196641802787781,947.1461791992188,102.50228118896484,0.8570082187652588,1040.4034423828125,470.05242919921875,0.9594939351081848,850.0750122070312,441.31744384765625,0.9625211954116821,1218.9173583984375,814.1085205078125,0.9508312344551086,938.9674682617188,773.8616333007812,0.9597500562667847
207,6900,879.1317138671875,86.20081329345703,0.004160299431532621,882.0625,61.33918762207031,0.004890466574579477,872.1680297851562,71.3595199584961,0.00217351783066988,913.9700927734375,51.065826416015625,0.014357954263687134,886.47021484375,68.33173370361328,0.003413956379517913,937.9896240234375,23.423812866210938,0.01673569157719612,914.3386840820312,21.779022216796875,0.01857989840209484,919.0228881835938,71.94076538085938,0.04729178920388222,984.281494140625,65.73280334472656,0.06261920928955078,930.8617553710938,125.49819946289062,0.046198226511478424,987.0672607421875,109.68653869628906,0.04909728467464447,1016.013427734375,76.82135009765625,0.8598597645759583,954.7857666015625,82.07615661621094,0.8695788383483887,1065.75048828125,467.32708740234375,0.9799579977989197,862.1546630859375,439.74200439453125,0.9780213236808777,1260.1123046875,802.5042724609375,0.9810240268707275,869.0980224609375,791.6259765625,0.9833910465240479
208,6933,910.6058959960938,87.4833984375,0.003976994659751654,912.8025512695312,66.50374603271484,0.004699500743299723,904.5582275390625,73.88843536376953,0.002120284829288721,939.4216918945312,54.65583801269531,0.009047701954841614,915.880615234375,65.65587615966797,0.0021695438772439957,939.4559936523438,36.81724548339844,0.010275646112859249,947.5816040039062,16.100921630859375,0.007406007032841444,869.1355590820312,99.21102905273438,0.0492328442633152,979.5146484375,82.01046752929688,0.03683018684387207,815.1558837890625,142.7420654296875,0.06295517832040787,924.4002685546875,145.4410858154297,0.04776721075177193,1008.8328247070312,70.61874389648438,0.8238145709037781,963.1458129882812,65.73385620117188,0.8007664084434509,1068.438720703125,459.1260070800781,0.9818047881126404,884.5078735351562,440.8450012207031,0.9757636785507202,1289.166015625,780.006591796875,0.9867880344390869,843.7702026367188,800.5742797851562,0.9854448437690735
209,6966,913.2341918945312,85.4465560913086,0.005506902001798153,916.0797729492188,65.0661849975586,0.005749390460550785,904.0950317382812,73.27974700927734,0.0028012238908559084,943.4559326171875,54.896392822265625,0.006145356688648462,907.342529296875,68.68920135498047,0.0016799872973933816,947.5014038085938,33.3717041015625,0.007092095911502838,934.579833984375,17.009490966796875,0.006725791841745377,904.5606689453125,77.18412780761719,0.05292439088225365,939.9036254882812,61.14422607421875,0.05514974519610405,856.9537353515625,112.36532592773438,0.10065563023090363,882.5267944335938,75.23359680175781,0.09961390495300293,1006.3099975585938,64.29766845703125,0.8036175966262817,953.4614868164062,63.880645751953125,0.7954716682434082,1055.258544921875,457.3868408203125,0.9805284142494202,886.7803344726562,446.3806457519531,0.9761998057365417,1302.850830078125,763.1316528320312,0.9857461452484131,866.194580078125,797.8276977539062,0.9849610328674316
210,7000,928.4375610351562,65.71529388427734,0.010215826332569122,934.9063110351562,43.89619445800781,0.011031066998839378,921.142333984375,54.42292785644531,0.006623676512390375,954.5520629882812,38.382225036621094,0.013247612863779068,913.0984497070312,54.53899383544922,0.004925381857901812,940.6188354492188,22.150039672851562,0.018978888168931007,924.4179077148438,7.940528869628906,0.00969156064093113,902.242919921875,58.74366760253906,0.078234001994133,910.4344482421875,42.53752899169922,0.04023178294301033,864.0443725585938,116.39790344238281,0.10518727451562881,874.4411010742188,95.87784576416016,0.06736227869987488,993.200927734375,96.27951049804688,0.7528035640716553,944.57666015625,95.53541564941406,0.6872989535331726,1026.87158203125,467.491455078125,0.9514523148536682,885.5067138671875,465.1494445800781,0.931212306022644,1297.3931884765625,748.869873046875,0.9460551142692566,901.82958984375,797.7161865234375,0.9328346848487854
211,7033,894.0831909179688,84.54881286621094,0.004097708035260439,896.2340698242188,67.63922882080078,0.004664901178330183,887.2720336914062,75.7393798828125,0.0021200841292738914,922.1922607421875,54.55535888671875,0.007063433527946472,898.764404296875,67.2615737915039,0.0016173487529158592,921.0862426757812,23.39483642578125,0.007800616789609194,930.717041015625,6.586029052734375,0.006303483620285988,890.5821533203125,53.25096130371094,0.05295440927147865,926.0738525390625,51.67240905761719,0.04663033038377762,863.47509765625,121.75328063964844,0.08579055964946747,872.8101196289062,92.24382019042969,0.07701393216848373,979.0721435546875,79.50389099121094,0.8116544485092163,950.2837524414062,81.05804443359375,0.7923852801322937,996.4356689453125,482.6678466796875,0.976410448551178,898.7115478515625,471.70184326171875,0.9711182713508606,1304.0872802734375,730.0386352539062,0.9828841686248779,933.4849243164062,811.9759521484375,0.9816175103187561
212,7066,857.0733032226562,59.390602111816406,0.00340654538013041,860.30126953125,43.21440124511719,0.004107778891921043,853.31201171875,56.00386047363281,0.0016379030421376228,892.6754760742188,31.153541564941406,0.010904707945883274,876.06298828125,53.327178955078125,0.0021267859265208244,900.1685180664062,0.0,0.013682140037417412,906.4773559570312,0.0,0.01185957808047533,850.7294311523438,11.57958984375,0.07328799366950989,900.1384887695312,20.966583251953125,0.0659107193350792,887.1937866210938,48.67218017578125,0.0845470279455185,882.5025024414062,73.46514129638672,0.07305452972650528,981.6536865234375,96.1915283203125,0.8777060508728027,954.1595458984375,105.4200439453125,0.8685792088508606,964.8895263671875,487.2862243652344,0.9774999022483826,901.341064453125,482.3478698730469,0.9732956886291504,1275.88330078125,719.2793579101562,0.9769325256347656,981.362060546875,817.3991088867188,0.9752820730209351
213,7100,850.4313354492188,58.84595489501953,0.005812729708850384,853.012939453125,44.478309631347656,0.005518100690096617,846.8255004882812,58.28862762451172,0.0022940931376069784,886.3065185546875,32.76914978027344,0.009831261821091175,878.28466796875,56.468902587890625,0.0023069398012012243,890.0889282226562,0.0,0.022778082638978958,929.060546875,0.0,0.018123362213373184,838.5018920898438,14.646881103515625,0.17444367706775665,868.173583984375,26.761322021484375,0.13373149931430817,861.0386352539062,42.1761474609375,0.2504207193851471,860.0684204101562,53.185821533203125,0.20270924270153046,984.2587280273438,113.33935546875,0.9164674282073975,988.2410888671875,121.16287994384766,0.902332603931427,935.275634765625,486.3504638671875,0.9830814003944397,916.9332275390625,491.958984375,0.9782625436782837,1243.8663330078125,709.8989868164062,0.9798444509506226,1013.5913696289062,816.5222778320312,0.9760141968727112
214,7133,883.2738647460938,72.14300537109375,0.00356939435005188,883.292724609375,57.50431823730469,0.003675296204164624,882.9696044921875,73.94512939453125,0.0013963391538709402,912.6908569335938,40.901710510253906,0.01084840763360262,926.5799560546875,68.16515350341797,0.0019677942618727684,890.6754150390625,5.35565185546875,0.028207845985889435,994.1734008789062,0.0,0.015289445407688618,818.7708129882812,24.699966430664062,0.2107306867837906,901.9866943359375,36.589324951171875,0.11235497891902924,856.0100708007812,28.063018798828125,0.2787782549858093,863.131591796875,36.69140625,0.1869538426399231,978.9517822265625,120.32949829101562,0.9222339987754822,1030.6053466796875,120.05868530273438,0.8913594484329224,892.96435546875,486.0676574707031,0.9820299744606018,921.8794555664062,489.8736877441406,0.97409987449646,1203.3116455078125,715.1426391601562,0.9793300032615662,1030.7069091796875,817.2341918945312,0.9730720520019531
215,7166,879.2755737304688,73.9793930053711,0.004819446709007025,881.6163940429688,59.33692932128906,0.004320421256124973,878.4611206054688,76.43385314941406,0.001762161497026682,913.7725219726562,42.97430419921875,0.011291831731796265,921.646240234375,70.69880676269531,0.002352882642298937,903.81298828125,3.1684112548828125,0.035669904202222824,997.0238037109375,0.0,0.02367597259581089,846.3285522460938,23.335235595703125,0.2756853997707367,909.9661254882812,33.74285888671875,0.1757984161376953,805.5428466796875,9.156646728515625,0.3832569122314453,812.0614013671875,16.3765869140625,0.301354318857193,990.39208984375,117.54496765136719,0.9277502298355103,1049.939697265625,115.82574462890625,0.9068495035171509,863.095458984375,477.2629699707031,0.9813866019248962,967.1072998046875,493.08319091796875,0.9748684167861938,1154.3287353515625,713.9771728515625,0.9751163125038147,1073.18359375,803.1077270507812,0.9688679575920105
216,7200,873.9979858398438,80.76457214355469,0.0034951227717101574,877.1433715820312,64.92210388183594,0.004164598416537046,872.786376953125,82.9017333984375,0.0015074951807036996,912.2454223632812,49.90022277832031,0.017262926325201988,917.4473876953125,79.01905059814453,0.0029889284633100033,910.6305541992188,6.461769104003906,0.036043062806129456,988.1893310546875,0.0,0.01786148175597191,851.46533203125,16.685394287109375,0.17272640764713287,901.2977294921875,25.159515380859375,0.07386023551225662,802.1279296875,0.900970458984375,0.183978870511055,804.0614013671875,4.266357421875,0.10222823172807693,997.3378295898438,106.52243041992188,0.9064183235168457,1055.938720703125,103.37379455566406,0.8672851920127869,849.7742309570312,462.1474914550781,0.9798452258110046,995.0775146484375,475.9237365722656,0.9693419933319092,1103.0391845703125,751.6827392578125,0.9768461585044861,1141.9320068359375,804.4224243164062,0.9690027236938477
217,7233,861.3829345703125,65.5096206665039,0.0020022725220769644,860.25439453125,49.10712432861328,0.002520884620025754,862.5611572265625,66.58488464355469,0.0010828060330823064,884.5800170898438,35.39021301269531,0.02164820209145546,912.0548095703125,63.74638366699219,0.00492130545899272,885.678955078125,0.0,0.028048740699887276,986.4805297851562,0.0,0.024712510406970978,875.2483520507812,15.793807983398438,0.05986693128943443,960.678955078125,34.290618896484375,0.053965818136930466,932.9077758789062,51.43299865722656,0.04306903854012489,928.0076293945312,67.59370422363281,0.03734278306365013,985.1661987304688,91.60830688476562,0.8854610919952393,1065.1263427734375,93.76895141601562,0.8774760365486145,871.7710571289062,457.669921875,0.9788749814033508,1042.8560791015625,476.0981140136719,0.9757980704307556,1044.966796875,777.5953369140625,0.9782167673110962,1184.8740234375,813.0047607421875,0.9753013849258423
218,7266,921.64599609375,78.90353393554688,0.0041493987664580345,919.0726318359375,59.283050537109375,0.004233295563608408,919.3330078125,72.97773742675781,0.0021428146865218878,934.8651123046875,44.530792236328125,0.01264241337776184,958.884765625,65.9619140625,0.003936973866075277,928.0595092773438,9.705047607421875,0.02021075412631035,1018.7305297851562,1.8766937255859375,0.013394569978117943,930.0225830078125,62.56562805175781,0.07712507992982864,989.5498046875,48.79325866699219,0.05077812448143959,944.5588989257812,103.6651611328125,0.11587905138731003,928.7889404296875,76.98609924316406,0.08409342914819717,988.7949829101562,71.57391357421875,0.8489856123924255,1068.973388671875,69.83724975585938,0.8098699450492859,884.4987182617188,437.36297607421875,0.9834721088409424,1073.7747802734375,462.7945861816406,0.9760265946388245,960.0276489257812,819.6373901367188,0.986645519733429,1223.1751708984375,792.9743041992188,0.9823327660560608
219,7300,918.7373657226562,87.72230529785156,0.0046008373610675335,918.4050903320312,66.33403015136719,0.0041884128004312515,916.9222412109375,81.77536010742188,0.0019513254519551992,935.5323486328125,50.58311462402344,0.006419756915420294,948.9447021484375,76.86845397949219,0.0017220971640199423,931.4967041015625,2.2020721435546875,0.008643324486911297,1008.68359375,0.0,0.007952505722641945,927.838134765625,36.73004150390625,0.08937013894319534,963.2162475585938,32.95417785644531,0.09122475981712341,938.0403442382812,96.94878387451172,0.2713935375213623,921.3939208984375,89.79835510253906,0.287179172039032,999.620361328125,63.22723388671875,0.806624174118042,1071.8756103515625,63.252960205078125,0.7848870754241943,895.767578125,437.2060546875,0.9805505275726318,1078.08984375,447.64013671875,0.9751993417739868,887.3719482421875,805.1651611328125,0.9807443022727966,1264.52880859375,771.218994140625,0.9763701558113098
220,7333,911.2874145507812,72.49465942382812,0.00482169957831502,913.9539794921875,48.54194641113281,0.004764311946928501,912.6597900390625,62.11198425292969,0.0022964889649301767,929.9652099609375,34.150543212890625,0.01032297220081091,945.0151977539062,55.42543029785156,0.003015118418261409,937.0563354492188,0.0,0.009885982610285282,993.4259643554688,0.0,0.013314136303961277,944.6246337890625,39.90900421142578,0.059523556381464005,966.8690185546875,34.945518493652344,0.08625607937574387,945.5374145507812,109.02433776855469,0.1607200801372528,924.0864868164062,91.50503540039062,0.19798636436462402,1004.11181640625,60.17967224121094,0.7554054260253906,1066.562255859375,59.05778503417969,0.7703816294670105,905.5216064453125,445.209228515625,0.9704787731170654,1087.19384765625,435.1229553222656,0.9690138101577759,863.2317504882812,816.8023681640625,0.9621105194091797,1283.53271484375,758.9928588867188,0.9608967900276184
221,7366,907.7254638671875,70.12751770019531,0.005304241087287664,913.2135009765625,48.34693908691406,0.005259000696241856,906.6923828125,61.699790954589844,0.002440027892589569,935.2260131835938,34.59551239013672,0.009878885000944138,928.9129028320312,56.118804931640625,0.002734734211117029,951.9166259765625,0.0,0.010390682145953178,961.7754516601562,0.0,0.013135591521859169,951.9280395507812,30.8485107421875,0.07131077349185944,941.6017456054688,27.0853271484375,0.09383970499038696,940.9639892578125,103.60176086425781,0.19546015560626984,919.5706787109375,90.09992980957031,0.22558172047138214,1015.8241577148438,60.65570068359375,0.791669487953186,1045.4990234375,60.80486297607422,0.7974153161048889,908.254638671875,441.8035583496094,0.9746605753898621,1070.73193359375,437.1912536621094,0.9718539714813232,873.34521484375,813.0132446289062,0.9671537280082703,1294.766357421875,745.0935668945312,0.9646136164665222
222,7400,920.9896240234375,80.07994079589844,0.004484774544835091,923.8515625,59.43768310546875,0.004252088721841574,916.3386840820312,73.30073547363281,0.0020380537025630474,942.8201293945312,45.05854797363281,0.005882610101252794,929.6953735351562,70.13516235351562,0.0016724626766517758,943.5435791015625,0.0,0.007190042641013861,966.0252685546875,0.0,0.00753590976819396,943.3333740234375,37.42401123046875,0.07235105335712433,939.3056640625,28.254318237304688,0.08772199600934982,938.8189697265625,94.20176696777344,0.22054246068000793,917.8196411132812,85.50936126708984,0.27260270714759827,1014.37353515625,62.565399169921875,0.812947690486908,1043.0257568359375,64.55621337890625,0.7994101643562317,919.3718872070312,441.2267761230469,0.9818848967552185,1042.0733642578125,449.7950439453125,0.9766489863395691,900.4722900390625,807.4957275390625,0.9835880994796753,1294.393798828125,719.5770874023438,0.9795859456062317
223,7433,920.0127563476562,84.25456237792969,0.0045935711823403835,918.7106323242188,63.284454345703125,0.0042404732666909695,917.510986328125,75.78153991699219,0.001972896046936512,935.295654296875,46.84368896484375,0.006869878154247999,942.4063110351562,68.36654663085938,0.0018880472052842379,933.8522338867188,1.1683502197265625,0.01027684286236763,983.2598876953125,0.0,0.009633829817175865,940.5031127929688,47.334228515625,0.08861123025417328,968.588623046875,40.85508728027344,0.08786457031965256,933.595458984375,101.18348693847656,0.22516517341136932,921.9357299804688,88.58656311035156,0.23881657421588898,1009.3612060546875,66.93003845214844,0.8352734446525574,1048.5498046875,67.02767944335938,0.811436653137207,928.3938598632812,458.70166015625,0.9840437769889832,1022.3340454101562,470.10107421875,0.9766634106636047,942.796142578125,836.3323974609375,0.9860730171203613,1277.122802734375,705.2064208984375,0.9815469980239868
224,7466,907.4010009765625,75.875244140625,0.0034656571224331856,909.0916137695312,58.47198486328125,0.004028022289276123,906.0679321289062,70.50636291503906,0.0014955376973375678,937.5066528320312,42.31452941894531,0.013728709891438484,932.6365356445312,63.275733947753906,0.0023139887489378452,949.24072265625,5.4777374267578125,0.017864299938082695,965.3145141601562,0.0,0.016424618661403656,948.24169921875,55.04292297363281,0.07699146121740341,971.2178344726562,48.665313720703125,0.07912106066942215,934.9481201171875,110.27911376953125,0.1116112768650055,914.5740966796875,85.07844543457031,0.12404850125312805,1011.7666625976562,97.080322265625,0.8804814219474792,1022.9923095703125,97.713134765625,0.8646897673606873,925.4243774414062,465.08697509765625,0.984036386013031,990.110595703125,484.6885070800781,0.9767778515815735,981.8880615234375,837.8760375976562,0.985554039478302,1251.330322265625,687.7034301757812,0.9813118577003479
225,7500,858.7476806640625,63.148406982421875,0.0021347457077354193,863.250244140625,46.78038024902344,0.0027975072152912617,861.58447265625,61.58317565917969,0.0009533310076221824,899.8709716796875,33.33906555175781,0.019881438463926315,898.3927001953125,58.513824462890625,0.0031058932654559612,922.3072509765625,0.27198028564453125,0.02785220742225647,945.919921875,0.0,0.02332480438053608,873.011962890625,19.578826904296875,0.09463417530059814,933.2682495117188,37.51478576660156,0.07087269425392151,842.9531860351562,26.798995971679688,0.08181025832891464,865.9942016601562,61.001220703125,0.06476115435361862,1011.2779541015625,125.78608703613281,0.9272974133491516,1021.4800415039062,119.65951538085938,0.9159082770347595,926.526123046875,494.79254150390625,0.988068163394928,967.5986938476562,473.5562744140625,0.9822419881820679,1030.902587890625,839.505859375,0.9857531189918518,1221.954345703125,688.5057373046875,0.9826487302780151
226,7533,886.9854736328125,63.57115173339844,0.004140002653002739,891.490966796875,47.131439208984375,0.003476690500974655,887.508544921875,64.41526794433594,0.0015225084498524666,929.9557495117188,30.09711456298828,0.00882668886333704,916.7193603515625,61.53728485107422,0.0019535496830940247,947.972900390625,0.0,0.021051177754998207,966.2265014648438,0.0,0.030215514823794365,890.34375,17.2774658203125,0.1821313351392746,948.138427734375,35.50904846191406,0.26673686504364014,829.2924194335938,12.292098999023438,0.31538668274879456,835.33544921875,23.1448974609375,0.43911460041999817,1032.1334228515625,132.40635681152344,0.9379202723503113,1028.3367919921875,130.6414031982422,0.9418007731437683,940.8088989257812,489.41473388671875,0.988643229007721,948.6405029296875,482.1270751953125,0.9862028360366821,1086.3768310546875,832.3504028320312,0.9839801788330078,1190.9140625,694.4339599609375,0.9827082753181458
227,7566,864.8053588867188,65.23887634277344,0.0032044872641563416,870.1024169921875,46.30339050292969,0.0035395552404224873,863.3089599609375,63.00446319580078,0.001162344473414123,917.1299438476562,31.644309997558594,0.016295084729790688,893.9200439453125,62.260162353515625,0.0021901524160057306,950.734130859375,2.2684249877929688,0.022352559491991997,932.7193603515625,0.0,0.03258819505572319,877.1988525390625,20.996429443359375,0.11287813633680344,932.548095703125,34.84977722167969,0.16898205876350403,870.8988647460938,18.527664184570312,0.14574724435806274,871.3154907226562,24.613861083984375,0.1917334347963333,1036.05224609375,124.97625732421875,0.8775609135627747,1000.5128173828125,120.07125091552734,0.8910912871360779,964.7076416015625,496.56005859375,0.9699608087539673,900.1912231445312,461.3298645019531,0.96608966588974,1101.821533203125,822.8360595703125,0.9506629705429077,1126.205322265625,705.2224731445312,0.9522520303726196
228,7600,871.2584838867188,53.90730285644531,0.003609938081353903,879.5233154296875,34.58031463623047,0.00408101687207818,867.3186645507812,51.85386657714844,0.0015496682608500123,922.0510864257812,23.001251220703125,0.017613735049962997,881.968505859375,54.44462585449219,0.0030721931252628565,942.5733642578125,0.0,0.04244774207472801,904.3453369140625,0.0,0.02576589584350586,861.1393432617188,16.885711669921875,0.1756596863269806,886.0453491210938,27.139617919921875,0.11333953589200974,898.3704223632812,9.08990478515625,0.17531169950962067,885.71435546875,11.564300537109375,0.13027752935886383,1038.32080078125,127.34749603271484,0.9320939779281616,976.6564331054688,126.98233795166016,0.911062479019165,1029.7625732421875,499.266845703125,0.9831523895263672,875.5629272460938,453.7178649902344,0.9731855988502502,1164.3978271484375,820.5635986328125,0.9738622903823853,1075.3067626953125,707.7418823242188,0.9689127206802368
229,7633,871.5451049804688,58.62290954589844,0.0033780343364924192,877.0735473632812,39.5225830078125,0.003901665797457099,867.7811279296875,53.6458740234375,0.0015520871384069324,912.62646484375,30.866798400878906,0.018605295568704605,883.6573486328125,57.42510223388672,0.0037262372206896544,945.4566650390625,0.0,0.03590996563434601,899.820068359375,0.0,0.03057541325688362,887.337890625,9.12615966796875,0.11865736544132233,907.864990234375,16.010604858398438,0.0999406948685646,924.406005859375,10.35845947265625,0.09595685452222824,903.9069213867188,12.796463012695312,0.07662848383188248,1039.4951171875,115.39274597167969,0.9174579381942749,973.83056640625,118.63645935058594,0.9093997478485107,1054.247314453125,487.6174621582031,0.9796935319900513,883.318359375,445.80462646484375,0.9731334447860718,1196.5732421875,824.8877563476562,0.9676231741905212,1031.3740234375,751.8803100585938,0.9675993919372559
230,7666,920.7474975585938,98.44624328613281,0.0028117785695940256,926.3773193359375,76.98431396484375,0.003639555536210537,913.1763305664062,87.73809814453125,0.0014956133672967553,963.49658203125,61.195518493652344,0.0172700434923172,922.8217163085938,79.14237213134766,0.0032283635810017586,992.5859985351562,26.790618896484375,0.02394907735288143,940.78076171875,13.937576293945312,0.0228985957801342,957.810791015625,61.43980407714844,0.06330595165491104,964.0870971679688,53.66670227050781,0.07209810614585876,943.7208251953125,112.79008483886719,0.04822252318263054,928.8106079101562,97.24456787109375,0.0511360839009285,1060.388671875,94.20973205566406,0.881992518901825,986.1646728515625,89.15524291992188,0.8827511668205261,1094.6099853515625,476.21649169921875,0.9752706289291382,885.633544921875,426.27001953125,0.971157968044281,1246.260498046875,802.641357421875,0.9734848737716675,957.0965576171875,759.8741455078125,0.9754523038864136
231,7700,936.1948852539062,88.4004135131836,0.0036894723307341337,942.066162109375,67.25486755371094,0.004076982382684946,926.592041015625,74.29877471923828,0.002063997322693467,972.015625,54.21954345703125,0.009201406501233578,924.9763793945312,65.88258361816406,0.002653175499290228,993.4363403320312,29.170303344726562,0.012377358973026276,941.7197265625,15.796829223632812,0.013917217962443829,958.8775634765625,74.69975280761719,0.04910222813487053,977.2538452148438,56.97816467285156,0.06705301254987717,942.3381958007812,118.79219055175781,0.05576327070593834,934.477294921875,83.20468139648438,0.06774165481328964,1062.988037109375,81.45158386230469,0.8428313732147217,984.2864379882812,81.30299377441406,0.8513928651809692,1112.17138671875,457.55670166015625,0.976926863193512,899.40625,437.3121032714844,0.9744912981987,1283.643310546875,791.005615234375,0.9800611734390259,896.3597412109375,786.1238403320312,0.981181263923645
232,7733,973.8814086914062,81.06390380859375,0.00874292477965355,975.0040893554688,62.708839416503906,0.006306022871285677,962.3564453125,70.0616683959961,0.004444263409823179,992.9752807617188,50.602935791015625,0.004073134623467922,953.6041870117188,62.389434814453125,0.002060436177998781,998.234619140625,26.53948974609375,0.008313053287565708,978.2805786132812,8.558441162109375,0.010197486728429794,967.0374755859375,79.13264465332031,0.08526390790939331,986.1810302734375,58.328704833984375,0.12037597596645355,926.474853515625,98.83474731445312,0.20634464919567108,913.5455932617188,76.528564453125,0.25998830795288086,1059.837158203125,82.78106689453125,0.8233599066734314,996.74951171875,76.1817626953125,0.8294810056686401,1123.412109375,449.3038330078125,0.9806215167045593,913.8285522460938,439.6007995605469,0.9783769845962524,1312.5545654296875,777.0901489257812,0.9837839007377625,874.3194580078125,788.641845703125,0.9832624197006226
233,7766,972.607177734375,87.29642486572266,0.006178898736834526,974.6642456054688,67.45413208007812,0.006133067421615124,961.243896484375,74.64385986328125,0.00381183298304677,995.3573608398438,56.89704895019531,0.006812966428697109,955.4652099609375,68.4631576538086,0.002774470020085573,995.1077270507812,38.72108459472656,0.009407726116478443,979.084228515625,20.319122314453125,0.00712317880243063,956.912109375,98.23631286621094,0.047616828233003616,989.157958984375,80.68016052246094,0.03928481787443161,933.6632690429688,116.64788818359375,0.07164862006902695,941.29541015625,110.01077270507812,0.06003278121352196,1051.8614501953125,75.67790222167969,0.7853349447250366,994.0032348632812,70.55158996582031,0.7582600116729736,1113.7215576171875,444.9748840332031,0.977869987487793,923.1101684570312,439.49322509765625,0.971169650554657,1333.787109375,763.7550659179688,0.9852690100669861,876.0164794921875,794.6204833984375,0.9830155968666077
234,7800,994.0309448242188,81.64901733398438,0.021584687754511833,994.8455810546875,60.49761199951172,0.014379455707967281,981.0158081054688,68.97669982910156,0.012926585972309113,998.9547729492188,46.04365539550781,0.007592603098601103,966.6054077148438,56.97454833984375,0.005844189785420895,988.374267578125,14.943145751953125,0.0222950279712677,1001.0925903320312,0.0,0.011791619472205639,945.6854248046875,75.37033081054688,0.13885532319545746,987.8726806640625,60.10615539550781,0.06756627559661865,906.5064697265625,105.140625,0.2481214702129364,914.2824096679688,89.59945678710938,0.1513584554195404,1042.9390869140625,95.35624694824219,0.7862004637718201,1004.0255126953125,84.4595947265625,0.7166768312454224,1089.71875,450.1076965332031,0.9700535535812378,920.4677124023438,443.1098327636719,0.9549624919891357,1341.314453125,750.6884765625,0.9746786952018738,899.4066162109375,798.1565551757812,0.9667065739631653
235,7833,986.3051147460938,56.23303985595703,0.019953805953264236,993.062255859375,30.64569854736328,0.01798441633582115,977.326171875,41.25714111328125,0.013958467170596123,1002.6663208007812,19.052215576171875,0.015889441594481468,962.4561767578125,35.13274383544922,0.00897971075028181,983.2904663085938,6.552085876464844,0.031077109277248383,982.7177734375,0.0,0.013227911666035652,955.185791015625,53.63946533203125,0.108039490878582,967.724365234375,44.198341369628906,0.043995004147291183,937.4708862304688,110.46549224853516,0.14561982452869415,934.4334106445312,97.7889633178711,0.07729072868824005,1030.6279296875,107.73841094970703,0.7366778254508972,994.174072265625,103.01225280761719,0.6458935141563416,1058.7647705078125,460.3860168457031,0.940305769443512,922.1752319335938,456.9293518066406,0.9116597771644592,1332.3792724609375,735.7234497070312,0.9327716827392578,943.288330078125,796.5728759765625,0.911540687084198
236,7866,926.26025390625,73.93803405761719,0.0023546358570456505,931.242431640625,56.03851318359375,0.0032095720525830984,920.6759033203125,68.01647186279297,0.0015015352983027697,959.0951538085938,42.518096923828125,0.008225039578974247,927.0033569335938,63.68323516845703,0.0017863425891846418,962.8326416015625,7.191261291503906,0.005279129836708307,945.3541870117188,0.0,0.007049334701150656,919.0230712890625,33.58268737792969,0.023378688842058182,951.9607543945312,32.997711181640625,0.04282442107796669,925.9432983398438,85.08984375,0.028224550187587738,918.287841796875,74.6509780883789,0.04601016268134117,1021.8565063476562,80.74488830566406,0.7822521924972534,975.1632080078125,88.36715698242188,0.8084071278572083,1027.7618408203125,479.1644287109375,0.9669840335845947,932.19091796875,471.144287109375,0.9693528413772583,1327.9522705078125,713.8687133789062,0.9761414527893066,985.103759765625,814.2535400390625,0.9783222079277039
237,7900,912.9100952148438,70.57086181640625,0.0027176605071872473,915.5255737304688,56.13862609863281,0.0034267136361449957,910.929443359375,69.47767639160156,0.001471193041652441,944.508544921875,43.99763488769531,0.010857324115931988,936.3890991210938,66.60054016113281,0.002180887386202812,940.36474609375,7.809516906738281,0.01215605903416872,979.7640380859375,0.0,0.011044265702366829,897.6154174804688,20.084381103515625,0.05736929923295975,954.1560668945312,31.628128051757812,0.05958586186170578,922.603271484375,45.32835388183594,0.061593350023031235,914.5230712890625,56.98530578613281,0.0643954798579216,1015.0792236328125,100.17173767089844,0.8665539622306824,1014.2512817382812,105.44869995117188,0.8602245450019836,985.2919921875,489.8763427734375,0.9755590558052063,949.1187744140625,486.9360656738281,0.9729405641555786,1298.5867919921875,717.9788818359375,0.9782857894897461,1019.8819580078125,825.5923461914062,0.9772447943687439
238,7933,920.048583984375,87.61390686035156,0.002460310235619545,920.9002075195312,72.40644836425781,0.00323862349614501,917.7053833007812,86.23711395263672,0.0014201310696080327,945.4375,56.08918762207031,0.012841418385505676,947.7823486328125,79.22190856933594,0.002712843008339405,938.2778930664062,16.785118103027344,0.013312753289937973,1005.5537719726562,0.0,0.013967703096568584,909.9752197265625,38.30378723144531,0.05017450079321861,954.7099609375,49.182106018066406,0.061798345297575,887.9132690429688,95.8267593383789,0.046458251774311066,894.9805908203125,74.06913757324219,0.05984463915228844,1017.37060546875,111.09283447265625,0.8685305118560791,1047.7855224609375,114.44032287597656,0.8694850206375122,955.7957153320312,488.8125915527344,0.9742391109466553,964.9794311523438,498.0310363769531,0.9736315608024597,1242.4432373046875,704.8348388671875,0.9802154302597046,1063.556884765625,819.2257690429688,0.9789218902587891
239,7966,905.12548828125,70.87179565429688,0.005727587267756462,906.6564331054688,55.044891357421875,0.0043392782099545,902.6008911132812,70.8628921508789,0.0021230631973594427,940.19189453125,40.72846984863281,0.0061518605798482895,946.6380615234375,66.65542602539062,0.0017114408547058702,943.390869140625,3.359344482421875,0.011826733127236366,1043.7728271484375,0.0,0.023114411160349846,932.9161376953125,30.984649658203125,0.1413688212633133,1029.8857421875,46.8310546875,0.3004690110683441,895.6082153320312,38.85227966308594,0.33293861150741577,908.0343017578125,44.10997009277344,0.5357882976531982,1028.1058349609375,113.47265625,0.8784193396568298,1079.7862548828125,110.93142700195312,0.9053826332092285,936.9180908203125,484.8341979980469,0.9766542315483093,979.1063842773438,487.0472106933594,0.9806964993476868,1207.9212646484375,729.5755004882812,0.9729734063148499,1091.404052734375,814.832763671875,0.9755555391311646
240,8000,892.9501342773438,85.55948638916016,0.0030723479576408863,893.0390625,69.08024597167969,0.003332641674205661,893.660400390625,87.07312774658203,0.0013360101729631424,924.01904296875,51.695068359375,0.016561057418584824,946.6082763671875,80.13665771484375,0.003198356367647648,922.4451293945312,6.505577087402344,0.030479272827506065,1038.3570556640625,0.0,0.025870341807603836,886.87060546875,26.013931274414062,0.1377544403076172,984.468994140625,38.67791748046875,0.11552164703607559,859.7494506835938,14.7279052734375,0.14863063395023346,871.5355224609375,16.825698852539062,0.13543857634067535,1021.9105224609375,102.00325012207031,0.8817803859710693,1099.87060546875,98.3291015625,0.869771420955658,919.0479736328125,470.1507568359375,0.971047580242157,1030.3212890625,478.2481689453125,0.9654512405395508,1144.34326171875,754.4403076171875,0.9619823098182678,1135.5028076171875,796.0504760742188,0.9572410583496094
241,8033,887.818359375,73.47589874267578,0.002009886782616377,889.3677978515625,57.148681640625,0.002730241045355797,889.1710205078125,74.27984619140625,0.0008879343513399363,923.4739379882812,42.85963439941406,0.016868920996785164,943.7156982421875,69.23080444335938,0.002447836333885789,929.9072265625,0.957275390625,0.023831233382225037,1028.0953369140625,0.0,0.012410142458975315,887.3486938476562,23.177398681640625,0.09939210116863251,1003.0896606445312,34.397003173828125,0.04648151248693466,854.16357421875,12.573623657226562,0.09914866089820862,919.405029296875,48.50230407714844,0.0571211613714695,1026.1614990234375,94.89262390136719,0.8727298974990845,1097.4478759765625,90.50321960449219,0.8314505219459534,906.2268676757812,459.9795227050781,0.9784837961196899,1060.715087890625,473.9424133300781,0.9688624739646912,1093.242431640625,797.0601196289062,0.9772809147834778,1208.853271484375,818.9829711914062,0.9704857468605042
242,8066,928.5379638671875,77.81005096435547,0.004098009783774614,927.1512451171875,58.483428955078125,0.004121456760913134,927.595703125,73.38553619384766,0.0018550076056271791,954.7001953125,42.8155517578125,0.013235458172857761,980.0924072265625,64.61100769042969,0.003370339050889015,958.049560546875,1.960601806640625,0.019057966768741608,1051.169677734375,0.0,0.018219785764813423,953.1588745117188,47.40522766113281,0.07855883985757828,1025.6927490234375,37.353515625,0.08088187128305435,965.828857421875,87.30862426757812,0.12538957595825195,952.8980712890625,64.55744934082031,0.12622620165348053,1026.1966552734375,77.2796630859375,0.842775821685791,1104.6636962890625,73.85128784179688,0.8331401348114014,921.4692993164062,443.0750427246094,0.9796770215034485,1098.7510986328125,465.8070373535156,0.9759964942932129,1011.7513427734375,813.093994140625,0.9817553758621216,1245.3319091796875,806.8716430664062,0.9789642691612244
243,8100,936.0240478515625,81.34586334228516,0.0029791640117764473,937.080322265625,60.591224670410156,0.0030980573501437902,936.2971801757812,73.77786254882812,0.0013854351127520204,956.8402099609375,43.8892822265625,0.008202176541090012,973.2247924804688,64.58436584472656,0.001988309668377042,960.1524047851562,0.5640792846679688,0.008668094873428345,1036.07275390625,0.0,0.009284327737987041,960.6112060546875,50.89398193359375,0.05603263899683952,1005.5452880859375,42.19898986816406,0.06933865696191788,975.3596801757812,100.09552001953125,0.12806862592697144,952.5748901367188,84.85464477539062,0.1526937335729599,1033.8673095703125,67.06640625,0.7972562909126282,1105.6455078125,64.54293823242188,0.7924394011497498,928.5729370117188,441.5152587890625,0.9789936542510986,1110.755126953125,451.81292724609375,0.9755915403366089,925.3693237304688,819.6251220703125,0.980286180973053,1283.882080078125,783.1799926757812,0.977332592010498
244,8133,955.8964233398438,77.16620635986328,0.003336752997711301,957.6692504882812,55.802650451660156,0.003374966327100992,953.97021484375,67.25381469726562,0.001411569188348949,976.8726196289062,41.769859313964844,0.0056691416539251804,980.8468017578125,60.82965087890625,0.0012910898076370358,981.870361328125,1.0630416870117188,0.005426608957350254,1029.74267578125,0.0,0.005644051358103752,971.6898803710938,46.336212158203125,0.05635037645697594,997.1777954101562,38.95330810546875,0.0654459148645401,968.0299682617188,92.40687561035156,0.18430837988853455,946.6124267578125,84.1830825805664,0.20930401980876923,1042.7757568359375,59.39373779296875,0.7571676969528198,1095.34130859375,57.287750244140625,0.7453292012214661,938.408203125,441.5824890136719,0.97898930311203,1112.6153564453125,446.62518310546875,0.9744903445243835,901.3379516601562,812.7202758789062,0.9814369082450867,1313.4019775390625,768.756591796875,0.9778770804405212
245,8166,964.453125,81.61083984375,0.0028503146022558212,968.3801879882812,59.49613952636719,0.003074703039601445,961.1701049804688,71.43832397460938,0.001281975070014596,990.293701171875,46.27510070800781,0.0056396969594061375,979.5089721679688,66.76625061035156,0.001257744850590825,999.97802734375,3.8651504516601562,0.004818445071578026,1009.9171752929688,0.0,0.005242796614766121,977.0064697265625,45.06935119628906,0.045239467173814774,977.37451171875,36.23808288574219,0.056458376348018646,960.9769287109375,89.37387084960938,0.1396835446357727,939.7758178710938,78.86077880859375,0.171106219291687,1050.046875,55.74238586425781,0.7644278407096863,1076.6326904296875,55.66896057128906,0.7564305663108826,944.8436889648438,437.3603515625,0.980448305606842,1101.2069091796875,445.3827209472656,0.9764118194580078,894.5006103515625,810.2627563476562,0.983965277671814,1326.599853515625,757.7803344726562,0.9808400273323059
246,8200,984.7401733398438,70.43287658691406,0.011251432821154594,993.2745361328125,39.290611267089844,0.00940663367509842,979.6631469726562,54.153350830078125,0.0058504678308963776,1013.1495361328125,29.68505859375,0.014312387444078922,992.7763061523438,53.60735321044922,0.0052059912122786045,1008.2616577148438,0.0,0.025011759251356125,1018.925537109375,0.0,0.019038524478673935,978.7090454101562,47.46189880371094,0.11815593391656876,971.8035278320312,35.92906951904297,0.10964412242174149,952.4242553710938,84.54597473144531,0.2565028667449951,940.9317626953125,70.52682495117188,0.29771795868873596,1050.59521484375,84.59527587890625,0.8080586791038513,1076.6214599609375,93.01725769042969,0.7735195755958557,925.3493041992188,433.5544128417969,0.9687784314155579,1084.96142578125,453.7833557128906,0.955432653427124,927.9904174804688,796.8511962890625,0.9533786177635193,1321.906005859375,722.863037109375,0.9416503310203552
247,8233,950.1325073242188,86.75191497802734,0.005587131716310978,951.20654296875,62.91419219970703,0.005541877821087837,947.1998901367188,75.74288177490234,0.0023206088226288557,974.4519653320312,44.88848876953125,0.009653657674789429,975.3934936523438,66.57630157470703,0.002286079805344343,980.1581420898438,1.64227294921875,0.012447847053408623,1017.6603393554688,0.0,0.011595088057219982,977.0687255859375,48.48060607910156,0.0851847305893898,999.337158203125,46.52874755859375,0.07983238995075226,972.2853393554688,82.33309936523438,0.2023255079984665,945.5958862304688,70.58001708984375,0.19564086198806763,1042.549072265625,63.80827331542969,0.8099417686462402,1078.6162109375,62.49444580078125,0.7856897711753845,952.8521118164062,453.6826477050781,0.9805732369422913,1064.55126953125,461.27801513671875,0.9722446799278259,963.4900512695312,837.1873779296875,0.98204505443573,1317.98193359375,715.3145141601562,0.9768365025520325
248,8266,935.5415649414062,77.45951843261719,0.005607416853308678,935.4652099609375,58.412933349609375,0.006108216941356659,936.4755859375,71.8721694946289,0.001966564916074276,963.624755859375,40.99420166015625,0.013047897256910801,971.5184326171875,64.25507354736328,0.0019058698089793324,975.296875,0.0,0.01811227574944496,1010.82958984375,0.0,0.014886567369103432,977.3099365234375,43.995941162109375,0.12191278487443924,1004.282958984375,44.054168701171875,0.09794842451810837,960.6903076171875,81.34872436523438,0.24127669632434845,941.638427734375,69.83798217773438,0.21434719860553741,1041.989501953125,85.97772216796875,0.861356258392334,1068.3126220703125,86.87631225585938,0.83225417137146,954.6630249023438,460.3265075683594,0.9827165603637695,1035.5789794921875,482.596435546875,0.9729602336883545,1006.6043701171875,842.9566650390625,0.9824811816215515,1296.95947265625,701.9132080078125,0.9758055210113525
249,8300,926.193115234375,76.38970184326172,0.0046743848361074924,928.809326171875,60.12041473388672,0.005124421790242195,922.76611328125,74.61140441894531,0.0018696951447054744,964.2713012695312,42.90879821777344,0.014233485795557499,942.1209106445312,69.9188003540039,0.0023895269259810448,988.1763305664062,3.368408203125,0.021492496132850647,964.4365234375,0.0,0.02222682163119316,970.2623901367188,39.06880187988281,0.10376247763633728,967.8751831054688,50.67869567871094,0.11432033032178879,949.3441772460938,87.91250610351562,0.15733468532562256,929.9271240234375,78.61344909667969,0.1783374696969986,1052.3115234375,96.91877746582031,0.9129286408424377,1034.2115478515625,100.75556945800781,0.9048965573310852,958.6875,469.9911804199219,0.9877360463142395,1010.2453002929688,493.9463195800781,0.9827952980995178,1057.07275390625,841.8717651367188,0.9874342083930969,1256.4979248046875,704.1395874023438,0.9843538999557495
250,8333,834.1128540039062,40.28654479980469,0.005680102854967117,841.9361572265625,22.960304260253906,0.00628191651776433,834.8486938476562,40.41947937011719,0.0020849015563726425,896.0018920898438,12.202583312988281,0.018706338480114937,873.47021484375,41.37474060058594,0.002655552700161934,939.0811767578125,0.0,0.031607773154973984,935.59521484375,0.0,0.029255034402012825,904.3909301757812,13.2454833984375,0.1467989832162857,921.5714721679688,21.907058715820312,0.14389604330062866,860.4027709960938,10.988937377929688,0.19767528772354126,855.6937866210938,8.241256713867188,0.21237322688102722,1055.0771484375,119.52365112304688,0.9338311553001404,1044.1348876953125,119.39190673828125,0.9281496405601501,964.8513793945312,492.9028015136719,0.9889418482780457,1005.509765625,490.69683837890625,0.9848648309707642,1097.7265625,836.2998046875,0.9851735830307007,1236.38623046875,703.05224609375,0.9829401969909668
251,8366,884.9304809570312,65.19337463378906,0.004476356320083141,889.932373046875,46.16413879394531,0.004499658942222595,881.7548828125,60.476715087890625,0.0013433056883513927,929.8832397460938,29.762008666992188,0.013146059587597847,904.6885986328125,56.39707946777344,0.0017337135504931211,950.6380615234375,0.0,0.02774680033326149,931.4453125,0.0,0.02386745624244213,866.173828125,24.357925415039062,0.21875496208667755,905.152587890625,31.014495849609375,0.16131113469600677,908.2908935546875,18.117141723632812,0.3315773010253906,908.8070678710938,28.811920166015625,0.2464090883731842,1069.972412109375,128.92970275878906,0.9135772585868835,1033.8270263671875,125.87798309326172,0.8993867635726929,991.0805053710938,504.6081848144531,0.982687771320343,933.2968139648438,459.989501953125,0.973249614238739,1134.1966552734375,833.461669921875,0.9670242071151733,1171.81982421875,688.0965576171875,0.9624692797660828
252,8400,896.56201171875,55.186431884765625,0.00906435213983059,902.2380981445312,35.1727294921875,0.00967948604375124,891.7685546875,53.53752136230469,0.003316579619422555,944.9088134765625,20.239151000976562,0.025336772203445435,909.444091796875,55.21540832519531,0.0036482755094766617,964.1773681640625,0.0,0.046584635972976685,939.652099609375,0.0,0.0406574048101902,881.8430786132812,19.678298950195312,0.18744495511054993,935.3902587890625,30.28564453125,0.17654892802238464,920.6826782226562,22.7017822265625,0.23509135842323303,937.4213256835938,70.10236358642578,0.2312864363193512,1064.9443359375,130.2274932861328,0.9189741015434265,1013.7716674804688,129.4502716064453,0.9097394943237305,1046.1282958984375,501.1899719238281,0.9798373579978943,907.9715576171875,455.95855712890625,0.9724625945091248,1191.4439697265625,818.32763671875,0.9675758481025696,1116.533203125,705.6421508789062,0.9651026725769043
253,8433,901.283935546875,75.31832885742188,0.0017250952078029513,907.6843872070312,54.41791534423828,0.002449460094794631,898.5084228515625,71.0855712890625,0.0008349915151484311,948.0773315429688,42.120140075683594,0.015401439741253853,917.2252807617188,72.33741760253906,0.002072929637506604,972.0293579101562,7.143104553222656,0.019345086067914963,942.1516723632812,0.0,0.01566477306187153,906.5855712890625,18.263168334960938,0.0708370953798294,956.7072143554688,25.97021484375,0.06513693928718567,932.8970947265625,18.769729614257812,0.05791185423731804,934.9716796875,37.424102783203125,0.05505116283893585,1067.911865234375,107.82174682617188,0.89482581615448,1007.3194580078125,109.54783630371094,0.8843896985054016,1086.4879150390625,484.38458251953125,0.9784702062606812,906.0211181640625,443.9481201171875,0.9714459776878357,1237.9735107421875,833.2761840820312,0.9731550216674805,1072.3514404296875,750.1695556640625,0.9720431566238403
254,8466,974.0950927734375,65.7601318359375,0.011219083331525326,985.7149658203125,42.40306091308594,0.0133749358355999,965.984619140625,54.51200866699219,0.00795669388025999,1016.525634765625,30.108741760253906,0.028456609696149826,957.8091430664062,48.57085418701172,0.010963045060634613,1028.859130859375,4.16766357421875,0.05816350504755974,948.3872680664062,0.0,0.01999463327229023,977.1398315429688,47.16984558105469,0.11889146268367767,939.280029296875,43.842567443847656,0.03899715095758438,980.4652099609375,102.11810302734375,0.0938749611377716,960.1214599609375,108.13204193115234,0.04170692712068558,1091.421142578125,113.77967834472656,0.819715678691864,995.998046875,108.95368194580078,0.7291411757469177,1125.3277587890625,460.8283386230469,0.9504150152206421,900.6775512695312,437.11834716796875,0.9134853482246399,1284.18701171875,795.6165771484375,0.931446373462677,998.2566528320312,748.5673828125,0.904761552810669
255,8500,993.351806640625,69.69412994384766,0.01292386744171381,1001.618408203125,45.99151611328125,0.013999372720718384,985.4301147460938,57.77497100830078,0.00946035236120224,1024.3944091796875,37.01747131347656,0.023655837401747704,976.0867309570312,54.85762023925781,0.011051253415644169,1023.3138427734375,13.969619750976562,0.048539917916059494,980.007080078125,2.08612060546875,0.01963903196156025,991.8534545898438,60.095008850097656,0.10620007663965225,984.6099243164062,52.07141876220703,0.04248637706041336,990.9002075195312,111.26802062988281,0.09062056988477707,988.3473510742188,110.47537994384766,0.045644816011190414,1089.43505859375,100.08551788330078,0.8109158277511597,1015.3641967773438,95.70254516601562,0.7335329651832581,1153.7086181640625,455.1972961425781,0.9543641805648804,926.5715942382812,442.5157470703125,0.9274790287017822,1314.850830078125,792.4683837890625,0.938828706741333,933.54296875,781.3385009765625,0.918171226978302
256,8533,987.0953979492188,95.3770980834961,0.005275360308587551,990.302001953125,76.29281616210938,0.005060677416622639,977.0257568359375,83.92156219482422,0.002729982603341341,1015.4440307617188,64.57367706298828,0.005639383103698492,972.6390380859375,76.84265899658203,0.0018613835563883185,1024.0496826171875,37.026123046875,0.009444605559110641,988.2882080078125,18.291183471679688,0.007705892901867628,974.57763671875,77.26876831054688,0.07227917015552521,1002.8316650390625,54.776824951171875,0.06375546008348465,933.9722900390625,102.684814453125,0.12270800769329071,940.647216796875,71.50103759765625,0.10959027707576752,1086.1424560546875,85.70603942871094,0.8466648459434509,1010.5126342773438,81.46211242675781,0.8296040892601013,1157.438232421875,454.9966735839844,0.9834674000740051,930.5256958007812,441.7544860839844,0.9784218072891235,1352.189208984375,781.8047485351562,0.9870408177375793,905.1304321289062,793.6336669921875,0.985558032989502
257,8566,990.4984130859375,96.68268585205078,0.006288611795753241,994.2515258789062,77.38208770751953,0.00593957956880331,979.9193725585938,85.07359313964844,0.003305956954136491,1020.079833984375,66.28962707519531,0.005625416059046984,975.0473022460938,78.5156478881836,0.0020165431778877974,1024.8739013671875,40.17622375488281,0.009509258903563023,993.5678100585938,20.382522583007812,0.007394951768219471,972.6383056640625,82.73030090332031,0.07550012320280075,997.2151489257812,59.65095520019531,0.06061673164367676,922.0211791992188,109.10133361816406,0.13426630198955536,935.8612060546875,82.4542236328125,0.11174143105745316,1084.3853759765625,80.43814086914062,0.8350051641464233,1013.9605102539062,76.97154235839844,0.8122049570083618,1149.980712890625,451.4988098144531,0.9822647571563721,938.7745971679688,445.3387756347656,0.9763069748878479,1364.72216796875,765.9190063476562,0.9864059090614319,896.8612670898438,796.3153076171875,0.9843079447746277
258,8600,999.9574584960938,59.73291778564453,0.015848884359002113,1006.8667602539062,36.01405334472656,0.013451026752591133,990.166259765625,47.33026885986328,0.009662237018346786,1023.4522705078125,28.309707641601562,0.010969365015625954,975.5264282226562,45.97620391845703,0.005621256772428751,1009.281005859375,11.076347351074219,0.024479493498802185,992.5968017578125,0.0,0.012724858708679676,972.4521484375,55.59906005859375,0.12777046859264374,981.3905639648438,35.677711486816406,0.06657764315605164,933.9644775390625,104.52630615234375,0.2014772742986679,939.8530883789062,86.82694244384766,0.133096843957901,1066.7061767578125,96.1380844116211,0.7837695479393005,1012.10595703125,93.4698257446289,0.7200503945350647,1120.389892578125,454.8092041015625,0.9555684924125671,940.2969970703125,456.9276123046875,0.9359119534492493,1368.07470703125,754.1851196289062,0.9428761601448059,934.2308349609375,797.2981567382812,0.9265836477279663
259,8633,988.1953125,60.64540100097656,0.013355241157114506,997.1409301757812,37.39576721191406,0.012034278362989426,979.1300048828125,48.27012634277344,0.008370038121938705,1016.9326171875,28.3406982421875,0.011561875231564045,965.8379516601562,44.54631042480469,0.005494626704603434,1001.5726928710938,9.674812316894531,0.023615460842847824,977.3793334960938,0.0,0.01180089171975851,960.4011840820312,49.987815856933594,0.11283572763204575,971.4518432617188,35.41944122314453,0.05820267274975777,925.5611572265625,100.28292846679688,0.1643836796283722,935.6539306640625,80.99837493896484,0.1099463552236557,1053.1268310546875,110.75157165527344,0.778794527053833,997.8424072265625,109.04839324951172,0.7144879102706909,1086.9423828125,468.708251953125,0.9507831931114197,939.0265502929688,471.2273254394531,0.9310809969902039,1367.567138671875,737.4069213867188,0.9405227303504944,971.9891967773438,799.3690795898438,0.9250146150588989
260,8666,937.1845092773438,82.17924499511719,0.005497365724295378,941.4050903320312,63.28587341308594,0.006112367380410433,930.792724609375,72.6979751586914,0.0025797539856284857,978.092529296875,49.01893615722656,0.009537884034216404,949.032958984375,63.864234924316406,0.0020120274275541306,990.0143432617188,8.303329467773438,0.01188857015222311,972.4769897460938,0.0,0.011531013064086437,966.782470703125,24.716583251953125,0.07139229029417038,979.667236328125,33.53668212890625,0.07625623792409897,959.7667236328125,68.97257995605469,0.10546670109033585,940.1550903320312,56.77684020996094,0.1034601628780365,1039.7198486328125,81.84397888183594,0.8593161106109619,994.3449096679688,87.48783874511719,0.8558690547943115,1055.3017578125,490.58111572265625,0.9782203435897827,947.2453002929688,476.88037109375,0.9756804704666138,1365.662841796875,722.1498413085938,0.9808550477027893,1013.0994873046875,826.7946166992188,0.9808318018913269
261,8700,918.5183715820312,67.07510375976562,0.006386362947523594,920.7199096679688,51.71635437011719,0.006038116291165352,915.7710571289062,65.36027526855469,0.002760188188403845,953.8324584960938,35.806480407714844,0.008372915908694267,945.6221923828125,59.099098205566406,0.002026874804869294,960.0467529296875,2.732025146484375,0.012825245968997478,996.7637329101562,0.0,0.01665864884853363,929.1687622070312,27.6884765625,0.10430300235748291,984.1441040039062,29.515914916992188,0.158186137676239,940.2335815429688,65.21159362792969,0.1891506463289261,937.9832763671875,87.66000366210938,0.26015523076057434,1034.8323974609375,115.72755432128906,0.8899058103561401,1030.328857421875,120.56959533691406,0.8991894721984863,1011.2514038085938,490.5403747558594,0.9795224666595459,963.5593872070312,490.8331604003906,0.980283796787262,1322.10400390625,699.6407470703125,0.9800383448600769,1050.919921875,820.1614990234375,0.9804025888442993
262,8733,908.6845703125,74.06849670410156,0.003015562891960144,909.6648559570312,61.46836853027344,0.003326325211673975,906.96240234375,74.08838653564453,0.0014088362222537398,937.1295776367188,46.937965393066406,0.01187082752585411,944.4497680664062,67.17832946777344,0.002564788330346346,935.3114013671875,7.5866546630859375,0.02430117316544056,1004.4349975585938,0.0,0.018615588545799255,900.4594116210938,21.568588256835938,0.12605707347393036,945.4891357421875,29.0416259765625,0.10175367444753647,924.8472290039062,30.795730590820312,0.125996932387352,915.5848388671875,35.863677978515625,0.11312805116176605,1031.58154296875,121.95950317382812,0.9248709082603455,1061.2333984375,127.05953979492188,0.91241854429245,979.6026000976562,485.3962097167969,0.9825762510299683,987.5729370117188,501.9269104003906,0.9793044328689575,1270.0303955078125,691.9395141601562,0.9826969504356384,1081.5177001953125,825.0671997070312,0.979478657245636
263,8766,906.2349243164062,68.16625213623047,0.0022642435505986214,905.7136840820312,55.83856201171875,0.0026145107112824917,907.66650390625,67.83819580078125,0.0009394970838911831,931.8099975585938,42.8236083984375,0.01603657938539982,961.350830078125,59.16345977783203,0.0026804667431861162,919.6241455078125,6.007965087890625,0.039123959839344025,1038.615966796875,0.0,0.02112532965838909,880.7429809570312,23.890777587890625,0.1745023876428604,942.7072143554688,27.066375732421875,0.08739626407623291,908.7152709960938,8.114593505859375,0.1453913450241089,899.839111328125,11.896636962890625,0.0852966457605362,1027.7193603515625,114.72244262695312,0.9309781789779663,1101.7386474609375,110.92781066894531,0.906091034412384,950.0220336914062,485.8641662597656,0.9823106527328491,1011.7980346679688,483.4615173339844,0.975261926651001,1227.1324462890625,709.6676025390625,0.978209912776947,1105.54541015625,813.802001953125,0.9724608659744263
264,8800,902.2176513671875,81.35836029052734,0.0031457175500690937,902.8916015625,67.44548034667969,0.003614200744777918,901.5236206054688,81.91582489013672,0.0013099225470796227,928.5626831054688,50.02226257324219,0.0200489591807127,945.4521484375,72.12702941894531,0.003562723519280553,917.4507446289062,1.5963134765625,0.05283487215638161,1015.0616455078125,0.0,0.02237008325755596,867.8045654296875,11.06597900390625,0.21948499977588654,942.3757934570312,24.321029663085938,0.08004996925592422,919.6928100585938,0.66943359375,0.19955074787139893,918.8031005859375,13.490798950195312,0.08947809785604477,1034.93505859375,105.37527465820312,0.9116547107696533,1100.6253662109375,105.35417175292969,0.8652187585830688,935.5892944335938,469.71112060546875,0.9748225212097168,1046.875244140625,478.164306640625,0.9592955708503723,1176.5230712890625,730.0188598632812,0.963606059551239,1168.2142333984375,789.7036743164062,0.9498377442359924
265,8833,968.6875,76.35933685302734,0.010697213001549244,978.391845703125,46.46434020996094,0.012206781655550003,966.6655883789062,63.336891174316406,0.0068018436431884766,1005.4056396484375,33.170379638671875,0.02964368835091591,992.8848876953125,58.55506896972656,0.008364359848201275,994.8995361328125,4.4322052001953125,0.03531656414270401,1043.1954345703125,6.436134338378906,0.02313743159174919,979.9625244140625,58.542388916015625,0.08222728967666626,996.695068359375,47.58112335205078,0.06212770566344261,963.1388549804688,114.50589752197266,0.11002370715141296,947.5280151367188,84.43924713134766,0.10335540026426315,1056.5130615234375,102.13142395019531,0.7467160224914551,1100.0809326171875,106.5604476928711,0.7041524052619934,922.1680908203125,448.2633361816406,0.9372820854187012,1070.9373779296875,469.9468078613281,0.9209704995155334,1114.53759765625,778.365478515625,0.9216806292533875,1216.2691650390625,800.4085693359375,0.9097597599029541
266,8866,984.5725708007812,71.00670623779297,0.008099459111690521,989.8729248046875,41.101112365722656,0.01023175846785307,985.8869018554688,57.50031280517578,0.005527243483811617,1008.5087280273438,29.93744659423828,0.03781098499894142,1020.8478393554688,54.80335235595703,0.010068890638649464,991.2335815429688,0.0,0.04247213527560234,1073.490234375,1.8188323974609375,0.020578710362315178,988.7247314453125,60.793212890625,0.06551483273506165,1043.7830810546875,62.15892791748047,0.035215623676776886,1006.2677001953125,151.55845642089844,0.06357888877391815,1015.6256103515625,152.62652587890625,0.04377523437142372,1047.823486328125,91.89672088623047,0.7957243919372559,1119.2933349609375,97.08334350585938,0.7299568057060242,921.9019775390625,435.8791198730469,0.9626418352127075,1103.025146484375,452.17840576171875,0.9443647861480713,1039.684326171875,802.466552734375,0.9575880169868469,1249.2601318359375,785.2423095703125,0.9465519189834595
267,8900,979.2781372070312,68.1441421508789,0.010457790456712246,984.91552734375,37.76799774169922,0.010341515764594078,978.1664428710938,53.51648712158203,0.006352749653160572,1003.8916625976562,26.655899047851562,0.025018684566020966,1008.3148193359375,51.166900634765625,0.008197728544473648,993.4363403320312,0.0,0.03195599094033241,1058.68212890625,0.0,0.025394609197974205,979.333251953125,50.96479797363281,0.07673197984695435,1001.8030395507812,44.16741943359375,0.07639970630407333,979.9105224609375,110.89585876464844,0.11667269468307495,952.5899047851562,90.96537780761719,0.13823208212852478,1051.798828125,88.2389144897461,0.7846574187278748,1117.9141845703125,94.58516693115234,0.7587516903877258,918.0675659179688,431.4037170410156,0.9607420563697815,1115.51953125,449.57904052734375,0.9500991702079773,964.9255981445312,794.983154296875,0.947891891002655,1292.7725830078125,766.5331420898438,0.9401416778564453
268,8933,959.2610473632812,75.45570373535156,0.0023009474389255047,960.9349365234375,51.12602233886719,0.00272316113114357,960.3369750976562,65.02400207519531,0.0010527861304581165,983.5560302734375,38.906707763671875,0.007839375175535679,998.5365600585938,61.899810791015625,0.001529491157270968,990.3663940429688,0.0,0.0061575304716825485,1047.3594970703125,0.0,0.006188369356095791,970.32861328125,43.75529479980469,0.040125392377376556,1008.18115234375,42.377586364746094,0.04578661546111107,971.7474975585938,98.8894271850586,0.09479866176843643,949.7155151367188,88.29151153564453,0.10868683457374573,1048.552001953125,61.47596740722656,0.7625782489776611,1105.739501953125,60.848876953125,0.7502922415733337,948.6082763671875,438.3275146484375,0.9789010286331177,1107.0728759765625,445.4841613769531,0.9740025997161865,895.8240966796875,821.2892456054688,0.9827819466590881,1327.673583984375,763.69775390625,0.9791145324707031
269,8966,995.8568725585938,93.10240173339844,0.0047057075425982475,997.1505126953125,69.94802856445312,0.004855407401919365,987.982177734375,78.2977523803711,0.0023753943387418985,1016.2647094726562,58.054962158203125,0.008916573598980904,1005.4063110351562,71.48501586914062,0.002590122865512967,1022.0641479492188,20.03045654296875,0.010512531735002995,1020.7146606445312,14.8341064453125,0.007305874954909086,991.6389770507812,64.833984375,0.05427258089184761,983.3104858398438,51.38850402832031,0.040456004440784454,958.8832397460938,98.1104736328125,0.1219276711344719,938.7825317382812,75.85226440429688,0.10853315144777298,1062.9158935546875,60.60365295410156,0.7782101631164551,1080.15576171875,62.077880859375,0.7304070591926575,954.81005859375,433.716552734375,0.9816511869430542,1110.4952392578125,446.05169677734375,0.9716259241104126,913.1464233398438,823.995849609375,0.9857513308525085,1329.654052734375,738.8244018554688,0.9809823036193848
270,9000,964.000732421875,74.71195220947266,0.002639559330418706,969.21240234375,53.782379150390625,0.0032169108744710684,961.5592041015625,67.12220764160156,0.0013676844537258148,991.998779296875,43.29844665527344,0.010144665837287903,976.6578369140625,66.97185516357422,0.002214379608631134,1001.7925415039062,2.5154571533203125,0.008022574707865715,997.8499145507812,0.0,0.008969846181571484,987.5078125,43.261962890625,0.03698878735303879,978.5084838867188,40.80255889892578,0.048227597028017044,990.8115844726562,97.03152465820312,0.0693170577287674,950.4511108398438,76.94297790527344,0.08831508457660675,1057.1507568359375,66.72509765625,0.7795071005821228,1071.946044921875,68.94442749023438,0.7750272154808044,952.1578369140625,443.8548889160156,0.9759849309921265,1082.137939453125,450.61517333984375,0.9703822135925293,915.8560180664062,825.8783569335938,0.9788082838058472,1346.0489501953125,724.7162475585938,0.9748327136039734
271,9033,954.99755859375,83.69096374511719,0.0070726596750319,956.8134155273438,63.040260314941406,0.006622547283768654,951.4773559570312,75.35279846191406,0.0026756105944514275,982.321533203125,47.294677734375,0.008898253552615643,973.3595581054688,69.03343963623047,0.0019835776183754206,997.3701782226562,4.4649810791015625,0.011900804936885834,1003.661376953125,0.0,0.012756912037730217,992.23974609375,42.5203857421875,0.10038426518440247,987.0970458984375,42.8602294921875,0.1081085130572319,965.9011840820312,88.26434326171875,0.27427658438682556,946.9622192382812,82.00309753417969,0.293651282787323,1057.1092529296875,76.09172058105469,0.816776692867279,1072.0634765625,76.83732604980469,0.8012298345565796,951.771484375,451.1390075683594,0.9806538224220276,1062.3392333984375,468.8160095214844,0.9729832410812378,970.925537109375,844.7430419921875,0.9812712073326111,1329.1427001953125,713.1346435546875,0.9759951233863831
272,9066,948.947021484375,81.5156478881836,0.00577483419328928,950.3657836914062,61.745933532714844,0.006324197165668011,948.444580078125,76.4051513671875,0.0022383853793144226,979.4703369140625,43.19073486328125,0.014911502599716187,976.1928100585938,69.76176452636719,0.0024910587817430496,991.8732299804688,0.233001708984375,0.019130414351820946,1007.8197021484375,0.0,0.019040297716856003,993.1111450195312,50.208526611328125,0.09827542304992676,1001.8447875976562,50.76686096191406,0.09962446987628937,968.7330932617188,104.40357971191406,0.17598436772823334,951.3895263671875,90.62278747558594,0.18467232584953308,1053.766845703125,93.13636779785156,0.8682681918144226,1069.469970703125,96.29351806640625,0.8525074124336243,952.8955688476562,463.5934143066406,0.9830112457275391,1038.1053466796875,491.1483154296875,0.9753020405769348,1002.7333374023438,850.8013916015625,0.9832788109779358,1306.2100830078125,704.3237915039062,0.9778068661689758
273,9100,940.194580078125,82.51984405517578,0.005369284655898809,941.80517578125,65.96463775634766,0.005991289857774973,937.8630981445312,80.57084655761719,0.0019941460341215134,978.3524780273438,46.821533203125,0.013830498792231083,959.940185546875,74.6927261352539,0.001969626871868968,1003.2978515625,9.113113403320312,0.01734285242855549,983.2346801757812,0.02362060546875,0.020986134186387062,991.7889404296875,51.30015563964844,0.09743040800094604,985.6904907226562,54.74761962890625,0.12756267189979553,961.2697143554688,95.73275756835938,0.1732385754585266,942.6482543945312,84.30523681640625,0.2204127162694931,1061.3511962890625,106.47006225585938,0.8989264369010925,1045.153564453125,108.79559326171875,0.8962010741233826,960.362548828125,476.0164489746094,0.9865597486495972,1009.7714233398438,502.4726257324219,0.9819642305374146,1057.927001953125,849.521484375,0.9866212606430054,1264.652099609375,699.2977294921875,0.9836280345916748
274,9133,915.6101684570312,70.54225158691406,0.001856965129263699,918.65625,55.2843017578125,0.002382716629654169,917.73779296875,71.69952392578125,0.000788604374974966,949.802001953125,36.8887939453125,0.014417688362300396,949.2996826171875,65.6905517578125,0.0020988411270081997,953.8619384765625,0.0,0.026212798431515694,984.3630981445312,0.0,0.01532655581831932,880.7601928710938,18.390335083007812,0.13304303586483002,931.6895751953125,29.269088745117188,0.06897509098052979,888.9732055664062,14.270462036132812,0.1329115480184555,904.7828979492188,37.58509826660156,0.08503606170415878,1053.371826171875,124.87042236328125,0.9362037181854248,1063.2412109375,123.79410552978516,0.9106827974319458,968.335693359375,497.0451965332031,0.989340603351593,1000.8116455078125,489.8214111328125,0.9809844493865967,1097.244140625,841.5186767578125,0.9869807362556458,1245.032958984375,697.4619750976562,0.9816659092903137
275,9166,912.7112426757812,79.22758483886719,0.00238243886269629,915.697509765625,60.83995056152344,0.0031217855866998434,911.55712890625,78.35838317871094,0.0010381077881902456,954.0111694335938,41.78778076171875,0.01625310629606247,941.3743896484375,72.82374572753906,0.0020677850116044283,967.669921875,5.558441162109375,0.016380229964852333,983.6546630859375,0.0,0.02086750976741314,919.2156372070312,31.296844482421875,0.0696621835231781,979.6344604492188,43.281005859375,0.10353833436965942,937.5484008789062,63.96784973144531,0.08141952753067017,939.8760375976562,86.28980255126953,0.11579608172178268,1064.8123779296875,127.2015380859375,0.8874327540397644,1053.8892822265625,122.19969177246094,0.8947272300720215,994.3595581054688,507.9234924316406,0.978515625,955.2195434570312,470.9212646484375,0.9746222496032715,1143.4124755859375,835.6571655273438,0.9738258719444275,1194.7109375,693.5045166015625,0.9736080765724182
276,9200,905.7411499023438,87.42878723144531,0.002187069971114397,910.7818603515625,67.73332214355469,0.0030439570546150208,902.927001953125,85.55836486816406,0.0010210498003289104,949.7820434570312,50.27586364746094,0.01850803568959236,920.2313842773438,83.60284423828125,0.002482235198840499,974.0467529296875,9.3336181640625,0.025165513157844543,944.2362670898438,2.9173507690429688,0.0202176496386528,912.4567260742188,18.319290161132812,0.09427697956562042,940.8963012695312,31.8175048828125,0.08067154139280319,923.2084350585938,17.775558471679688,0.08151466399431229,915.5669555664062,26.986587524414062,0.07443899661302567,1070.2125244140625,119.22344970703125,0.8941634893417358,1018.0845336914062,118.77484130859375,0.8800795078277588,1046.034423828125,499.1747131347656,0.9746101498603821,911.8927612304688,455.33935546875,0.9639695882797241,1183.164306640625,828.2882080078125,0.9646748304367065,1133.1214599609375,697.7076416015625,0.9608823657035828
277,9233,910.9480590820312,97.13319396972656,0.004897014703601599,913.2986450195312,73.1114273071289,0.006092752330005169,903.382568359375,87.98551940917969,0.001888140570372343,954.7963256835938,57.646453857421875,0.016820892691612244,924.0357666015625,85.05960845947266,0.0019689202308654785,992.1302490234375,23.602249145507812,0.017740752547979355,956.7251586914062,16.976348876953125,0.021935349330306053,963.8309326171875,56.297149658203125,0.08131726086139679,982.458984375,63.447784423828125,0.11742156744003296,933.718505859375,116.10548400878906,0.11490564048290253,926.6868896484375,113.19154357910156,0.1503545194864273,1080.9534912109375,102.12217712402344,0.8649476170539856,1020.910400390625,98.6572265625,0.8762925267219543,1086.579833984375,491.6703186035156,0.9768152236938477,910.651123046875,436.86053466796875,0.9738752841949463,1241.6014404296875,843.3702392578125,0.9729067087173462,1094.552734375,749.4541625976562,0.975666880607605
278,9266,983.5968627929688,67.97808837890625,0.010932453908026218,992.82373046875,43.50004577636719,0.012994032353162766,976.18505859375,56.745506286621094,0.007709342986345291,1022.139404296875,30.58989715576172,0.025036662817001343,972.8075561523438,51.79362487792969,0.00949175376445055,1038.525390625,4.702400207519531,0.045684702694416046,976.2001342773438,0.0,0.018782664090394974,1003.2698364257812,54.94434356689453,0.10157651454210281,974.93798828125,50.26780700683594,0.0423026867210865,992.8030395507812,123.54592895507812,0.0883251205086708,972.429443359375,121.49848937988281,0.04802858829498291,1099.5333251953125,107.60101318359375,0.8053171038627625,1017.0126342773438,102.98075866699219,0.7275790572166443,1125.0184326171875,460.1584167480469,0.9511693716049194,908.2057495117188,440.2012023925781,0.9214439392089844,1288.928955078125,803.6732177734375,0.937743067741394,1015.4692993164062,766.4095458984375,0.916257917881012
279,9300,993.2486572265625,64.34687805175781,0.011644424870610237,998.3362426757812,41.19049072265625,0.012051094323396683,988.5849609375,54.238128662109375,0.007682858034968376,1016.172607421875,31.97673797607422,0.020325496792793274,988.1570434570312,52.278648376464844,0.008444983512163162,1007.9837646484375,7.4745941162109375,0.04343968257308006,1010.2835693359375,0.0,0.018293671309947968,964.7274780273438,58.987449645996094,0.12513048946857452,1003.6118774414062,47.736305236816406,0.05066968500614166,941.1177978515625,120.63663482666016,0.12169432640075684,960.8798828125,111.838623046875,0.063123419880867,1088.59619140625,100.44895935058594,0.8202221393585205,1042.3260498046875,95.30282592773438,0.7465807199478149,1152.720947265625,456.02996826171875,0.9585676789283752,934.4000854492188,444.630615234375,0.9339138269424438,1321.3687744140625,798.5123901367188,0.943428635597229,946.3535766601562,791.40625,0.9235048294067383
280,9333,954.0548095703125,83.87086486816406,0.0026822099462151527,958.0261840820312,61.739501953125,0.0036063555162400007,950.0263061523438,71.97308349609375,0.001589434570632875,984.28125,54.290931701660156,0.008917247876524925,956.4955444335938,72.7177505493164,0.0020434821490198374,1002.2171630859375,28.67694854736328,0.007370069622993469,975.1961669921875,22.709152221679688,0.007615276146680117,962.5803833007812,70.3384780883789,0.031434182077646255,1029.8455810546875,56.759765625,0.03857377544045448,936.7500610351562,124.19501495361328,0.035524286329746246,982.20849609375,118.88182067871094,0.04039761796593666,1083.37646484375,77.63987731933594,0.8112398386001587,1014.4248657226562,87.29983520507812,0.8169732689857483,1160.0751953125,446.9620056152344,0.976578950881958,940.293701171875,443.3724060058594,0.9736968874931335,1355.41455078125,783.1439208984375,0.9816633462905884,923.4518432617188,797.549560546875,0.9823603630065918
281,9366,1018.7100219726562,84.84928894042969,0.014971571043133736,1019.4781494140625,64.75808715820312,0.011010739952325821,1003.9505004882812,74.04006958007812,0.007897799834609032,1032.9837646484375,54.044769287109375,0.006302629131823778,988.49658203125,68.73362731933594,0.0035299668088555336,1028.974365234375,25.1810302734375,0.018063368275761604,1012.5667114257812,10.4022216796875,0.009144161827862263,987.7509155273438,82.05926513671875,0.14427617192268372,1005.1884155273438,65.62037658691406,0.06752339750528336,931.9097900390625,121.53662109375,0.27131354808807373,928.801025390625,113.87818908691406,0.16344016790390015,1090.5838623046875,86.21818542480469,0.8247522711753845,1028.537841796875,79.79434204101562,0.759609043598175,1158.0230712890625,443.6646728515625,0.9787785410881042,946.5146484375,443.2986145019531,0.9657608866691589,1372.669189453125,770.1767578125,0.9818143248558044,918.5515747070312,794.7808227539062,0.9750366806983948
282,9400,1007.3646240234375,57.44169616699219,0.009304714389145374,1013.8428955078125,36.73748016357422,0.009713918901979923,1000.3356323242188,47.196533203125,0.006188448518514633,1031.27685546875,31.130950927734375,0.014167016372084618,990.4193725585938,47.045379638671875,0.005723848938941956,1013.925537109375,12.367950439453125,0.02526160329580307,1000.6821899414062,0.0,0.010992839932441711,975.123779296875,54.288665771484375,0.08976181596517563,985.5740356445312,38.42912292480469,0.03805755078792572,947.6777954101562,106.6153564453125,0.09805493801832199,957.5440063476562,92.01253509521484,0.0530533492565155,1068.692138671875,94.59461975097656,0.7848924398422241,1016.6431274414062,91.95826721191406,0.7081663608551025,1135.73583984375,455.5163269042969,0.9564507603645325,952.2485961914062,453.25537109375,0.9334816932678223,1378.6409912109375,758.0667114257812,0.9482334852218628,945.7064819335938,792.6746215820312,0.9320214986801147
283,9433,1000.8129272460938,57.23957061767578,0.012198476120829582,1008.7423706054688,35.67388916015625,0.01127675361931324,992.5794067382812,46.0733642578125,0.007648522965610027,1025.7808837890625,28.681434631347656,0.01142086274921894,978.8497924804688,44.58995819091797,0.0052314563654363155,1006.3689575195312,10.425796508789062,0.022407405078411102,989.0175170898438,0.0,0.011086970567703247,966.0849609375,52.45726776123047,0.1058831661939621,979.4359741210938,37.31803894042969,0.053444817662239075,929.5338745117188,102.80023956298828,0.15097008645534515,940.2733154296875,78.62210083007812,0.09912140667438507,1058.8851318359375,105.615966796875,0.7834398746490479,1008.7685546875,104.69631958007812,0.7182987928390503,1094.882080078125,465.7784729003906,0.9556673169136047,950.034912109375,467.3479919433594,0.9370141625404358,1379.158935546875,741.6460571289062,0.9479100704193115,986.3197631835938,803.4598388671875,0.9339572787284851
284,9466,949.83056640625,83.65786743164062,0.003263278864324093,955.8871459960938,64.96424102783203,0.003943540621548891,943.7114868164062,75.64432525634766,0.002101355232298374,986.5785522460938,50.066070556640625,0.009764713235199451,947.9071655273438,69.1054458618164,0.0026862104423344135,1001.9476928710938,14.167465209960938,0.007638261187821627,959.7854614257812,1.334930419921875,0.013947746716439724,973.0200805664062,41.69279479980469,0.028678048402071,983.005615234375,33.30976867675781,0.0735805407166481,962.6539306640625,103.4827651977539,0.03250330686569214,947.02099609375,81.04007720947266,0.06729481369256973,1054.39599609375,97.32389831542969,0.831095278263092,993.0919189453125,105.42906188964844,0.8702564239501953,1067.2943115234375,488.5484924316406,0.9699934124946594,961.60400390625,476.7971496582031,0.9752187132835388,1370.2738037109375,727.1109008789062,0.9741904735565186,1035.27783203125,820.04150390625,0.9786819815635681
285,9500,919.3964233398438,67.48722839355469,0.0032321636099368334,922.0523681640625,53.13489532470703,0.0035232678055763245,917.6129760742188,65.4649658203125,0.0014318792382255197,955.6199340820312,37.82652282714844,0.00935852900147438,948.85546875,58.41156005859375,0.001769771333783865,961.4172973632812,0.0,0.013656899333000183,990.5413208007812,0.0,0.014647658914327621,910.7785034179688,12.26275634765625,0.0917297825217247,982.2661743164062,23.946533203125,0.11119290441274643,941.748046875,32.71650695800781,0.1211119219660759,944.2577514648438,82.64742279052734,0.14250029623508453,1043.298095703125,121.24067687988281,0.9004377722740173,1030.6798095703125,127.15223693847656,0.9020804762840271,1028.666748046875,494.7834167480469,0.9795676469802856,974.0684204101562,490.56787109375,0.9785433411598206,1338.4091796875,714.04296875,0.9785378575325012,1073.2752685546875,820.4221801757812,0.978346586227417
286,9533,935.74951171875,65.56773376464844,0.003477734513580799,936.8126831054688,52.30586242675781,0.003742718603461981,933.4471435546875,66.352294921875,0.0016504114028066397,961.2742309570312,36.094024658203125,0.01268030609935522,966.820556640625,59.68212890625,0.002720343414694071,943.537353515625,1.729888916015625,0.03015620820224285,1027.218017578125,0.0,0.01648898608982563,892.4174194335938,21.777328491210938,0.15867547690868378,940.26806640625,29.634109497070312,0.08958179503679276,920.6591186523438,26.50909423828125,0.16939494013786316,925.5289306640625,38.45722961425781,0.1246567890048027,1038.86767578125,132.59280395507812,0.9281084537506104,1079.9619140625,136.6060333251953,0.9012613296508789,969.5208129882812,491.9136962890625,0.981821596622467,999.5013427734375,511.1187744140625,0.9758241772651672,1283.7740478515625,692.3952026367188,0.9821475744247437,1098.8370361328125,832.0858154296875,0.977194607257843
287,9566,911.5953979492188,75.89218139648438,0.0023255618289113045,910.0186157226562,63.366554260253906,0.0025785742327570915,912.2241821289062,76.36660766601562,0.0008755464805290103,936.5407104492188,47.65580749511719,0.013340861536562443,969.3367919921875,65.68006896972656,0.00210116826929152,919.0728759765625,0.4853668212890625,0.034646451473236084,1050.5767822265625,0.0,0.017487799748778343,870.097412109375,8.999130249023438,0.2048749476671219,954.3634643554688,17.68194580078125,0.09528942406177521,931.4061279296875,11.373458862304688,0.20501098036766052,931.1766357421875,29.794418334960938,0.11280576139688492,1037.3173828125,115.80940246582031,0.933786153793335,1116.6822509765625,112.92292785644531,0.90650874376297,961.2968139648438,489.1827392578125,0.983658492565155,1024.2203369140625,483.52490234375,0.9762130975723267,1243.77294921875,705.0661010742188,0.9790159463882446,1126.3714599609375,808.4412231445312,0.9729395508766174
288,9600,944.8614501953125,86.80945587158203,0.0024493096861988306,944.0096435546875,69.98048400878906,0.003246693406254053,946.4735107421875,85.52185821533203,0.0014932480407878757,961.8015747070312,50.557777404785156,0.029502268880605698,988.9857788085938,74.31074523925781,0.006113891024142504,945.9904174804688,12.167816162109375,0.042603470385074615,1062.210205078125,0.0,0.030387094244360924,921.519287109375,40.75932312011719,0.07981707900762558,1028.7645263671875,49.846710205078125,0.06276687234640121,942.8844604492188,83.44454956054688,0.04820220544934273,976.4205322265625,94.72313690185547,0.0442756824195385,1042.58203125,118.74201965332031,0.8829215168952942,1121.6016845703125,114.46321105957031,0.8641254305839539,927.7256469726562,475.3689880371094,0.9629890322685242,1045.3070068359375,478.8955993652344,0.956126868724823,1181.790771484375,726.9755249023438,0.9618535041809082,1181.80810546875,770.9830322265625,0.9571322798728943
289,9633,970.1812744140625,76.24951171875,0.012809185311198235,977.4380493164062,48.735511779785156,0.01373839657753706,968.2337646484375,64.82464599609375,0.007530211936682463,996.0997924804688,34.322731018066406,0.030148686841130257,991.5524291992188,59.12310791015625,0.008370944298803806,982.7055053710938,3.3085556030273438,0.040054161101579666,1045.802978515625,4.912879943847656,0.02691716141998768,967.2205810546875,64.52556610107422,0.1062086895108223,998.7284545898438,59.423675537109375,0.0785318911075592,944.149658203125,131.95742797851562,0.1538291871547699,943.7700805664062,114.81793212890625,0.14314725995063782,1066.476806640625,100.55431365966797,0.776336669921875,1119.7843017578125,104.75960540771484,0.7367548942565918,928.8775634765625,448.6443786621094,0.9450039267539978,1084.236328125,466.1039733886719,0.9297763705253601,1134.666259765625,782.6738891601562,0.9255159497261047,1239.5899658203125,795.3513793945312,0.9143586754798889
290,9666,982.2463989257812,68.79900360107422,0.010339099913835526,989.1024780273438,42.264793395996094,0.010607441887259483,980.1388549804688,57.41919708251953,0.005707676522433758,1005.5588989257812,30.996322631835938,0.023954493924975395,1002.9779663085938,54.41187286376953,0.006603545974940062,990.2222900390625,0.0,0.036546263843774796,1055.3272705078125,0.0,0.02200726978480816,976.0228881835938,57.990966796875,0.11524954438209534,1005.268798828125,55.64543151855469,0.07441288232803345,947.21875,129.0841064453125,0.1764039546251297,943.3341064453125,113.53997039794922,0.14826251566410065,1068.80322265625,93.18141174316406,0.8377336263656616,1130.8275146484375,98.29380798339844,0.7947537302970886,928.7816162109375,439.1063232421875,0.9711417555809021,1114.0697021484375,456.17333984375,0.9586809873580933,1059.778564453125,800.6489868164062,0.960837721824646,1271.01904296875,783.00146484375,0.9521994590759277
291,9700,985.2059936523438,66.10037231445312,0.009730910882353783,989.943115234375,38.25849151611328,0.009169717319309711,983.155517578125,52.4150390625,0.00524167250841856,1003.32080078125,29.01628875732422,0.019160345196723938,1008.533935546875,51.01457977294922,0.005756516940891743,988.7256469726562,0.0,0.027666954323649406,1058.2371826171875,0.0,0.019452890381217003,974.912353515625,56.749420166015625,0.09787821024656296,997.7492065429688,58.55255126953125,0.07958924025297165,958.6937255859375,131.94778442382812,0.17827017605304718,938.0291748046875,131.81338500976562,0.18043041229248047,1062.958740234375,88.68443298339844,0.818350613117218,1132.0634765625,95.07987213134766,0.7833250164985657,941.4064331054688,431.8445739746094,0.9723573923110962,1138.740966796875,445.4852600097656,0.961706817150116,977.7052612304688,799.7213745117188,0.9627172350883484,1309.6845703125,757.9008178710938,0.9554861187934875
292,9733,1012.2116088867188,85.45014953613281,0.004820274654775858,1011.1594848632812,62.99615478515625,0.004181562922894955,1007.7017822265625,71.56926727294922,0.002317263977602124,1021.7754516601562,49.09881591796875,0.0071733384393155575,1032.67138671875,61.667884826660156,0.0025508215185254812,1014.4000854492188,8.749191284179688,0.010986206121742725,1062.1322021484375,1.88507080078125,0.008557192981243134,994.8162841796875,52.09584045410156,0.07288981974124908,1015.813720703125,38.51325988769531,0.061201926320791245,1000.071533203125,84.28889465332031,0.18479248881340027,975.3013916015625,69.89579772949219,0.1729467362165451,1061.329345703125,60.21734619140625,0.8104254007339478,1114.1317138671875,59.84083557128906,0.7742900252342224,970.0424194335938,440.1784362792969,0.9841808080673218,1149.7451171875,446.0142822265625,0.9769656658172607,914.9389038085938,818.0881958007812,0.986335039138794,1333.715087890625,750.3248901367188,0.9825171828269958
293,9766,1010.5496215820312,95.60343933105469,0.005628062877804041,1010.9225463867188,73.38915252685547,0.005055498797446489,1004.3225708007812,81.70491027832031,0.002530476776883006,1026.9539794921875,60.84166717529297,0.00634362967684865,1023.3829345703125,73.52174377441406,0.001988820731639862,1028.3939208984375,18.013275146484375,0.008852249011397362,1041.1845703125,11.48455810546875,0.006613888777792454,1009.7801513671875,54.21217346191406,0.07582812756299973,1000.2901611328125,42.395233154296875,0.0594838447868824,996.9706420898438,79.01454162597656,0.23015783727169037,965.5587768554688,70.22694396972656,0.20920540392398834,1072.879150390625,57.664947509765625,0.7838905453681946,1100.8642578125,58.80290222167969,0.7384641766548157,977.9935913085938,433.6257019042969,0.9833083152770996,1138.6016845703125,444.7649230957031,0.9744117856025696,923.0936889648438,822.3626098632812,0.9860245585441589,1346.540771484375,738.5262451171875,0.9813785552978516
294,9800,970.5,78.7554702758789,0.00395020330324769,975.9723510742188,57.28864288330078,0.004269399680197239,967.8836669921875,68.53445434570312,0.0017899834783747792,999.1587524414062,46.79571533203125,0.008662519976496696,986.746826171875,65.41488647460938,0.0019494290463626385,1003.038818359375,4.146080017089844,0.007655000779777765,1017.7626953125,0.0,0.009246015921235085,988.3132934570312,39.86595153808594,0.05299471318721771,990.9105834960938,38.27325439453125,0.07119274139404297,995.4580688476562,90.89884185791016,0.1372087299823761,957.4248046875,88.77408599853516,0.1748315840959549,1070.7894287109375,69.87721252441406,0.7894966006278992,1097.751220703125,69.6383056640625,0.789795994758606,973.9484252929688,439.87152099609375,0.9785818457603455,1108.8848876953125,441.9007263183594,0.9748584032058716,938.9785766601562,801.2880249023438,0.9808586239814758,1364.0745849609375,720.9656372070312,0.9779111742973328
295,9833,974.1220703125,80.40724182128906,0.00378144602291286,978.3479614257812,58.19911193847656,0.003972699865698814,972.1992797851562,71.79281616210938,0.0018111441750079393,998.3464965820312,42.56689453125,0.00820263009518385,988.5972290039062,66.14515686035156,0.002082051010802388,997.7279663085938,0.0,0.0076568154618144035,1019.4111328125,0.0,0.01015559397637844,997.560791015625,39.787261962890625,0.05316299572587013,997.5763549804688,33.55718994140625,0.07953127473592758,1009.8760986328125,79.45491027832031,0.1318746656179428,972.1635131835938,73.81743621826172,0.18018992245197296,1059.0977783203125,72.77091979980469,0.7815569043159485,1086.2552490234375,71.96791076660156,0.7862319946289062,976.019775390625,458.86517333984375,0.9748020172119141,1084.5294189453125,459.333984375,0.9702993035316467,975.5892944335938,831.5653076171875,0.9754287004470825,1357.1846923828125,715.6150512695312,0.9716702699661255
296,9866,960.3983154296875,78.52301788330078,0.007581082172691822,959.4510498046875,59.93975830078125,0.0074094259180128574,961.2224731445312,73.34495544433594,0.0026314647402614355,985.3974609375,42.966339111328125,0.012417415156960487,996.2662963867188,66.19573974609375,0.002199964364990592,990.3652954101562,0.0,0.018482590094208717,1037.9820556640625,0.0,0.018576394766569138,986.6943969726562,39.44316101074219,0.13518168032169342,1019.9639282226562,43.615081787109375,0.13057713210582733,979.0924682617188,90.46957397460938,0.29544955492019653,966.7998657226562,85.08457946777344,0.29133355617523193,1061.7213134765625,95.11642456054688,0.8896607756614685,1098.647216796875,94.95945739746094,0.875003457069397,969.8638916015625,467.35235595703125,0.987793505191803,1067.0120849609375,484.1108093261719,0.9821889996528625,1019.5726318359375,839.4287109375,0.987762987613678,1323.111328125,700.6348266601562,0.9840005040168762
297,9900,940.7681274414062,75.31434631347656,0.0025210236199200153,945.3692016601562,58.076316833496094,0.003267359221354127,939.4603271484375,73.71073150634766,0.0013214406790211797,975.4769897460938,40.42240905761719,0.01576094701886177,956.11962890625,68.75202941894531,0.002913646399974823,988.3931274414062,6.0527801513671875,0.014934214763343334,981.2228393554688,0.0,0.020089371129870415,977.6861572265625,46.259490966796875,0.04760949686169624,979.5606079101562,47.80890655517578,0.07691559195518494,982.5531005859375,101.5682601928711,0.053150251507759094,954.0333862304688,90.7547836303711,0.08384909480810165,1061.1212158203125,114.99893188476562,0.8867795467376709,1057.2242431640625,117.41862487792969,0.8921682834625244,973.3510131835938,476.93951416015625,0.982734739780426,1028.7271728515625,488.9178161621094,0.9791111350059509,1054.579833984375,843.3331298828125,0.9835277199745178,1298.9541015625,686.0142211914062,0.981187105178833
298,9933,945.0223388671875,74.31935119628906,0.0017852340824902058,950.5894775390625,59.301475524902344,0.002484595403075218,942.9347534179688,73.92572021484375,0.0009545533685013652,983.1908569335938,40.400550842285156,0.017120210453867912,957.6487426757812,65.99089050292969,0.002641799859702587,996.65478515625,2.7721481323242188,0.01447556633502245,976.416748046875,0.0,0.021567363291978836,969.9756469726562,38.46116638183594,0.04083181172609329,968.7196655273438,40.00483703613281,0.07505437731742859,973.5130615234375,114.0922622680664,0.037087418138980865,945.2628173828125,107.10157012939453,0.06302755326032639,1064.1944580078125,123.33192443847656,0.902582585811615,1047.0596923828125,120.51239776611328,0.9143521785736084,984.2609252929688,506.671142578125,0.982744038105011,1022.0674438476562,489.69140625,0.9810457229614258,1106.7021484375,839.2103271484375,0.98170405626297,1269.7506103515625,693.8196411132812,0.981867790222168
299,9966,986.133056640625,78.44485473632812,0.011361301876604557,994.5847778320312,55.32989501953125,0.011188523843884468,977.7174682617188,65.56727600097656,0.005972265265882015,1017.1492309570312,32.6865234375,0.02318982593715191,978.0343017578125,47.25091552734375,0.006673689931631088,1018.4599609375,0.0,0.04683537036180496,981.8778686523438,0.0,0.024018965661525726,963.4779663085938,57.84503173828125,0.13802501559257507,967.18798828125,49.17585754394531,0.07131750136613846,947.9061279296875,121.15090942382812,0.16776208579540253,933.8915405273438,90.40049743652344,0.11790092289447784,1076.1529541015625,130.34019470214844,0.8421204686164856,1033.8958740234375,127.82711791992188,0.7812389731407166,998.1484375,500.5186462402344,0.9656856656074524,965.4212646484375,481.3204650878906,0.9398244619369507,1170.50048828125,826.7781982421875,0.9601526856422424,1222.1748046875,700.4002075195312,0.9475171566009521
300,10000,879.7474975585938,55.283843994140625,0.002231454476714134,888.6363525390625,37.39183044433594,0.0030619287863373756,878.1113891601562,54.51551055908203,0.000907698820810765,940.5180053710938,25.853485107421875,0.022438671439886093,901.2427368164062,56.26469421386719,0.0024064001627266407,975.9796142578125,0.0,0.03496686741709709,926.16357421875,0.0,0.024302426725625992,897.4710083007812,10.21636962890625,0.1222916841506958,909.1212158203125,20.034942626953125,0.08713076263666153,916.5543823242188,6.4488372802734375,0.10265500098466873,901.5928344726562,5.8202362060546875,0.07860883325338364,1074.626220703125,120.28999328613281,0.8859791159629822,1013.3961791992188,119.24510192871094,0.8644872307777405,1038.664306640625,503.43585205078125,0.9642069339752197,934.53515625,460.220947265625,0.9467324614524841,1182.1337890625,818.9115600585938,0.9375998377799988,1149.3333740234375,683.9502563476562,0.9306638240814209
301,10033,917.3812866210938,80.38245391845703,0.0017268519150093198,921.0408935546875,60.64461135864258,0.0027081407606601715,919.4752807617188,77.61357879638672,0.0010682028951123357,955.1563110351562,44.97960662841797,0.023354846984148026,947.67578125,74.34535217285156,0.00378521834500134,985.0179443359375,1.3903656005859375,0.019926389679312706,974.857177734375,0.0,0.025197256356477737,935.3742065429688,41.03031921386719,0.04114420711994171,1004.9337768554688,42.23810577392578,0.06515126675367355,921.022705078125,124.9306869506836,0.02508949674665928,970.7406616210938,120.21576690673828,0.03777066618204117,1079.287353515625,115.4073715209961,0.8802211880683899,1037.5479736328125,117.73441314697266,0.8929914236068726,1086.8660888671875,484.66259765625,0.9712483882904053,931.6315307617188,449.4434814453125,0.9689611792564392,1242.0029296875,825.3439331054688,0.9634122848510742,1111.187255859375,732.10107421875,0.9662438035011292
302,10066,976.0424194335938,67.71077728271484,0.009339626878499985,984.7659301757812,43.78047180175781,0.010678895749151707,971.072998046875,57.132408142089844,0.00590960867702961,1010.8729248046875,27.995635986328125,0.021204501390457153,970.7607421875,49.02598571777344,0.006937531288713217,1020.4442138671875,0.5333633422851562,0.03957337886095047,980.351806640625,0.0,0.017583198845386505,981.1761474609375,60.54656982421875,0.11723525077104568,978.666748046875,50.96179962158203,0.053876183927059174,948.8633422851562,126.33975219726562,0.11825618147850037,951.0526123046875,117.33146667480469,0.07308750599622726,1093.2274169921875,112.69679260253906,0.8256378173828125,1025.7506103515625,107.82289123535156,0.759857177734375,1120.973876953125,463.370361328125,0.9581558108329773,920.4443359375,440.816162109375,0.9331377744674683,1289.5836181640625,794.9322509765625,0.9454780220985413,1048.72265625,739.1830444335938,0.9281060695648193
303,10100,987.0280151367188,62.960357666015625,0.011709348298609257,993.7890014648438,41.22395324707031,0.011122400872409344,981.56689453125,52.803016662597656,0.006787060759961605,1012.0076904296875,32.12853240966797,0.015612090937793255,975.5820922851562,49.923248291015625,0.0060625565238296986,1009.4093627929688,6.91644287109375,0.03678681328892708,989.074951171875,0.0,0.017642661929130554,966.9732666015625,65.65068054199219,0.1525002121925354,988.0477905273438,57.94830322265625,0.07520561665296555,921.221923828125,133.78428649902344,0.19166235625743866,938.9972534179688,124.67571258544922,0.12510795891284943,1090.6260986328125,103.60855865478516,0.8327851891517639,1031.5511474609375,100.04690551757812,0.7732079029083252,1148.786376953125,452.9078369140625,0.961614191532135,939.3651123046875,442.84771728515625,0.9411572813987732,1313.6611328125,779.8854370117188,0.9459636807441711,980.9954223632812,764.7039794921875,0.9292005300521851
304,10133,1013.2453002929688,84.9605484008789,0.01004383061081171,1013.8478393554688,64.66305541992188,0.009128431789577007,1000.4983520507812,72.4390869140625,0.005886264145374298,1027.6322021484375,53.20115661621094,0.009444060735404491,990.115234375,64.32618713378906,0.004263820592314005,1023.3008422851562,26.621978759765625,0.02102058008313179,1012.616455078125,9.62786865234375,0.008467745035886765,976.2244873046875,91.40277099609375,0.10068654268980026,1033.806884765625,80.52882385253906,0.03706260025501251,943.4046020507812,125.09683227539062,0.13564251363277435,987.871826171875,146.44711303710938,0.0635044202208519,1088.7091064453125,89.72877502441406,0.8109695315361023,1028.933349609375,80.2672119140625,0.7288456559181213,1154.36865234375,447.51983642578125,0.9766820669174194,945.85791015625,435.2688903808594,0.9604920148849487,1353.9901123046875,777.3026733398438,0.9817127585411072,926.09716796875,783.48046875,0.9746719598770142
305,10166,997.5809326171875,103.07382202148438,0.0074249557219445705,1000.6463623046875,83.148193359375,0.007070423103868961,987.595703125,90.00279235839844,0.003746003843843937,1024.687255859375,73.29183197021484,0.00482878228649497,984.27978515625,83.83092498779297,0.0016186167486011982,1026.5357666015625,46.590362548828125,0.006716445554047823,1004.7053833007812,25.956069946289062,0.005418893415480852,983.3296508789062,88.00543212890625,0.06924751400947571,1002.5595703125,70.156494140625,0.05707757920026779,930.0684814453125,115.03019714355469,0.1623132824897766,931.8836669921875,99.38442993164062,0.13837842643260956,1084.643798828125,73.09236145019531,0.7899544835090637,1022.8515625,69.36085510253906,0.7640688419342041,1145.84375,450.0288391113281,0.9806281328201294,948.9003295898438,440.01123046875,0.974288821220398,1368.4793701171875,762.8260498046875,0.9863768219947815,920.6365356445312,797.1373901367188,0.9843552112579346
306,10200,1013.830810546875,59.591651916503906,0.014248957857489586,1021.1382446289062,35.91847229003906,0.013767968863248825,1004.3441772460938,47.209808349609375,0.009013380855321884,1038.939697265625,31.46221160888672,0.013196448795497417,991.1254272460938,49.333763122558594,0.005838748067617416,1017.7816772460938,17.962554931640625,0.024688100442290306,1007.2061157226562,4.3447723388671875,0.01049343217164278,973.733642578125,62.94996643066406,0.10795154422521591,982.87890625,47.167442321777344,0.042759060859680176,925.6499633789062,111.30974578857422,0.1513507068157196,939.8560791015625,99.50701904296875,0.07830861210823059,1068.3046875,90.32286071777344,0.7677053809165955,1020.2216186523438,86.8117904663086,0.6828062534332275,1122.0804443359375,453.68170166015625,0.956346869468689,952.5806274414062,449.7246398925781,0.9326047301292419,1371.1392822265625,750.982421875,0.9483857154846191,938.2730712890625,799.9506225585938,0.9314243793487549
307,10233,998.681396484375,58.18597412109375,0.016555124893784523,1007.2269897460938,35.614952087402344,0.013977071270346642,988.4775390625,46.53941345214844,0.010215073823928833,1024.928466796875,26.760543823242188,0.011371728964149952,972.1502075195312,43.83636474609375,0.0059976596385240555,1008.188232421875,7.78399658203125,0.025634855031967163,984.989013671875,0.0,0.013615800067782402,973.3245849609375,53.486549377441406,0.12870492041110992,975.5443725585938,35.26496887207031,0.07055681198835373,934.7836303710938,110.78345489501953,0.20106825232505798,941.0244140625,90.75425720214844,0.14065293967723846,1058.2454833984375,107.7835693359375,0.8046644330024719,1005.8245849609375,105.35467529296875,0.7493069767951965,1085.068359375,466.29364013671875,0.9584947228431702,943.5386352539062,464.2541198730469,0.9425549507141113,1366.9483642578125,737.2522583007812,0.9489060044288635,973.3758544921875,798.404296875,0.9365769624710083
308,10266,988.4493408203125,63.2841796875,0.015543363988399506,997.2203979492188,41.03269958496094,0.01444233302026987,980.9542236328125,52.47209930419922,0.010026715695858002,1016.048828125,28.825538635253906,0.01478711050003767,973.1539306640625,46.525428771972656,0.006961012724786997,998.8040771484375,5.95550537109375,0.02995445393025875,990.6443481445312,0.0,0.014549348503351212,969.7438354492188,46.737213134765625,0.12106193602085114,971.5078125,35.93064880371094,0.05914561077952385,938.1524047851562,105.30390930175781,0.1653229296207428,940.3504638671875,82.72469329833984,0.10540222376585007,1049.8653564453125,120.13213348388672,0.8036984205245972,1015.5302734375,118.8072738647461,0.7408245801925659,1038.44287109375,478.3161926269531,0.953666627407074,950.7412719726562,476.9986267089844,0.935309648513794,1351.363037109375,734.414794921875,0.9453490972518921,1015.5284423828125,809.8811645507812,0.931797981262207
309,10300,941.39501953125,86.93829345703125,0.0037765430752187967,943.9990234375,70.67697143554688,0.004218455404043198,937.6517944335938,82.94059753417969,0.002051376970484853,972.640869140625,52.73561096191406,0.008681482635438442,956.3171997070312,74.0386962890625,0.0021809921599924564,982.103271484375,13.466171264648438,0.008833871223032475,991.8121948242188,0.0,0.014144032262265682,966.5667114257812,43.71038818359375,0.04972406104207039,979.9391479492188,41.47766876220703,0.10173190385103226,958.2383422851562,94.1806411743164,0.07128270715475082,938.4078369140625,81.8814926147461,0.12572158873081207,1045.505126953125,108.16836547851562,0.8486874103546143,1027.3321533203125,113.71147155761719,0.8743242025375366,1014.4375,491.9246826171875,0.9718976616859436,967.0631103515625,490.68475341796875,0.9752139449119568,1324.3900146484375,713.9241333007812,0.9751864075660706,1057.540771484375,820.5230712890625,0.9773081541061401
310,10333,921.164306640625,78.31809997558594,0.002436520531773567,924.94287109375,66.48751831054688,0.003029234241694212,917.2760009765625,79.291259765625,0.0012537462171167135,953.3853759765625,49.97355651855469,0.014358088374137878,940.3570556640625,71.88816833496094,0.002938390476629138,954.0092163085938,3.33306884765625,0.02806069888174534,979.0160522460938,0.0,0.017922917380928993,900.0084228515625,8.18701171875,0.11353673040866852,930.0084838867188,20.343841552734375,0.07192663848400116,917.8656616210938,18.89593505859375,0.08582209795713425,908.6757202148438,30.049484252929688,0.06265300512313843,1041.34375,125.66921997070312,0.9321238994598389,1040.6650390625,132.89817810058594,0.9144599437713623,980.4544067382812,489.57330322265625,0.9827970266342163,983.9008178710938,503.173095703125,0.977560818195343,1264.4677734375,693.6468505859375,0.982871413230896,1090.505615234375,808.8491821289062,0.9789188504219055
311,10366,883.05859375,55.525726318359375,0.002486703684553504,883.4483642578125,42.459938049316406,0.00283177406527102,885.2007446289062,56.816162109375,0.0009399016853421926,919.3702392578125,32.33294677734375,0.017230015248060226,950.8024291992188,51.714935302734375,0.0026008745189756155,914.2159423828125,0.0,0.04581603780388832,1035.708984375,0.0,0.022012945264577866,868.302978515625,5.7648468017578125,0.20592761039733887,946.8803100585938,15.61798095703125,0.0929516851902008,923.6341552734375,3.9759063720703125,0.181593656539917,922.0228881835938,16.881683349609375,0.09642159193754196,1034.33935546875,121.38322448730469,0.934594988822937,1108.634521484375,118.13163757324219,0.9069600105285645,945.7119140625,491.5100402832031,0.9821625351905823,1017.40087890625,489.940185546875,0.9739561080932617,1224.9539794921875,716.322265625,0.9760106801986694,1107.7822265625,815.8712768554688,0.9692250490188599
312,10400,941.0482788085938,102.62052154541016,0.0028222030960023403,941.9298706054688,83.20674133300781,0.003815914737060666,940.4353637695312,100.718994140625,0.0018407388124614954,965.862548828125,61.6849365234375,0.02911367267370224,980.8316040039062,89.1053466796875,0.006508196238428354,953.8660278320312,24.279029846191406,0.0354294627904892,1059.4248046875,8.854957580566406,0.02994338423013687,944.44482421875,64.93414306640625,0.06094610318541527,1033.878173828125,60.2413330078125,0.06282083690166473,947.0696411132812,131.81027221679688,0.03921443223953247,969.3180541992188,108.64322662353516,0.04495474323630333,1036.0089111328125,120.01524353027344,0.8615754842758179,1110.829833984375,114.73965454101562,0.8537000417709351,909.1470336914062,475.8157958984375,0.9587172269821167,1031.065673828125,480.4823913574219,0.9561511874198914,1171.3284912109375,732.2015991210938,0.9613854289054871,1170.2347412109375,788.3549194335938,0.9592864513397217
313,10433,937.6143188476562,90.51212310791016,0.002698378637433052,939.1778564453125,73.44479370117188,0.002889450406655669,936.0033569335938,90.51651763916016,0.0015327739529311657,966.9153442382812,53.85081481933594,0.011756333522498608,971.9747924804688,81.47113037109375,0.0033854222856462,971.1392211914062,13.320442199707031,0.011440601199865341,1039.1246337890625,1.740325927734375,0.023001790046691895,965.681396484375,55.21131134033203,0.0399610698223114,1005.874755859375,45.855010986328125,0.10780727118253708,959.1325073242188,107.50243377685547,0.054474130272865295,945.44482421875,85.58063507080078,0.12281472235918045,1039.4688720703125,94.24497985839844,0.8288721442222595,1098.3431396484375,91.96005249023438,0.8697584271430969,918.063232421875,460.502685546875,0.9699897170066833,1080.6734619140625,481.0887451171875,0.9763043522834778,1106.8736572265625,778.0087280273438,0.972507894039154,1230.17578125,821.1520385742188,0.9752379655838013
314,10466,976.7042236328125,70.0821533203125,0.010449171997606754,981.2626342773438,40.721900939941406,0.011656668968498707,977.8272094726562,57.46247863769531,0.006804788485169411,997.5847778320312,28.44744873046875,0.03247763216495514,1009.7987060546875,54.45909118652344,0.009585167281329632,982.8674926757812,0.0,0.038130007684230804,1063.4495849609375,0.6321945190429688,0.024823229759931564,970.91259765625,56.88512420654297,0.0734257698059082,1012.0902099609375,49.48944854736328,0.05521385744214058,983.0418090820312,119.79645538330078,0.09019375592470169,964.403564453125,96.47074127197266,0.08335544168949127,1050.634033203125,95.32392883300781,0.8030372858047485,1121.3250732421875,100.8797378540039,0.762169599533081,920.0885009765625,437.89453125,0.9651707410812378,1102.2669677734375,454.860107421875,0.9523288011550903,1030.156494140625,806.0161743164062,0.9572867155075073,1254.412353515625,781.5282592773438,0.9493414759635925
315,10500,952.7675170898438,74.29376220703125,0.0022021415643393993,954.888427734375,52.44239044189453,0.0027406082954257727,953.3069458007812,67.49203491210938,0.001219407538883388,976.6701049804688,37.57859802246094,0.012133193202316761,989.6959228515625,62.056480407714844,0.002793446648865938,976.8497314453125,0.0,0.009333672933280468,1043.3968505859375,0.0,0.010373887605965137,977.953369140625,44.26881408691406,0.03127112612128258,1017.5679931640625,43.28324890136719,0.04262040928006172,1022.4315185546875,111.93079376220703,0.04713601991534233,978.4589233398438,92.74681091308594,0.059864386916160583,1040.8861083984375,64.50617980957031,0.7771556377410889,1106.6239013671875,63.86549377441406,0.7788897752761841,935.5107421875,442.441162109375,0.9747458100318909,1111.760986328125,449.1654968261719,0.9717162847518921,933.62646484375,818.0103149414062,0.978652834892273,1307.98681640625,768.5916748046875,0.9762102365493774
316,10533,990.1115112304688,88.4308090209961,0.003965333104133606,989.3809814453125,65.92259216308594,0.003935676068067551,984.1107788085938,74.19351196289062,0.0020239525474607944,1004.455322265625,53.62687683105469,0.008615978993475437,1009.3035278320312,66.32583618164062,0.0025812475942075253,1005.3161010742188,16.034820556640625,0.010590510442852974,1038.1920166015625,9.27447509765625,0.007998233661055565,985.0155029296875,63.13490295410156,0.052202749997377396,1000.3533325195312,51.121673583984375,0.04506313055753708,988.30322265625,97.4615478515625,0.1113458126783371,952.7742919921875,78.3870849609375,0.10870636999607086,1053.32763671875,65.94593811035156,0.7993709444999695,1093.9609375,66.17962646484375,0.7634245157241821,948.14013671875,445.52398681640625,0.9831346273422241,1120.7822265625,453.84722900390625,0.9756810665130615,898.100830078125,823.8609008789062,0.9864808320999146,1313.700439453125,757.432861328125,0.9828439950942993
317,10566,997.9740600585938,89.57466888427734,0.004762856289744377,999.7144775390625,67.7413330078125,0.004667002707719803,989.2547607421875,75.16161346435547,0.002459825947880745,1015.5748901367188,56.89915466308594,0.007643424905836582,1000.3504638671875,68.85367584228516,0.00249879015609622,1020.2587280273438,16.210922241210938,0.009342384524643421,1010.70703125,10.217147827148438,0.006988883949816227,1001.3412475585938,61.10417175292969,0.05229196324944496,974.3941650390625,44.92529296875,0.04327569156885147,986.8421630859375,94.5838623046875,0.12701968848705292,945.1488647460938,68.31001281738281,0.12122530490159988,1061.4715576171875,58.73675537109375,0.7833970785140991,1074.52392578125,61.13374328613281,0.7418525815010071,950.939208984375,434.81463623046875,0.9829570055007935,1109.5657958984375,447.1666259765625,0.9742048382759094,909.0320434570312,826.9905395507812,0.9867801070213318,1331.25830078125,739.1294555664062,0.9826586246490479
318,10600,964.3378295898438,86.52742767333984,0.005968079436570406,968.6142578125,65.68743896484375,0.005346728954464197,957.5037231445312,76.63650512695312,0.0024797488003969193,993.28857421875,51.552886962890625,0.007079296745359898,968.51904296875,70.73098754882812,0.0020147543400526047,1007.1469116210938,2.9311065673828125,0.009881469421088696,987.2183227539062,2.399139404296875,0.010544502176344395,993.1666259765625,40.621307373046875,0.08398953080177307,967.6231079101562,41.20037841796875,0.0921841412782669,974.082275390625,86.98855590820312,0.24166154861450195,947.4292602539062,76.8775634765625,0.2601653039455414,1060.7288818359375,57.735260009765625,0.8192650675773621,1064.90185546875,60.22709655761719,0.8047366738319397,945.6929321289062,440.6063232421875,0.9833496809005737,1081.8262939453125,456.84228515625,0.9773114323616028,929.3412475585938,830.0030517578125,0.9846335053443909,1335.5086669921875,722.5582885742188,0.9806969165802002
319,10633,941.7239379882812,84.8448715209961,0.0063811601139605045,940.8953857421875,63.384910583496094,0.00632889149710536,941.2813110351562,76.7303237915039,0.0024071764200925827,965.8145141601562,48.58502197265625,0.010073649697005749,972.860595703125,71.87372589111328,0.0019909334369003773,979.497314453125,10.790863037109375,0.012195856310427189,1009.4324951171875,2.558624267578125,0.012926098890602589,981.2109375,55.181488037109375,0.09217468649148941,994.9371337890625,47.10868835449219,0.09970695525407791,964.3606567382812,97.19577026367188,0.24012000858783722,944.5962524414062,82.30572509765625,0.2590395510196686,1049.4913330078125,71.35176086425781,0.8025007843971252,1077.603759765625,71.21438598632812,0.7862740755081177,951.3427734375,451.4407653808594,0.9786421060562134,1055.89697265625,468.0722351074219,0.970131516456604,982.1797485351562,849.7545776367188,0.9793490171432495,1323.9542236328125,708.7679443359375,0.9735661149024963
320,10666,932.9874267578125,87.47371673583984,0.007000708486884832,933.2388305664062,68.66789245605469,0.0071910531260073185,932.237548828125,83.27217864990234,0.002281606663018465,968.0894165039062,49.97186279296875,0.011164557188749313,965.1487426757812,76.43756103515625,0.0015640945639461279,985.924072265625,10.490158081054688,0.014378671534359455,1006.8138427734375,0.0,0.015834180638194084,984.008056640625,54.51191711425781,0.12199805676937103,1004.8984375,50.26116943359375,0.1382620483636856,949.8362426757812,90.41033935546875,0.2959423065185547,941.5043334960938,83.50538635253906,0.3336082994937897,1049.9183349609375,93.84196472167969,0.8722155690193176,1065.4989013671875,93.96414184570312,0.861727237701416,947.6757202148438,463.7410583496094,0.9858028888702393,1030.8604736328125,490.8656921386719,0.9799522757530212,1013.792236328125,853.5369873046875,0.985895037651062,1298.1463623046875,704.5368041992188,0.9817447066307068
321,10700,936.5806884765625,76.66239166259766,0.0040382519364356995,939.031005859375,60.177406311035156,0.004498104099184275,933.8558349609375,73.41162872314453,0.0017268395749852061,971.052978515625,42.4449462890625,0.013010088354349136,951.0732421875,66.86045837402344,0.0023219899740070105,992.7354125976562,4.9414215087890625,0.016151364892721176,969.2221069335938,0.0,0.020835138857364655,980.5531005859375,52.42584228515625,0.07515396177768707,976.07958984375,53.34759521484375,0.10874366015195847,953.0177001953125,107.10699462890625,0.11668304353952408,935.8189697265625,89.81044006347656,0.16312266886234283,1056.4002685546875,99.15257263183594,0.8912134170532227,1037.4163818359375,100.32929992675781,0.8926634788513184,954.076171875,480.4886169433594,0.9849740266799927,999.9752197265625,498.57916259765625,0.9806668758392334,1061.266845703125,853.8057861328125,0.9852619767189026,1259.6480712890625,701.7021484375,0.9826830625534058
322,10733,907.592529296875,68.72671508789062,0.001729769166558981,911.1165771484375,53.86729431152344,0.0023128276225179434,909.0685424804688,70.20982360839844,0.0007964600808918476,942.1154174804688,35.94593811035156,0.016403786838054657,937.3531494140625,64.68887329101562,0.0024573630653321743,945.4180297851562,0.0,0.027763862162828445,967.7014770507812,0.0,0.01636081002652645,868.7473754882812,12.476119995117188,0.11275433003902435,914.64794921875,24.126113891601562,0.05954013019800186,890.606689453125,14.754043579101562,0.09674115478992462,888.9009399414062,28.057205200195312,0.06157853081822395,1046.57470703125,125.08369445800781,0.9361729621887207,1050.741943359375,124.85623168945312,0.9120848774909973,961.6778564453125,501.0273742675781,0.9888994097709656,994.5672607421875,489.3606262207031,0.9804624319076538,1105.80322265625,845.3807983398438,0.9863043427467346,1230.9110107421875,699.1470947265625,0.9814221858978271
323,10766,854.7063598632812,36.103797912597656,0.012069405056536198,859.7832641601562,15.922393798828125,0.01523920800536871,854.3379516601562,32.60364532470703,0.003791104769334197,907.7356567382812,8.597923278808594,0.05240466818213463,895.5205078125,38.160621643066406,0.0047013117000460625,942.9474487304688,0.0,0.054419174790382385,954.167724609375,0.0,0.059734415262937546,894.1090087890625,20.562698364257812,0.13633714616298676,958.9920043945312,36.934112548828125,0.14085420966148376,906.3424682617188,29.526809692382812,0.14598719775676727,912.3572387695312,37.827667236328125,0.1350850760936737,1062.1644287109375,131.87225341796875,0.8894054293632507,1051.5948486328125,127.74593353271484,0.8915058970451355,972.6099853515625,509.4315490722656,0.9758427739143372,946.3599853515625,464.4163818359375,0.9689905047416687,1133.0865478515625,838.6829223632812,0.9584468603134155,1172.3453369140625,698.8623046875,0.9585239887237549
324,10800,900.8812866210938,72.78797149658203,0.0019311592914164066,909.3300170898438,55.232505798339844,0.0024573642294853926,896.0680541992188,71.56544494628906,0.0008634530822746456,950.5042114257812,39.330047607421875,0.015212009660899639,904.8251953125,69.51720428466797,0.0022385111078619957,971.5036010742188,0.0,0.029261624440550804,915.5669555664062,0.0,0.018882306292653084,887.34228515625,6.3224945068359375,0.13073104619979858,898.361572265625,12.308029174804688,0.08490396291017532,914.351318359375,9.235244750976562,0.116759292781353,903.4216918945312,13.183090209960938,0.08389163017272949,1061.2249755859375,128.3957977294922,0.9156343340873718,990.8782348632812,128.1027069091797,0.8936861157417297,1036.867431640625,507.9642333984375,0.9773178100585938,899.1971435546875,459.41522216796875,0.9642719626426697,1191.87158203125,833.152099609375,0.9633700251579285,1112.2862548828125,708.222900390625,0.957675039768219
325,10833,923.0978393554688,93.61404418945312,0.003128125099465251,927.6958618164062,70.48265075683594,0.003900915151461959,915.1029052734375,84.3379898071289,0.0013021171325817704,971.616943359375,53.23828125,0.01390155404806137,930.494384765625,78.51004028320312,0.0017402560915797949,1006.4551391601562,19.063430786132812,0.015106450766324997,953.3430786132812,4.59686279296875,0.02092585898935795,985.7594604492188,50.407928466796875,0.06671708822250366,977.933349609375,40.622406005859375,0.11658263951539993,966.8916015625,102.46490478515625,0.08417188376188278,939.7994384765625,88.99658203125,0.1260223239660263,1069.28173828125,104.908447265625,0.8754068613052368,998.9222412109375,98.66281127929688,0.89188152551651,1079.647705078125,497.67279052734375,0.9766629338264465,896.650634765625,440.124755859375,0.9752886891365051,1239.537353515625,840.7633666992188,0.9727707505226135,1072.945068359375,750.6804809570312,0.9765035510063171
326,10866,977.8998413085938,71.66500854492188,0.018447063863277435,989.8163452148438,46.087440490722656,0.018451139330863953,968.6478881835938,58.23170471191406,0.011989951133728027,1018.568359375,32.257965087890625,0.021679116412997246,957.9013061523438,51.05596160888672,0.009975014254450798,1031.833740234375,10.25885009765625,0.04928554221987724,958.4653930664062,0.0,0.02121560461819172,989.9946899414062,57.53862762451172,0.14923860132694244,953.8416137695312,42.49333190917969,0.06458724290132523,948.6135864257812,115.50020599365234,0.17606666684150696,936.2056274414062,104.71778869628906,0.10307192802429199,1085.1068115234375,116.47913360595703,0.7893332839012146,996.7472534179688,109.59624481201172,0.7093127965927124,1108.2669677734375,460.2986755371094,0.9429060220718384,896.9813232421875,442.43206787109375,0.909163773059845,1278.7530517578125,799.1665649414062,0.9184318780899048,1001.09619140625,767.5166015625,0.8904927372932434
327,10900,983.668212890625,74.58114624023438,0.00833780039101839,986.9539184570312,51.76936340332031,0.007781832478940487,974.770263671875,63.23968505859375,0.004985627252608538,1003.9157104492188,35.88771057128906,0.012236680835485458,969.1854858398438,53.559837341308594,0.004959982819855213,999.1765747070312,6.17193603515625,0.027407396584749222,997.5511474609375,0.0,0.013207015581429005,951.6344604492188,64.78003692626953,0.10901875793933868,1003.6381225585938,45.68767547607422,0.05446445196866989,936.33056640625,98.1375503540039,0.12147627025842667,952.8397216796875,84.06619262695312,0.07506854832172394,1072.998779296875,102.39541625976562,0.8182632923126221,1020.6672973632812,92.36984252929688,0.7577719688415527,1136.8619384765625,458.7065124511719,0.9652356505393982,920.3926391601562,444.09332275390625,0.9478411078453064,1317.5489501953125,791.610595703125,0.9613713026046753,925.8889770507812,786.6417846679688,0.9501240253448486
328,10933,976.925048828125,91.0700454711914,0.006061579566448927,979.1959228515625,72.6082763671875,0.005184343550354242,967.343994140625,80.35153198242188,0.003010539570823312,1002.4721069335938,60.308143615722656,0.004639062099158764,965.4384155273438,72.2815933227539,0.0017067530425265431,1007.7943725585938,31.88507080078125,0.008413741365075111,989.6107788085938,11.351943969726562,0.007851448841392994,963.1609497070312,74.75788879394531,0.0810699462890625,995.6226196289062,51.57513427734375,0.08289957046508789,924.3543090820312,100.7083740234375,0.1663515567779541,927.8527221679688,70.48649597167969,0.1657172590494156,1070.53857421875,84.37834167480469,0.8400768041610718,1007.3421630859375,77.95573425292969,0.830054521560669,1136.9677734375,457.8069152832031,0.9829626083374023,924.6561279296875,441.85162353515625,0.9788252711296082,1345.849365234375,779.0061645507812,0.986011803150177,896.6426391601562,793.66552734375,0.9848657846450806
329,10966,982.714599609375,93.40637969970703,0.008685874752700329,985.4013061523438,74.50346374511719,0.00661944504827261,970.6448364257812,82.26576232910156,0.0040507931262254715,1008.77197265625,62.14881134033203,0.0033003855496644974,964.1094360351562,74.25389099121094,0.0013947946717962623,1010.7384033203125,32.24446105957031,0.0063207997009158134,991.7590942382812,11.335647583007812,0.006318341474980116,974.5198974609375,73.3055419921875,0.09396163374185562,988.4839477539062,52.43339538574219,0.10062545537948608,925.413818359375,104.62545776367188,0.2631973624229431,920.9384765625,82.77040100097656,0.27069640159606934,1065.9969482421875,78.73265075683594,0.8218419551849365,1004.3031616210938,73.06324768066406,0.8127013444900513,1126.864013671875,454.112548828125,0.9829869270324707,924.482666015625,442.4473571777344,0.9792411923408508,1360.992431640625,759.9109497070312,0.9866772890090942,895.0064086914062,797.7486572265625,0.9854463338851929
330,11000,999.8743896484375,78.40347290039062,0.02004183456301689,1002.1519775390625,58.5091552734375,0.012250025756657124,985.4265747070312,67.00662231445312,0.010354813188314438,1011.918701171875,44.870819091796875,0.005052017513662577,967.5716552734375,56.260986328125,0.0036362321116030216,1003.9981079101562,13.538909912109375,0.01771252229809761,995.8134765625,0.0,0.009828737005591393,972.7265625,67.64089965820312,0.1754775047302246,990.0957641601562,51.386444091796875,0.0929327979683876,927.0022583007812,95.00550842285156,0.3727845549583435,915.2693481445312,76.98284912109375,0.253945529460907,1049.7183837890625,92.778076171875,0.8078692555427551,996.6339111328125,82.90933227539062,0.7454720735549927,1100.6712646484375,457.83782958984375,0.973998486995697,920.651611328125,450.7090148925781,0.9605717658996582,1363.7618408203125,750.9158935546875,0.975548267364502,911.3134155273438,792.25,0.968010663986206
331,11033,984.4742431640625,57.15442657470703,0.01703724078834057,991.1510620117188,33.457763671875,0.014640461653470993,977.4340209960938,43.89557647705078,0.010785100981593132,1001.1824951171875,20.9176025390625,0.01318446360528469,965.3373413085938,36.57060241699219,0.006714304909110069,978.5489501953125,2.9932708740234375,0.028571322560310364,987.2345581054688,0.0,0.013044791296124458,947.0872192382812,50.937904357910156,0.1287846714258194,974.6658325195312,40.37578582763672,0.057659901678562164,924.2909545898438,109.83519744873047,0.18663151562213898,930.9358520507812,92.89439392089844,0.10944806784391403,1032.4002685546875,114.0186996459961,0.7697827219963074,1000.1918334960938,109.1283187866211,0.6919590830802917,1064.3936767578125,472.4665832519531,0.9460285305976868,927.195556640625,466.42364501953125,0.921586275100708,1347.882568359375,735.36767578125,0.9333062767982483,954.22705078125,794.5134887695312,0.9143232107162476
332,11066,991.5007934570312,67.09478759765625,0.010416455566883087,993.9340209960938,47.58183288574219,0.009131542406976223,983.5951538085938,57.51988220214844,0.006462763994932175,1000.051025390625,30.257125854492188,0.009858486242592335,974.0518798828125,46.11534118652344,0.00448242062702775,976.3438720703125,0.04438018798828125,0.019048653542995453,998.9891967773438,0.0,0.009356411173939705,949.5198364257812,61.48157501220703,0.09339004009962082,975.949462890625,53.98784637451172,0.04665164276957512,948.4144287109375,114.06404113769531,0.13244430720806122,922.78515625,102.70431518554688,0.08352888375520706,1019.2972412109375,125.8245849609375,0.7889138460159302,1002.8380737304688,118.30842590332031,0.7230125069618225,1008.6551513671875,488.2006530761719,0.9601942896842957,930.1187133789062,477.1798400878906,0.9454183578491211,1334.9644775390625,720.737548828125,0.9651908874511719,992.2776489257812,808.6456298828125,0.956986665725708
333,11100,920.3555297851562,81.00173950195312,0.0019893432036042213,922.8755493164062,67.03628540039062,0.0026643327437341213,918.1389770507812,77.77068328857422,0.0012352877529338002,948.12744140625,51.543663024902344,0.0115463612601161,941.5301513671875,68.6407470703125,0.002435169415548444,943.5789794921875,14.501266479492188,0.010043115355074406,983.4636840820312,0.0,0.012828662991523743,917.1073608398438,43.47175598144531,0.033699896186590195,966.063232421875,40.767242431640625,0.056856900453567505,926.9172973632812,115.73723602294922,0.02873814105987549,917.658935546875,97.98133850097656,0.0455852709710598,1010.5338134765625,112.46685791015625,0.8663499355316162,1013.4432373046875,116.62861633300781,0.8810458779335022,986.84326171875,496.3407897949219,0.9738596677780151,958.1019287109375,496.04718017578125,0.9760450124740601,1307.4034423828125,705.9182739257812,0.979760468006134,1032.3023681640625,827.5538330078125,0.981025755405426
334,11133,886.4073486328125,61.75719451904297,0.004001718480139971,888.7813110351562,46.614646911621094,0.004899213556200266,883.7924194335938,62.225006103515625,0.0021427515894174576,923.9556884765625,34.12591552734375,0.017865899950265884,923.8895874023438,59.91851806640625,0.0038740085437893867,924.4894409179688,5.5770263671875,0.024705316871404648,993.837890625,0.0,0.022504813969135284,903.460693359375,25.49176025390625,0.07465711981058121,953.7962646484375,34.93611145019531,0.07982606440782547,920.6011962890625,55.62309265136719,0.06271201372146606,910.0750122070312,56.58137512207031,0.07088309526443481,1014.026611328125,117.36557006835938,0.9061541557312012,1046.494140625,121.04566955566406,0.9019245505332947,947.1553344726562,491.5168762207031,0.9792293310165405,963.8919067382812,504.5065612792969,0.9780352115631104,1253.7471923828125,698.278076171875,0.9823781847953796,1064.1741943359375,824.647705078125,0.9808236360549927
335,11166,893.2999877929688,70.40716552734375,0.0022089898120611906,892.1383666992188,58.13594055175781,0.0026245531626045704,892.4798583984375,70.84806060791016,0.000941854203119874,912.9902954101562,43.173614501953125,0.01740219257771969,939.8336791992188,61.70951843261719,0.0027945677284151316,893.4241943359375,2.5160751342773438,0.04359017685055733,1017.7545776367188,0.0,0.019628817215561867,847.1541137695312,16.725494384765625,0.18430787324905396,916.3643188476562,21.411392211914062,0.07415687292814255,883.669921875,2.692840576171875,0.14509634673595428,875.7882080078125,11.435302734375,0.07164604961872101,1006.7413330078125,117.96817016601562,0.942858874797821,1086.343994140625,114.19963073730469,0.9150937795639038,919.1372680664062,491.836669921875,0.985709547996521,1001.4431762695312,487.3569030761719,0.9786726832389832,1203.416748046875,711.2614135742188,0.9827688336372375,1091.996826171875,821.346923828125,0.9775601625442505
336,11200,893.44482421875,85.65428924560547,0.001540633151307702,891.9973754882812,71.07877349853516,0.002255235332995653,895.0984497070312,87.2896728515625,0.0009007537737488747,917.4441528320312,55.02204895019531,0.032712701708078384,950.6306762695312,79.09181213378906,0.005808752030134201,903.0433959960938,11.518936157226562,0.045413125306367874,1036.302490234375,0.0,0.027824049815535545,869.5808715820312,28.035736083984375,0.07323414087295532,1048.819580078125,54.3350830078125,0.04721328616142273,914.669921875,68.93943786621094,0.03451520577073097,1036.77392578125,120.2471694946289,0.024011120200157166,1005.8048095703125,111.72404479980469,0.9039822220802307,1091.531982421875,108.05117797851562,0.8835442662239075,905.1114501953125,474.1590270996094,0.9725548028945923,1025.3204345703125,473.8190002441406,0.9660292863845825,1147.8402099609375,722.9777221679688,0.9715339541435242,1131.6954345703125,781.589599609375,0.9676697254180908
337,11233,911.13134765625,80.09907531738281,0.0019377557327970862,910.8182983398438,63.96661376953125,0.002615937264636159,910.66552734375,79.51506042480469,0.0011163417948409915,933.1300048828125,46.32655334472656,0.01782643422484398,952.0889282226562,70.4849853515625,0.0035829776898026466,930.8184814453125,9.143142700195312,0.017763841897249222,1025.3665771484375,0.0,0.016524991020560265,945.8644409179688,60.88536071777344,0.04438149183988571,1007.087646484375,48.72132110595703,0.04827528074383736,966.1697387695312,141.56259155273438,0.039758242666721344,952.0313110351562,111.34563446044922,0.04288915544748306,1008.5722045898438,96.6229248046875,0.8458698391914368,1085.5286865234375,91.764404296875,0.8416681289672852,892.7069702148438,464.4722900390625,0.9714388847351074,1054.9088134765625,472.69830322265625,0.9693184494972229,1096.0091552734375,775.5567626953125,0.9748377203941345,1207.1239013671875,804.5352172851562,0.9731312990188599
338,11266,914.4910278320312,77.26345825195312,0.0033230071421712637,914.2943115234375,59.68922424316406,0.0032291309908032417,913.2977294921875,76.35722351074219,0.0016313974047079682,934.720703125,42.05145263671875,0.008163503371179104,947.7359619140625,69.97586059570312,0.0022849717643111944,936.7738647460938,0.2843170166015625,0.009494775906205177,1015.3681640625,0.0,0.01371782273054123,943.0274047851562,47.381126403808594,0.05853285640478134,985.7052612304688,37.2088623046875,0.10428421199321747,954.3825073242188,94.42298126220703,0.12531590461730957,932.288330078125,79.65726470947266,0.19833630323410034,1015.7893676757812,79.42611694335938,0.8260003328323364,1084.238037109375,77.59373474121094,0.8427668809890747,905.6596069335938,442.39105224609375,0.9778879284858704,1075.4105224609375,461.0850524902344,0.9782568216323853,1019.2730712890625,804.3748168945312,0.9796223640441895,1244.2374267578125,794.9653930664062,0.9789971709251404
339,11300,920.8342895507812,80.8681640625,0.0030598347075283527,923.0827026367188,60.54890441894531,0.0029556844383478165,918.6925659179688,76.05791473388672,0.0014535908121615648,947.3545532226562,42.94505310058594,0.006748024839907885,951.4974975585938,68.64173126220703,0.0018233523005619645,950.1185913085938,0.0,0.0069607095792889595,1013.2337036132812,0.0,0.010235357098281384,943.6560668945312,39.90380859375,0.05136653035879135,974.8468017578125,33.51164245605469,0.09647737443447113,955.23193359375,84.13082885742188,0.1344902366399765,934.1770629882812,74.60955047607422,0.22054168581962585,1019.1563110351562,63.29219055175781,0.7905726432800293,1080.92138671875,61.599517822265625,0.8102530837059021,914.4917602539062,436.4806823730469,0.9766730666160583,1088.572998046875,447.3838806152344,0.9765830039978027,929.9029541015625,802.9252319335938,0.9782506823539734,1275.776123046875,770.3010864257812,0.9773176908493042
340,11333,942.8837280273438,77.71002960205078,0.0034472716506570578,943.0021362304688,55.30696105957031,0.003498570993542671,942.3168334960938,67.76756286621094,0.0015308907022699714,959.5894775390625,41.97168731689453,0.005952544044703245,972.7628784179688,63.095306396484375,0.001444240566343069,958.581298828125,1.8590240478515625,0.005834650248289108,1023.7134399414062,0.0,0.0056649260222911835,949.9034423828125,39.80841064453125,0.05686473101377487,986.0235595703125,32.39501953125,0.061773207038640976,952.8154907226562,77.70323181152344,0.17737536132335663,932.6001586914062,72.43073272705078,0.19592271745204926,1018.7965087890625,58.05290222167969,0.7769848108291626,1080.3848876953125,56.07206726074219,0.7580868005752563,930.7706909179688,444.83843994140625,0.9818537831306458,1092.166748046875,446.43218994140625,0.9768475294113159,885.1080322265625,817.9661865234375,0.9843150973320007,1300.559814453125,758.1341552734375,0.9807904958724976
341,11366,943.3306884765625,76.06775665283203,0.003216487355530262,945.1986694335938,53.15409851074219,0.0034702171105891466,942.8185424804688,65.35425567626953,0.0014705500798299909,965.8141479492188,41.21067810058594,0.006148083601146936,972.5160522460938,62.01837158203125,0.0014157776022329926,965.4840698242188,1.7668991088867188,0.005318650975823402,1017.4423828125,0.0,0.005256372038275003,953.0856323242188,39.810516357421875,0.047752972692251205,979.8878784179688,32.8590087890625,0.05377909541130066,960.1259765625,74.72950744628906,0.14472204446792603,930.8818359375,67.31327819824219,0.16556066274642944,1020.0529174804688,59.4814453125,0.762881338596344,1071.807373046875,57.86759948730469,0.74455326795578,935.4724731445312,443.48529052734375,0.9809431433677673,1082.461669921875,445.2087097167969,0.9754882454872131,884.9896240234375,819.0924682617188,0.9844958782196045,1319.247802734375,741.9808959960938,0.9808252453804016
342,11400,935.1181640625,83.79972839355469,0.0031750709749758244,941.8214721679688,63.89476776123047,0.003351745428517461,929.5932006835938,77.54818725585938,0.0016082939691841602,968.3493041992188,49.61210632324219,0.006639549508690834,938.3170776367188,74.13157653808594,0.0017479180824011564,976.8995971679688,1.1839141845703125,0.0059067970141768456,959.2604370117188,0.0,0.008385193534195423,962.412841796875,34.55488586425781,0.04158715158700943,931.4675903320312,33.23616027832031,0.07665055245161057,961.0596313476562,71.47174072265625,0.10795963555574417,924.6084594726562,68.43104553222656,0.1847735196352005,1030.7757568359375,62.94493103027344,0.7890048623085022,1035.7265625,66.81756591796875,0.8022337555885315,926.4293212890625,443.2054138183594,0.9777544140815735,1056.848388671875,457.1734313964844,0.9755204916000366,899.4559936523438,805.3212890625,0.9805450439453125,1313.4671630859375,723.9454345703125,0.978219747543335
343,11433,927.2924194335938,84.72228240966797,0.003804112784564495,931.2845458984375,64.22330474853516,0.004090775270015001,922.9561157226562,74.332763671875,0.0018220891943201423,955.8212280273438,48.00736999511719,0.00890014972537756,939.86279296875,65.00990295410156,0.0021227579563856125,960.0558471679688,7.0342254638671875,0.009352738969027996,969.2884521484375,0.0,0.010330170392990112,968.1209106445312,55.35292053222656,0.050634704530239105,962.0150756835938,45.41070556640625,0.06522943824529648,963.59423828125,99.03497314453125,0.10415074974298477,926.4131469726562,74.50621032714844,0.13320498168468475,1020.55322265625,73.2315673828125,0.8264849185943604,1036.5435791015625,72.69973754882812,0.8186888098716736,933.4876098632812,464.5923156738281,0.9833365082740784,1030.7171630859375,473.6156921386719,0.9780229926109314,944.9317016601562,841.4901123046875,0.9866315722465515,1292.1201171875,705.8181762695312,0.9837446212768555
344,11466,919.7410278320312,81.96173858642578,0.003184458240866661,921.5808715820312,63.89655303955078,0.003893126267939806,918.4476928710938,76.13683319091797,0.0014428803697228432,951.9990234375,47.537200927734375,0.012753590010106564,946.1642456054688,68.70845031738281,0.002177469665184617,962.4402465820312,10.388076782226562,0.013683304190635681,979.7188110351562,0.0,0.013776516541838646,965.3082885742188,53.59281921386719,0.05879458412528038,980.9555053710938,41.73468017578125,0.0674065425992012,953.5680541992188,101.92964172363281,0.08807340264320374,927.7123413085938,76.91033935546875,0.1056959480047226,1023.421142578125,93.40841674804688,0.8595414757728577,1037.4066162109375,93.14447021484375,0.847224771976471,929.2022094726562,464.0261535644531,0.9828898310661316,1001.5291137695312,487.0923156738281,0.9760899543762207,987.0958251953125,842.0158081054688,0.9860608577728271,1265.94873046875,694.9830322265625,0.9820809960365295
345,11500,907.9647216796875,77.9798355102539,0.0027549981605261564,910.4561157226562,62.06890869140625,0.0033584688790142536,905.5629272460938,75.3369140625,0.0013407315127551556,940.5650634765625,43.603729248046875,0.014664791524410248,926.8623046875,66.87842559814453,0.0027455163653939962,951.2149658203125,3.16644287109375,0.019880326464772224,950.9987182617188,0.0,0.01845196820795536,925.4022216796875,36.901519775390625,0.07032427936792374,943.8931274414062,43.472442626953125,0.07144854962825775,928.7847900390625,96.28408813476562,0.07747737318277359,915.25439453125,82.06265258789062,0.08399591594934464,1024.86767578125,106.74948120117188,0.9143271446228027,1020.1968383789062,106.33456420898438,0.9039528369903564,932.1983642578125,490.2512512207031,0.9879572987556458,976.6503295898438,493.3680725097656,0.9826305508613586,1047.1439208984375,846.996826171875,0.9888724684715271,1227.058837890625,695.0618896484375,0.9863907098770142
346,11533,861.9448852539062,46.21929931640625,0.004269673489034176,865.6448974609375,30.692047119140625,0.0038262566085904837,864.766845703125,45.666595458984375,0.0014660032466053963,902.406982421875,17.469337463378906,0.014173298142850399,902.6880493164062,43.659690856933594,0.002801414579153061,926.2688598632812,0.0,0.037225142121315,948.6167602539062,0.0,0.04268718510866165,866.25146484375,16.170547485351562,0.21582548320293427,890.9051513671875,27.82891845703125,0.21964146196842194,849.7945556640625,8.98699951171875,0.2775362730026245,824.1841430664062,7.4387969970703125,0.27636808156967163,1028.62939453125,136.59751892089844,0.9501675367355347,1033.733642578125,131.49139404296875,0.9485812187194824,940.3136596679688,503.37139892578125,0.9903832077980042,957.7251586914062,473.3183898925781,0.9868366718292236,1078.53515625,837.7478637695312,0.9834463000297546,1188.091552734375,696.088623046875,0.9816401600837708
347,11566,855.8534545898438,52.58152770996094,0.0029841973446309566,859.9720458984375,34.93089294433594,0.0036660453770309687,855.7622680664062,50.46675109863281,0.001134270103648305,899.226806640625,23.726600646972656,0.02323378436267376,888.3367919921875,51.256988525390625,0.0030192106496542692,925.4365234375,0.0,0.039561618119478226,926.3632202148438,0.0,0.03271877020597458,867.39990234375,20.226516723632812,0.14050577580928802,912.2578125,29.226287841796875,0.10776296257972717,888.124755859375,18.184890747070312,0.12422540783882141,867.1763305664062,22.13397216796875,0.09614109247922897,1030.2130126953125,130.4395294189453,0.9013646841049194,1009.0673828125,127.11128997802734,0.887607216835022,959.0191040039062,503.3468017578125,0.9734954237937927,903.0167236328125,468.53790283203125,0.9615696668624878,1105.1719970703125,825.3563232421875,0.9558200836181641,1128.7490234375,703.5609741210938,0.9493704438209534
348,11600,858.7520751953125,62.19364929199219,0.0024173292331397533,862.7030639648438,42.985931396484375,0.002940574660897255,856.053955078125,59.356292724609375,0.001031717867590487,901.0787353515625,31.199203491210938,0.018676405772566795,879.2971801757812,61.76966857910156,0.002824566327035427,931.0986938476562,2.0607833862304688,0.028460994362831116,909.799072265625,0.0,0.029696810990571976,880.799560546875,15.281158447265625,0.0995107963681221,937.0272827148438,31.416961669921875,0.10584243386983871,919.0567016601562,32.32017517089844,0.0843382179737091,917.9853515625,67.56758880615234,0.08250933140516281,1036.4337158203125,125.29252624511719,0.9120573997497559,989.0701904296875,125.63990020751953,0.9114336371421814,1013.2371826171875,505.8822326660156,0.9783222079277039,882.3953857421875,458.4657897949219,0.9721083641052246,1180.142822265625,831.28271484375,0.9651238918304443,1086.4732666015625,709.5134887695312,0.9655044674873352
349,11633,906.853515625,78.7829818725586,0.0018922168528661132,910.600341796875,57.686370849609375,0.0027814749628305435,900.66748046875,70.75186157226562,0.0008870353922247887,945.7166748046875,42.8052978515625,0.019789408892393112,915.5888671875,66.21562957763672,0.00231366278603673,964.8224487304688,12.791519165039062,0.02624422125518322,935.2440185546875,2.76544189453125,0.016926953569054604,931.6318359375,43.84075927734375,0.07201848924160004,983.9730834960938,55.24864196777344,0.052961867302656174,953.7902221679688,99.87295532226562,0.051798708736896515,986.7431640625,108.69625854492188,0.038623541593551636,1036.130859375,107.77729797363281,0.8990780711174011,977.01416015625,104.43937683105469,0.8794052600860596,1055.026611328125,493.1163024902344,0.9795432686805725,871.84228515625,439.998046875,0.9708869457244873,1207.219970703125,825.8727416992188,0.9778695702552795,1023.9939575195312,746.3519897460938,0.976441502571106
350,11666,914.8551635742188,89.85655975341797,0.0023160316050052643,919.1488037109375,68.88993072509766,0.0030468194745481014,908.3994140625,80.2459716796875,0.0013082344084978104,953.4357299804688,54.156829833984375,0.017315683886408806,919.6932373046875,73.62284088134766,0.003362458199262619,978.8569946289062,22.122848510742188,0.02255900390446186,940.6642456054688,12.833953857421875,0.02131994068622589,965.1959838867188,63.81092834472656,0.05086295306682587,1002.2481079101562,70.11250305175781,0.06157328933477402,990.1875610351562,123.5068359375,0.03579501807689667,1019.5673217773438,128.82879638671875,0.038058407604694366,1048.9434814453125,91.42039489746094,0.8760676383972168,982.5476684570312,88.63215637207031,0.8770790696144104,1079.796875,475.5081481933594,0.9745892286300659,882.115234375,427.343017578125,0.9705149531364441,1247.4495849609375,797.9002685546875,0.9740222692489624,955.3570556640625,749.8015747070312,0.9760075211524963
351,11700,906.208740234375,79.54421997070312,0.004434748087078333,909.7716064453125,57.4215087890625,0.004946521017700434,906.1799926757812,69.4097900390625,0.0027699472848325968,932.8260498046875,46.92823791503906,0.01401397306472063,924.7081298828125,67.25869750976562,0.004878574050962925,942.3045654296875,9.429611206054688,0.01360608171671629,955.1411743164062,7.652137756347656,0.02280963957309723,853.1024780273438,55.646644592285156,0.043974604457616806,994.5027465820312,32.87416076660156,0.0856017991900444,784.1891479492188,137.12509155273438,0.046548690646886826,944.8573608398438,93.97265625,0.0747307613492012,1031.4100341796875,81.3863754272461,0.7840102910995483,985.1656494140625,88.80400085449219,0.828148365020752,1096.10009765625,458.447021484375,0.954387366771698,881.1967163085938,434.26995849609375,0.9582458734512329,1286.93115234375,784.7627563476562,0.9388529658317566,874.2378540039062,784.1583251953125,0.9510579705238342
352,11733,929.08740234375,89.91780853271484,0.005196725949645042,931.1276245117188,69.07278442382812,0.005978725850582123,921.65283203125,76.31387329101562,0.0026010058354586363,957.9240112304688,58.36189270019531,0.007262072525918484,928.2650756835938,70.56488800048828,0.00164239970035851,969.09521484375,41.501220703125,0.006770651321858168,953.1399536132812,23.840377807617188,0.006890182849019766,924.2179565429688,87.57939147949219,0.04356856644153595,978.8350219726562,61.915374755859375,0.05048316344618797,881.1181640625,120.26596069335938,0.07797278463840485,909.8675537109375,78.52194213867188,0.08238642662763596,1034.808349609375,71.97239685058594,0.7946648597717285,976.4410400390625,70.87449645996094,0.7957339286804199,1088.3243408203125,456.8027648925781,0.9804007411003113,900.5099487304688,439.6703796386719,0.9770374298095703,1311.931396484375,767.632568359375,0.9864618182182312,879.4039306640625,789.3056640625,0.986478328704834
353,11766,926.5611572265625,91.61624908447266,0.004568669945001602,929.2099609375,70.9541244506836,0.005397930275648832,920.3882446289062,77.41424560546875,0.002528406446799636,956.6651000976562,60.089195251464844,0.00853461679071188,932.1649169921875,69.59539031982422,0.0021235854364931583,957.6929321289062,40.11378479003906,0.007785338442772627,964.2902221679688,20.832550048828125,0.0077762301079928875,908.4819946289062,86.27838134765625,0.037449393421411514,978.4777221679688,69.90115356445312,0.04251598194241524,872.1870727539062,126.73709106445312,0.05313361808657646,928.0045166015625,99.81605529785156,0.054812025278806686,1024.0753173828125,65.03837585449219,0.8004974126815796,983.490234375,63.43391418457031,0.8010606169700623,1073.5836181640625,459.1685485839844,0.979620635509491,911.0153198242188,442.5355529785156,0.9766094088554382,1324.106689453125,750.0948486328125,0.986185610294342,871.6126098632812,797.4277954101562,0.986221432685852
354,11800,986.8526000976562,61.7354736328125,0.025164345279335976,992.4360961914062,37.68013000488281,0.01776648685336113,974.9359130859375,47.8502197265625,0.01573202945291996,995.912353515625,24.356460571289062,0.010076597332954407,950.7481079101562,39.55835723876953,0.00723748654127121,977.5545043945312,4.54522705078125,0.026413632556796074,964.9212036132812,0.0,0.012118741869926453,937.9085693359375,64.25667572021484,0.13970214128494263,941.8201904296875,52.46949005126953,0.06032857298851013,898.082763671875,104.1881103515625,0.2413024604320526,886.591796875,88.7051010131836,0.1394260823726654,1005.4120483398438,107.85662841796875,0.7261908054351807,959.2714233398438,98.75221252441406,0.634463906288147,1043.443359375,461.79290771484375,0.944776713848114,903.8787231445312,456.136962890625,0.916446328163147,1314.2728271484375,735.5421752929688,0.941588282585144,911.7672729492188,781.0091552734375,0.9227563142776489
355,11833,911.447265625,95.87548828125,0.01228425744920969,914.1509399414062,75.27200317382812,0.00996324885636568,898.8804931640625,82.02749633789062,0.006246835924685001,941.8991088867188,62.955963134765625,0.00663344468921423,910.4981689453125,68.63662719726562,0.0029342176858335733,948.192626953125,25.661224365234375,0.010757538489997387,945.7683715820312,18.869384765625,0.012136909179389477,924.6861572265625,73.84107971191406,0.07820397615432739,942.3880004882812,77.92813110351562,0.09550131857395172,884.3416137695312,134.5835723876953,0.17693853378295898,895.5232543945312,90.68760681152344,0.19672901928424835,998.9346313476562,77.65864562988281,0.7789364457130432,964.2579345703125,80.12635803222656,0.7824949622154236,1009.7950439453125,483.70672607421875,0.9733505845069885,908.103759765625,470.90234375,0.9711237549781799,1312.471435546875,721.2434692382812,0.9817434549331665,951.655517578125,816.9299926757812,0.9818681478500366
356,11866,917.634521484375,87.9605712890625,0.003861231729388237,920.4680786132812,73.72489929199219,0.003969399258494377,909.7052001953125,82.12625885009766,0.002084039617329836,944.9215087890625,58.384735107421875,0.006631128955632448,921.250732421875,71.35574340820312,0.0019137864001095295,938.5243530273438,17.873016357421875,0.00823996216058731,961.7106323242188,0.0,0.00974033959209919,916.2471313476562,46.41856384277344,0.053491536527872086,945.6432495117188,49.05693054199219,0.07513111084699631,888.0748901367188,116.86235046386719,0.08444949239492416,890.7852172851562,92.20481872558594,0.11170360445976257,991.5079345703125,84.18113708496094,0.8436813354492188,981.82275390625,85.87458801269531,0.8503633141517639,966.4647216796875,492.7780456542969,0.9765787124633789,925.1304931640625,490.87005615234375,0.97645103931427,1291.8616943359375,707.3199462890625,0.98288893699646,988.2609252929688,826.9376220703125,0.9831055998802185
357,11900,910.6913452148438,84.77755737304688,0.0033003243152052164,911.8841552734375,71.65086364746094,0.0035301195457577705,903.5121459960938,83.45503234863281,0.00187573186121881,934.88037109375,54.414276123046875,0.010466936975717545,922.5143432617188,74.9718017578125,0.0030476683750748634,921.1908569335938,13.766326904296875,0.01676412858068943,965.5733642578125,0.441558837890625,0.0166785791516304,886.5101318359375,31.334793090820312,0.06804749369621277,917.332275390625,55.39659118652344,0.0773368552327156,887.7870483398438,103.3948974609375,0.06947102397680283,885.9514770507812,110.68057250976562,0.08318674564361572,985.5982055664062,112.38551330566406,0.8900275230407715,999.5986328125,118.70896911621094,0.8851523399353027,931.743896484375,494.9375,0.9770231246948242,934.686767578125,515.1663208007812,0.9755510091781616,1242.278076171875,692.9052124023438,0.9829161167144775,1020.6661376953125,828.8194580078125,0.9812961220741272
358,11933,846.6890258789062,60.47822570800781,0.003833306487649679,846.9395141601562,45.222747802734375,0.004429107531905174,846.2723388671875,59.82051086425781,0.0016147876158356667,881.2855834960938,31.743438720703125,0.01967810094356537,896.488037109375,55.88536834716797,0.0036701124627143145,895.9521484375,0.7218704223632812,0.041424743831157684,962.8046875,0.0,0.030296212062239647,861.951416015625,23.969100952148438,0.14932051301002502,902.7984008789062,33.18571472167969,0.10529042035341263,871.7846069335938,24.085189819335938,0.12010765820741653,855.3327026367188,19.320327758789062,0.09013999253511429,995.7700805664062,127.56610107421875,0.9248086214065552,1026.4149169921875,130.24481201171875,0.9116420149803162,919.2645874023438,487.3883056640625,0.9805890917778015,928.3262939453125,490.7731018066406,0.9755639433860779,1188.5523681640625,709.263916015625,0.9773191809654236,1054.530029296875,809.2593383789062,0.9726746678352356
359,11966,860.49853515625,64.23220825195312,0.0034721733536571264,862.7645874023438,49.646575927734375,0.003097060602158308,861.52587890625,65.25663757324219,0.0011980439303442836,899.103515625,35.64582824707031,0.013403154909610748,914.0518798828125,59.70982360839844,0.002828383119776845,905.4340209960938,0.0,0.04233889654278755,994.864013671875,0.0,0.037578701972961426,861.5587158203125,15.059921264648438,0.2485927790403366,909.0399169921875,26.131027221679688,0.1970546692609787,832.9954833984375,3.950775146484375,0.2851580083370209,825.4076538085938,7.67156982421875,0.2368631809949875,1000.822509765625,116.93293762207031,0.9251279830932617,1060.386962890625,114.21844482421875,0.9161483645439148,897.9728393554688,479.0133361816406,0.9795083999633789,985.7802124023438,482.06683349609375,0.9734305739402771,1127.3009033203125,767.9663696289062,0.963926374912262,1112.0780029296875,791.0424194335938,0.9574252963066101
360,12000,860.001220703125,77.73843383789062,0.0015461058355867863,860.9859619140625,61.769989013671875,0.002182493219152093,862.1118774414062,79.76472473144531,0.0007548464927822351,896.8504028320312,46.77745056152344,0.022924350574612617,919.4220581054688,74.97930908203125,0.003718340303748846,905.4701538085938,4.060707092285156,0.030894506722688675,1001.7207641601562,0.0,0.023737424984574318,875.6620483398438,17.794235229492188,0.07637973874807358,950.138916015625,28.773834228515625,0.05352318286895752,835.8103637695312,23.156387329101562,0.04565071314573288,845.9595336914062,29.709640502929688,0.03399747237563133,993.854736328125,105.18777465820312,0.9003776907920837,1066.0513916015625,103.48182678222656,0.8882917761802673,872.742919921875,467.65924072265625,0.9784914255142212,1013.4578857421875,482.546630859375,0.9738354682922363,1085.065185546875,754.9696655273438,0.9769132137298584,1148.90478515625,811.5009765625,0.9727613925933838
361,12033,876.7310180664062,68.05068969726562,0.002019718289375305,875.9916381835938,48.29704284667969,0.002562977373600006,878.6980590820312,66.10922241210938,0.0011236758437007666,903.1525268554688,32.36396026611328,0.019681081175804138,931.2904052734375,60.89002990722656,0.004542130045592785,912.0741577148438,2.0207748413085938,0.017885589972138405,1012.5635986328125,0.0,0.02369321882724762,928.6029663085938,55.387733459472656,0.036429520696401596,1002.5592041015625,57.821022033691406,0.056644223630428314,947.5460815429688,131.80162048339844,0.03226875886321068,932.3851318359375,107.87342834472656,0.04318191483616829,988.8689575195312,91.35337829589844,0.8341468572616577,1071.204345703125,90.07992553710938,0.8525429368019104,868.4500122070312,455.82623291015625,0.9724478125572205,1041.4754638671875,471.7579040527344,0.9736701846122742,1029.4827880859375,790.5653686523438,0.9743757247924805,1189.5352783203125,810.7674560546875,0.974197268486023
362,12066,920.1782836914062,77.20360565185547,0.00438320217654109,917.0550537109375,57.87950134277344,0.0041305492632091045,918.9675903320312,71.25629425048828,0.002157889073714614,932.4832763671875,42.5921630859375,0.011881235055625439,961.9608764648438,62.931495666503906,0.003839881857857108,924.010986328125,3.8337249755859375,0.020866038277745247,1021.3947143554688,0.0,0.015670493245124817,921.0382690429688,50.913848876953125,0.0894334688782692,982.3969116210938,42.89881896972656,0.06850451231002808,935.1297607421875,102.22769165039062,0.14638347923755646,921.8992919921875,78.48660278320312,0.12075966596603394,984.1995849609375,73.98207092285156,0.8539136648178101,1068.9847412109375,71.24949645996094,0.8239654302597046,882.3382568359375,440.5793151855469,0.9825788736343384,1069.8787841796875,457.9106140136719,0.9759311079978943,940.9977416992188,813.1781616210938,0.9845970273017883,1225.9490966796875,782.6958618164062,0.9805094003677368
363,12100,934.957763671875,89.34494018554688,0.004044993314892054,932.0341796875,66.050537109375,0.003807950997725129,931.70751953125,76.91475677490234,0.0018529463559389114,944.2377319335938,50.514404296875,0.008326548151671886,966.4574584960938,67.47152709960938,0.002497320529073477,939.1746826171875,9.556228637695312,0.012988388538360596,1014.9033203125,4.8226776123046875,0.00856570154428482,932.8582763671875,51.85313415527344,0.08207809925079346,973.1624145507812,44.113311767578125,0.05347384512424469,945.9862670898438,93.66444396972656,0.18381193280220032,920.5988159179688,82.79090881347656,0.13656221330165863,994.0594482421875,55.04942321777344,0.81253981590271,1065.2113037109375,53.45484924316406,0.7625570297241211,901.2964477539062,440.7540283203125,0.9829808473587036,1080.1756591796875,448.38165283203125,0.9736896753311157,877.0009155273438,827.8995361328125,0.9849137663841248,1255.759521484375,765.10400390625,0.9796026945114136
364,12133,930.2609252929688,86.97738647460938,0.004693763330578804,929.6439208984375,64.18402862548828,0.0043717240914702415,925.4221801757812,73.33358001708984,0.002004672307521105,947.5259399414062,50.81986999511719,0.007183237932622433,953.152587890625,65.1295394897461,0.0020279129967093468,952.860595703125,12.341949462890625,0.011256218887865543,988.1210327148438,7.4002532958984375,0.007446564268320799,942.9283447265625,51.98808288574219,0.08772741258144379,953.3062133789062,45.47721862792969,0.0579131655395031,939.6644897460938,85.95890808105469,0.22728018462657928,910.9091186523438,74.80000305175781,0.17652153968811035,1008.5039672851562,56.22605895996094,0.8279837965965271,1051.0413818359375,55.9189453125,0.7799341082572937,910.2252197265625,441.582763671875,0.9866090416908264,1069.3892822265625,449.2648620605469,0.9785875678062439,855.6500854492188,828.4442138671875,0.9884297847747803,1271.1680908203125,749.45068359375,0.9840043783187866
365,12166,906.9317016601562,76.54806518554688,0.0037787149194628,913.7230224609375,55.14408874511719,0.004283743444830179,905.460205078125,68.48771667480469,0.0019379670266062021,935.2181396484375,40.18171691894531,0.012756040319800377,923.1806640625,61.7091064453125,0.0032823665533214808,943.9757690429688,0.0,0.013433700427412987,945.6883544921875,0.0,0.0131686395034194,935.8580932617188,21.35364532470703,0.06467706710100174,919.5455932617188,23.107933044433594,0.06265667080879211,954.1166381835938,73.22232055664062,0.12209941446781158,913.5399169921875,75.64546966552734,0.1128757894039154,1010.314453125,61.45664978027344,0.8150038719177246,1034.20654296875,62.20655822753906,0.8016988635063171,902.0054321289062,453.412353515625,0.9751444458961487,1052.772216796875,441.5026550292969,0.9690341353416443,861.5610961914062,818.102783203125,0.966842532157898,1289.1080322265625,738.0613403320312,0.9620999097824097
366,12200,916.2801513671875,90.47657775878906,0.0037430047523230314,918.5672607421875,68.40502166748047,0.0040007056668400764,910.7913208007812,80.65386199951172,0.0018651444697752595,941.0850830078125,52.3560791015625,0.009463748894631863,929.1612548828125,74.16156005859375,0.0025306851603090763,945.7388305664062,7.248870849609375,0.011880036443471909,958.865478515625,2.33917236328125,0.009744074195623398,944.8057861328125,54.88531494140625,0.05927365645766258,943.3781127929688,50.6656494140625,0.05289556086063385,943.55224609375,96.80506896972656,0.1109999567270279,909.4375,80.17369079589844,0.10885374993085861,1005.4409790039062,65.52626037597656,0.8216155171394348,1026.0035400390625,68.17987060546875,0.7909946441650391,909.785888671875,453.0275573730469,0.9822188019752502,1021.5857543945312,466.4751892089844,0.9732816815376282,908.1375732421875,837.8849487304688,0.9851170778274536,1273.8515625,709.4779052734375,0.9802367091178894
367,12233,915.5497436523438,86.39325714111328,0.0032150044571608305,916.8900756835938,66.5870590209961,0.0034952405840158463,912.7178344726562,79.34513854980469,0.00152063078712672,940.4397583007812,49.354156494140625,0.008529272861778736,933.2998046875,72.54473876953125,0.001962078735232353,945.6721801757812,7.8910675048828125,0.010361787863075733,961.0288696289062,0.0,0.009872403927147388,945.8179321289062,58.69432067871094,0.05957059934735298,949.7972412109375,52.93913269042969,0.06385457515716553,929.3330078125,116.56617736816406,0.1130494549870491,903.65869140625,98.455078125,0.13150466978549957,1001.2670288085938,84.56304931640625,0.8388497233390808,1016.3643188476562,86.9501953125,0.8183761835098267,914.4933471679688,461.8057556152344,0.9830748438835144,993.9146728515625,484.9696960449219,0.9752451181411743,950.4845581054688,850.0200805664062,0.9864867925643921,1262.164306640625,702.0762329101562,0.981977105140686
368,12266,915.1267700195312,84.35513305664062,0.0030555310659110546,918.8483276367188,67.25592041015625,0.003478880040347576,911.6478881835938,79.61357116699219,0.0015099202282726765,949.0513916015625,48.453369140625,0.009963511489331722,924.906005859375,71.68018341064453,0.0021784501150250435,965.2884521484375,10.815765380859375,0.011720594018697739,940.261474609375,0.0,0.01330468151718378,954.3331298828125,62.857635498046875,0.05400003492832184,939.9432373046875,61.16194152832031,0.07270003110170364,921.6722412109375,118.88113403320312,0.0842350646853447,892.855224609375,102.04522705078125,0.11825547367334366,1009.3753662109375,100.93588256835938,0.8576484322547913,992.13525390625,103.09410095214844,0.8515230417251587,910.2927856445312,470.0760498046875,0.9823194146156311,960.9591064453125,494.9635009765625,0.9756861329078674,989.303466796875,849.7361450195312,0.9854887127876282,1223.755126953125,685.4512329101562,0.9818491339683533
369,12300,860.6983032226562,68.0746078491211,0.0022124333772808313,866.7069091796875,51.19860076904297,0.002838267246261239,859.6408081054688,68.19456481933594,0.0010263347066938877,904.4373779296875,34.8475341796875,0.016592493280768394,881.3867797851562,65.39671325683594,0.0028399238362908363,915.4885864257812,0.0,0.025851856917142868,904.615234375,0.0,0.019021835178136826,839.8004760742188,10.224105834960938,0.09945607930421829,867.3818359375,26.504058837890625,0.06454873085021973,882.748779296875,19.669692993164062,0.09197190403938293,862.9725952148438,48.41404724121094,0.06439942121505737,1008.6585083007812,122.49618530273438,0.9296342134475708,993.6351928710938,122.15306854248047,0.9107908010482788,915.7584228515625,493.7503967285156,0.9886348247528076,943.600341796875,483.63226318359375,0.9811259508132935,1034.364990234375,852.0617065429688,0.9860466122627258,1199.6590576171875,690.9246826171875,0.9815838932991028
370,12333,852.8508911132812,51.57572937011719,0.0041474406607449055,856.3960571289062,34.970489501953125,0.003995310980826616,854.0563354492188,52.44218444824219,0.0014218782307580113,896.201904296875,21.097938537597656,0.01372196339070797,887.7396240234375,53.024139404296875,0.002364116720855236,917.3861083984375,0.0,0.03256087750196457,921.488037109375,0.0,0.031764429062604904,829.1698608398438,15.48687744140625,0.20822773873806,854.4739990234375,27.823928833007812,0.180755615234375,834.73046875,9.11846923828125,0.27990996837615967,818.6475830078125,11.965621948242188,0.24929581582546234,1019.2620849609375,132.1371612548828,0.9369831681251526,1004.6636352539062,128.58779907226562,0.9293146133422852,932.0263061523438,505.07171630859375,0.9876464605331421,910.8151245117188,472.267578125,0.981497049331665,1087.99560546875,842.4598999023438,0.978800356388092,1155.59765625,694.405517578125,0.9751400351524353
371,12366,846.5848388671875,58.859619140625,0.002801463706418872,852.2487182617188,40.06498718261719,0.0031215911731123924,841.5408325195312,56.003814697265625,0.0011182810412719846,888.4786987304688,26.453338623046875,0.016506262123584747,855.2906494140625,56.48101043701172,0.0027360571548342705,919.3462524414062,0.0,0.03518367186188698,875.16162109375,0.0,0.028143765404820442,849.8049926757812,15.00604248046875,0.15556180477142334,859.0853271484375,25.00653076171875,0.11839500069618225,879.0745239257812,7.083709716796875,0.15578898787498474,848.8488159179688,10.09881591796875,0.12266867607831955,1026.782958984375,117.7796630859375,0.8863677978515625,972.7177734375,118.10765075683594,0.8679611682891846,966.8925170898438,500.50726318359375,0.9660988450050354,877.0877075195312,465.821044921875,0.9508177042007446,1109.71875,838.4998168945312,0.9370361566543579,1107.2518310546875,731.1302490234375,0.9276321530342102
372,12400,857.0267944335938,57.061614990234375,0.0022841503378003836,861.8002319335938,37.590728759765625,0.002967752981930971,854.6006469726562,53.98956298828125,0.0009738535736687481,899.3800659179688,26.0013427734375,0.019535964354872704,876.2369384765625,56.58677673339844,0.0027917453553527594,926.382080078125,0.0,0.03676527738571167,897.3447875976562,0.0,0.023148881271481514,854.967041015625,5.1712188720703125,0.12833859026432037,901.4207763671875,14.162750244140625,0.07336005568504333,897.8139038085938,5.951568603515625,0.09379762411117554,882.0406494140625,16.010330200195312,0.05503369867801666,1028.5513916015625,122.93339538574219,0.9254202842712402,973.2349243164062,125.15167236328125,0.9051247835159302,1021.28173828125,494.20770263671875,0.9823455214500427,865.4927368164062,451.786376953125,0.9719712138175964,1178.6400146484375,840.8281860351562,0.9721063375473022,1047.7005615234375,740.129150390625,0.968197762966156
373,12433,902.9002685546875,84.70852661132812,0.002348846523091197,906.6903686523438,63.27703857421875,0.003066243138164282,896.1097412109375,75.72720336914062,0.001177069847472012,939.544921875,46.97859191894531,0.016194671392440796,907.1437377929688,69.43414306640625,0.0025772645603865385,960.1695556640625,14.484970092773438,0.02173367515206337,927.8969116210938,5.5393524169921875,0.019615763798356056,922.2343139648438,50.7542724609375,0.0656803771853447,952.7734375,54.61903381347656,0.0700455754995346,911.6657104492188,109.41526794433594,0.05326021835207939,903.744384765625,94.96385192871094,0.05509964004158974,1034.5643310546875,104.17753601074219,0.8771893978118896,971.4434204101562,99.95022583007812,0.8732864260673523,1064.2352294921875,485.6256408691406,0.9745596647262573,858.55517578125,430.3008728027344,0.9684230089187622,1219.4066162109375,815.857421875,0.9723787307739258,980.8447875976562,743.2235107421875,0.9732663631439209
374,12466,905.7694702148438,87.15364837646484,0.0014276052825152874,910.00146484375,67.13996887207031,0.002070965711027384,904.3128662109375,79.51712036132812,0.0008960159029811621,938.9104614257812,53.42161560058594,0.012386408634483814,918.0906372070312,74.68222045898438,0.002289737109094858,954.9989013671875,21.49468231201172,0.010407091118395329,942.3461303710938,5.5173797607421875,0.0124695785343647,910.0233764648438,63.315879821777344,0.029292883351445198,975.3882446289062,49.936134338378906,0.048344895243644714,910.7618408203125,108.59706115722656,0.021649114787578583,927.33349609375,94.06265258789062,0.032781749963760376,1033.153564453125,94.92686462402344,0.8264354467391968,977.669921875,94.71450805664062,0.8434364199638367,1084.423583984375,466.5903625488281,0.9673529267311096,878.9983520507812,440.79986572265625,0.965976357460022,1257.7420654296875,799.0726318359375,0.9693635106086731,924.6643676757812,770.0263061523438,0.9717389941215515
375,12500,920.4681396484375,90.15447235107422,0.004245528485625982,924.0772705078125,69.6456527709961,0.004696949850767851,913.5543823242188,76.94803619384766,0.0020987859461456537,952.9102172851562,57.38763427734375,0.008495792746543884,921.0028076171875,68.70835876464844,0.0019916933961212635,963.5978393554688,34.759552001953125,0.01087862253189087,946.683837890625,15.447509765625,0.01021985337138176,900.5458984375,80.74896240234375,0.06065297871828079,976.235107421875,53.849029541015625,0.06341948360204697,850.9620361328125,120.68898010253906,0.08440826088190079,906.8758544921875,74.36077880859375,0.08372949808835983,1033.1529541015625,83.39955139160156,0.8434984683990479,971.4856567382812,79.48077392578125,0.8401787877082825,1088.462158203125,464.0168151855469,0.9807475209236145,884.3465576171875,439.3695373535156,0.9768819212913513,1293.2752685546875,784.4573974609375,0.9839227795600891,874.51318359375,794.2813110351562,0.9838597774505615
376,12533,926.3876953125,89.91984558105469,0.004971223883330822,929.70556640625,69.56011962890625,0.005685566924512386,918.6209716796875,76.64188385009766,0.002488227328285575,957.7191162109375,57.522308349609375,0.0076664406806230545,924.6822509765625,68.93893432617188,0.0017433695029467344,964.5494995117188,37.09364318847656,0.007745558395981789,950.5692138671875,18.489303588867188,0.0074792285449802876,903.6854248046875,82.97607421875,0.047855183482170105,967.1079711914062,61.70466613769531,0.051098570227622986,849.447509765625,127.114013671875,0.07811606675386429,905.26708984375,85.80473327636719,0.07817987352609634,1031.6033935546875,74.32406616210938,0.8141599893569946,974.7466430664062,72.43093872070312,0.8115562200546265,1078.4300537109375,460.4885559082031,0.9812626242637634,896.8048706054688,439.8461608886719,0.977801501750946,1314.9788818359375,764.27490234375,0.9866303205490112,878.125,799.4105224609375,0.9865276217460632
377,12566,981.3902587890625,58.94013977050781,0.027532849460840225,987.5623168945312,34.02470397949219,0.02067539654672146,969.433837890625,44.79762268066406,0.017056409269571304,996.6592407226562,21.823654174804688,0.012225199490785599,949.5423583984375,37.79216766357422,0.008081531152129173,982.9235229492188,6.4982757568359375,0.031449899077415466,966.1934204101562,0.0,0.01242072507739067,930.8538208007812,65.81492614746094,0.14952096343040466,938.8075561523438,52.48150634765625,0.05209678038954735,879.7507934570312,108.59403991699219,0.2428269386291504,888.5425415039062,94.9790267944336,0.11742382496595383,1016.3663330078125,108.25140380859375,0.7186277508735657,965.4893798828125,97.85719299316406,0.6093026399612427,1052.2705078125,460.6201477050781,0.9421597719192505,901.55712890625,449.38232421875,0.9056896567344666,1311.1986083984375,747.5553588867188,0.9370753765106201,904.0847778320312,775.1729736328125,0.9138356447219849
378,12600,981.063232421875,58.853118896484375,0.021824777126312256,988.3705444335938,35.51152038574219,0.01670726388692856,968.2432250976562,45.53221893310547,0.013484611175954342,997.129638671875,21.404754638671875,0.009838501922786236,943.9806518554688,36.39422607421875,0.006143810693174601,981.3585815429688,0.9745330810546875,0.022924888879060745,951.6267700195312,0.0,0.009312140755355358,936.4927368164062,60.989341735839844,0.12405310571193695,930.9296264648438,51.14348602294922,0.04721415415406227,889.0391235351562,105.34618377685547,0.21714822947978973,881.7973022460938,87.58573150634766,0.115480437874794,999.8446655273438,108.91484069824219,0.7075133919715881,946.0294189453125,100.36518859863281,0.6032842397689819,1017.7782592773438,468.5093078613281,0.9433773756027222,903.97412109375,462.50738525390625,0.9126186370849609,1309.8419189453125,732.8935546875,0.9437929391860962,937.2015991210938,789.1609497070312,0.9250160455703735
379,12633,890.0991821289062,54.52349853515625,0.0023676168639212847,895.5947265625,41.126220703125,0.003099318128079176,885.2822265625,52.82670593261719,0.0012459498830139637,923.9229736328125,30.9993896484375,0.008991808630526066,896.9595336914062,50.93769836425781,0.0015621224883943796,914.4113159179688,0.0,0.009537135250866413,920.82861328125,0.0,0.006656049285084009,848.892333984375,9.805068969726562,0.05424802750349045,890.0987548828125,16.289291381835938,0.04160558059811592,891.0723876953125,33.88055419921875,0.06375467032194138,881.7437133789062,36.10688781738281,0.05213715508580208,992.5650024414062,93.16328430175781,0.8528397083282471,964.7166137695312,100.29519653320312,0.8303449749946594,980.0816040039062,491.9079895019531,0.9753831028938293,923.5610961914062,482.0482177734375,0.9696519374847412,1304.679443359375,715.8997802734375,0.977774977684021,978.0393676757812,817.71630859375,0.976171612739563
380,12666,876.7339477539062,61.18114471435547,0.002778766443952918,880.7836303710938,48.09814453125,0.0035052166786044836,872.9903564453125,59.78485107421875,0.0014588547637686133,909.32177734375,38.021759033203125,0.011830015107989311,896.9251708984375,57.02403259277344,0.0022946279495954514,900.9014282226562,5.5125732421875,0.016241993755102158,948.1384887695312,0.0,0.01129593700170517,859.0112915039062,23.618682861328125,0.07552386820316315,896.2284545898438,28.96307373046875,0.055382661521434784,863.7998657226562,42.646453857421875,0.07421307265758514,868.1607666015625,41.37506103515625,0.062431998550891876,992.960693359375,112.3209228515625,0.8889320492744446,1003.6016845703125,117.402099609375,0.8685563206672668,940.9392700195312,495.007080078125,0.9778863191604614,931.9055786132812,501.9682922363281,0.9725943803787231,1271.56201171875,711.2459716796875,0.9803339838981628,1011.9993896484375,824.4724731445312,0.9773049354553223
381,12700,886.22119140625,71.04615783691406,0.004274245351552963,889.423095703125,57.60099792480469,0.003690346609801054,882.6751708984375,71.12638092041016,0.001647197874262929,920.3875732421875,42.92738342285156,0.007018744014203548,913.5359497070312,65.39241027832031,0.0016219480894505978,920.3670654296875,3.2398452758789062,0.01751677691936493,987.5936279296875,0.0,0.018439767882227898,896.8938598632812,30.927520751953125,0.18357348442077637,965.9176635742188,40.61835479736328,0.20754671096801758,840.8042602539062,32.78434753417969,0.3087000250816345,854.7716674804688,35.748687744140625,0.3621203601360321,992.8176879882812,122.80050659179688,0.9199408888816833,1019.2298583984375,122.79496765136719,0.9179195761680603,910.8355102539062,493.9182434082031,0.9815727472305298,930.1752319335938,504.0198974609375,0.9804672598838806,1222.1356201171875,703.2731323242188,0.979300856590271,1044.033935546875,816.4054565429688,0.9776736497879028
382,12733,880.5862426757812,63.325103759765625,0.0053499555215239525,881.470458984375,49.56028747558594,0.003946066368371248,879.8238525390625,64.47981262207031,0.0019484328804537654,912.4065551757812,35.750587463378906,0.008139774203300476,929.4119262695312,58.981658935546875,0.0022053446155041456,909.1637573242188,0.00794219970703125,0.02233859896659851,1025.855224609375,0.0,0.03376946970820427,891.1461181640625,20.656082153320312,0.20745113492012024,984.0831909179688,41.285316467285156,0.3191324472427368,832.9913330078125,22.901412963867188,0.3651229739189148,851.7382202148438,34.07157897949219,0.505233645439148,996.4215698242188,123.80657958984375,0.921744704246521,1067.3887939453125,120.22455596923828,0.9317861795425415,884.7435302734375,485.17559814453125,0.9808412194252014,973.42041015625,495.2813415527344,0.982521116733551,1181.5728759765625,716.2008056640625,0.975143551826477,1071.3507080078125,815.24267578125,0.9760105609893799
383,12766,874.9854736328125,63.97077941894531,0.00564461899921298,877.2495727539062,49.98866271972656,0.004574964754283428,872.1139526367188,67.29240417480469,0.002061239443719387,913.1766967773438,36.50761413574219,0.012415772303938866,920.7392578125,64.6475830078125,0.00304883043281734,914.2875366210938,0.0,0.041704822331666946,1005.1580200195312,0.0,0.039391227066516876,868.8296508789062,14.5400390625,0.2743736803531647,926.3091430664062,30.3790283203125,0.2547609210014343,806.8764038085938,5.670684814453125,0.37896832823753357,814.8477783203125,14.453292846679688,0.3871544897556305,1000.969482421875,122.80902099609375,0.9356346130371094,1067.371826171875,119.53385925292969,0.9298431873321533,855.9151611328125,465.8269348144531,0.9818522930145264,998.7683715820312,484.68487548828125,0.9794313311576843,1122.375732421875,706.4754638671875,0.9750624895095825,1122.8643798828125,792.256591796875,0.9719688296318054
384,12800,897.3322143554688,77.7205810546875,0.002372978487983346,897.361083984375,60.211097717285156,0.0029844942037016153,896.8704223632812,76.53565979003906,0.0013478074688464403,915.36865234375,44.99766540527344,0.01510414108633995,933.4396362304688,72.01036834716797,0.0033822988625615835,908.1605224609375,6.012702941894531,0.015614847652614117,1000.5839233398438,0.0,0.012891527265310287,913.8501586914062,55.04901123046875,0.047045446932315826,978.2025756835938,47.13999938964844,0.044619958847761154,943.8283081054688,113.97161865234375,0.05485415458679199,927.243408203125,91.37269592285156,0.054805077612400055,991.2462768554688,85.24337768554688,0.8398998379707336,1072.10009765625,85.11419677734375,0.8228343725204468,874.7018432617188,441.1676330566406,0.9780142307281494,1064.3172607421875,462.1048278808594,0.9735965132713318,987.7335205078125,797.4512939453125,0.9817107319831848,1227.96875,793.59765625,0.9786157608032227
385,12833,914.4796752929688,86.96269226074219,0.0030462704598903656,914.6720581054688,66.38227844238281,0.0031727745663374662,914.1714477539062,81.07749938964844,0.0015718985814601183,931.9847412109375,52.03271484375,0.009018284268677235,950.207763671875,76.30860900878906,0.002440846059471369,924.7203979492188,9.540504455566406,0.009049694985151291,1014.8970336914062,2.8339691162109375,0.010428504087030888,919.4989624023438,52.092864990234375,0.04862983897328377,978.9326171875,46.16095733642578,0.06932669132947922,940.2308349609375,96.54071044921875,0.10263228416442871,924.25341796875,82.28324890136719,0.14190901815891266,995.1238403320312,70.34925842285156,0.7958580255508423,1076.1580810546875,69.56076049804688,0.7972130179405212,893.2621459960938,437.482177734375,0.9774133563041687,1081.6607666015625,450.4829406738281,0.975091278553009,902.4353637695312,798.3220825195312,0.9802522659301758,1263.9788818359375,771.5421752929688,0.9779330492019653
386,12866,899.1874389648438,74.5015640258789,0.003916406538337469,902.4791259765625,51.17186737060547,0.004251866601407528,901.6329956054688,65.5624771118164,0.0019199656089767814,920.7379760742188,37.493133544921875,0.01169400755316019,936.3993530273438,60.26014709472656,0.0030000312253832817,928.5009155273438,0.0,0.010032321326434612,984.5259399414062,0.0,0.012638580054044724,916.9105834960938,36.306312561035156,0.05255039036273956,953.3463745117188,34.78697204589844,0.070046566426754,896.66552734375,108.10890197753906,0.12036176025867462,906.9265747070312,90.94267272949219,0.1450546383857727,1001.2216796875,61.19886016845703,0.7629527449607849,1062.9892578125,61.848609924316406,0.7734119296073914,903.2250366210938,442.6080322265625,0.9715858101844788,1087.3175048828125,437.09613037109375,0.9695113897323608,864.315185546875,814.8527221679688,0.9656592011451721,1291.32373046875,757.9854125976562,0.9638612866401672
387,12900,924.4780883789062,78.06177520751953,0.0030904412269592285,924.4835815429688,56.034576416015625,0.0034197026398032904,924.1421508789062,67.89358520507812,0.0013792121317237616,939.8155517578125,44.16499328613281,0.007231225725263357,953.8401489257812,64.25495910644531,0.0015416654059663415,936.708984375,4.039398193359375,0.007891998626291752,997.1561279296875,0.0,0.005075216293334961,923.1742553710938,40.27587890625,0.06646468490362167,957.6831665039062,33.500335693359375,0.04398422688245773,935.5341796875,73.04237365722656,0.17046670615673065,913.7389526367188,72.74468994140625,0.13511498272418976,999.2014770507812,57.179534912109375,0.8045632839202881,1057.8271484375,56.968231201171875,0.7516558766365051,916.4994506835938,441.5356140136719,0.9839874505996704,1077.8853759765625,444.93731689453125,0.9752082824707031,858.6255493164062,816.759521484375,0.985853910446167,1302.347900390625,743.08154296875,0.9804131388664246
388,12933,914.4227294921875,81.2603988647461,0.0031385573092848063,916.1250610351562,60.14945983886719,0.003472135402262211,913.51611328125,73.55960083007812,0.0014531256165355444,933.854736328125,45.831207275390625,0.0077597470954060555,936.9381103515625,69.21656799316406,0.0017315263394266367,928.8460693359375,0.0,0.009016093797981739,972.1073608398438,0.0,0.006179284770041704,913.864013671875,31.56793212890625,0.07084506005048752,939.02587890625,29.560226440429688,0.05094418302178383,933.4568481445312,68.72483825683594,0.16637270152568817,909.5890502929688,69.15946197509766,0.14205360412597656,997.3008422851562,58.93501281738281,0.8074488639831543,1040.148681640625,60.79815673828125,0.759748101234436,912.2662963867188,443.84197998046875,0.980523407459259,1049.2220458984375,449.1864013671875,0.9702553153038025,887.322021484375,810.4468383789062,0.9817122220993042,1299.5804443359375,720.3539428710938,0.9749360084533691
389,12966,907.0626220703125,91.08572387695312,0.003461118321865797,905.5340576171875,69.93333435058594,0.003842392470687628,906.413818359375,81.29383850097656,0.0016149021685123444,922.6946411132812,53.702728271484375,0.008605509996414185,936.4146118164062,73.10989379882812,0.0019190218299627304,923.1890258789062,12.036163330078125,0.009207977913320065,975.197265625,1.0214996337890625,0.007572960574179888,922.1141967773438,59.396026611328125,0.05688409134745598,965.531982421875,51.44151306152344,0.04979990795254707,920.5702514648438,98.44125366210938,0.12105656415224075,910.2099609375,73.65715026855469,0.11821494251489639,998.277099609375,69.23446655273438,0.7989562153816223,1039.401123046875,69.73947143554688,0.7640472650527954,914.23095703125,454.10394287109375,0.9819387197494507,1020.6047973632812,467.3914489746094,0.9724867939949036,930.3389282226562,838.5001831054688,0.9861727356910706,1283.2264404296875,699.301513671875,0.9813248515129089
390,13000,901.3289794921875,81.73413848876953,0.002295856364071369,900.7227172851562,64.22435760498047,0.0029346668161451817,903.2254638671875,75.82818603515625,0.0011040200479328632,922.8461303710938,47.587005615234375,0.014697500504553318,939.322509765625,66.8463134765625,0.002571319229900837,922.10595703125,11.808837890625,0.018620014190673828,983.1703491210938,0.0,0.012850512750446796,921.329833984375,69.6441650390625,0.06471939384937286,998.1363525390625,53.86674499511719,0.047684915363788605,921.6143188476562,136.71958923339844,0.07326209545135498,931.95947265625,103.44113159179688,0.06301940977573395,991.0911254882812,101.67567443847656,0.8848168849945068,1032.0050048828125,100.53799438476562,0.8541107773780823,912.0234985351562,466.8929443359375,0.9858403205871582,992.6490478515625,485.22198486328125,0.9770618081092834,966.043212890625,837.731201171875,0.9887874722480774,1251.53125,687.7457275390625,0.9842566847801208
391,13033,912.863525390625,83.10999298095703,0.0034969616681337357,917.9959716796875,66.75414276123047,0.0039010397158563137,906.1345825195312,78.8543930053711,0.0019022875931113958,946.7677612304688,47.315277099609375,0.012108641676604748,908.3424682617188,70.3901138305664,0.003193238750100136,964.0591430664062,10.0301513671875,0.016559790819883347,915.7738037109375,0.0498046875,0.01921435445547104,954.1329956054688,60.7943115234375,0.057977475225925446,913.7499389648438,60.8865966796875,0.08033519983291626,922.4857177734375,125.22061157226562,0.07287818938493729,884.5734252929688,99.64471435546875,0.10514967143535614,1012.9823608398438,103.10911560058594,0.8970231413841248,980.3021850585938,105.065185546875,0.8944839239120483,912.4392700195312,481.2340393066406,0.9858179688453674,949.3529663085938,494.709716796875,0.9810439944267273,1015.9893188476562,838.9405517578125,0.9877889752388,1215.209228515625,679.1513671875,0.9854459762573242
392,13066,909.2525634765625,78.89344024658203,0.003692097030580044,913.9722290039062,62.99370574951172,0.003894987516105175,903.643310546875,74.18753814697266,0.0018297431524842978,943.8186645507812,43.808349609375,0.012323708273470402,911.5491943359375,63.92804718017578,0.0030324317049235106,960.7266235351562,10.253585815429688,0.02056966908276081,927.193603515625,0.0,0.02415136620402336,949.929931640625,56.79835510253906,0.0838937908411026,925.3858032226562,51.555816650390625,0.11294931173324585,908.7152709960938,120.0435791015625,0.1060623824596405,883.0219116210938,94.22433471679688,0.14673420786857605,1016.2745361328125,118.66062927246094,0.9094809293746948,987.2276611328125,116.45947265625,0.9085026979446411,927.373046875,495.115478515625,0.984226405620575,936.06884765625,496.2154541015625,0.9797818660736084,1074.4461669921875,829.0464477539062,0.9844590425491333,1184.959228515625,695.94873046875,0.9822975397109985
393,13100,876.3067016601562,72.29081726074219,0.0022885119542479515,881.5270385742188,53.27863311767578,0.0028277523815631866,872.7902221679688,68.78633880615234,0.00111199333332479,920.594482421875,35.59391784667969,0.015807362273335457,888.6910400390625,64.69931030273438,0.002698213327676058,953.0088500976562,8.865005493164062,0.015918316319584846,910.1389770507812,0.0,0.028545817360281944,936.1425170898438,49.86222839355469,0.05449670925736427,930.6578979492188,49.73625183105469,0.11659993976354599,912.2872924804688,119.2155532836914,0.05835409089922905,888.0964965820312,102.43240356445312,0.10433898121118546,1018.2953491210938,130.12254333496094,0.8660649657249451,972.0362548828125,125.48268127441406,0.8915315270423889,952.2755737304688,502.1395568847656,0.9680153727531433,887.0370483398438,467.87469482421875,0.96720290184021,1092.831787109375,822.3779296875,0.9588125944137573,1133.81640625,686.090576171875,0.9619675278663635
394,13133,878.6500854492188,80.22827911376953,0.002265309216454625,882.809326171875,59.04375457763672,0.0028378786519169807,874.5831909179688,75.01126098632812,0.0012749891029670835,916.45703125,40.54966735839844,0.017014728859066963,886.8572998046875,71.13496398925781,0.003541848622262478,951.4327392578125,13.449417114257812,0.016378309577703476,904.0010375976562,4.3791046142578125,0.031747348606586456,927.2083740234375,58.610595703125,0.041876815259456635,938.0842895507812,58.593109130859375,0.10511612147092819,916.46875,129.7085418701172,0.03553754836320877,892.7215576171875,118.1755142211914,0.0725211575627327,1017.10107421875,124.80867004394531,0.8737710118293762,957.4828491210938,123.04850006103516,0.9040505290031433,1003.4183959960938,497.8475646972656,0.9708379507064819,866.5164184570312,455.1836242675781,0.9723520874977112,1148.207275390625,821.1659545898438,0.964313805103302,1063.966552734375,705.5588989257812,0.9701969623565674
395,13166,877.5972290039062,77.69192504882812,0.0020972045604139566,882.1371459960938,55.83439636230469,0.002751522231847048,874.6820068359375,69.18656158447266,0.0012167124077677727,915.0206909179688,40.087669372558594,0.01757204160094261,890.1600952148438,64.90850830078125,0.0035723738837987185,948.728271484375,11.256385803222656,0.01631077565252781,908.8173217773438,1.6972732543945312,0.029033532366156578,923.6281127929688,55.02417755126953,0.03681834787130356,947.7268676757812,51.19001770019531,0.08675364404916763,920.5250244140625,115.09806060791016,0.02738950029015541,902.2764282226562,109.59070587158203,0.05254198983311653,1016.6812133789062,113.37739562988281,0.8626261353492737,956.191650390625,113.06712341308594,0.8938585519790649,1034.2867431640625,477.8213195800781,0.9692047834396362,862.6128540039062,438.6916809082031,0.9713825583457947,1181.9329833984375,822.8697509765625,0.9640393853187561,1007.3671875,744.9468383789062,0.970799446105957
396,13200,882.79248046875,82.24543762207031,0.0030115917325019836,888.5758666992188,61.83138656616211,0.003950255457311869,881.112548828125,74.34895324707031,0.002216458087787032,916.7495727539062,47.326171875,0.019266478717327118,891.8457641601562,69.18065643310547,0.006119451019912958,950.72314453125,6.890510559082031,0.0178489051759243,903.4619750976562,5.744544982910156,0.030377235263586044,925.1358032226562,49.533897399902344,0.03241725638508797,944.6629028320312,40.224403381347656,0.07272238284349442,929.2509765625,125.28144836425781,0.021504443138837814,933.2467041015625,112.38047790527344,0.038914166390895844,1029.6727294921875,95.44468688964844,0.829052209854126,959.3470458984375,102.79948425292969,0.8655542135238647,1061.73193359375,456.6608581542969,0.9574481248855591,863.3291015625,433.9263000488281,0.9608289003372192,1226.09619140625,791.806640625,0.9468967914581299,925.7030639648438,752.37255859375,0.9566665291786194
397,13233,886.1925659179688,82.54328155517578,0.0027104434557259083,890.497802734375,62.55018997192383,0.0033955550752580166,886.2496948242188,74.03206634521484,0.0017612692900002003,912.6917724609375,51.46797180175781,0.015651272609829903,900.1430053710938,70.78107452392578,0.004511745180934668,922.9098510742188,9.406539916992188,0.0156564824283123,926.5238037109375,11.656471252441406,0.02056361734867096,830.7986450195312,52.07695770263672,0.04186777397990227,988.4771118164062,42.67620849609375,0.06454146653413773,749.9055786132812,132.78973388671875,0.032063331454992294,998.8489379882812,104.65148162841797,0.0431194081902504,1023.0891723632812,86.01873779296875,0.8340173363685608,970.8828735351562,97.0652847290039,0.856259286403656,1084.8197021484375,456.8952941894531,0.9649502635002136,875.5105590820312,443.5811462402344,0.9650631546974182,1261.8812255859375,775.8121948242188,0.9566033482551575,857.550537109375,779.6757202148438,0.9629684686660767
398,13266,926.642822265625,88.94771575927734,0.005339103285223246,929.5162353515625,69.1281967163086,0.005776087753474712,918.2666015625,75.77549743652344,0.0027943297754973173,955.117919921875,59.64569091796875,0.007095007225871086,919.8528442382812,70.00312042236328,0.0019471119157969952,961.9242553710938,40.42066955566406,0.008064599707722664,939.9662475585938,21.350189208984375,0.007665145676583052,906.6785888671875,84.12396240234375,0.04993744567036629,964.3535766601562,55.24072265625,0.053141120821237564,856.9453125,116.25508117675781,0.08322770148515701,907.0331420898438,72.26527404785156,0.08324798941612244,1022.8521118164062,72.88531494140625,0.8119670152664185,959.0530395507812,70.27839660644531,0.8073319792747498,1084.6483154296875,451.0694274902344,0.9809534549713135,886.9843139648438,436.427490234375,0.9772313833236694,1293.234375,768.030029296875,0.9864756464958191,849.631591796875,792.3296508789062,0.9861268997192383
399,13300,916.4668579101562,89.01152801513672,0.005146452225744724,919.3450927734375,68.41236877441406,0.005697010550647974,907.6915893554688,75.73562622070312,0.0026980293914675713,946.5426635742188,57.582366943359375,0.006900174543261528,911.8017578125,69.39173126220703,0.0018125275382772088,951.1741333007812,37.43971252441406,0.007303942926228046,938.2637939453125,19.11932373046875,0.006795750930905342,891.8543701171875,82.92324829101562,0.04707927629351616,948.2330932617188,61.06768798828125,0.04781515896320343,835.0538330078125,125.26872253417969,0.0799548402428627,892.5560913085938,85.53309631347656,0.07792648673057556,1018.2228393554688,65.60902404785156,0.8026770949363708,962.953125,64.67097473144531,0.7956271171569824,1067.9561767578125,451.3481140136719,0.9805456399917603,892.1976928710938,439.53955078125,0.976453423500061,1311.498046875,752.9240112304688,0.9866431951522827,860.44189453125,794.1366577148438,0.9860471487045288
400,13333,933.6243896484375,66.3738784790039,0.009931821376085281,939.3486328125,45.07855224609375,0.010139859281480312,926.115478515625,55.631561279296875,0.006532483734190464,958.6550903320312,39.060791015625,0.01288114208728075,919.4799194335938,55.59722900390625,0.005234722979366779,942.0458374023438,20.160804748535156,0.01928805187344551,938.8869018554688,5.0954132080078125,0.012281659059226513,899.3331298828125,57.18196105957031,0.07686179876327515,919.3324584960938,39.05078887939453,0.05205986648797989,864.2799682617188,110.47164916992188,0.100357286632061,880.912353515625,90.31521606445312,0.07936233282089233,1000.4601440429688,91.7274398803711,0.7824940085411072,958.5293579101562,90.42594909667969,0.7425527572631836,1043.2578125,460.2627868652344,0.9575730562210083,893.1930541992188,456.305908203125,0.9454300403594971,1305.002197265625,743.2622680664062,0.9521985054016113,891.7377319335938,802.1982421875,0.9441291093826294
401,13366,901.6163330078125,89.0595932006836,0.005803852342069149,906.2747192382812,70.40707397460938,0.006298983935266733,892.2984008789062,78.49891662597656,0.003045087680220604,936.0119018554688,55.257568359375,0.007109291385859251,896.3569946289062,68.39348602294922,0.0018880348652601242,940.3279418945312,22.5728759765625,0.00810843612998724,921.8681030273438,7.24822998046875,0.00712317880243063,893.579833984375,54.37669372558594,0.0557999350130558,925.7058715820312,54.223480224609375,0.054548393934965134,843.7205200195312,117.42704772949219,0.0966796800494194,873.5484619140625,85.34843444824219,0.09558407962322235,993.0855102539062,75.49809265136719,0.8155823945999146,942.8507080078125,78.26641845703125,0.8034946322441101,1016.3193969726562,482.26080322265625,0.9776459336280823,898.5126953125,474.0941162109375,0.9739229679107666,1310.608642578125,721.2335205078125,0.9840500950813293,925.7459106445312,819.0089721679688,0.9831682443618774
402,13400,907.3004760742188,91.52005004882812,0.0034382769372314215,911.2772827148438,76.25772857666016,0.00403196644037962,899.3090209960938,84.68108367919922,0.0019144552061334252,937.3042602539062,59.8179931640625,0.007378097157925367,907.7648315429688,73.4717788696289,0.0017806343967095017,930.0656127929688,20.472335815429688,0.007582416292279959,937.6696166992188,3.737274169921875,0.006828713230788708,893.0453491210938,51.500335693359375,0.04318619892001152,925.988037109375,54.59234619140625,0.044619493186473846,872.6023559570312,119.95683288574219,0.060805484652519226,872.4640502929688,94.96055603027344,0.0628608837723732,977.7777099609375,92.35569763183594,0.8115960359573364,953.2891845703125,94.46974182128906,0.8021849989891052,967.0339965820312,496.3951110839844,0.9737449288368225,903.4185791015625,488.5002136230469,0.970527172088623,1292.2301025390625,720.34130859375,0.9819926023483276,964.8695678710938,826.5045776367188,0.9813551306724548
403,13433,916.81591796875,97.41746520996094,0.0031730267219245434,919.5006103515625,84.22295379638672,0.003659461857751012,908.7401733398438,93.84645080566406,0.001839040662162006,940.7755737304688,67.15603637695312,0.008895549923181534,916.8555908203125,83.72083282470703,0.002391448710113764,932.2172241210938,23.9124755859375,0.012052728794515133,948.6163940429688,6.437255859375,0.01025986298918724,920.5536499023438,54.55769348144531,0.05709092319011688,910.6386108398438,63.04170227050781,0.05331579968333244,893.5206298828125,132.44334411621094,0.06536585837602615,870.1951904296875,116.91018676757812,0.06540672481060028,979.5615844726562,102.70500183105469,0.8540607690811157,974.843505859375,107.39222717285156,0.8384167551994324,931.7267456054688,495.29534912109375,0.9735592603683472,918.8010864257812,509.5750427246094,0.9694845080375671,1253.2149658203125,711.95703125,0.9811483025550842,1003.037841796875,834.22265625,0.9786933660507202
404,13466,918.9521484375,91.07281494140625,0.0034743885044008493,915.7322387695312,78.08068084716797,0.0031516235321760178,913.21240234375,88.26292419433594,0.001900103292427957,926.2928466796875,60.90834045410156,0.008888842537999153,937.5841064453125,76.95069122314453,0.0032190720085054636,906.6362915039062,24.788040161132812,0.017675939947366714,1004.8427124023438,0.0,0.022466661408543587,910.6510620117188,61.91825866699219,0.08526164293289185,948.3668212890625,58.406982421875,0.12604399025440216,899.9192504882812,128.47540283203125,0.10406766086816788,882.2594604492188,98.67778015136719,0.15229813754558563,975.8840942382812,112.37379455566406,0.8849612474441528,1033.6309814453125,109.57246398925781,0.8905640840530396,893.9791870117188,492.2040710449219,0.9737274050712585,928.9039306640625,504.9196472167969,0.9749360084533691,1200.661865234375,696.01611328125,0.9791480302810669,1028.8682861328125,831.4680786132812,0.9781885147094727
405,13500,902.3148193359375,88.70722961425781,0.0024329684674739838,899.6737670898438,73.08943176269531,0.0029593261424452066,902.3499755859375,87.43075561523438,0.0014837004709988832,912.150390625,53.90270233154297,0.01900079846382141,939.2044067382812,76.16150665283203,0.004583519883453846,888.5501098632812,20.493026733398438,0.02397754043340683,1019.7314453125,0.0,0.02596149407327175,892.0316772460938,67.50508117675781,0.058854907751083374,975.65478515625,59.93687438964844,0.07750630378723145,905.8922119140625,143.9978485107422,0.04506801813840866,905.4927978515625,120.01286315917969,0.06089954450726509,970.8543701171875,116.630126953125,0.8724203705787659,1058.5704345703125,111.64530944824219,0.875503420829773,863.2102661132812,482.7518005371094,0.9662377834320068,954.9413452148438,489.6683349609375,0.9670566320419312,1152.236572265625,715.4674072265625,0.970352828502655,1049.2203369140625,813.7685546875,0.9694733023643494
406,13533,870.164794921875,82.71505737304688,0.001960551831871271,871.1820068359375,65.24345397949219,0.0024986951611936092,868.6756591796875,82.7966537475586,0.0012099711457267404,898.3381958007812,48.35906982421875,0.021868258714675903,907.0598754882812,76.99079132080078,0.00553646357730031,902.0950927734375,13.013511657714844,0.022700263187289238,978.6414794921875,4.46612548828125,0.032667338848114014,913.4732666015625,56.5338134765625,0.03940901905298233,973.0446166992188,63.36767578125,0.06982486695051193,927.72607421875,140.59832763671875,0.025856995955109596,920.4263305664062,123.7997817993164,0.03990115597844124,982.2835693359375,101.03846740722656,0.8625959753990173,1039.198974609375,102.6295166015625,0.8833009004592896,873.949951171875,467.3497314453125,0.9678069353103638,993.9702758789062,482.64990234375,0.9709086418151855,1095.6298828125,746.0260620117188,0.9684232473373413,1119.796875,799.8455200195312,0.9695680737495422
407,13566,901.2459106445312,77.61312103271484,0.005944057833403349,903.47119140625,52.59166717529297,0.007830005139112473,903.9966430664062,69.47920989990234,0.0038883641827851534,922.3861083984375,37.01715087890625,0.03789865970611572,947.3776245117188,62.175453186035156,0.00872363056987524,906.7213134765625,0.6889572143554688,0.04366590455174446,1011.9521484375,0.0,0.026433004066348076,903.4147338867188,54.71033477783203,0.07300867885351181,966.667236328125,50.944313049316406,0.049090925604104996,915.5718383789062,136.02471923828125,0.0635702982544899,908.3822021484375,112.7691421508789,0.052237819880247116,983.970947265625,99.21542358398438,0.8255264759063721,1066.69384765625,100.29299926757812,0.7859805226325989,853.5157470703125,447.83203125,0.9590025544166565,1020.0152587890625,462.1458435058594,0.9470314979553223,1039.4945068359375,783.9152221679688,0.95182865858078,1165.8314208984375,803.2146606445312,0.9435364603996277
408,13600,907.2222290039062,70.49201202392578,0.007832895033061504,908.3232421875,43.82606506347656,0.008154342882335186,909.795654296875,60.772499084472656,0.0042132968083024025,925.7509155273438,32.496437072753906,0.022569315508008003,954.1381225585938,58.055328369140625,0.005777060054242611,907.9347534179688,0.0,0.032675497233867645,1020.7161254882812,0.0,0.02140459604561329,903.4298095703125,53.81897735595703,0.10420975834131241,970.8268432617188,50.237342834472656,0.07665885239839554,910.6683349609375,122.5052490234375,0.15910840034484863,899.5935668945312,103.95419311523438,0.14241188764572144,979.893310546875,91.1542739868164,0.842478334903717,1073.2596435546875,93.43963623046875,0.8053591251373291,862.505126953125,439.55914306640625,0.9737918376922607,1053.065673828125,454.4786071777344,0.9640280604362488,953.5038452148438,803.8698120117188,0.9657490253448486,1202.670654296875,785.2868041992188,0.9586186408996582
409,13633,922.1716918945312,87.0901107788086,0.005669085308909416,918.3819580078125,65.22129821777344,0.0045466297306120396,919.3427124023438,76.3447494506836,0.00244426098652184,929.4091796875,50.949554443359375,0.006914962083101273,955.5699462890625,68.28799438476562,0.0024239050690084696,925.6908569335938,13.412887573242188,0.012188986875116825,1010.8894653320312,8.090835571289062,0.010567206889390945,920.304443359375,56.83259582519531,0.10053939372301102,973.111083984375,49.76097106933594,0.09110710769891739,917.3236694335938,87.76203918457031,0.27615678310394287,904.6470947265625,78.83413696289062,0.2671723961830139,980.9306030273438,63.04151916503906,0.8089223504066467,1056.0450439453125,60.65373229980469,0.779705286026001,895.0903930664062,436.8626403808594,0.9821730256080627,1070.5989990234375,447.3439025878906,0.9754353165626526,884.4188842773438,822.4260864257812,0.9835202097892761,1243.27978515625,766.8490600585938,0.9792571067810059
410,13666,926.4730224609375,89.91451263427734,0.005668453872203827,924.3411865234375,66.76815032958984,0.0048177908174693584,921.5619506835938,77.02006530761719,0.002317775273695588,940.2515869140625,52.564727783203125,0.006018835585564375,950.9264526367188,68.91812896728516,0.0018186484230682254,943.1792602539062,12.561309814453125,0.009442063048481941,991.811279296875,9.811843872070312,0.007156348321586847,935.5523071289062,49.80070495605469,0.09472912549972534,954.30859375,45.624298095703125,0.07281513512134552,915.02197265625,86.58924865722656,0.29781198501586914,895.4599609375,80.89096069335938,0.26152321696281433,992.3912353515625,51.07763671875,0.7967622876167297,1043.841796875,50.22802734375,0.7535640001296997,901.7049560546875,434.50726318359375,0.9841619729995728,1068.321533203125,442.22021484375,0.9761093854904175,856.2921752929688,826.1804809570312,0.9859784245491028,1260.7608642578125,752.0850219726562,0.9814155101776123
411,13700,922.8460693359375,88.67662811279297,0.0061612846329808235,922.8944702148438,67.07363891601562,0.005198385566473007,916.512451171875,75.44959259033203,0.0025146882981061935,940.022705078125,55.510162353515625,0.005997168365865946,936.4932861328125,68.59185791015625,0.0018569212406873703,947.0215454101562,15.445587158203125,0.01001910213381052,966.27490234375,10.353378295898438,0.007633585948497057,942.1920776367188,52.93524169921875,0.10210082679986954,939.1626586914062,46.82688903808594,0.07864910364151001,913.7490844726562,83.24024963378906,0.315701961517334,890.8291625976562,74.40316772460938,0.28159868717193604,1000.0324096679688,53.562835693359375,0.8091881275177002,1030.3099365234375,53.13487243652344,0.7675021290779114,906.3231811523438,435.0943908691406,0.9846506118774414,1054.173583984375,443.0102233886719,0.9764590263366699,867.926513671875,824.7257080078125,0.9861196279525757,1273.65185546875,737.1026000976562,0.9814122915267944
412,13733,890.5909423828125,73.88362884521484,0.004764137789607048,894.2213745117188,51.2991943359375,0.004647608380764723,887.9764404296875,65.15638732910156,0.0019812434911727905,917.8209228515625,39.485023498535156,0.006698613055050373,906.6841430664062,64.21673583984375,0.0016674892976880074,931.4953002929688,0.08608245849609375,0.006780500058084726,944.0496826171875,0.0,0.008554245345294476,929.9190673828125,38.84202575683594,0.06697756052017212,928.4872436523438,35.56672668457031,0.08866064995527267,919.2429809570312,83.52845764160156,0.2185395359992981,893.099365234375,77.3462905883789,0.26057925820350647,997.8794555664062,58.89459228515625,0.7734110951423645,1019.6958618164062,58.007080078125,0.7728961706161499,905.4598388671875,444.6420593261719,0.9782432317733765,1019.2794799804688,446.5693359375,0.9734414219856262,891.3671264648438,834.5553588867188,0.978398859500885,1280.3817138671875,722.3642578125,0.9746202230453491
413,13766,902.88720703125,91.333740234375,0.005134345032274723,900.1755981445312,69.0190658569336,0.004725831560790539,900.8029174804688,81.608642578125,0.002307390794157982,912.7033081054688,53.76118469238281,0.006695378106087446,925.353759765625,76.48395538330078,0.001940290560014546,911.5662841796875,15.912368774414062,0.008557140827178955,968.9557495117188,8.73577880859375,0.00870081689208746,921.9598999023438,66.77568054199219,0.07142563164234161,957.8756103515625,67.09327697753906,0.08009696751832962,897.7425537109375,120.76876831054688,0.19886460900306702,889.3751831054688,104.08634948730469,0.23677971959114075,984.99609375,74.99862670898438,0.7960792779922485,1027.7244873046875,76.75991821289062,0.7748837471008301,912.6427001953125,459.4954833984375,0.981670618057251,1003.9205932617188,473.9872741699219,0.9740234017372131,934.5170288085938,846.8099365234375,0.9852873086929321,1265.1593017578125,710.3392944335938,0.9808262586593628
414,13800,886.5618896484375,73.77220916748047,0.0026503633707761765,889.9625854492188,54.21924591064453,0.003239610232412815,889.1367797851562,69.33755493164062,0.0013712033396586776,916.5855712890625,38.886314392089844,0.013792788609862328,918.4801635742188,64.676513671875,0.0030898209661245346,923.1065063476562,4.438224792480469,0.0137766283005476,958.76220703125,0.0,0.016792219132184982,923.0824584960938,53.25812530517578,0.05263005197048187,951.4607543945312,46.296295166015625,0.06880655884742737,920.8731689453125,115.00813293457031,0.0710158720612526,896.9923095703125,94.83785247802734,0.08773047477006912,984.9488525390625,101.48062133789062,0.8597816228866577,1012.8963012695312,97.50238037109375,0.8594877123832703,901.9652709960938,479.95806884765625,0.9808376431465149,974.6218872070312,479.073486328125,0.9760050177574158,959.5482788085938,849.6520385742188,0.981238067150116,1246.5439453125,706.0909423828125,0.9777790307998657
415,13833,883.7353515625,72.58090209960938,0.0026137062814086676,889.351318359375,55.08483123779297,0.0032556757796555758,882.398681640625,69.702392578125,0.0014099166728556156,919.91259765625,37.674522399902344,0.01617736741900444,896.2853393554688,63.7218017578125,0.003547551343217492,941.8731689453125,6.830680847167969,0.017660213634371758,914.8536987304688,0.0,0.022488603368401527,928.7755737304688,57.277976989746094,0.05545612797141075,918.2645874023438,54.663002014160156,0.07563354820013046,907.5901489257812,130.3428955078125,0.05936351418495178,883.5218505859375,110.1361083984375,0.07481749355792999,998.4247436523438,118.42314147949219,0.8921151757240295,979.16845703125,113.76997375488281,0.8951897025108337,908.6460571289062,501.8001708984375,0.9821089506149292,942.2202758789062,485.8455810546875,0.9777708649635315,1013.6173706054688,853.7246704101562,0.9801616668701172,1211.0328369140625,695.486572265625,0.9780691862106323
416,13866,877.8034057617188,76.25289916992188,0.00226570013910532,882.9556274414062,58.567108154296875,0.002820416586473584,877.0599975585938,73.98623657226562,0.0011949097970500588,919.5872192382812,40.43128967285156,0.016167784109711647,897.6434326171875,67.91139221191406,0.0032372968271374702,945.8875732421875,12.768814086914062,0.016455136239528656,924.7906494140625,0.0,0.027290698140859604,941.2247314453125,55.17583465576172,0.049927178770303726,934.55078125,49.463470458984375,0.09567738324403763,922.74267578125,117.0110092163086,0.050417833030223846,891.0682983398438,94.19661712646484,0.08164476603269577,1006.4577026367188,130.2519989013672,0.8860301375389099,984.7329711914062,124.33879852294922,0.9035701751708984,920.4368286132812,506.93975830078125,0.9780689477920532,922.3936157226562,481.5455322265625,0.9760810136795044,1069.421142578125,848.1194458007812,0.9739091992378235,1175.1719970703125,697.218994140625,0.9744434952735901
417,13900,877.6567993164062,83.20518493652344,0.0017133906949311495,883.1760864257812,62.22560119628906,0.0022859994787722826,873.5678100585938,78.74331665039062,0.0008562668226659298,923.0161743164062,43.293365478515625,0.016571808606386185,890.9531860351562,73.66062927246094,0.0025788305792957544,957.1686401367188,13.5589599609375,0.015645213425159454,915.0297241210938,1.6791458129882812,0.024725789204239845,938.1881713867188,56.29261779785156,0.04861484095454216,934.97119140625,57.608116149902344,0.09319117665290833,918.3197021484375,131.4330596923828,0.04704777151346207,890.681396484375,114.83782196044922,0.07687962800264359,1013.337158203125,122.7469482421875,0.8035749197006226,967.9000854492188,118.03839111328125,0.8325874209403992,949.766845703125,500.3721618652344,0.9421095848083496,879.9900512695312,469.7071838378906,0.9400331974029541,1085.75537109375,836.825927734375,0.9200173616409302,1109.361328125,723.9635620117188,0.9241455793380737
418,13933,869.7611083984375,78.03691864013672,0.0019347101915627718,873.54052734375,56.283302307128906,0.002478737151250243,866.511474609375,72.62544250488281,0.0010915814200416207,908.5794067382812,38.6583251953125,0.016049804165959358,882.1243286132812,69.77000427246094,0.0031462768092751503,943.204833984375,11.736099243164062,0.014031067490577698,902.0079345703125,1.4522323608398438,0.029937898740172386,920.518798828125,53.51941680908203,0.035555366426706314,936.8670043945312,51.08551025390625,0.10317549109458923,911.6438598632812,125.54280853271484,0.0296708382666111,897.2344360351562,110.6920394897461,0.06869139522314072,1013.9927368164062,120.05584716796875,0.8685294985771179,956.5303955078125,118.89875793457031,0.9044069647789001,1005.5652465820312,499.38427734375,0.9706165790557861,858.829833984375,456.7633972167969,0.973206639289856,1162.3121337890625,835.7543334960938,0.9643380641937256,1061.6485595703125,716.7918090820312,0.9710350632667542
419,13966,876.84521484375,77.83131408691406,0.002191801555454731,881.7894897460938,55.71015930175781,0.002815133659169078,872.5294799804688,69.89675903320312,0.0012776051880791783,915.6036987304688,39.058319091796875,0.01635492779314518,884.4305419921875,65.99794006347656,0.003445560112595558,950.2069702148438,9.555953979492188,0.015251808799803257,901.607666015625,1.6966094970703125,0.028619443997740746,926.5333251953125,51.77281951904297,0.03630194067955017,940.52880859375,49.48182678222656,0.09114134311676025,916.2887573242188,117.36378479003906,0.028084222227334976,897.0326538085938,108.8031005859375,0.05672656372189522,1014.5029907226562,116.89723205566406,0.8705148100852966,947.5563354492188,117.27777099609375,0.9020674824714661,1035.62548828125,486.6347351074219,0.9718635082244873,854.9320678710938,444.9740295410156,0.9740734100341797,1192.906982421875,834.7263793945312,0.9666926860809326,1004.338134765625,749.734130859375,0.9733816385269165
420,14000,885.7647094726562,81.10377502441406,0.0026048312429338694,889.8184814453125,58.18730163574219,0.003334292909130454,882.6119384765625,70.29618072509766,0.0017279140884056687,917.5858154296875,43.9215087890625,0.017000872641801834,893.52978515625,66.6723403930664,0.004773398395627737,943.1493530273438,12.254470825195312,0.016429971903562546,908.6435546875,7.922996520996094,0.026057841256260872,908.643310546875,55.371803283691406,0.032576028257608414,952.9990234375,52.931373596191406,0.06699423491954803,909.5433349609375,121.576171875,0.02178092487156391,931.6278076171875,109.02960205078125,0.03642822429537773,1017.0758666992188,98.31422424316406,0.8571742177009583,952.656005859375,103.40986633300781,0.8845568299293518,1064.0667724609375,470.4407043457031,0.9713414907455444,859.77392578125,437.9928894042969,0.9722133874893188,1237.3450927734375,808.5781860351562,0.9693017601966858,931.9517211914062,754.8600463867188,0.9748575091362
421,14033,870.24609375,94.44898223876953,0.0051719932816922665,873.7249755859375,67.94629669189453,0.006817087065428495,863.0493774414062,78.4186019897461,0.0023528242018073797,910.64794921875,55.3751220703125,0.017978226765990257,880.9303588867188,73.36505126953125,0.0029989960603415966,934.7180786132812,24.666778564453125,0.020136943086981773,911.9260864257812,24.438583374023438,0.01527335774153471,835.8909301757812,67.63911437988281,0.06890740990638733,955.8682861328125,66.43949890136719,0.049322206526994705,735.395751953125,133.2670440673828,0.06649990379810333,901.6456298828125,122.7308349609375,0.04819336533546448,1024.688232421875,70.50979614257812,0.8718099594116211,960.0146484375,77.01530456542969,0.8588754534721375,1077.68505859375,457.950927734375,0.9832779765129089,872.7243041992188,441.1918029785156,0.9779102206230164,1272.2647705078125,788.5745239257812,0.9849568009376526,881.8103637695312,793.275146484375,0.9848839044570923
422,14066,911.8832397460938,94.59068298339844,0.004479868337512016,915.082763671875,73.87987518310547,0.0056831794790923595,905.0171508789062,80.64527893066406,0.0023233999963849783,943.8451538085938,62.167442321777344,0.010532738640904427,913.7725219726562,72.64027404785156,0.0021459492854774,948.8214721679688,43.11735534667969,0.011064012534916401,938.033935546875,25.230972290039062,0.007505009416490793,873.104736328125,95.909912109375,0.05084770545363426,958.0780029296875,86.41246032714844,0.034589845687150955,812.9688720703125,140.59739685058594,0.06266966462135315,886.744140625,148.61485290527344,0.04502619057893753,1019.7808837890625,73.51661682128906,0.8310781121253967,963.1166381835938,71.28048706054688,0.8038210868835449,1079.2598876953125,456.1102294921875,0.982612133026123,891.4346923828125,440.2994689941406,0.9760706424713135,1300.6787109375,771.0390014648438,0.9876976609230042,864.7835083007812,796.0814208984375,0.9862372875213623
423,14100,924.3202514648438,67.71441650390625,0.009086075238883495,929.2210693359375,46.558135986328125,0.010545427910983562,920.0311889648438,57.803443908691406,0.005414382554590702,949.21826171875,39.79682922363281,0.016015030443668365,920.7473754882812,56.814674377441406,0.0047487905248999596,933.6266479492188,20.614059448242188,0.02461448311805725,942.2913208007812,5.687919616699219,0.009484825655817986,851.4384155273438,58.857627868652344,0.10282432287931442,924.2802124023438,42.08448028564453,0.034501995891332626,760.943115234375,115.24113464355469,0.1189650222659111,880.4085083007812,95.84120178222656,0.05488358810544014,1005.4068603515625,89.9278335571289,0.7871912121772766,964.7736206054688,86.61161041259766,0.7002716064453125,1057.461669921875,454.0362243652344,0.9606624245643616,893.0388793945312,445.7178039550781,0.9358830451965332,1300.8193359375,755.92333984375,0.9537546634674072,874.182861328125,787.2835693359375,0.9380486607551575
424,14133,924.9466552734375,65.37110900878906,0.00827087089419365,929.3137817382812,44.183876037597656,0.00926608219742775,920.0369262695312,55.26805114746094,0.0053141252137720585,946.2009887695312,38.20813751220703,0.013670888729393482,918.025146484375,55.49059295654297,0.004570333287119865,929.406982421875,19.542343139648438,0.01882108859717846,936.0015258789062,5.6370391845703125,0.009550323709845543,885.6549682617188,54.5518798828125,0.0760091096162796,918.5870361328125,41.15830993652344,0.03878508508205414,857.7957153320312,109.98184204101562,0.09514851868152618,878.4873046875,88.94487762451172,0.06089512258768082,993.0504150390625,93.3599624633789,0.767339825630188,958.7439575195312,93.68284606933594,0.7034347057342529,1025.5609130859375,465.9854736328125,0.9543532729148865,894.1516723632812,464.375732421875,0.9354697465896606,1305.22412109375,741.267333984375,0.9501432776451111,917.955322265625,797.371826171875,0.9379318952560425
425,14166,901.4326171875,88.25054168701172,0.004001477267593145,905.6795654296875,71.19229888916016,0.004768924321979284,892.1094970703125,79.26676940917969,0.002302804496139288,931.8904418945312,57.503448486328125,0.007549523375928402,894.5291748046875,70.92567443847656,0.0018798394594341516,931.944091796875,23.722366333007812,0.00727115711197257,914.7890625,10.477294921875,0.006434171460568905,905.0567016601562,52.652984619140625,0.039248399436473846,911.0850219726562,57.557464599609375,0.040108323097229004,892.78125,116.99400329589844,0.05746559798717499,871.0365600585938,92.14540100097656,0.0581788532435894,984.4973754882812,80.96177673339844,0.7994362711906433,941.8561401367188,85.69715881347656,0.7882563471794128,990.3270263671875,484.32745361328125,0.9746620059013367,903.5612182617188,476.3469543457031,0.9708534479141235,1303.9820556640625,723.3325805664062,0.983025312423706,954.944091796875,818.230224609375,0.9824302196502686
426,14200,909.85107421875,92.08204650878906,0.003846177365630865,909.9078979492188,78.33336639404297,0.003949691075831652,903.697265625,88.28759765625,0.0020096313674002886,929.348876953125,62.773956298828125,0.007017341908067465,918.751708984375,79.8526382446289,0.0018879106501117349,915.4810791015625,23.39337158203125,0.009281143546104431,960.3161010742188,6.078369140625,0.009760827757418156,900.2545776367188,55.23179626464844,0.06126147881150246,927.966796875,62.96672058105469,0.0740160197019577,886.5249633789062,122.00276184082031,0.09632886201143265,875.430908203125,102.31663513183594,0.11498673260211945,969.5498657226562,93.83555603027344,0.8389596939086914,976.686279296875,96.95658874511719,0.8358422517776489,945.8386840820312,492.56683349609375,0.9746432304382324,912.6542358398438,494.8927001953125,0.9727028608322144,1277.6444091796875,715.12646484375,0.9809746146202087,993.8349609375,824.8917846679688,0.9801282286643982
427,14233,924.0886840820312,96.90925598144531,0.0036485495511442423,924.6947631835938,84.28861999511719,0.003815688192844391,916.2632446289062,94.805419921875,0.0022005862556397915,940.0435180664062,66.7152328491211,0.009525435976684093,925.6973876953125,85.46765899658203,0.0032513646874576807,926.6898803710938,26.678421020507812,0.015244169160723686,965.3648071289062,8.047393798828125,0.015326145105063915,919.8673706054688,60.75975036621094,0.06492666900157928,919.1903686523438,70.73341369628906,0.07426322996616364,904.147705078125,131.5000762939453,0.07252845168113708,876.462890625,108.44764709472656,0.08675174415111542,977.4829711914062,108.01890563964844,0.8655029535293579,992.5003051757812,111.80763244628906,0.8589766621589661,913.0405883789062,497.708251953125,0.9720649123191833,925.0263671875,515.986328125,0.9700585007667542,1224.5848388671875,696.8380126953125,0.9795418381690979,1025.06494140625,822.58984375,0.9772393703460693
428,14266,876.6546020507812,93.61129760742188,0.002851660829037428,873.696044921875,78.14266204833984,0.0030009825713932514,877.8759765625,91.48729705810547,0.0015317292418330908,894.8074951171875,58.11058044433594,0.015116791240870953,925.0918579101562,79.40821838378906,0.004519397392868996,894.9071655273438,21.57586669921875,0.02357141301035881,1000.9793701171875,0.0,0.037122149020433426,901.6140747070312,58.55371856689453,0.07522319257259369,966.2393798828125,56.91215515136719,0.13859844207763672,905.5039672851562,126.39754486083984,0.0661044791340828,892.9080200195312,102.85514831542969,0.10974191874265671,973.6617431640625,132.57373046875,0.895349383354187,1033.8720703125,131.35226440429688,0.9130182266235352,898.4586791992188,493.8849182128906,0.971289873123169,928.1533813476562,494.78082275390625,0.974307119846344,1172.2828369140625,706.6646118164062,0.9702037572860718,1059.1915283203125,791.0731201171875,0.9709329009056091
429,14300,867.478515625,84.53475952148438,0.00234057754278183,865.3145751953125,69.17884826660156,0.0024762258399277925,869.7031860351562,84.96382141113281,0.0012777815572917461,888.120849609375,51.98277282714844,0.02001340501010418,922.6213989257812,76.25033569335938,0.00579517288133502,885.1221313476562,18.770896911621094,0.028465187177062035,1012.7927856445312,0.0,0.05131068825721741,890.4168090820312,56.00189208984375,0.06511127203702927,994.8427734375,53.610877990722656,0.1407025009393692,894.5462036132812,116.26345825195312,0.04958495497703552,901.1790771484375,98.90709686279297,0.09350138902664185,973.3745727539062,124.00172424316406,0.8800567984580994,1058.9051513671875,120.91934967041016,0.9075552225112915,871.2984619140625,477.37261962890625,0.9645456075668335,978.403564453125,485.06964111328125,0.9701818227767944,1114.0916748046875,727.6596069335938,0.9588555097579956,1106.883056640625,777.3274536132812,0.9621933102607727
430,14333,860.25732421875,79.61032104492188,0.001531554153189063,858.8860473632812,62.68409729003906,0.0019968380220234394,863.1762084960938,79.49977111816406,0.0008773302542977035,885.5568237304688,45.68968963623047,0.021556463092565536,919.1055908203125,71.40596008300781,0.00478640990331769,888.0496215820312,9.373054504394531,0.022500555962324142,1003.9406127929688,0.0,0.030335621908307076,898.4501953125,56.387901306152344,0.04068402945995331,998.2644653320312,59.10356140136719,0.06695637851953506,912.8009033203125,148.40594482421875,0.026361240074038506,937.1914672851562,126.26344299316406,0.03891992196440697,978.60498046875,110.60751342773438,0.8811987042427063,1063.9189453125,109.55900573730469,0.8971842527389526,859.2653198242188,466.22332763671875,0.9747295379638672,1006.617919921875,483.3719177246094,0.9771069884300232,1071.9639892578125,747.6580810546875,0.9773309230804443,1155.1798095703125,808.3460083007812,0.977560818195343
431,14366,863.8192749023438,73.5864028930664,0.0019382114987820387,862.468017578125,56.085845947265625,0.00230744993314147,866.7683715820312,73.52279663085938,0.0010300403228029609,888.7337036132812,38.31340026855469,0.01749955117702484,919.6151733398438,66.43235778808594,0.004014117643237114,897.787353515625,3.2287445068359375,0.018443332985043526,994.6682739257812,0.0,0.02754804491996765,901.6322631835938,48.306060791015625,0.04458250105381012,970.7803344726562,53.451141357421875,0.08005410432815552,901.6492919921875,123.52450561523438,0.04135235399007797,904.789306640625,103.31659698486328,0.065737783908844,975.3952026367188,101.498291015625,0.8767196536064148,1057.0361328125,101.10690307617188,0.8950674533843994,852.3671264648438,453.09002685546875,0.9789270758628845,1037.2271728515625,477.1412658691406,0.9807369709014893,1014.4263305664062,779.0916137695312,0.980560302734375,1199.5511474609375,802.754150390625,0.9806510806083679
432,14400,903.82763671875,82.19439697265625,0.006622299551963806,906.0426635742188,58.45298767089844,0.00672819372266531,903.9638671875,74.99394226074219,0.0034198148641735315,923.3817138671875,45.41484832763672,0.019022226333618164,938.6605224609375,71.47261047363281,0.004618713166564703,909.1405029296875,0.0,0.027238989248871803,993.2472534179688,2.3654708862304688,0.022581810131669044,903.417724609375,43.85712432861328,0.10117864608764648,936.2393798828125,43.99903106689453,0.10025053471326828,910.9969482421875,122.44610595703125,0.16729672253131866,894.9580078125,103.6753921508789,0.1934448927640915,989.5625610351562,96.89923095703125,0.85883629322052,1068.2772216796875,103.53998565673828,0.8404108285903931,846.4519653320312,435.1859436035156,0.9748261570930481,1054.5550537109375,459.00897216796875,0.9682253003120422,935.2603149414062,792.052001953125,0.9663374423980713,1234.5264892578125,767.0189208984375,0.9612221717834473
433,14433,927.5050048828125,95.66109466552734,0.006642827298492193,926.1163940429688,69.14717102050781,0.005430686753243208,921.9878540039062,81.28646850585938,0.003390089375898242,931.6184692382812,54.18681335449219,0.00930372066795826,941.96337890625,74.77610778808594,0.0033715965691953897,916.2945556640625,9.39971923828125,0.014208673499524593,991.8218994140625,4.681732177734375,0.013356158509850502,910.1121826171875,63.98096466064453,0.08147342503070831,945.9158935546875,47.23173522949219,0.09693653881549835,907.8740844726562,116.21136474609375,0.19612203538417816,889.8040161132812,100.35836791992188,0.2575966417789459,980.690185546875,85.9061279296875,0.8289645910263062,1052.836669921875,88.54481506347656,0.8140369057655334,870.560546875,442.1341552734375,0.9806931614875793,1068.4244384765625,453.15191650390625,0.975897490978241,870.2318725585938,799.9619750976562,0.9797978401184082,1258.46533203125,757.5243530273438,0.9768037796020508
434,14466,917.8486328125,88.14429473876953,0.006261161994189024,916.2998657226562,67.54266357421875,0.005124939605593681,913.2330932617188,76.9951171875,0.002432937268167734,934.157958984375,54.154815673828125,0.006130138412117958,941.7900390625,68.93350982666016,0.0018082554452121258,939.8864135742188,16.128799438476562,0.010776731185615063,978.9756469726562,10.162033081054688,0.008659698069095612,932.6272583007812,53.226654052734375,0.11149673908948898,942.9782104492188,45.17170715332031,0.09298212826251984,912.8631591796875,90.21199035644531,0.3408198952674866,896.9205932617188,83.84724426269531,0.32124200463294983,992.4877319335938,62.77899169921875,0.8375855684280396,1038.24755859375,62.208160400390625,0.8044366836547852,892.856201171875,438.90045166015625,0.9869723916053772,1066.5357666015625,451.8570556640625,0.9807124137878418,853.5342407226562,819.7452392578125,0.9880717992782593,1275.2391357421875,744.8565673828125,0.9842450022697449
435,14500,914.2071533203125,77.92098999023438,0.006264040246605873,919.9378051757812,53.458717346191406,0.005888781975954771,911.4901123046875,67.77462005615234,0.0029459551442414522,940.5763549804688,43.542938232421875,0.01166287250816822,932.8233642578125,66.04680633544922,0.0029667881317436695,928.1847534179688,0.0,0.01838759146630764,969.7196655273438,0.0,0.01344071701169014,909.588134765625,34.81702423095703,0.11403674632310867,917.7830810546875,30.296859741210938,0.09942387789487839,901.5157470703125,85.87477111816406,0.2511434853076935,890.7669677734375,76.67781829833984,0.27268463373184204,985.007080078125,82.66877746582031,0.8463037014007568,1032.3311767578125,88.37079620361328,0.8144580125808716,878.1856079101562,438.86334228515625,0.9777326583862305,1047.318603515625,450.2221984863281,0.9683687090873718,878.8467407226562,789.0051879882812,0.968949556350708,1280.6357421875,717.1238403320312,0.9615324139595032
436,14533,911.637451171875,93.38715362548828,0.006725833285599947,911.9993286132812,73.18899536132812,0.0056731668300926685,905.505126953125,84.5475082397461,0.002864982234314084,927.69970703125,57.11920166015625,0.006233358755707741,920.2976684570312,76.77818298339844,0.0020226393826305866,924.85107421875,7.4530792236328125,0.010705306194722652,948.3270263671875,0.8228302001953125,0.008998703211545944,917.1758422851562,45.30500793457031,0.10733440518379211,920.3773193359375,41.37089538574219,0.09311787039041519,909.637451171875,88.89413452148438,0.3085402846336365,888.7578735351562,80.40554809570312,0.3033616840839386,988.7645874023438,68.52516174316406,0.8387880921363831,1016.1831665039062,70.96037292480469,0.8063774108886719,898.2186279296875,451.0564270019531,0.9856518507003784,1023.1865844726562,465.9480285644531,0.9781558513641357,908.9436645507812,824.9501953125,0.9872626662254333,1279.666015625,713.3026733398438,0.9827852845191956
437,14566,902.4180908203125,84.7145004272461,0.0052423663437366486,900.7269897460938,65.63127136230469,0.004674644209444523,899.4838256835938,78.20697784423828,0.002218920737504959,914.4007568359375,50.22312927246094,0.006548121105879545,918.844482421875,72.69426727294922,0.0018167642410844564,909.692138671875,7.5977783203125,0.010688910260796547,951.114990234375,0.0,0.009867618791759014,911.0524291992188,55.21998596191406,0.09904087334871292,928.576171875,46.06837463378906,0.09753075987100601,903.7914428710938,99.30931091308594,0.2542286217212677,885.9580078125,84.4482421875,0.2786642014980316,983.4035034179688,82.76449584960938,0.8554737567901611,1015.334716796875,85.59938049316406,0.8302775621414185,902.6371459960938,459.03350830078125,0.9861500859260559,991.9906005859375,482.47003173828125,0.9790727496147156,944.9440307617188,836.5072631835938,0.9882997274398804,1262.896240234375,701.0084228515625,0.9839305281639099
438,14600,877.6998291015625,74.31248474121094,0.003514836775138974,882.3057861328125,57.7869873046875,0.003417280735448003,875.7426147460938,71.38078308105469,0.0017718042945489287,906.315673828125,40.395904541015625,0.009930804371833801,888.5564575195312,64.4608154296875,0.0029644460882991552,915.5491943359375,6.8419647216796875,0.01243364717811346,921.3938598632812,0.0,0.023730088025331497,912.4202270507812,61.4190673828125,0.06434483826160431,924.1635131835938,48.72477722167969,0.14171220362186432,889.482666015625,122.19939422607422,0.11193607747554779,876.595703125,106.34319305419922,0.2071719914674759,981.533203125,113.46926879882812,0.8910737037658691,987.3381958007812,108.82942199707031,0.9099828600883484,900.4803466796875,484.0387878417969,0.984623908996582,965.0416870117188,475.7574462890625,0.9839038848876953,981.7166748046875,839.15625,0.9835768342018127,1226.0386962890625,689.0128784179688,0.9833757281303406
439,14633,867.314208984375,75.14410400390625,0.003205998335033655,873.201416015625,58.49574279785156,0.0036124209873378277,863.8187255859375,73.44511413574219,0.0016427631489932537,906.3385620117188,39.23565673828125,0.012257043272256851,873.8486938476562,66.54167175292969,0.002842511050403118,932.7280883789062,4.766349792480469,0.01330804917961359,893.1936645507812,0.0,0.022221814841032028,913.1233520507812,44.16398620605469,0.058215416967868805,890.745361328125,41.872833251953125,0.11064186692237854,879.68798828125,107.98990631103516,0.08250021189451218,864.1272583007812,99.4365234375,0.13698774576187134,996.9349365234375,118.1934814453125,0.888535737991333,967.1528930664062,114.75448608398438,0.9042510986328125,911.2264404296875,498.1867980957031,0.9820212125778198,940.6397705078125,482.0301818847656,0.9804370999336243,1034.3917236328125,837.7362670898438,0.9799694418907166,1194.879638671875,696.7959594726562,0.9799285531044006
440,14666,831.90625,53.78279113769531,0.0021886294707655907,834.988037109375,39.06852722167969,0.0028379152063280344,832.2005004882812,53.753334045410156,0.0009670707513578236,869.433837890625,27.74102783203125,0.019665291532874107,864.471923828125,52.641334533691406,0.002736633410677314,888.3189697265625,0.0,0.02458304539322853,906.3560180664062,0.0,0.026903551071882248,862.5640869140625,20.667388916015625,0.07886659353971481,901.5875244140625,32.75537109375,0.09300344437360764,890.1529541015625,71.13093566894531,0.06954414397478104,873.5783081054688,97.03905487060547,0.07974487543106079,993.6385498046875,129.23809814453125,0.9161360263824463,990.8182983398438,125.52543640136719,0.9163705110549927,925.6660766601562,503.1559143066406,0.9826768040657043,915.4494018554688,471.7495422363281,0.9783355593681335,1080.8291015625,826.5847778320312,0.9780759215354919,1149.704345703125,700.708740234375,0.9768920540809631
441,14700,840.8300170898438,78.9968032836914,0.0012765141436830163,843.3046875,60.370582580566406,0.0016507083782926202,837.6835327148438,76.17796325683594,0.0006175413145683706,876.2625732421875,43.564453125,0.01573382318019867,859.3017578125,72.36650848388672,0.002228806260973215,906.4093017578125,9.503608703613281,0.015214582905173302,891.7857055664062,0.0,0.028996773064136505,869.8264770507812,42.77082824707031,0.04673691838979721,921.0289306640625,46.25452423095703,0.12068217247724533,869.4838256835938,118.67999267578125,0.040280915796756744,865.10009765625,103.69548797607422,0.08939309418201447,996.4708251953125,116.25411987304688,0.8331527709960938,960.3836059570312,114.95379638671875,0.8732572793960571,957.190673828125,492.65234375,0.947272777557373,871.323486328125,460.6257019042969,0.9528203010559082,1112.4422607421875,809.9237060546875,0.9260436296463013,1077.894287109375,736.9874877929688,0.9370825290679932
442,14733,858.9854736328125,75.83399963378906,0.002002021763473749,861.4349365234375,54.907997131347656,0.0021838454995304346,855.68115234375,69.40525817871094,0.001133278594352305,888.7922973632812,38.27641296386719,0.011038857512176037,870.6995239257812,65.83316802978516,0.0028299621772021055,917.6556396484375,8.392295837402344,0.010901159606873989,898.5674438476562,0.0,0.029958005994558334,895.828369140625,56.9326171875,0.03627847507596016,939.3228759765625,47.82758331298828,0.14571426808834076,887.29833984375,122.16094207763672,0.03836468979716301,882.1522216796875,102.83203125,0.11857325583696365,996.7691040039062,115.15315246582031,0.8560656905174255,949.5441284179688,115.56083679199219,0.9066600203514099,1012.0393676757812,485.71282958984375,0.9686208367347717,857.2208862304688,448.72943115234375,0.9753915071487427,1171.535888671875,825.7708740234375,0.9626829028129578,1028.4642333984375,744.673828125,0.9721468091011047
443,14766,867.5139770507812,77.5499496459961,0.0023597965482622385,872.0068359375,56.587554931640625,0.002839932218194008,863.387939453125,68.87100219726562,0.0013836127473041415,901.65673828125,39.92262268066406,0.012530190870165825,872.0870971679688,62.96715545654297,0.00299195502884686,931.9105834960938,8.369544982910156,0.012203394435346127,887.1644897460938,0.03955078125,0.02408873662352562,910.3775634765625,53.70794677734375,0.03645267337560654,926.6944580078125,45.916969299316406,0.10018374025821686,895.4234619140625,124.58125305175781,0.033438265323638916,884.1721801757812,110.2906723022461,0.07430854439735413,1000.4985961914062,107.29618835449219,0.8566518425941467,932.925537109375,110.90080261230469,0.89383465051651,1037.799072265625,469.17236328125,0.969996452331543,851.5382690429688,440.07421875,0.9735890626907349,1206.112060546875,799.8807373046875,0.9676302075386047,951.7476196289062,749.5844116210938,0.9743849635124207
444,14800,870.870361328125,77.30319213867188,0.002395572839304805,874.339111328125,57.110137939453125,0.0030160387977957726,868.0078125,67.83586120605469,0.0015748715959489346,897.1419067382812,44.96722412109375,0.013246304355561733,875.5715942382812,64.56587219238281,0.0037143693771213293,916.5355834960938,14.15570068359375,0.012317621149122715,891.082763671875,7.9420166015625,0.019418684765696526,872.2778930664062,58.749664306640625,0.03067776933312416,942.162109375,46.90294647216797,0.06475324183702469,858.0573120117188,124.56868743896484,0.02337091602385044,903.0075073242188,102.46355438232422,0.04170617088675499,998.8152465820312,93.06326293945312,0.8385820388793945,935.3927001953125,100.62492370605469,0.8700275421142578,1065.0963134765625,458.8951721191406,0.9692106246948242,859.1636352539062,440.3184814453125,0.971347987651825,1240.632568359375,781.3846435546875,0.9702757000923157,884.0271606445312,766.5106811523438,0.9756844639778137
445,14833,893.8414916992188,92.02162170410156,0.005513740703463554,896.1708984375,72.14799499511719,0.005357532296329737,885.5772094726562,80.642578125,0.0025590688455849886,922.0746459960938,59.190673828125,0.0065907202661037445,889.322021484375,73.02033233642578,0.001806836575269699,925.9906005859375,34.470703125,0.010840269736945629,917.1361694335938,18.739059448242188,0.008478621952235699,834.2208862304688,79.9515380859375,0.0879843533039093,938.7520751953125,60.16612243652344,0.07072482258081436,757.864990234375,117.98410034179688,0.15056100487709045,862.78076171875,80.01251220703125,0.12922732532024384,1003.9569091796875,79.92192077636719,0.8483681082725525,942.3223266601562,77.584716796875,0.8302446603775024,1076.2763671875,455.8231506347656,0.9827145934104919,867.4310302734375,443.2638244628906,0.9772856831550598,1281.52880859375,769.206298828125,0.9852826595306396,833.8423461914062,789.67822265625,0.9838547110557556
446,14866,906.4660034179688,93.93887329101562,0.0071891606785357,907.8803100585938,74.49675750732422,0.00612975237891078,897.8698120117188,82.49059295654297,0.003332558088004589,930.1730346679688,62.332122802734375,0.004261438734829426,898.7186279296875,75.1227035522461,0.0014772366266697645,927.20751953125,35.929412841796875,0.007252566982060671,925.7916870117188,18.873550415039062,0.006654971279203892,873.0700073242188,71.5799560546875,0.08824492990970612,929.0885009765625,54.748077392578125,0.08436863869428635,827.5225219726562,102.16310119628906,0.21222490072250366,861.7025756835938,80.61337280273438,0.2023085206747055,994.8492431640625,74.51962280273438,0.8358818888664246,943.2279052734375,73.73638916015625,0.8222683072090149,1066.918212890625,450.121337890625,0.9844067096710205,871.4130249023438,444.7587890625,0.9802772402763367,1295.684814453125,757.957275390625,0.9879893064498901,831.1085815429688,798.8475952148438,0.9867457747459412
447,14900,915.4832153320312,58.942543029785156,0.014638920314610004,920.1520385742188,38.8531494140625,0.01126550417393446,909.5729370117188,48.72166442871094,0.008018833585083485,931.1914672851562,32.98011016845703,0.009000292979180813,900.353759765625,47.67640686035156,0.004400564357638359,903.106201171875,14.227272033691406,0.02195342257618904,926.2332153320312,0.0,0.013370280154049397,857.9407348632812,50.68089294433594,0.15434075891971588,915.6403198242188,33.66437530517578,0.09686369448900223,823.116943359375,106.70091247558594,0.2743792235851288,862.0201416015625,86.80615997314453,0.2134680300951004,972.173828125,99.91671752929688,0.8128100633621216,940.7212524414062,97.74929809570312,0.7659294605255127,1046.2078857421875,455.9933166503906,0.9625652432441711,873.4978637695312,455.83587646484375,0.9486414790153503,1295.5645751953125,742.7858276367188,0.9490594267845154,857.147705078125,789.2196044921875,0.9373338222503662
448,14933,903.3301391601562,59.996612548828125,0.016016382724046707,909.854736328125,37.864105224609375,0.013231989927589893,895.5767211914062,48.06463623046875,0.009321687743067741,923.7904052734375,27.54107666015625,0.010510810650885105,883.377685546875,42.88996124267578,0.005159234162420034,902.52392578125,9.540664672851562,0.02397964708507061,899.2681884765625,0.0,0.012284922413527966,855.94775390625,48.49774932861328,0.14244748651981354,889.6985473632812,34.58415985107422,0.0741451159119606,825.458740234375,106.88887023925781,0.238302081823349,849.4586791992188,84.84283447265625,0.163889542222023,959.9619140625,113.00672149658203,0.7951739430427551,916.9395141601562,112.3644790649414,0.7320049405097961,1002.5256958007812,473.39410400390625,0.9554243087768555,861.5859375,474.8033752441406,0.9365044832229614,1287.0574951171875,734.675537109375,0.9431573152542114,892.6111450195312,796.0164794921875,0.9279983043670654
449,14966,852.0047607421875,78.97695922851562,0.003450087271630764,853.8905639648438,61.853302001953125,0.0037321511190384626,849.0146484375,73.41620635986328,0.0019265933660790324,879.7615966796875,45.410682678222656,0.007540250662714243,867.670166015625,65.4913330078125,0.0020033305045217276,884.0147094726562,6.434623718261719,0.006560677196830511,901.6268920898438,0.0,0.013190980069339275,846.7512817382812,38.126953125,0.037896789610385895,908.9595947265625,31.328155517578125,0.10484125465154648,841.8977661132812,105.12677764892578,0.05686761811375618,855.6103515625,82.66230010986328,0.12543776631355286,951.451171875,95.23516845703125,0.8412654995918274,926.733642578125,102.8763427734375,0.8815878629684448,962.2711181640625,483.107666015625,0.9736150503158569,872.880615234375,478.41412353515625,0.9790375232696533,1272.92333984375,700.9999389648438,0.9777707457542419,926.011474609375,816.5916137695312,0.9815255403518677
450,15000,856.94775390625,81.42420959472656,0.003006290178745985,858.3497314453125,67.02978515625,0.0034304368309676647,854.4505615234375,78.83482360839844,0.0017270245589315891,882.41259765625,49.324607849121094,0.009016056545078754,875.5988159179688,69.8111572265625,0.0023632217198610306,884.9232788085938,9.767990112304688,0.008886481635272503,911.9425048828125,0.0,0.014705582521855831,850.1266479492188,43.643714904785156,0.04304884746670723,899.0242309570312,39.179718017578125,0.09215081483125687,844.3994750976562,105.99556732177734,0.051882289350032806,847.4530029296875,86.56416320800781,0.09672527760267258,949.3511352539062,114.70152282714844,0.8637906908988953,940.4371948242188,120.69518280029297,0.8892776966094971,921.9904174804688,488.50396728515625,0.9747650623321533,880.8003540039062,491.1378479003906,0.9783555269241333,1233.0999755859375,693.9510498046875,0.9797741770744324,966.8860473632812,814.1553955078125,0.9815954566001892
451,15033,813.02783203125,72.46293640136719,0.0015626215608790517,813.00146484375,59.5345458984375,0.002184449229389429,812.960693359375,72.51482391357422,0.0008467076695524156,843.5117797851562,46.227630615234375,0.01673005148768425,863.799560546875,65.44157409667969,0.002929807174950838,841.4600830078125,8.213813781738281,0.022250086069107056,936.678466796875,0.0,0.018122581765055656,807.2651977539062,21.5848388671875,0.06301373988389969,891.9428100585938,35.44834899902344,0.05770710110664368,838.6635131835938,56.43914794921875,0.03749924898147583,845.5929565429688,77.46286010742188,0.037483200430870056,940.4599609375,119.288818359375,0.9189251661300659,987.800537109375,121.67706298828125,0.9116302132606506,882.1762084960938,488.6686706542969,0.9810017943382263,901.6917114257812,502.9682922363281,0.9792013168334961,1175.66943359375,684.508544921875,0.9843012690544128,1000.02978515625,824.625732421875,0.9822101593017578
452,15066,790.87353515625,46.62199401855469,0.0033430769108235836,791.1986083984375,32.56663513183594,0.0038312384858727455,792.3837890625,47.471282958984375,0.0014955578371882439,829.0989990234375,24.938278198242188,0.02217545174062252,859.9252319335938,44.855987548828125,0.004079993814229965,831.5577392578125,5.301361083984375,0.036259591579437256,956.7192993164062,0.0,0.03578883036971092,817.37646484375,27.751327514648438,0.09840374439954758,906.8091430664062,31.133148193359375,0.11176684498786926,837.91064453125,79.95501708984375,0.07818729430437088,849.4453125,83.45404815673828,0.09000550210475922,943.060546875,117.7001953125,0.9292247295379639,1021.6773071289062,112.729248046875,0.9299290180206299,858.0472412109375,483.763916015625,0.9835304617881775,929.4467163085938,485.00225830078125,0.983361542224884,1131.7152099609375,703.8829345703125,0.9833775758743286,1012.0761108398438,812.0927734375,0.9829504489898682
453,15100,808.6448364257812,64.78678894042969,0.0032796969171613455,809.3477783203125,50.156707763671875,0.0033812690526247025,807.11083984375,66.84803009033203,0.0017019889783114195,840.3350830078125,38.69261169433594,0.01836341805756092,854.45361328125,63.99163055419922,0.005154348909854889,844.8076782226562,10.049606323242188,0.03205006197094917,941.0272216796875,0.0,0.04031388834118843,839.1416015625,33.76908874511719,0.08908278495073318,908.8682250976562,34.04791259765625,0.13059914112091064,845.0283203125,80.38265991210938,0.07970061898231506,851.1259155273438,81.77018737792969,0.11371792107820511,945.2186279296875,106.59928894042969,0.9055777192115784,1012.6307983398438,103.61036682128906,0.913968026638031,846.2263793945312,469.38775634765625,0.9763178825378418,956.5770874023438,482.7311096191406,0.977303683757782,1081.0872802734375,736.0245361328125,0.9737818837165833,1076.2880859375,798.826904296875,0.9735667109489441
454,15133,829.0144653320312,78.05923461914062,0.0035044141113758087,830.1434936523438,60.94340515136719,0.0038227743934839964,826.1861572265625,79.44163513183594,0.0018457409460097551,859.5919189453125,45.27989959716797,0.01293815765529871,861.666015625,76.01939392089844,0.003453104756772518,866.896240234375,8.04583740234375,0.014934852719306946,926.4329833984375,0.7472763061523438,0.019961042329669,851.460205078125,31.833984375,0.05784394219517708,874.1137084960938,35.009033203125,0.09018454700708389,844.3605346679688,91.19121551513672,0.08089301735162735,836.2236328125,86.96605682373047,0.11883022636175156,951.3223266601562,83.28048706054688,0.8517476320266724,1005.2396850585938,83.10154724121094,0.8646895885467529,826.4688720703125,453.642333984375,0.9760050177574158,986.91943359375,474.02471923828125,0.9768144488334656,1012.6791381835938,770.2933959960938,0.9779123067855835,1138.3834228515625,809.7196655273438,0.9772754311561584
455,15166,888.4762573242188,76.63037872314453,0.011809329502284527,891.7739868164062,46.96131134033203,0.01156892441213131,889.0177001953125,63.80516052246094,0.007589963264763355,901.0862426757812,32.65917205810547,0.026351075619459152,917.136474609375,59.44329071044922,0.009468385949730873,880.6930541992188,0.0,0.033915407955646515,972.4786987304688,0.45691680908203125,0.02822018973529339,870.6619262695312,48.740272521972656,0.08185061067342758,914.5428466796875,39.91889190673828,0.08138135075569153,877.9833984375,111.07184600830078,0.12196768820285797,866.4197998046875,80.54782104492188,0.14282743632793427,956.6417236328125,92.00157165527344,0.7956165671348572,1035.3568115234375,98.80066680908203,0.7719131112098694,827.4292602539062,432.963134765625,0.9618722200393677,1009.7532958984375,454.0987243652344,0.9522379636764526,937.30224609375,798.254150390625,0.9514047503471375,1164.7840576171875,777.799072265625,0.9445670247077942
456,15200,856.2825317382812,82.28112030029297,0.0023528006859123707,856.8246459960938,58.410369873046875,0.002661188365891576,857.05615234375,74.2302017211914,0.0012419724371284246,875.7962646484375,42.129249572753906,0.00961249228566885,898.4983520507812,67.98316955566406,0.0024470179341733456,868.937255859375,1.3140335083007812,0.007729330100119114,967.6640625,0.0,0.010211165063083172,857.2564086914062,45.63086700439453,0.0347968153655529,933.7273559570312,41.66693115234375,0.0577310174703598,884.386962890625,106.52474212646484,0.06562647968530655,873.3952026367188,85.3450698852539,0.10025253146886826,943.5037231445312,64.78985595703125,0.7712525129318237,1027.14111328125,63.6500244140625,0.7856237292289734,847.2341918945312,431.63470458984375,0.9758453965187073,1012.1712036132812,441.15960693359375,0.9748445153236389,834.119384765625,797.9689331054688,0.9810253977775574,1206.443603515625,764.6256103515625,0.9792248606681824
457,15233,901.6680908203125,94.82476043701172,0.005171534139662981,899.17041015625,71.6227798461914,0.004729392472654581,895.614501953125,80.51689910888672,0.0026423160452395678,908.7784423828125,57.80859375,0.008114880882203579,919.09716796875,71.86280822753906,0.0028899475000798702,903.2459106445312,17.971481323242188,0.01130747701972723,951.990478515625,11.686111450195312,0.008689801208674908,883.0604248046875,59.80714416503906,0.06421837955713272,908.75634765625,44.387054443359375,0.05356735736131668,873.845458984375,88.95597839355469,0.15126869082450867,854.9522705078125,65.55381774902344,0.1448076218366623,955.273193359375,61.726043701171875,0.8018264174461365,1005.23291015625,62.56842041015625,0.7633391618728638,861.1608276367188,430.267822265625,0.9838566780090332,1026.2818603515625,444.119140625,0.9761914014816284,825.7965698242188,818.6576538085938,0.9874124526977539,1217.7762451171875,748.8624267578125,0.9835598468780518
458,15266,903.857666015625,99.98606872558594,0.0060695260763168335,904.4022216796875,77.57904052734375,0.005583394784480333,895.6944580078125,86.38554382324219,0.0029142475686967373,920.4247436523438,63.73988342285156,0.007565438747406006,909.6207885742188,78.5958023071289,0.0024805685970932245,922.03564453125,20.3785400390625,0.010670552030205727,927.6508178710938,17.1185302734375,0.0080265486612916,901.223876953125,55.61805725097656,0.07271191477775574,890.7723999023438,46.47596740722656,0.0585881732404232,877.3698120117188,83.04780578613281,0.19178570806980133,849.6405639648438,60.8466796875,0.18108448386192322,964.388671875,63.071685791015625,0.7978302240371704,984.4494018554688,65.96530151367188,0.7550015449523926,864.7643432617188,430.1415710449219,0.9833678007125854,1008.5859375,444.67047119140625,0.9742556214332581,823.9413452148438,816.2682495117188,0.9864916205406189,1228.6292724609375,723.2490844726562,0.98191237449646
459,15300,868.6465454101562,79.70924377441406,0.004282110370695591,872.5762939453125,58.27546691894531,0.004199253860861063,864.4085083007812,72.22087097167969,0.002028953516855836,893.3319091796875,44.617103576660156,0.006549817509949207,877.2180786132812,69.882568359375,0.0018580172909423709,895.4981689453125,1.0842361450195312,0.00619044853374362,910.0134887695312,0.0,0.00906235259026289,882.0841064453125,35.192413330078125,0.0519610196352005,879.362060546875,33.98808288574219,0.08972528576850891,878.9674072265625,77.51042175292969,0.15542051196098328,852.9944458007812,69.68671417236328,0.23901918530464172,958.9654541015625,62.20513916015625,0.7791242599487305,982.5432739257812,63.17939758300781,0.7913758754730225,859.371826171875,442.3261413574219,0.9781138896942139,979.6820068359375,447.75384521484375,0.9752655625343323,838.468017578125,808.7105712890625,0.980634331703186,1240.1741943359375,711.871337890625,0.9779577851295471
460,15333,845.269775390625,82.1495590209961,0.005581261590123177,846.3734130859375,59.885833740234375,0.005618592258542776,843.1015014648438,73.10181427001953,0.002345986431464553,872.764404296875,45.204345703125,0.011312543414533138,873.2510375976562,67.79727172851562,0.0024554745759814978,881.2362670898438,3.126068115234375,0.01179205346852541,916.6343994140625,0.0,0.016527540981769562,870.9911499023438,44.87457275390625,0.06643291562795639,903.0038452148438,44.95697021484375,0.10422908514738083,854.6287231445312,92.34938049316406,0.15117692947387695,851.751708984375,69.26408386230469,0.21531082689762115,953.0332641601562,73.86245727539062,0.8059208989143372,983.4743041992188,73.46699523925781,0.8146823048591614,863.8914794921875,455.1991882324219,0.9780390858650208,958.7127685546875,464.148193359375,0.9735401272773743,887.3231201171875,842.8531494140625,0.9797002673149109,1225.2598876953125,703.6275024414062,0.9768545031547546
461,15366,842.302734375,84.53663635253906,0.004485868848860264,841.1215209960938,65.52593994140625,0.004828802775591612,844.0509033203125,80.10106658935547,0.001776251127012074,866.994140625,45.998291015625,0.011196133680641651,879.992431640625,71.76887512207031,0.002029614057391882,874.8757934570312,4.0279541015625,0.014453733339905739,924.5755615234375,0.0,0.014789539389312267,869.5911865234375,53.67887878417969,0.09133361279964447,915.6238403320312,52.14399719238281,0.09538887441158295,851.0369262695312,99.35948181152344,0.1750306338071823,847.175537109375,79.27848815917969,0.1888570338487625,949.50146484375,91.80015563964844,0.8774781823158264,982.5999755859375,92.14393615722656,0.8639890551567078,856.1243286132812,467.6972351074219,0.9869552254676819,932.5153198242188,487.75665283203125,0.9809447526931763,919.4652709960938,846.4348754882812,0.9884613752365112,1188.8935546875,691.5558471679688,0.9848138689994812
462,15400,831.540771484375,82.65293884277344,0.002119004726409912,834.44482421875,66.66863250732422,0.0026795719750225544,831.6663208007812,82.02584838867188,0.0011082233395427465,860.9580688476562,46.48402404785156,0.012378268875181675,851.29052734375,73.79008483886719,0.0023474779445677996,875.6982421875,7.54669189453125,0.01191780623048544,880.1620483398438,0.0,0.016956591978669167,859.201171875,45.58271026611328,0.04789623245596886,877.6153564453125,40.74877166748047,0.08367828279733658,851.7103271484375,95.43299102783203,0.05913108214735985,840.6098022460938,82.82620239257812,0.09991458803415298,953.4939575195312,120.16168212890625,0.8866987228393555,951.0355224609375,118.44827270507812,0.8960692882537842,862.62158203125,489.17041015625,0.9833284616470337,899.9070434570312,484.5824279785156,0.9805628061294556,968.0292358398438,842.9518432617188,0.9842754006385803,1161.5223388671875,686.9242553710938,0.9830049276351929
463,15433,807.2424926757812,59.205596923828125,0.00433469470590353,811.7276000976562,43.38519287109375,0.0050742775201797485,802.1343994140625,56.965484619140625,0.0014097823295742273,854.0623168945312,30.79962158203125,0.018630091100931168,825.4677124023438,54.787628173828125,0.002186675788834691,871.5221557617188,0.0,0.051593512296676636,838.1900024414062,0.0,0.020880794152617455,780.9706420898438,3.2839508056640625,0.2711498439311981,790.01513671875,12.439453125,0.0952434167265892,820.3983764648438,18.697586059570312,0.3083559274673462,805.4345092773438,6.3484954833984375,0.13970854878425598,976.644287109375,126.44984436035156,0.9362020492553711,930.3817749023438,125.68057250976562,0.8945395350456238,901.8051147460938,500.30548095703125,0.9855706691741943,831.9298095703125,474.2559814453125,0.9697616696357727,1053.806396484375,821.4580078125,0.9785650372505188,1080.2012939453125,700.5469360351562,0.9685349464416504
464,15466,811.10302734375,80.31745147705078,0.0014433737378567457,817.2792358398438,61.93341064453125,0.00212770514190197,808.1675415039062,77.92961883544922,0.0007261427817866206,856.0416870117188,44.489524841308594,0.020056698471307755,824.2498779296875,73.42991638183594,0.0025507172103971243,875.3527221679688,9.551811218261719,0.02543816901743412,846.4957275390625,0.0,0.022033434361219406,808.2105712890625,28.09039306640625,0.07156237959861755,853.1820068359375,42.46183776855469,0.06935848295688629,820.0111083984375,57.10345458984375,0.04604785889387131,807.6984252929688,101.9000015258789,0.04684450849890709,964.3587036132812,131.0972442626953,0.9212492108345032,911.3218383789062,127.74824523925781,0.9151850342750549,948.5074462890625,506.41571044921875,0.9808774590492249,805.728759765625,454.8551330566406,0.9745498895645142,1097.2452392578125,820.9429931640625,0.9757549166679382,1011.7435913085938,703.703857421875,0.9747204780578613
465,15500,829.6802368164062,92.38627624511719,0.0017540265107527375,834.6649169921875,72.21514892578125,0.002261995105072856,827.2570190429688,86.8736343383789,0.0008569051278755069,871.3482666015625,53.0478515625,0.01068910676985979,843.9672241210938,79.55699157714844,0.0016081883804872632,897.468994140625,16.906814575195312,0.010290849953889847,870.0391845703125,0.0,0.016526013612747192,850.7732543945312,57.32688903808594,0.04901435598731041,893.9351806640625,38.791900634765625,0.10459516197443008,823.8535766601562,110.15467071533203,0.05624479427933693,827.6907958984375,97.720458984375,0.10573025792837143,967.5346069335938,116.34562683105469,0.8771401643753052,909.7058715820312,112.40263366699219,0.8995143175125122,983.3450927734375,482.6703186035156,0.9774617552757263,806.3465576171875,439.6630554199219,0.9772756695747375,1140.645263671875,824.776611328125,0.9751590490341187,961.8173828125,730.1768188476562,0.9784066081047058
466,15533,840.5355834960938,86.68109893798828,0.0017964704893529415,846.0315551757812,68.364990234375,0.00213490123860538,837.5250244140625,80.74523162841797,0.0010322575690224767,877.773193359375,50.02931213378906,0.010108353570103645,848.574462890625,72.1698989868164,0.0022742231376469135,899.376220703125,12.700584411621094,0.010608987882733345,872.842529296875,0.0,0.020605022087693214,858.5006103515625,48.239593505859375,0.03978016600012779,903.6043090820312,35.30039978027344,0.110837422311306,848.6255493164062,98.15647888183594,0.03825211897492409,853.0677490234375,81.66403198242188,0.08838755637407303,969.3504638671875,108.87712097167969,0.8731144666671753,908.8635864257812,108.54588317871094,0.9059104919433594,1006.8880615234375,469.0881042480469,0.9743185639381409,813.6669311523438,433.9677429199219,0.9773119688034058,1178.6759033203125,790.538330078125,0.9729611277580261,899.3483276367188,741.5549926757812,0.978436291217804
467,15566,874.3455200195312,83.64777374267578,0.004986022599041462,875.0739135742188,65.58888244628906,0.003838326083496213,867.3901977539062,75.5244140625,0.002242353744804859,896.9071655273438,48.75531005859375,0.005524793174117804,876.4375,64.76412963867188,0.0019275958184152842,899.3226928710938,13.033218383789062,0.013728981837630272,919.1382446289062,0.0,0.01531455758959055,844.1669921875,58.120330810546875,0.12432581931352615,930.9226684570312,43.17768859863281,0.15455563366413116,790.8627319335938,98.25086975097656,0.21596238017082214,841.2255859375,68.91481018066406,0.255689799785614,971.5116577148438,95.15057373046875,0.8820444345474243,933.5716552734375,87.39765930175781,0.8832082748413086,1029.321044921875,467.4324645996094,0.9815449714660645,831.698974609375,445.59112548828125,0.9790201783180237,1223.2122802734375,784.6364135742188,0.9803510308265686,834.152587890625,792.891357421875,0.9800071120262146
468,15600,840.9462890625,94.7215347290039,0.003824063576757908,842.338134765625,73.14612579345703,0.004721292294561863,836.6914672851562,81.54570007324219,0.0015983482589945197,871.5186767578125,59.17176818847656,0.009241928346455097,861.0914306640625,71.22303771972656,0.0015594400465488434,869.2512817382812,25.281829833984375,0.011837832629680634,910.1188354492188,9.699462890625,0.006044996902346611,755.5008544921875,68.68766784667969,0.08603362739086151,968.0414428710938,61.767333984375,0.03860070928931236,670.0191650390625,128.45993041992188,0.12127753347158432,920.2256469726562,125.69526672363281,0.062069378793239594,967.4646606445312,67.98980712890625,0.85658860206604,935.818603515625,68.47119140625,0.8139287829399109,1022.10205078125,461.7470397949219,0.9854956269264221,841.3612670898438,443.86212158203125,0.9776644110679626,1250.6473388671875,764.3014526367188,0.9885397553443909,811.4356079101562,804.418212890625,0.9865623116493225
469,15633,881.53662109375,92.80224609375,0.005512807052582502,883.0155639648438,74.41786193847656,0.0056876130402088165,872.06201171875,82.06720733642578,0.0028262215200811625,904.951416015625,62.179161071777344,0.006345472764223814,874.4609985351562,74.03400421142578,0.0018485701875761151,899.5689697265625,36.00032043457031,0.009472482837736607,907.4392700195312,14.509689331054688,0.005626709666103125,831.068115234375,80.28936767578125,0.07423374801874161,899.386962890625,64.48448181152344,0.04204001650214195,769.2792358398438,111.10395812988281,0.12469717115163803,829.2722778320312,86.76741027832031,0.08056916296482086,964.5010986328125,78.82713317871094,0.8218317031860352,921.87451171875,73.04191589355469,0.7774024605751038,1011.8816528320312,465.4503479003906,0.9816146492958069,845.4228515625,452.4119567871094,0.9734209775924683,1260.1746826171875,751.9200439453125,0.9866181015968323,816.2882690429688,805.6383056640625,0.9836709499359131
470,15666,908.690185546875,80.05398559570312,0.016368547454476357,908.14599609375,61.730873107910156,0.010640336200594902,897.422607421875,71.185546875,0.008512388914823532,913.0078125,44.133270263671875,0.006661354098469019,887.1171264648438,58.574066162109375,0.004250211641192436,895.7898559570312,9.93731689453125,0.024219855666160583,921.3096923828125,0.0,0.011614427901804447,840.6126708984375,67.67276000976562,0.1895979791879654,900.7279052734375,59.731201171875,0.08328613638877869,786.9984741210938,102.56369018554688,0.32655656337738037,816.6981811523438,82.39283752441406,0.19496048986911774,944.706298828125,106.63128662109375,0.829257607460022,916.5864868164062,98.137939453125,0.7590527534484863,977.7733764648438,470.1260681152344,0.9729176759719849,838.0540161132812,466.63397216796875,0.9576272368431091,1259.01904296875,739.372802734375,0.9740337133407593,843.4572143554688,803.4111938476562,0.9648829102516174
471,15700,897.9351196289062,66.45460510253906,0.010201756842434406,900.6124877929688,45.90010070800781,0.009983192197978497,888.0502319335938,56.77281188964844,0.006163063459098339,910.99609375,28.09332275390625,0.013047976419329643,877.8644409179688,45.96336364746094,0.005046591628342867,890.4453735351562,3.2351531982421875,0.027119014412164688,900.711181640625,0.0,0.008755695074796677,840.3096923828125,65.5177230834961,0.11172154545783997,885.837158203125,59.07051086425781,0.03254702314734459,817.8409423828125,119.57894897460938,0.13076995313167572,848.8840942382812,121.4077377319336,0.05377852916717529,933.5943603515625,118.76783752441406,0.8028547763824463,906.5579223632812,111.70060729980469,0.7015737891197205,927.8206787109375,483.5100402832031,0.9619424939155579,844.1114501953125,473.2474670410156,0.9379170536994934,1242.4937744140625,721.2771606445312,0.9653642773628235,888.3089599609375,800.9556884765625,0.9524089097976685
472,15733,848.3311157226562,77.92304992675781,0.0024542417377233505,850.0194091796875,62.681304931640625,0.003281789366155863,845.9302978515625,73.63870239257812,0.0015443770680576563,870.486328125,47.59881591796875,0.010233042761683464,863.2754516601562,65.91121673583984,0.002328180940821767,865.7255859375,11.574851989746094,0.007380996365100145,897.7959594726562,0.0,0.00981562677770853,830.0782470703125,48.48797607421875,0.028194965794682503,887.751953125,42.42137145996094,0.04820619150996208,840.3598022460938,113.8403549194336,0.029541542753577232,838.6201171875,88.6402359008789,0.04533372446894646,935.6907958984375,97.49020385742188,0.8084000945091248,928.4492797851562,101.58988952636719,0.8307972550392151,903.8976440429688,491.97650146484375,0.9677167534828186,858.7650146484375,483.8046569824219,0.969845712184906,1222.977294921875,710.50830078125,0.9759753942489624,925.7882690429688,816.0677490234375,0.9775904417037964
473,15766,828.503173828125,83.38471984863281,0.0014864921104162931,828.5380249023438,69.77137756347656,0.0022226052824407816,826.5670166015625,81.4156265258789,0.0009515741257928312,850.137451171875,51.64228820800781,0.016825901344418526,857.6080322265625,70.33964538574219,0.00323204486630857,844.2894287109375,12.765426635742188,0.016419479623436928,907.5399169921875,0.0,0.015867013484239578,825.897216796875,43.7449951171875,0.03646554797887802,882.8963623046875,55.21124267578125,0.043511513620615005,850.3496704101562,142.9559326171875,0.020395349711179733,851.8920288085938,144.30406188964844,0.025039756670594215,930.3640747070312,122.72648620605469,0.891524612903595,955.9122314453125,127.88735961914062,0.8913386464118958,873.2100830078125,491.4612121582031,0.975265622138977,875.0524291992188,502.5281066894531,0.9748737215995789,1177.3038330078125,695.2385864257812,0.9821417331695557,972.0150146484375,825.05126953125,0.9810983538627625
474,15800,781.4760131835938,48.28587341308594,0.0026808721013367176,783.5801391601562,36.250946044921875,0.003178209997713566,781.8455200195312,50.14599609375,0.0011937494855374098,819.0353393554688,31.416664123535156,0.018599415197968483,836.9315795898438,51.291114807128906,0.0034231545869261026,819.4915161132812,4.686058044433594,0.04408138990402222,913.7001953125,0.0,0.024774102494120598,785.3893432617188,6.4374847412109375,0.14979583024978638,836.37255859375,14.522415161132812,0.08458955585956573,829.6029052734375,12.677993774414062,0.1118200272321701,818.1968994140625,15.147674560546875,0.07375574856996536,936.7201538085938,127.43575286865234,0.9357300996780396,989.104248046875,126.17948913574219,0.9154906868934631,843.873291015625,491.97674560546875,0.9827019572257996,881.419189453125,493.09295654296875,0.9772377610206604,1130.460693359375,708.156494140625,0.9812896847724915,1002.2559814453125,830.135009765625,0.9766405820846558
475,15833,801.6829833984375,72.90682983398438,0.0032099001109600067,803.3505249023438,58.812835693359375,0.0035692909732460976,804.0230712890625,75.1483154296875,0.0014371208380907774,837.2675170898438,46.00621032714844,0.020183106884360313,855.8177490234375,70.28894805908203,0.004076174460351467,834.1840209960938,11.093330383300781,0.04309319704771042,937.4487915039062,0.0,0.03287271410226822,809.443359375,13.687957763671875,0.15645571053028107,884.8292236328125,14.839645385742188,0.11443383246660233,797.2051391601562,9.088714599609375,0.13946832716464996,806.6140747070312,7.8853912353515625,0.1117924228310585,932.2833862304688,114.10945129394531,0.9073336124420166,999.9486694335938,108.6925048828125,0.8919217586517334,821.7945556640625,480.11920166015625,0.9732609391212463,916.7457885742188,479.4522705078125,0.9651641249656677,1077.99169921875,746.9931030273438,0.9635860323905945,1052.3485107421875,758.8245849609375,0.9573155045509338
476,15866,823.4896240234375,92.90048217773438,0.002620108425617218,822.7847900390625,76.247314453125,0.0029106915462762117,823.7084350585938,92.59927368164062,0.001434420351870358,846.902587890625,57.892799377441406,0.014499121345579624,868.4374389648438,82.78569030761719,0.0038211422506719828,844.37646484375,19.277938842773438,0.017744267359375954,948.2217407226562,0.0,0.02565264329314232,841.8966064453125,52.897064208984375,0.05883365496993065,914.7807006835938,42.683921813964844,0.1030762568116188,832.75732421875,109.51490020751953,0.06501549482345581,842.1004028320312,92.38435363769531,0.10706623643636703,931.1821899414062,108.52793884277344,0.8725816011428833,1008.8499755859375,102.67808532714844,0.8893932104110718,813.0320434570312,470.10992431640625,0.9753081798553467,952.818115234375,480.6041564941406,0.9773322939872742,1025.43310546875,769.1213989257812,0.9766679406166077,1103.64501953125,806.2542114257812,0.9770165085792542
477,15900,896.2432861328125,96.90291595458984,0.015055571682751179,895.8297729492188,68.28533935546875,0.01227109506726265,891.4612426757812,81.35618591308594,0.00914846919476986,896.6010131835938,47.732391357421875,0.02238406613469124,913.6099243164062,66.09711456298828,0.010445469990372658,873.7348022460938,5.2947235107421875,0.04162492975592613,961.894775390625,0.61505126953125,0.02902791276574135,848.6876220703125,73.00520324707031,0.10506454855203629,909.6466064453125,49.55621337890625,0.07824857532978058,843.610107421875,113.08364868164062,0.1520155519247055,843.8970336914062,83.79496765136719,0.1403868943452835,934.9242553710938,102.55751037597656,0.7799466252326965,1003.8907470703125,103.81919860839844,0.7329381704330444,809.1229248046875,445.6136169433594,0.9600111246109009,975.0059204101562,466.3711853027344,0.9452044367790222,969.14599609375,795.1904296875,0.9622588753700256,1137.8155517578125,800.6698608398438,0.95362389087677
478,15933,877.9913330078125,74.47968292236328,0.015881100669503212,881.5509033203125,43.29652404785156,0.012825245968997478,879.3275756835938,60.083072662353516,0.009144468232989311,890.8064575195312,28.915283203125,0.0202009454369545,909.2461547851562,55.209869384765625,0.00834291148930788,872.057373046875,0.0,0.030845332890748978,970.41650390625,0.0,0.03171077370643616,857.8255004882812,50.17144775390625,0.10647391527891159,921.2199096679688,40.65058135986328,0.13590331375598907,858.9102783203125,96.14250183105469,0.2143305093050003,862.4137573242188,77.30994415283203,0.29811403155326843,948.7177734375,95.31399536132812,0.7891383171081543,1032.359619140625,101.81000518798828,0.780151903629303,814.8072509765625,433.7188415527344,0.9607714414596558,1008.6767578125,456.7048645019531,0.954278826713562,890.529052734375,798.5652465820312,0.9441936016082764,1175.4013671875,779.228271484375,0.9384574294090271
479,15966,859.1878662109375,79.5757827758789,0.003158517647534609,859.276611328125,57.46522521972656,0.0032361308112740517,859.36083984375,70.17949676513672,0.0013902910286560655,876.06005859375,42.319610595703125,0.0068832584656775,893.9773559570312,63.39569091796875,0.0016431098338216543,874.9013671875,2.3547821044921875,0.007056069560348988,953.14990234375,0.0,0.007145018316805363,859.3419799804688,41.9677734375,0.059313736855983734,917.7244262695312,38.03031921386719,0.06585094332695007,871.035888671875,85.10101318359375,0.16183629631996155,855.8464965820312,79.8493423461914,0.17896930873394012,945.43359375,65.14906311035156,0.7771541476249695,1014.7623291015625,62.614288330078125,0.7633206248283386,847.115478515625,441.5924377441406,0.9793486595153809,1010.4618530273438,445.83392333984375,0.9744383096694946,817.107666015625,817.1319580078125,0.981522798538208,1212.8975830078125,766.5628662109375,0.9776098132133484
480,16000,903.5628662109375,98.77354431152344,0.005291415844112635,901.3905029296875,75.4738540649414,0.004799820017069578,897.5026245117188,83.83646392822266,0.002515967469662428,913.11328125,61.077186584472656,0.006915227510035038,921.6289672851562,74.18270874023438,0.002241656184196472,905.5345458984375,16.2132568359375,0.009426799602806568,950.2527465820312,10.679168701171875,0.006914330180734396,879.7928466796875,49.24259948730469,0.06933114677667618,904.4133911132812,43.087921142578125,0.0546046644449234,875.5970458984375,71.51705932617188,0.18953441083431244,849.21044921875,59.74003601074219,0.1746726781129837,950.285400390625,62.94319152832031,0.790597677230835,995.5963134765625,63.39958190917969,0.744745671749115,856.74755859375,439.37493896484375,0.9838829636573792,1015.0859985351562,447.2505187988281,0.9753824472427368,806.2510986328125,822.062255859375,0.987079381942749,1218.074462890625,745.5765380859375,0.982871413230896
481,16033,869.2020263671875,81.59014892578125,0.003437479492276907,872.6055908203125,58.20130920410156,0.0036809106823056936,866.6255493164062,71.52149963378906,0.0015729870647192001,893.9642944335938,46.148345947265625,0.005818505771458149,886.7278442382812,69.65565490722656,0.0013951387954875827,898.2623291015625,3.6467971801757812,0.004878351464867592,921.8998413085938,0.0,0.005262389779090881,878.458984375,37.9632568359375,0.046876393258571625,884.9959716796875,36.54002380371094,0.05616670101881027,880.8923950195312,65.87882995605469,0.15091758966445923,851.724853515625,65.23530578613281,0.17817792296409607,953.9382934570312,53.48487854003906,0.7397229671478271,985.5818481445312,54.01551818847656,0.7264485359191895,860.0297241210938,439.5146789550781,0.9783884882926941,993.6090698242188,444.9266357421875,0.9724833369255066,816.506103515625,820.5598754882812,0.9820659756660461,1239.7548828125,732.5707397460938,0.9778914451599121
482,16066,864.63427734375,87.09867095947266,0.005292778834700584,870.8097534179688,63.16493225097656,0.005499102175235748,856.4454956054688,76.02037811279297,0.00256267748773098,897.2498168945312,47.41607666015625,0.009629216976463795,865.7693481445312,70.09027862548828,0.0027282617520540953,908.9676513671875,2.90203857421875,0.010817953385412693,887.7151489257812,2.470916748046875,0.010376124642789364,889.5652465820312,51.3123779296875,0.056910205632448196,867.967529296875,49.31597900390625,0.056935567408800125,880.6673583984375,85.7603759765625,0.12495037168264389,844.3702392578125,69.07196044921875,0.1274661272764206,961.2899780273438,55.381256103515625,0.7941228747367859,963.0375366210938,59.13798522949219,0.7722469568252563,850.4118041992188,440.4266052246094,0.9807515144348145,972.390625,459.7003173828125,0.9729465246200562,838.2394409179688,828.7794799804688,0.9843375086784363,1225.774658203125,717.5892333984375,0.9797231554985046
483,16100,849.0602416992188,83.81826782226562,0.0038590331096202135,849.7344970703125,61.232666015625,0.00449959933757782,847.4866943359375,74.37689208984375,0.0015884480671957135,876.340087890625,44.63218688964844,0.010934078134596348,879.8395385742188,67.2491455078125,0.0018731207819655538,883.6589965820312,4.845977783203125,0.011407148092985153,924.6712646484375,0.0,0.010177994146943092,878.2777099609375,51.74835205078125,0.06841991096735,915.6311645507812,45.72148132324219,0.06234661117196083,863.055908203125,98.66281127929688,0.13731864094734192,849.6028442382812,73.85934448242188,0.13265164196491241,948.3836059570312,73.01458740234375,0.8261939883232117,980.976806640625,71.74319458007812,0.8009006977081299,865.7992553710938,462.9938049316406,0.9824642539024353,953.9854125976562,477.19244384765625,0.9742906093597412,894.382568359375,850.001953125,0.9851964712142944,1221.979248046875,714.6434936523438,0.980290412902832
484,16133,853.6199340820312,83.55731964111328,0.004225740674883127,855.5938110351562,64.71748352050781,0.004688057117164135,852.8776245117188,78.8814697265625,0.0017450698651373386,884.7974853515625,43.789031982421875,0.010618718340992928,875.8901977539062,69.18962860107422,0.001957637257874012,897.5805053710938,0.0,0.013522514142096043,899.875,0.0,0.013163386844098568,882.2047119140625,48.289215087890625,0.08487837761640549,892.54541015625,47.53367614746094,0.083502858877182,856.4685668945312,98.90931701660156,0.15769164264202118,844.6235961914062,86.19374084472656,0.16343244910240173,955.3676147460938,90.65867614746094,0.8750435709953308,956.6065063476562,92.66770935058594,0.8578015565872192,861.0597534179688,471.4134521484375,0.9860327839851379,924.4947509765625,496.69976806640625,0.9790785312652588,934.257568359375,854.382568359375,0.9875509142875671,1190.3302001953125,701.0674438476562,0.9832358956336975
485,16166,833.260986328125,82.40283966064453,0.0017339371843263507,837.1796875,66.07630920410156,0.0024270457215607166,833.0663452148438,81.92532348632812,0.0009876893600448966,865.291259765625,45.70252990722656,0.016415277495980263,850.8031005859375,73.7373046875,0.0028971165884286165,876.7009887695312,5.9523468017578125,0.014502440579235554,873.3485107421875,0.0,0.019063273444771767,845.7500610351562,40.823638916015625,0.03977518528699875,871.7868041992188,41.51062774658203,0.06466283649206161,856.3407592773438,101.38671112060547,0.03508482500910759,843.2578735351562,90.78984832763672,0.0563216395676136,954.8985595703125,120.03263854980469,0.8960702419281006,945.982177734375,119.89972686767578,0.9023690819740295,873.1829833984375,497.2987060546875,0.9830886721611023,903.1095581054688,492.88201904296875,0.9800111055374146,982.983642578125,848.2855834960938,0.9837883710861206,1162.749267578125,696.5960083007812,0.9824329614639282
486,16200,744.0679931640625,26.35388946533203,0.009582777507603168,748.1691284179688,7.6172332763671875,0.01438930630683899,746.4884033203125,26.565032958984375,0.0034581332001835108,798.7088623046875,0.9038314819335938,0.07430674135684967,798.148193359375,32.27568054199219,0.005707919597625732,832.3200073242188,0.0,0.07771825045347214,873.8303833007812,0.0,0.06025611609220505,799.2100219726562,20.39794921875,0.12031078338623047,882.29443359375,31.743301391601562,0.10121569037437439,816.8842163085938,50.521728515625,0.08979716897010803,836.9779052734375,59.835845947265625,0.08190380781888962,960.1516723632812,132.38394165039062,0.9372532963752747,973.0885620117188,128.6497344970703,0.9288638234138489,876.4863891601562,509.1803283691406,0.9869372248649597,890.8386840820312,485.2563171386719,0.9816821813583374,1037.904541015625,841.34912109375,0.982526421546936,1133.7081298828125,701.2781982421875,0.9803338646888733
487,16233,756.2739868164062,26.962783813476562,0.005589270032942295,764.4903564453125,7.608238220214844,0.008602943271398544,758.0899658203125,25.909286499023438,0.002086821012198925,818.7537231445312,4.689422607421875,0.05691373348236084,800.2256469726562,34.997039794921875,0.00476357014849782,852.2118530273438,0.0,0.08199059218168259,854.3383178710938,0.0,0.03976280242204666,792.1544189453125,7.59796142578125,0.15490619838237762,841.3008422851562,26.19873046875,0.07130575180053711,816.0155639648438,17.196945190429688,0.10435718297958374,823.07763671875,35.380096435546875,0.0572369359433651,972.7933959960938,131.5176544189453,0.8977226614952087,949.8851318359375,129.21841430664062,0.8570683002471924,913.6704711914062,502.604736328125,0.9681311845779419,837.5755615234375,469.4869079589844,0.9457948207855225,1057.4444580078125,827.1200561523438,0.9505401253700256,1081.1016845703125,707.2302856445312,0.9359468221664429
488,16266,823.6314697265625,86.76738739013672,0.0013976043555885553,828.6683349609375,66.37577819824219,0.002107050269842148,821.92529296875,83.7341079711914,0.0007079883944243193,871.1035766601562,48.78309631347656,0.018813300877809525,843.6934814453125,80.27133178710938,0.0021658516488969326,902.7286987304688,15.145637512207031,0.015635896474123,868.0405883789062,1.9206619262695312,0.02414451353251934,843.844482421875,48.54906463623047,0.04182995483279228,882.8221435546875,52.17462158203125,0.08634193986654282,812.5494384765625,111.76338958740234,0.030046820640563965,811.2782592773438,112.96192932128906,0.05749648064374924,974.4221801757812,122.0548095703125,0.9013208746910095,917.928466796875,118.9947509765625,0.9186177849769592,968.2254638671875,500.7279968261719,0.9783375859260559,817.4366455078125,460.1964111328125,0.9779086709022522,1115.7288818359375,829.025634765625,0.9752184748649597,1023.400146484375,720.5469360351562,0.9779351949691772
489,16300,837.9274291992188,90.94486999511719,0.0016367112984880805,843.3497314453125,69.03080749511719,0.002199104055762291,835.6663208007812,83.94429016113281,0.000881897984072566,881.3237915039062,51.22551727294922,0.01095294114202261,852.32177734375,78.46257019042969,0.001803513034246862,909.9457397460938,15.052894592285156,0.008973450399935246,873.3195190429688,0.4249420166015625,0.015866508707404137,866.2403564453125,53.56013488769531,0.03505534306168556,897.8934326171875,41.69696044921875,0.08644302934408188,842.5772094726562,107.17810821533203,0.036336369812488556,845.027587890625,95.64129638671875,0.07634200900793076,975.252685546875,108.46650695800781,0.8566843867301941,911.9689331054688,107.30804443359375,0.88758385181427,1004.3871459960938,481.1092834472656,0.9743039608001709,817.50537109375,442.73614501953125,0.9755564332008362,1163.65625,830.6217651367188,0.9732007384300232,971.1055908203125,746.7053833007812,0.9775172472000122
490,16333,846.3660278320312,85.02436065673828,0.001840395387262106,851.1223754882812,64.53831481933594,0.002325203502550721,843.1150512695312,77.68180847167969,0.0011123036965727806,883.011474609375,47.77416229248047,0.010838898830115795,854.3871459960938,71.89572143554688,0.0024287134874612093,908.64794921875,11.795768737792969,0.009562365710735321,874.0457763671875,0.0,0.018224051222205162,870.898681640625,50.462608337402344,0.030928846448659897,914.29833984375,36.8309326171875,0.08636210113763809,867.5491943359375,100.76300811767578,0.028248701244592667,870.0498046875,82.65284729003906,0.06457329541444778,978.651123046875,97.98527526855469,0.8435938954353333,911.987548828125,100.81292724609375,0.8827939033508301,1027.4144287109375,467.23309326171875,0.9694441556930542,824.590576171875,438.4720458984375,0.9731695652008057,1203.0977783203125,800.8103637695312,0.9689870476722717,912.8607788085938,759.7001953125,0.9752871990203857
491,16366,899.0972900390625,65.29203033447266,0.015443189069628716,904.34619140625,41.181060791015625,0.013968570157885551,893.4518432617188,53.38993835449219,0.009724507108330727,920.2833251953125,30.552452087402344,0.016113514080643654,889.9068603515625,48.8466796875,0.007788860239088535,906.2186279296875,7.489585876464844,0.03653442859649658,914.4432373046875,0.0,0.017687054350972176,851.7144165039062,50.78551483154297,0.14043204486370087,907.5731201171875,34.564544677734375,0.06741645932197571,823.7906494140625,95.76244354248047,0.1784248948097229,856.9314575195312,73.37704467773438,0.11002309620380402,979.5933837890625,98.30724334716797,0.8018638491630554,935.6514282226562,92.4906005859375,0.7340385913848877,1052.263427734375,457.5632629394531,0.9563062787055969,843.1345825195312,447.0709533691406,0.9336099028587341,1232.9935302734375,786.66357421875,0.938534140586853,851.3215942382812,783.5165405273438,0.9196562767028809
492,16400,895.5031127929688,97.1854476928711,0.006406865082681179,897.4844970703125,78.33366394042969,0.005454375874251127,886.8087158203125,86.60769653320312,0.002960182959213853,919.9390869140625,64.9284896850586,0.004016520455479622,886.0465087890625,78.14014434814453,0.0013637200463563204,920.7073974609375,33.51191711425781,0.006871748715639114,909.7523803710938,14.003173828125,0.006290304008871317,861.1179809570312,74.964111328125,0.0875697061419487,921.1415405273438,55.626800537109375,0.08569377660751343,808.7523193359375,104.80014038085938,0.21325597167015076,846.028076171875,78.57339477539062,0.2093380093574524,981.6422119140625,80.32635498046875,0.829334020614624,922.4672241210938,76.54449462890625,0.8159614205360413,1044.831787109375,457.8314514160156,0.9834553003311157,847.8043212890625,447.8145751953125,0.9791297316551208,1264.167236328125,774.0123291015625,0.9868730902671814,828.0989379882812,801.46142578125,0.9855167269706726
493,16433,893.6927490234375,96.92996978759766,0.006344624795019627,896.8829956054688,77.8524169921875,0.005682684015482664,883.6389770507812,85.98932647705078,0.003110522171482444,920.6748657226562,63.678199768066406,0.004371307324618101,881.1911010742188,76.51341247558594,0.0014822232769802213,918.6892700195312,30.853729248046875,0.006687213201075792,906.6848754882812,11.275772094726562,0.005920799914747477,865.68896484375,72.70518493652344,0.074983149766922,910.77392578125,55.40382385253906,0.0707632526755333,818.06689453125,102.97187805175781,0.1733384132385254,841.7567749023438,73.72554016113281,0.16417771577835083,975.4277954101562,75.12391662597656,0.8064439296722412,920.2183227539062,72.19340515136719,0.7904020547866821,1025.713623046875,462.8606872558594,0.9800302386283875,853.48095703125,452.9535827636719,0.9750058650970459,1275.9541015625,753.3329467773438,0.9845987558364868,837.1138916015625,800.5836181640625,0.9830348491668701
494,16466,901.8120727539062,59.035491943359375,0.016167284920811653,907.6317138671875,36.49200439453125,0.013736446388065815,894.2697143554688,47.038238525390625,0.009508742019534111,919.144775390625,25.767242431640625,0.011351075954735279,882.8230590820312,41.58592987060547,0.005303672980517149,898.3643798828125,8.950675964355469,0.023535488173365593,905.1051635742188,0.0,0.012335443869233131,854.6232299804688,55.58818817138672,0.1315707564353943,901.8732299804688,38.06941223144531,0.06957101076841354,822.4735107421875,110.0075454711914,0.22000592947006226,849.308349609375,88.34770202636719,0.14954064786434174,960.243896484375,109.78392791748047,0.7803070545196533,924.8342895507812,105.70811462402344,0.7182438373565674,983.6409301757812,470.0633239746094,0.9535653591156006,852.8526000976562,464.2707824707031,0.9345136880874634,1265.649658203125,740.9767456054688,0.9423062205314636,882.9981079101562,788.271484375,0.928252100944519
495,16500,848.4395751953125,93.23263549804688,0.006110499147325754,852.0747680664062,74.26366424560547,0.005713879596441984,841.0270385742188,83.4433364868164,0.002897782251238823,884.565185546875,56.446014404296875,0.006813304033130407,857.1881103515625,70.53305053710938,0.00197807140648365,888.9576416015625,11.548873901367188,0.008757677860558033,893.6614379882812,0.1725311279296875,0.012980950996279716,843.221435546875,37.08576965332031,0.06943372637033463,899.2163696289062,43.2030029296875,0.11716608703136444,786.3585815429688,117.55654907226562,0.13390472531318665,842.6618041992188,88.54843139648438,0.19096112251281738,949.2918090820312,78.01528930664062,0.8570743799209595,918.132080078125,83.34443664550781,0.8760740756988525,956.8733520507812,484.59222412109375,0.9802747368812561,871.137451171875,475.94256591796875,0.9810143113136292,1270.6571044921875,721.75146484375,0.9829980134963989,916.0850830078125,821.7584838867188,0.9845086336135864
496,16533,857.7557373046875,83.86953735351562,0.0034840134903788567,860.7216796875,68.23713684082031,0.004071090370416641,853.0589599609375,80.25,0.002042155247181654,886.8848876953125,51.30381774902344,0.00896189734339714,867.8036499023438,72.2673110961914,0.002408359432592988,889.9421997070312,13.447219848632812,0.008579772897064686,900.1336669921875,0.0,0.01249749306589365,857.6856079101562,41.00028991699219,0.0428059846162796,879.7579345703125,33.70806884765625,0.07744372636079788,846.3858642578125,101.25093841552734,0.054666463285684586,847.5839233398438,83.8967056274414,0.08850464224815369,952.1988525390625,106.579833984375,0.8444966077804565,935.1912841796875,113.83163452148438,0.8651183247566223,918.4713134765625,486.418212890625,0.9723249673843384,884.9285888671875,494.83612060546875,0.9744216799736023,1233.283935546875,704.203857421875,0.9777998924255371,958.8765258789062,818.8137817382812,0.9787178039550781
497,16566,823.0623779296875,60.611846923828125,0.002635597949847579,822.2808837890625,46.41664123535156,0.003416280262172222,823.0703125,61.24340057373047,0.0014162779552862048,850.939697265625,31.450103759765625,0.018515506759285927,870.2745361328125,56.19850158691406,0.0037641548551619053,850.544677734375,0.0,0.026991399005055428,937.449462890625,0.0,0.021639255806803703,818.2518310546875,17.285293579101562,0.0755840539932251,895.6769409179688,30.082077026367188,0.06645328551530838,847.9508056640625,50.04588317871094,0.04998266324400902,843.400146484375,55.228912353515625,0.04682806506752968,938.88671875,124.79653930664062,0.9183987975120544,978.8367919921875,129.2248992919922,0.909595787525177,890.1416625976562,491.8975524902344,0.9812317490577698,892.8439331054688,501.8276672363281,0.9786513447761536,1182.556396484375,695.8043212890625,0.9837687611579895,987.28955078125,820.3031616210938,0.9814993739128113
498,16600,771.9190063476562,40.73529052734375,0.0039069438353180885,774.9820556640625,27.249160766601562,0.0044570923782885075,774.0016479492188,42.358131408691406,0.0015042158775031567,820.5051879882812,22.568023681640625,0.023210834711790085,846.8919067382812,41.906890869140625,0.0036766845732927322,822.156982421875,0.7684249877929688,0.05743369832634926,945.6823120117188,0.0,0.030252333730459213,788.6129150390625,9.938232421875,0.19381709396839142,866.3881225585938,17.369110107421875,0.09956002980470657,828.1047973632812,11.124801635742188,0.158280611038208,835.6593017578125,21.174087524414062,0.09259314090013504,940.9083862304688,123.79389953613281,0.9442263841629028,1018.4915771484375,118.47779846191406,0.9248480796813965,851.7513427734375,491.1091003417969,0.9858030080795288,924.22705078125,487.6678161621094,0.9806593060493469,1138.3701171875,703.5758056640625,0.9827425479888916,1011.4548950195312,813.68798828125,0.9787909984588623
499,16633,798.9954223632812,72.61569213867188,0.0024763953406363726,799.5203247070312,57.59385681152344,0.0032625377643853426,799.8145751953125,75.27822875976562,0.0011231128592044115,835.7941284179688,44.32841491699219,0.02625405229628086,860.8762817382812,70.68772888183594,0.004334382247179747,832.3825073242188,5.6350250244140625,0.05579930171370506,950.4505615234375,0.0,0.024285325780510902,788.7366943359375,10.57635498046875,0.15561380982398987,900.3215942382812,25.961334228515625,0.05862728878855705,826.4597778320312,15.287933349609375,0.10221126675605774,844.9296264648438,38.95367431640625,0.04593801498413086,944.8262939453125,114.14662170410156,0.9256702661514282,1023.5317993164062,111.42723083496094,0.8904740214347839,836.1683349609375,476.6038818359375,0.980769157409668,955.0827026367188,485.33880615234375,0.9701700210571289,1084.9251708984375,733.38134765625,0.9767884016036987,1074.762451171875,794.7028198242188,0.9685748815536499
500,16666,840.8256225585938,89.52433776855469,0.002789611928164959,839.934326171875,73.23506927490234,0.00290743843652308,841.47216796875,90.04710388183594,0.0014162252191454172,866.4340209960938,54.274658203125,0.012235741131007671,888.61328125,80.22338104248047,0.0031967011746019125,867.4193725585938,14.795425415039062,0.014643597416579723,966.89306640625,0.0,0.024175584316253662,860.92041015625,44.51007843017578,0.0601343959569931,922.6631469726562,40.21119689941406,0.11966029554605484,857.75244140625,91.36802673339844,0.08218419551849365,859.9600219726562,81.6082992553711,0.14250676333904266,944.92919921875,99.79591369628906,0.8649033904075623,1023.17529296875,94.16404724121094,0.8887032866477966,826.1746826171875,468.1108703613281,0.9760943055152893,987.7298583984375,476.2083435058594,0.9791312217712402,1031.842041015625,769.7750244140625,0.9759869575500488,1129.9326171875,806.329833984375,0.9774861335754395
501,16700,878.9849853515625,75.87808990478516,0.015120889991521835,881.5116577148438,46.93663787841797,0.014774729497730732,880.5277099609375,64.34313201904297,0.009107889607548714,893.6716918945312,32.983978271484375,0.03037731721997261,913.3157958984375,60.27561950683594,0.009678607806563377,878.5413208007812,1.8482208251953125,0.0383579283952713,973.2138671875,5.715843200683594,0.03382286801934242,867.1835327148438,56.20280456542969,0.09437637776136398,918.7062377929688,46.611488342285156,0.09893569350242615,869.5653686523438,108.44393920898438,0.14696943759918213,867.166259765625,79.40071105957031,0.1769881695508957,958.9837646484375,100.4967041015625,0.8018880486488342,1036.582275390625,105.41919708251953,0.7844057679176331,824.0064697265625,436.84259033203125,0.9608493447303772,1003.5419921875,454.6421813964844,0.9526262879371643,964.6337280273438,790.8424682617188,0.9484963417053223,1150.0245361328125,772.1065673828125,0.94346684217453
502,16733,890.7979125976562,71.25531005859375,0.008942943997681141,894.7249145507812,43.533599853515625,0.008534149266779423,890.2366333007812,59.28355407714844,0.005241125822067261,909.5147705078125,29.959671020507812,0.020969055593013763,919.9276123046875,54.56666564941406,0.0067121111787855625,894.5396118164062,0.0,0.027117252349853516,972.8983764648438,0.0,0.025250978767871857,879.5055541992188,44.65196228027344,0.0792355090379715,912.3446044921875,39.27264404296875,0.09247677773237228,879.074951171875,113.6363754272461,0.13080959022045135,866.2736206054688,88.44694519042969,0.17340242862701416,962.6025390625,91.3450927734375,0.8058103919029236,1035.4844970703125,97.19485473632812,0.7932130694389343,832.0233764648438,433.5575256347656,0.9650285243988037,1029.8714599609375,449.9454345703125,0.9581851363182068,911.8958129882812,793.1806640625,0.9537394642829895,1200.803955078125,762.539794921875,0.9494898319244385
503,16766,911.0187377929688,96.31407165527344,0.006020350381731987,908.4551391601562,74.21273803710938,0.0047175269573926926,905.058837890625,84.87686920166016,0.0028338672127574682,914.8004150390625,57.687652587890625,0.006094516720622778,925.3883056640625,75.05845642089844,0.002442744094878435,904.2283325195312,10.416824340820312,0.010144665837287903,962.8910522460938,4.844879150390625,0.009483588859438896,890.8095703125,48.98588562011719,0.08593752235174179,909.4238891601562,36.211578369140625,0.08659996092319489,881.2386474609375,88.43440246582031,0.2502046823501587,860.395751953125,73.79708862304688,0.26796236634254456,957.6192626953125,62.789337158203125,0.8167580366134644,1016.44482421875,62.973358154296875,0.7926530241966248,861.9120483398438,440.19580078125,0.9844586849212646,1038.529052734375,450.2141418457031,0.9784342646598816,844.4558715820312,825.6514892578125,0.9861587882041931,1222.9840087890625,751.6480102539062,0.9828395247459412
504,16800,910.5188598632812,100.59796142578125,0.006992803420871496,909.2080078125,77.63372039794922,0.005547093693166971,903.3403930664062,88.91084289550781,0.002779782749712467,924.7987670898438,62.374969482421875,0.004565836396068335,923.118408203125,81.27335357666016,0.0014684224734082818,923.7662353515625,13.117721557617188,0.007411557249724865,951.0108032226562,8.571075439453125,0.006055331788957119,905.3723754882812,42.94624328613281,0.10439052432775497,902.9935913085938,34.2623291015625,0.08842041343450546,877.8656616210938,77.33926391601562,0.3846330940723419,859.2350463867188,72.20599365234375,0.37433922290802,969.0784301757812,58.49089050292969,0.7987531423568726,1003.6148681640625,59.96745300292969,0.7582076787948608,868.9728393554688,433.932861328125,0.9855210185050964,1022.8438720703125,448.3783264160156,0.9777190089225769,837.5744018554688,829.5192260742188,0.9874940514564514,1237.869140625,737.5023193359375,0.9832045435905457
505,16833,876.0718383789062,77.98860168457031,0.004984033759683371,879.800048828125,55.76161193847656,0.004770880099385977,871.52880859375,70.37448120117188,0.0021200627088546753,902.2216186523438,43.43898010253906,0.005359283182770014,885.2660522460938,69.99742126464844,0.0014015402412042022,908.9498291015625,0.0,0.005082251969724894,918.3177490234375,0.0,0.006626896560192108,895.6715698242188,32.68858337402344,0.060807883739471436,886.9623413085938,29.856491088867188,0.08757728338241577,880.3878173828125,79.15397644042969,0.22916749119758606,859.1290283203125,74.69613647460938,0.29834720492362976,970.6701049804688,55.94183349609375,0.7661181688308716,992.5856323242188,56.832733154296875,0.7677907347679138,864.4279174804688,437.26959228515625,0.9802220463752747,995.8709106445312,443.92950439453125,0.9763904809951782,843.5306396484375,813.5308227539062,0.9828196167945862,1255.959716796875,725.5848999023438,0.9796333312988281
506,16866,875.8052368164062,81.34950256347656,0.00623882794752717,875.806640625,57.609100341796875,0.0051323603838682175,872.74609375,71.77395629882812,0.002592317992821336,891.4547119140625,40.117584228515625,0.006295226980000734,894.8655395507812,64.73812866210938,0.002057211007922888,891.1292724609375,0.0,0.008646862581372261,936.712158203125,0.0,0.011712775565683842,882.6229248046875,35.4085693359375,0.08470001071691513,908.00390625,36.353668212890625,0.1173267588019371,878.0885009765625,82.42227172851562,0.26324352622032166,861.9948120117188,71.70639038085938,0.3249950706958771,960.1669921875,60.37664794921875,0.799450159072876,999.9596557617188,61.172515869140625,0.7997288703918457,870.9622192382812,454.5315246582031,0.9813129901885986,981.7506103515625,464.5663146972656,0.9761350750923157,886.6165161132812,845.63330078125,0.9826055765151978,1235.260986328125,712.5172729492188,0.9790695309638977
507,16900,871.0841674804688,81.453369140625,0.006119274068623781,871.9868774414062,61.77820587158203,0.0060481722466647625,869.6309204101562,75.82527923583984,0.0023281024768948555,899.8841552734375,44.783111572265625,0.009452723897993565,895.4498901367188,70.08531188964844,0.001926273456774652,909.6405639648438,3.3515167236328125,0.01270765345543623,928.958740234375,0.0,0.014013505540788174,898.4408569335938,46.442138671875,0.1008777990937233,913.4779052734375,46.58843994140625,0.11064416915178299,876.6912841796875,87.24737548828125,0.23966361582279205,863.8228149414062,73.84478759765625,0.2593897879123688,968.0527954101562,85.75396728515625,0.871001660823822,984.5131225585938,86.09614562988281,0.8591463565826416,872.2415771484375,463.95330810546875,0.9873468279838562,954.44091796875,485.3497009277344,0.9820435047149658,925.843505859375,851.2628784179688,0.9885541796684265,1218.3118896484375,710.460205078125,0.9850644469261169
508,16933,861.2960815429688,82.6724624633789,0.006356718018651009,863.8817138671875,65.94438171386719,0.005808994174003601,857.9755249023438,78.78870391845703,0.0024364162236452103,896.326904296875,42.95484924316406,0.010292700491845608,876.6165771484375,65.99713897705078,0.002326374175027013,915.0806274414062,0.0,0.018565433099865913,899.1731567382812,0.0,0.02346467785537243,892.6783447265625,39.42329406738281,0.13300876319408417,890.6398315429688,42.946380615234375,0.16939139366149902,864.2531127929688,99.1875,0.26400014758110046,856.7470092773438,104.48895263671875,0.3171284794807434,973.2498779296875,109.00762939453125,0.9135629534721375,959.5877075195312,106.67042541503906,0.911763608455658,880.4437866210938,484.052490234375,0.9882533550262451,921.9700927734375,491.2737121582031,0.9844203591346741,976.968017578125,846.6670532226562,0.9872861504554749,1176.7474365234375,701.6266479492188,0.9848731756210327
509,16966,846.6293334960938,76.01493072509766,0.0019579464569687843,850.8168334960938,59.14324951171875,0.002901075640693307,847.019775390625,75.5474853515625,0.0010710835922509432,882.176513671875,40.44648742675781,0.019991006702184677,869.020751953125,68.7264404296875,0.003096948843449354,894.1661376953125,5.775077819824219,0.01723361574113369,896.3487548828125,0.0,0.019138649106025696,872.490966796875,40.214447021484375,0.04418016970157623,891.9343872070312,42.066192626953125,0.0552491657435894,876.5149536132812,113.0724105834961,0.036496277898550034,862.7638549804688,100.57127380371094,0.044667765498161316,972.7597045898438,122.31532287597656,0.8911840915679932,967.1994018554688,120.07131958007812,0.8910509943962097,889.3592529296875,504.9392395019531,0.9815172553062439,914.949462890625,488.256591796875,0.9766092896461487,1019.3250732421875,844.6541748046875,0.9812700748443604,1151.84716796875,697.447998046875,0.9794529676437378
510,17000,839.19580078125,78.2669448852539,0.0015424840385094285,841.4445190429688,59.64372253417969,0.002113939495757222,839.4816284179688,77.71920776367188,0.0007021633209660649,879.5411376953125,42.16289520263672,0.015567028895020485,868.779052734375,74.78855895996094,0.0018379783723503351,898.9279174804688,9.8243408203125,0.012522181496024132,905.4278564453125,0.0,0.02361833117902279,868.0493774414062,40.98966979980469,0.045463353395462036,916.4835815429688,43.78003692626953,0.11305668205022812,868.0953369140625,105.96757507324219,0.04721410199999809,860.1868286132812,87.66206359863281,0.10167621076107025,986.255859375,129.4610595703125,0.874327540397644,966.136962890625,124.28054809570312,0.901404857635498,925.536865234375,510.7415771484375,0.9733457565307617,849.2876586914062,471.2857666015625,0.9734143018722534,1060.367919921875,840.6784057617188,0.9683286547660828,1108.360595703125,688.5604858398438,0.9712551236152649
511,17033,852.0721435546875,96.32807922363281,0.0015199099434539676,857.2567749023438,75.57998657226562,0.002003151224926114,847.1173095703125,93.25309753417969,0.0008092838688753545,897.033203125,54.01972961425781,0.013245712965726852,858.8637084960938,87.07482147216797,0.0021441702265292406,930.7066650390625,18.27143096923828,0.011367108672857285,879.5938720703125,2.42669677734375,0.023486683145165443,900.4686279296875,57.50148010253906,0.03818779066205025,910.9953002929688,46.840232849121094,0.11217934638261795,889.0735473632812,114.37310028076172,0.03748035430908203,872.29345703125,94.78660583496094,0.09000988304615021,989.6024780273438,118.42121887207031,0.848510205745697,927.6624755859375,114.52107238769531,0.8873664736747742,956.7943725585938,501.6973571777344,0.9629660248756409,830.259765625,463.3154602050781,0.966092586517334,1107.0040283203125,833.8661499023438,0.9539574980735779,1043.291259765625,717.45263671875,0.9611160159111023
512,17066,848.99267578125,83.32791137695312,0.002114360686391592,853.4749755859375,60.502647399902344,0.0024840671103447676,845.8192749023438,76.37965393066406,0.001118028536438942,891.270263671875,42.719512939453125,0.009759200736880302,863.0720825195312,72.06085968017578,0.00195486843585968,922.5853271484375,11.360893249511719,0.00804118998348713,889.2301635742188,0.0,0.020666195079684258,897.6282958984375,58.299339294433594,0.033742617815732956,917.8286743164062,42.274635314941406,0.12894579768180847,885.9117431640625,115.37555694580078,0.04406195133924484,874.786376953125,99.67597961425781,0.12645645439624786,988.9942016601562,106.2425537109375,0.8461354374885559,931.049072265625,103.34060668945312,0.8964597582817078,1001.7321166992188,485.3273010253906,0.972884476184845,829.70654296875,440.939697265625,0.9776349067687988,1161.60791015625,844.2764282226562,0.9696511030197144,995.0220336914062,745.3657836914062,0.9770386815071106
513,17100,859.462890625,81.24957275390625,0.0021512203384190798,865.6849975585938,60.347259521484375,0.0027593958657234907,855.2374877929688,72.957275390625,0.0013152894098311663,899.8967895507812,44.906707763671875,0.012776173651218414,863.5580444335938,67.93409729003906,0.002873661695048213,931.2296142578125,14.497856140136719,0.010875774547457695,877.3380126953125,3.2929000854492188,0.02128434181213379,898.1248779296875,56.54150390625,0.029887860640883446,914.130859375,44.856285095214844,0.08470331132411957,883.6023559570312,115.88383483886719,0.026034202426671982,877.4573364257812,100.25363159179688,0.05881418660283089,994.584228515625,107.06291198730469,0.8544629812240601,918.8740234375,107.09033203125,0.8930549621582031,1031.6033935546875,475.5902099609375,0.9724765419960022,830.3441162109375,434.2478942871094,0.9759746789932251,1195.7257080078125,815.4380493164062,0.9717109799385071,930.1951904296875,756.92431640625,0.9782352447509766
514,17133,888.7371826171875,90.2373275756836,0.00450678588822484,890.7781372070312,69.94832611083984,0.004040805157274008,880.6171875,80.06272888183594,0.00227894214913249,915.8880615234375,54.712005615234375,0.006590489763766527,885.5014038085938,71.74617004394531,0.002178092487156391,926.6806640625,21.845260620117188,0.011796355247497559,915.0320434570312,6.3797607421875,0.013842574320733547,881.9212646484375,66.89300537109375,0.07791740447282791,935.2308349609375,50.16105651855469,0.10908780992031097,853.2764282226562,104.98493957519531,0.12384458631277084,868.5933837890625,76.97099304199219,0.15873637795448303,1000.9682006835938,86.95120239257812,0.8535075187683105,944.296142578125,82.18524169921875,0.860582172870636,1058.03955078125,461.06317138671875,0.9787654280662537,847.4312133789062,436.6418151855469,0.9765375852584839,1235.2257080078125,795.5158081054688,0.9797893762588501,859.248779296875,788.66259765625,0.9803008437156677
515,17166,898.6082763671875,91.8328857421875,0.007809996604919434,899.849365234375,71.73104095458984,0.006254525389522314,889.0440673828125,80.23432159423828,0.0037086638621985912,923.5546875,60.97492218017578,0.0038823108188807964,889.0280151367188,74.93710327148438,0.001530936686322093,934.6153564453125,36.45249938964844,0.006342120934277773,918.7182006835938,17.801055908203125,0.007789066527038813,902.7848510742188,79.71615600585938,0.07681512087583542,942.7891845703125,54.77471923828125,0.10957194119691849,866.6151123046875,107.31683349609375,0.21000021696090698,866.5266723632812,83.93032836914062,0.2599765658378601,998.5709838867188,75.90678405761719,0.8204654455184937,937.0198974609375,70.98023986816406,0.8286197781562805,1063.184814453125,452.4552001953125,0.9831037521362305,853.5221557617188,436.390869140625,0.9811578392982483,1265.1781005859375,781.8081665039062,0.9867202639579773,831.425048828125,793.8565063476562,0.9867188334465027
516,17200,891.3193969726562,92.58531188964844,0.00680456543341279,892.5318603515625,72.0677261352539,0.005901876837015152,882.1381225585938,80.3349380493164,0.0031998618505895138,915.3995361328125,59.282135009765625,0.004357296507805586,885.5178833007812,72.3508529663086,0.0014826608821749687,914.8619995117188,33.41249084472656,0.006442245561629534,924.898681640625,13.117630004882812,0.006587927229702473,843.6207275390625,80.02587890625,0.07534203678369522,939.4375,55.88909912109375,0.08291390538215637,766.7967529296875,125.33052062988281,0.18540620803833008,857.4193725585938,90.26962280273438,0.19959798455238342,992.489013671875,71.97633361816406,0.8181124925613403,946.1976928710938,67.78193664550781,0.814651370048523,1052.7237548828125,452.5886535644531,0.9832905530929565,865.0028686523438,441.058349609375,0.9802204370498657,1282.5400390625,767.99560546875,0.9875020980834961,832.260009765625,804.2874755859375,0.9868676662445068
517,17233,921.4453125,78.3486328125,0.01185424905270338,921.3085327148438,59.97271728515625,0.008422235026955605,910.25244140625,67.64469909667969,0.006171179004013538,931.6397705078125,46.751220703125,0.0052349441684782505,902.3602294921875,57.58392333984375,0.0028690677136182785,919.3328857421875,18.992660522460938,0.01378464512526989,938.2859497070312,0.0815277099609375,0.008549769409000874,874.18603515625,77.64564514160156,0.12482708692550659,928.0155639648438,57.61189270019531,0.0749329924583435,832.6008911132812,113.2767333984375,0.2497742474079132,848.6430053710938,85.88433837890625,0.17957232892513275,982.4895629882812,93.44215393066406,0.8192691206932068,945.89306640625,85.77127075195312,0.7712379097938538,1033.456298828125,456.201416015625,0.9781096577644348,862.973388671875,451.56988525390625,0.9684028029441833,1302.6368408203125,751.0780029296875,0.9819256067276001,854.432373046875,798.9069213867188,0.9771606922149658
518,17266,911.6023559570312,61.93391418457031,0.01698465645313263,917.2639770507812,38.846580505371094,0.014560933224856853,903.84765625,49.572509765625,0.010893368162214756,928.5597534179688,28.401992797851562,0.011972114443778992,891.8026123046875,44.94667053222656,0.0063714985735714436,906.0250854492188,9.459114074707031,0.023045452311635017,913.6331176757812,0.0,0.01356096938252449,866.4878540039062,53.03526306152344,0.11054838448762894,903.2188110351562,35.487030029296875,0.0668787732720375,836.2439575195312,107.52362823486328,0.1757899820804596,858.117919921875,82.99788665771484,0.13143742084503174,965.3322143554688,104.2854995727539,0.7789785265922546,932.1243896484375,102.2373275756836,0.7271605134010315,989.8187866210938,469.99945068359375,0.9545630216598511,862.5576782226562,468.399169921875,0.9390890002250671,1279.50341796875,742.5169067382812,0.9462651014328003,893.4322509765625,801.4132690429688,0.9346047043800354
519,17300,874.1768188476562,85.15784454345703,0.005403175484389067,875.2068481445312,65.11475372314453,0.005232689436525106,869.2894287109375,74.78739166259766,0.0028598811477422714,899.5814208984375,48.54345703125,0.007662863936275244,889.743896484375,63.293357849121094,0.002547853160649538,891.4083251953125,1.21014404296875,0.009211071766912937,923.2572021484375,0.0,0.012821907177567482,857.6222534179688,37.22502136230469,0.05528094246983528,914.1150512695312,41.06895446777344,0.08744913339614868,858.0679321289062,110.414794921875,0.08963607251644135,869.1658325195312,80.69705200195312,0.11776222288608551,951.1754150390625,71.92698669433594,0.8218120336532593,938.178466796875,78.22576904296875,0.8399881720542908,963.7051391601562,487.9919128417969,0.9734947085380554,872.8427734375,477.9710388183594,0.9736947417259216,1278.067138671875,728.3208618164062,0.9774613976478577,920.0189208984375,827.6611328125,0.9787389636039734
520,17333,861.7454223632812,86.83497619628906,0.0028972148429602385,860.684326171875,70.58010864257812,0.0032500929664820433,860.7471313476562,82.94627380371094,0.0015872211661189795,883.8432006835938,52.685028076171875,0.008631515316665173,893.3597412109375,73.53254699707031,0.002175198867917061,880.8256225585938,12.563438415527344,0.008008765056729317,946.620361328125,0.0,0.014665631577372551,856.8023071289062,46.63085174560547,0.04185600206255913,922.213134765625,40.946205139160156,0.10024578124284744,859.8095092773438,106.98074340820312,0.054801393300294876,865.1008911132812,86.36707305908203,0.10998792201280594,950.5628051757812,113.04029846191406,0.8375110626220703,967.1083984375,117.25323486328125,0.8724907636642456,924.858642578125,497.9720764160156,0.9693295359611511,882.2386474609375,497.2244567871094,0.9745368957519531,1244.25146484375,717.2960205078125,0.9735304117202759,970.3789672851562,833.119873046875,0.9762868285179138
521,17366,873.0902709960938,92.71888732910156,0.003476720070466399,874.6677856445312,77.06236267089844,0.003589879022911191,868.4625244140625,90.81463623046875,0.0021911957301199436,898.39111328125,56.52406311035156,0.010100984014570713,886.8920288085938,80.80165100097656,0.0037732920609414577,901.1943969726562,15.158866882324219,0.012092117220163345,930.28857421875,0.0,0.024994997307658195,885.61962890625,46.06812286376953,0.04599479213356972,907.3648681640625,40.32176971435547,0.12829700112342834,882.7200317382812,113.29236602783203,0.0508427731692791,864.1880493164062,87.17733764648438,0.12032340466976166,959.6504516601562,122.584716796875,0.8659124374389648,962.6310424804688,127.94938659667969,0.8997020721435547,896.3179321289062,493.6568603515625,0.9686254262924194,891.5816040039062,508.8335266113281,0.9758040904998779,1187.089599609375,708.113525390625,0.9731430411338806,1005.7886352539062,835.7378540039062,0.9757009148597717
522,17400,856.0292358398438,105.38822937011719,0.0020458376966416836,855.3941040039062,89.35855865478516,0.0023883723188191652,854.9638061523438,104.62815856933594,0.0012864075833931565,881.6912841796875,68.87782287597656,0.015090816654264927,897.2304077148438,92.82865905761719,0.004425398074090481,879.6229248046875,27.132522583007812,0.01642795465886593,972.4837646484375,3.2356796264648438,0.03322206810116768,871.0281372070312,50.506187438964844,0.03965836763381958,936.1532592773438,46.93590545654297,0.11193419247865677,878.1458129882812,116.30433654785156,0.029594406485557556,876.3107299804688,91.3114242553711,0.0721103847026825,958.1392822265625,122.50199890136719,0.8803892731666565,1011.9569702148438,120.32732391357422,0.913123369216919,863.3229370117188,495.1641540527344,0.9701253771781921,909.33251953125,497.6533203125,0.9775977730751038,1143.3604736328125,718.6030883789062,0.9734768867492676,1028.1558837890625,826.47216796875,0.9769358038902283
523,17433,851.6693725585938,100.75227355957031,0.0019745249301195145,853.99365234375,84.39969635009766,0.002343181287869811,850.0697021484375,101.44722747802734,0.0011974473018199205,885.7265625,64.00467681884766,0.017784954980015755,887.5477905273438,90.77760314941406,0.004801485687494278,890.8533325195312,22.72771453857422,0.021390117704868317,955.9024658203125,4.1243133544921875,0.03605017811059952,883.45849609375,53.750221252441406,0.04810142144560814,934.9934692382812,46.18693542480469,0.1046413704752922,873.93603515625,118.22032928466797,0.03534527122974396,875.4677124023438,100.34346771240234,0.0693996399641037,960.8563842773438,111.61738586425781,0.8701160550117493,1007.69921875,111.04133605957031,0.8962762355804443,852.8773193359375,473.40087890625,0.9634496569633484,959.2915649414062,496.71533203125,0.9692955017089844,1091.1226806640625,739.0345458984375,0.9624373912811279,1086.1773681640625,806.806640625,0.9644981622695923
524,17466,918.0338745117188,96.02471923828125,0.012395411729812622,916.680419921875,72.73876190185547,0.009595521725714207,912.9973754882812,85.61565399169922,0.007126878947019577,919.532958984375,52.502197265625,0.01730269007384777,935.4697265625,71.84307861328125,0.007939751259982586,898.780517578125,12.005950927734375,0.03270988166332245,992.4922485351562,5.010589599609375,0.03472870960831642,886.738037109375,72.87611389160156,0.10272500663995743,948.9407958984375,55.48887634277344,0.12750256061553955,874.6285400390625,118.71720886230469,0.1642381250858307,866.69091796875,87.75160217285156,0.21911770105361938,959.354736328125,113.79547119140625,0.8094621300697327,1030.30078125,112.14610290527344,0.8025015592575073,815.7269897460938,459.3731689453125,0.962024986743927,976.3106689453125,479.9563293457031,0.9578612446784973,1030.501708984375,786.7509155273438,0.9646831750869751,1145.2315673828125,814.2000732421875,0.9615848064422607
525,17500,852.1353149414062,81.6343002319336,0.003373598214238882,846.98876953125,61.57518768310547,0.003471571020781994,853.1085205078125,76.46143341064453,0.0015927630010992289,869.008544921875,46.488555908203125,0.01511063240468502,914.26611328125,68.89810180664062,0.004131469875574112,872.1128540039062,17.943740844726562,0.02151714824140072,998.0299682617188,7.8900146484375,0.02323083207011223,869.7418212890625,63.81559753417969,0.06890600919723511,968.9789428710938,60.442657470703125,0.07838660478591919,876.0890502929688,107.24473571777344,0.08953601866960526,885.296630859375,83.50804138183594,0.09800468385219574,953.48095703125,89.195068359375,0.8654184937477112,1054.901123046875,85.50320434570312,0.8636296987533569,831.563232421875,444.22503662109375,0.9830993413925171,1024.7200927734375,473.77496337890625,0.980909526348114,958.0128173828125,808.5971069335938,0.9860715270042419,1184.804443359375,811.0083618164062,0.9838874936103821
526,17533,899.5704956054688,74.99716186523438,0.009091431275010109,902.49462890625,46.19169616699219,0.009095650166273117,899.86083984375,62.40795135498047,0.005529437679797411,918.0639038085938,34.57493591308594,0.02390722557902336,933.5590209960938,60.22774887084961,0.007731359917670488,904.904541015625,0.0,0.029713712632656097,990.2862548828125,2.0955963134765625,0.026948101818561554,889.18603515625,54.496604919433594,0.07325293123722076,936.0877075195312,48.517799377441406,0.08333220332860947,886.4511108398438,113.03011322021484,0.10856715589761734,875.1456909179688,86.5224838256836,0.14251427352428436,974.8159790039062,89.5825424194336,0.8079860210418701,1051.8687744140625,95.52962493896484,0.7930768728256226,841.2769775390625,433.05426025390625,0.9669742584228516,1034.1441650390625,454.22332763671875,0.9598024487495422,899.9091796875,802.3619995117188,0.9581580758094788,1211.70751953125,771.8296508789062,0.9526090025901794
527,17566,914.12255859375,93.12860870361328,0.004806786309927702,910.7906494140625,70.00829315185547,0.004213826730847359,909.712646484375,81.15673828125,0.002294953214004636,922.7664794921875,56.15863037109375,0.0075109535828232765,941.1130981445312,74.75045013427734,0.0025762903969734907,919.457763671875,19.271484375,0.010681440122425556,986.6832275390625,15.464492797851562,0.009998162277042866,908.4089965820312,65.69659423828125,0.06721795350313187,943.729248046875,54.451629638671875,0.07018186897039413,897.441650390625,104.21772766113281,0.1696985512971878,872.3123168945312,78.73786926269531,0.18740767240524292,970.6966552734375,61.67253112792969,0.8049401640892029,1035.402099609375,62.494720458984375,0.7824082970619202,867.2359008789062,431.77459716796875,0.9833056330680847,1047.992919921875,451.78814697265625,0.9773369431495667,844.00048828125,824.2763671875,0.986376941204071,1238.404296875,759.356689453125,0.9828104972839355
528,17600,912.7929077148438,94.55543518066406,0.00423727510496974,912.4832153320312,70.80610656738281,0.0043577286414802074,907.0393676757812,80.47297668457031,0.002110637491568923,929.4188842773438,58.870330810546875,0.008409381844103336,931.62451171875,74.71458435058594,0.0024131573736667633,929.3329467773438,21.989501953125,0.00956260971724987,961.198974609375,17.701446533203125,0.007112954277545214,908.903564453125,62.8260498046875,0.052182212471961975,923.1636352539062,51.936126708984375,0.041845157742500305,892.3941650390625,95.970703125,0.12064551562070847,871.4370727539062,71.01223754882812,0.11057956516742706,976.1656494140625,57.04032897949219,0.7812829613685608,1016.0726318359375,58.16912841796875,0.7387993931770325,873.9130249023438,434.6202392578125,0.9829093217849731,1037.9586181640625,447.9196472167969,0.974331796169281,835.8054809570312,828.1578369140625,0.987136960029602,1249.68017578125,745.1519775390625,0.9829330444335938
529,17633,884.2781982421875,82.00849914550781,0.004305440466850996,887.0665283203125,57.480010986328125,0.0041551957838237286,882.5846557617188,74.5506362915039,0.0018124387133866549,912.7974853515625,43.39006805419922,0.005565162282437086,910.5807495117188,73.71185302734375,0.0013951387954875827,920.02734375,0.0,0.004729473497718573,957.36767578125,0.0,0.007362757343798876,903.3008422851562,31.602401733398438,0.05258757248520851,922.3781127929688,31.85797119140625,0.0943552702665329,897.9959106445312,76.87857055664062,0.19814009964466095,877.3306884765625,71.08900451660156,0.2952088713645935,979.630615234375,58.07771301269531,0.7421765923500061,1020.7229614257812,58.86772155761719,0.7615801692008972,866.599365234375,432.62750244140625,0.9771407842636108,1008.0407104492188,443.9222106933594,0.9751289486885071,840.20654296875,810.8120727539062,0.9804296493530273,1260.905029296875,734.293212890625,0.9778320789337158
530,17666,882.9032592773438,79.81251525878906,0.0046874829567968845,885.2282104492188,55.11332702636719,0.004437205847352743,882.5736694335938,72.25703430175781,0.002276546321809292,905.647216796875,38.60289001464844,0.006839357782155275,909.470458984375,68.77377319335938,0.0021396931260824203,901.379150390625,0.0,0.005588230676949024,959.0626831054688,0.0,0.01110612228512764,896.08740234375,32.669952392578125,0.04569561779499054,927.0125122070312,33.86705017089844,0.1094466969370842,887.149658203125,90.50031280517578,0.145274817943573,873.405029296875,79.03559875488281,0.27235040068626404,968.5682373046875,66.65254211425781,0.738718569278717,1017.8082885742188,65.0760498046875,0.7794475555419922,875.154296875,452.68817138671875,0.971354067325592,985.6996459960938,450.5643310546875,0.9720154404640198,878.1586303710938,809.5116577148438,0.9748309254646301,1253.15185546875,718.1986083984375,0.9737594127655029
531,17700,902.734375,85.1136245727539,0.003935683984309435,904.7589721679688,63.86018371582031,0.004065223038196564,898.6029052734375,77.66450500488281,0.0018653309671208262,927.4866943359375,46.80299377441406,0.007405645214021206,915.6844482421875,72.22004699707031,0.0018860885174944997,924.4219360351562,3.4180755615234375,0.009700140915811062,939.313720703125,0.0,0.008018787950277328,912.4634399414062,60.66339111328125,0.06559979170560837,921.574951171875,52.21540832519531,0.060247648507356644,896.8888549804688,97.94622802734375,0.14015084505081177,876.7079467773438,73.30439758300781,0.14893025159835815,965.82958984375,82.55209350585938,0.8355079889297485,979.1559448242188,86.65928649902344,0.8022739291191101,883.2784423828125,459.8011779785156,0.9848384857177734,963.258056640625,487.9682922363281,0.9761728048324585,927.974365234375,844.6239624023438,0.9884496927261353,1236.371337890625,700.7340087890625,0.9837580323219299
532,17733,876.9730834960938,78.76835632324219,0.004809177480638027,878.3728637695312,61.169517517089844,0.004986476618796587,876.8716430664062,73.98584747314453,0.002096053445711732,905.9315185546875,41.466888427734375,0.013536650687456131,902.7625732421875,64.22071838378906,0.003115123836323619,921.1878662109375,2.1046142578125,0.021036561578512192,931.2442626953125,0.0,0.023294245824217796,913.2973022460938,57.70733642578125,0.09800413995981216,925.9456787109375,59.53248596191406,0.10822286456823349,889.3974609375,121.5523681640625,0.1496720016002655,875.7919921875,107.01168823242188,0.16197572648525238,976.4241943359375,108.29461669921875,0.9012777805328369,983.2355346679688,106.35946655273438,0.8941015005111694,884.2293701171875,478.9705810546875,0.9866744875907898,939.1162719726562,491.5415954589844,0.9814591407775879,972.5768432617188,845.1718139648438,0.9870738983154297,1195.49267578125,700.154296875,0.9837540984153748
533,17766,855.0137939453125,78.06903076171875,0.0027092488016933203,858.4237670898438,60.64878845214844,0.0031921719200909138,854.5260009765625,78.42649841308594,0.0012883045710623264,891.33544921875,40.58024597167969,0.013486312702298164,876.946533203125,72.51006317138672,0.0026185649912804365,907.4080810546875,1.887542724609375,0.016947127878665924,908.61572265625,0.0,0.02142293006181717,880.8519287109375,38.701995849609375,0.07462137192487717,890.8013305664062,47.09129333496094,0.1018499881029129,870.65576171875,116.01077270507812,0.09423500299453735,859.828125,118.22547912597656,0.12462460994720459,985.2403564453125,118.52183532714844,0.9069352746009827,980.735107421875,117.39266967773438,0.9087262153625488,894.4667358398438,491.8585510253906,0.9847047328948975,925.9575805664062,485.7144470214844,0.9809365272521973,1015.3348388671875,841.6773071289062,0.9830568432807922,1173.24462890625,703.0902709960938,0.9808900356292725
534,17800,796.3323364257812,49.454681396484375,0.0032631177455186844,801.380859375,31.784225463867188,0.004344547167420387,798.7278442382812,50.903663635253906,0.0010935600148513913,853.7964477539062,22.184005737304688,0.02182633988559246,845.6364135742188,54.512603759765625,0.0020073261111974716,875.9425659179688,0.0,0.03562464565038681,894.3816528320312,0.0,0.020874446257948875,801.7698364257812,3.9954986572265625,0.16442351043224335,853.7598266601562,16.940139770507812,0.09034097194671631,859.2117919921875,15.001968383789062,0.1813988834619522,853.250244140625,29.119583129882812,0.1119828000664711,993.9478149414062,135.35047912597656,0.9282124638557434,983.7357788085938,130.87673950195312,0.9032975435256958,918.3519287109375,505.723388671875,0.9859387278556824,876.5335693359375,468.3441467285156,0.9758578538894653,1068.9261474609375,836.7440185546875,0.979573130607605,1129.9423828125,692.4388427734375,0.9738917946815491
535,17833,832.6375122070312,65.14892578125,0.0019284168956801295,837.4534301757812,46.01307678222656,0.002651139860972762,831.372314453125,64.82743835449219,0.0006684188265353441,886.15576171875,31.421401977539062,0.020005039870738983,864.7850341796875,65.27064514160156,0.0016730407951399684,910.63720703125,0.6242752075195312,0.028473641723394394,905.1603393554688,0.0,0.021534083411097527,841.072265625,8.727447509765625,0.1322614997625351,913.6818237304688,33.169647216796875,0.09920915961265564,854.8807983398438,15.298049926757812,0.1318770945072174,875.8316040039062,82.06610870361328,0.10469033569097519,998.716796875,124.95236206054688,0.8863699436187744,965.9752807617188,119.63129425048828,0.8668637871742249,948.3592529296875,502.8119201660156,0.9670090079307556,849.4955444335938,460.3331298828125,0.9519471526145935,1084.4825439453125,826.2603759765625,0.945940375328064,1093.419189453125,700.4490966796875,0.937838077545166
536,17866,855.583251953125,82.60441589355469,0.0022340412251651287,859.08056640625,59.40824890136719,0.0027299190405756235,853.5435791015625,75.96281433105469,0.0011782970977947116,897.6046142578125,41.91156005859375,0.012502302415668964,875.96044921875,72.90792846679688,0.0023718983866274357,933.1304321289062,14.187721252441406,0.01011087279766798,906.0203857421875,0.3948211669921875,0.024791888892650604,906.3572387695312,62.70435333251953,0.03538892790675163,936.1264038085938,52.895965576171875,0.12353616952896118,882.3601684570312,123.80559539794922,0.04051509499549866,878.73876953125,105.92495727539062,0.10917312651872635,999.8032836914062,112.73002624511719,0.8563652634620667,947.4320678710938,109.11090087890625,0.9014601707458496,1004.9742431640625,491.8672790527344,0.9732962846755981,839.6442260742188,446.3909912109375,0.9772754311561584,1160.1488037109375,838.487060546875,0.9697660207748413,1029.274658203125,728.4739990234375,0.9765347242355347
537,17900,869.2613525390625,81.91193389892578,0.0024686334654688835,873.8779907226562,59.4503173828125,0.0030147184152156115,865.607177734375,74.0086441040039,0.0013755273539572954,909.360595703125,42.54084777832031,0.012820995412766933,879.8626098632812,70.0971908569336,0.002745340345427394,941.5339965820312,12.8642578125,0.011613229289650917,902.927734375,2.1494064331054688,0.02418956160545349,912.4429931640625,57.23345947265625,0.037560589611530304,934.81201171875,47.65441131591797,0.10834477096796036,891.8372192382812,115.95215606689453,0.03794427216053009,887.6744995117188,99.87796783447266,0.086053267121315,1004.1514892578125,110.16018676757812,0.8517052531242371,938.7537841796875,108.76048278808594,0.8922535181045532,1036.1060791015625,480.6976318359375,0.9702107310295105,832.1990356445312,434.29058837890625,0.9736875295639038,1191.755859375,819.6837768554688,0.9662315845489502,958.4794921875,735.5831909179688,0.973882257938385
538,17933,874.9235229492188,83.9615249633789,0.002561478642746806,878.2101440429688,60.62574005126953,0.0032725578639656305,872.4745483398438,74.00514221191406,0.0015775046776980162,906.9957885742188,46.995758056640625,0.013502797111868858,886.3831787109375,71.67247009277344,0.003345716744661331,932.5023193359375,15.51361083984375,0.011609945446252823,906.9628295898438,8.5726318359375,0.019754858687520027,882.7134399414062,66.58937072753906,0.03103819489479065,944.7863159179688,58.05271911621094,0.07012121379375458,856.10302734375,132.09706115722656,0.026348598301410675,897.0844116210938,115.90459442138672,0.04929614067077637,1010.2324829101562,88.54069519042969,0.8304954767227173,946.90966796875,93.48793029785156,0.8665522336959839,1060.5521240234375,461.709228515625,0.9697007536888123,843.6856079101562,436.56622314453125,0.9718543887138367,1236.5540771484375,803.7592163085938,0.9699225425720215,897.44482421875,772.4556884765625,0.9754037857055664
539,17966,902.81982421875,93.69884490966797,0.004754721652716398,905.8187255859375,72.50358581542969,0.004658414050936699,894.2081909179688,81.71795654296875,0.0023027334827929735,933.1759643554688,58.04310607910156,0.00679927971214056,896.7008056640625,73.53753662109375,0.001970991026610136,941.6616821289062,29.197265625,0.01145591028034687,922.1580200195312,13.528610229492188,0.010158412158489227,854.4759521484375,75.81898498535156,0.08232932537794113,943.742431640625,59.029632568359375,0.07764488458633423,772.5347900390625,117.36277770996094,0.12736228108406067,882.1287841796875,79.50567626953125,0.1233895793557167,1017.511962890625,78.72981262207031,0.8575570583343506,950.078857421875,75.78172302246094,0.8482526540756226,1079.113525390625,456.5587463378906,0.9824782013893127,857.0931396484375,440.6363525390625,0.977997899055481,1271.444091796875,786.7744140625,0.9846855401992798,841.4168701171875,794.1132202148438,0.983664333820343
540,18000,919.1145629882812,93.08809661865234,0.006629474461078644,921.1600952148438,72.47044372558594,0.006141974125057459,909.7933959960938,80.29879760742188,0.003269518492743373,945.3278198242188,61.74586486816406,0.004757648799568415,908.6861572265625,74.9373550415039,0.001562324003316462,951.1029663085938,38.93792724609375,0.006187525112181902,930.8963012695312,22.268325805664062,0.006817935965955257,900.7928466796875,81.32862854003906,0.060075510293245316,947.3515014648438,61.36994934082031,0.0746273323893547,847.341796875,111.67131042480469,0.1395951807498932,877.6346435546875,71.12535095214844,0.1581677496433258,1009.2993774414062,71.46189880371094,0.7977104187011719,944.8132934570312,69.44609069824219,0.7999264001846313,1074.1593017578125,452.64764404296875,0.9806354641914368,866.6412963867188,441.1475830078125,0.9776363968849182,1292.7708740234375,771.3048706054688,0.9857315421104431,835.1007080078125,799.8616943359375,0.9853686690330505
541,18033,912.8853149414062,87.51070404052734,0.006509037688374519,915.0961303710938,67.54129028320312,0.005819109734147787,903.8278198242188,75.6024398803711,0.0031115924939513206,939.3607177734375,55.194580078125,0.004815032240003347,905.7905883789062,68.55530548095703,0.0015956400893628597,938.7214965820312,29.29449462890625,0.007005884312093258,937.4221801757812,11.634475708007812,0.0073981205932796,871.2345581054688,72.82461547851562,0.0726170688867569,942.6615600585938,58.71839904785156,0.08176679909229279,790.236328125,116.91554260253906,0.16154110431671143,871.7278442382812,80.10150146484375,0.17377035319805145,1000.0450439453125,68.54713439941406,0.8158791065216064,949.1282958984375,66.14794921875,0.8143916130065918,1053.8489990234375,458.32818603515625,0.9808810949325562,870.652099609375,444.6960144042969,0.9775371551513672,1308.535888671875,752.7946166992188,0.9849822521209717,845.1234741210938,797.3104248046875,0.9843961000442505
542,18066,893.8284301757812,90.92401885986328,0.004156626760959625,895.7637329101562,73.93222045898438,0.004766182042658329,886.7761840820312,81.9924087524414,0.0022807763889431953,918.2140502929688,57.566436767578125,0.006760349962860346,895.2420043945312,70.45557403564453,0.0017116069793701172,912.0860595703125,21.91900634765625,0.0068320841528475285,924.329833984375,4.6398468017578125,0.005439185071736574,859.909423828125,57.31379699707031,0.045247629284858704,921.7742309570312,56.185455322265625,0.03938188776373863,824.90771484375,127.8402099609375,0.0731203481554985,867.848876953125,93.53805541992188,0.06614944338798523,970.2354125976562,84.63308715820312,0.7791645526885986,939.8846435546875,85.13442993164062,0.7581254243850708,985.7341918945312,486.9969177246094,0.9731009602546692,882.9058227539062,473.5413513183594,0.9676728844642639,1294.7813720703125,729.091552734375,0.9819930791854858,921.4667358398438,820.55126953125,0.9806804060935974
543,18100,864.0308227539062,80.9776611328125,0.003959882538765669,865.7846069335938,65.84314727783203,0.0041208574548363686,858.7119750976562,80.0530014038086,0.0019814774859696627,893.1317749023438,48.78785705566406,0.009902741760015488,879.7161254882812,73.96481323242188,0.0027235769666731358,895.1846923828125,6.21002197265625,0.016588158905506134,920.3637084960938,0.0,0.018197810277342796,859.2609252929688,16.52325439453125,0.09391789883375168,879.5213012695312,24.01300048828125,0.11130677908658981,882.0173950195312,60.66650390625,0.11542448401451111,871.5556640625,82.04752349853516,0.13310053944587708,976.2601318359375,116.75143432617188,0.8912324905395508,973.0131225585938,124.5834732055664,0.8912962675094604,915.2462768554688,491.1737365722656,0.9754016399383545,900.46435546875,502.58197021484375,0.973917543888092,1215.597900390625,711.4699096679688,0.974939227104187,1006.9100341796875,833.9542846679688,0.9727422595024109
544,18133,804.0689086914062,37.09428405761719,0.006605932954698801,810.297607421875,22.47491455078125,0.006544319447129965,804.5971069335938,38.43965148925781,0.00254462449811399,858.5850830078125,16.215316772460938,0.02996165305376053,858.1078491210938,39.56645965576172,0.0062767812050879,875.8789672851562,0.59033203125,0.08828580379486084,934.4484252929688,0.0,0.06382159143686295,838.7662353515625,14.130935668945312,0.23806454241275787,867.5021362304688,17.909133911132812,0.16149231791496277,841.273681640625,7.22314453125,0.2001153528690338,822.0255126953125,2.849029541015625,0.14454364776611328,983.7030029296875,126.11544799804688,0.9343953132629395,1024.679443359375,123.45858764648438,0.9209914803504944,866.6116333007812,478.1985168457031,0.9789898991584778,959.2613525390625,483.4030456542969,0.9714342951774597,1109.0999755859375,751.2041625976562,0.965800404548645,1088.0654296875,769.497802734375,0.958885669708252
545,18166,901.8955078125,83.28726959228516,0.007751177996397018,904.450927734375,56.29957580566406,0.009724107570946217,904.7528686523438,74.8974838256836,0.0047166720032691956,928.2784423828125,40.35722351074219,0.03797014802694321,952.5166625976562,68.88863372802734,0.008763682097196579,914.5805053710938,4.0357818603515625,0.047683797776699066,1017.3489990234375,8.945686340332031,0.027879124507308006,904.7816772460938,51.48094940185547,0.08936382085084915,970.581298828125,53.31788635253906,0.05699742212891579,910.4586181640625,131.46759033203125,0.08978816866874695,906.3477172851562,107.54402160644531,0.07159129530191422,983.86376953125,105.51434326171875,0.8290327787399292,1067.6668701171875,109.55973815917969,0.7841284871101379,831.89306640625,443.4363098144531,0.9611222743988037,1017.0755004882812,469.06158447265625,0.9470868706703186,993.8267211914062,790.9342041015625,0.9527431130409241,1170.1636962890625,804.814453125,0.9416097402572632
546,18200,924.1051635742188,93.09494018554688,0.00411209836602211,920.9317626953125,70.54305267333984,0.0038510714657604694,919.9824829101562,82.43840789794922,0.002051218645647168,930.8399658203125,54.97224426269531,0.0092312628403306,951.336181640625,74.50357818603516,0.0031164924148470163,924.6516723632812,13.8980712890625,0.014597166329622269,1000.2493896484375,10.391876220703125,0.010551693849265575,918.4984741210938,55.81709289550781,0.0752515196800232,958.4730834960938,46.8775634765625,0.05600646510720253,926.6077880859375,99.87693786621094,0.14871396124362946,901.7781982421875,79.60780334472656,0.12438447028398514,983.1832275390625,61.61521911621094,0.8322403430938721,1055.8223876953125,62.185638427734375,0.7938647270202637,878.8566284179688,439.12841796875,0.9841334819793701,1069.0264892578125,454.7165222167969,0.9765589237213135,861.6399536132812,817.7153930664062,0.9865117073059082,1245.8028564453125,763.9722290039062,0.9820842146873474
547,18233,897.4845581054688,76.95767211914062,0.004413108341395855,901.0789184570312,53.644134521484375,0.004369709175080061,894.7205810546875,67.64188385009766,0.00176815630402416,924.8538818359375,41.65544128417969,0.00625761179253459,917.1493530273438,65.98251342773438,0.0014752565184608102,937.5792846679688,0.2797393798828125,0.006683495827019215,956.9467163085938,0.0,0.006658763624727726,930.6973266601562,35.247894287109375,0.07308779656887054,929.1405639648438,30.556777954101562,0.07298246026039124,923.9273681640625,73.75703430175781,0.24281854927539825,900.27783203125,72.70541381835938,0.2369837611913681,997.1796264648438,57.590789794921875,0.7808449864387512,1029.99169921875,56.7176513671875,0.7620084285736084,891.468017578125,439.8624572753906,0.9811047911643982,1042.3846435546875,442.8627624511719,0.9752256274223328,851.3410034179688,817.8330688476562,0.9818783402442932,1276.285400390625,735.3006591796875,0.9775542616844177
548,18266,896.806640625,72.32679748535156,0.0054698605090379715,901.2305297851562,48.42082214355469,0.005181081127375364,892.7991943359375,64.44497680664062,0.0022702752612531185,927.8187255859375,36.004188537597656,0.006246265023946762,908.84423828125,65.24853515625,0.0016541891964152455,940.0123901367188,0.0,0.006391290575265884,942.1399536132812,0.0,0.008271632716059685,929.2350463867188,29.922134399414062,0.06934541463851929,919.9691162109375,29.690322875976562,0.09355813264846802,920.5665893554688,68.98027038574219,0.24269789457321167,893.4946899414062,69.02503967285156,0.29192468523979187,1000.1083984375,50.182525634765625,0.7634695768356323,1016.1773071289062,51.4185791015625,0.7625805735588074,891.4175415039062,440.40069580078125,0.9772757887840271,1014.349609375,451.11566162109375,0.9721419215202332,881.4746704101562,823.4603271484375,0.9776543974876404,1278.4105224609375,720.5509643554688,0.9730123281478882
549,18300,912.4534301757812,90.99373626708984,0.004731439519673586,910.052734375,68.66807556152344,0.0045586577616631985,909.9407958984375,82.99955749511719,0.0021319654770195484,925.9539184570312,52.697845458984375,0.006805030163377523,933.9452514648438,78.88247680664062,0.0018555348506197333,923.3317260742188,8.8751220703125,0.008862788788974285,968.6991577148438,2.1610565185546875,0.008073931559920311,921.71923828125,50.75880432128906,0.07306890189647675,947.8972778320312,48.96844482421875,0.07184424996376038,908.3179931640625,88.52934265136719,0.19061805307865143,891.8236694335938,71.68693542480469,0.20758888125419617,986.2903442382812,64.91496276855469,0.8092218637466431,1021.3383178710938,69.1673583984375,0.7784066200256348,903.7985229492188,449.56878662109375,0.9831439852714539,998.0126953125,475.4176330566406,0.9745836853981018,925.4634399414062,839.0423583984375,0.9868322610855103,1257.5592041015625,707.81494140625,0.9817907810211182
550,18333,909.7327880859375,81.79774475097656,0.00352835888043046,912.11669921875,63.994834899902344,0.0038719705771654844,907.2881469726562,76.31742095947266,0.0016559753566980362,937.6986694335938,48.63006591796875,0.00956785399466753,925.0076904296875,71.03036499023438,0.0021606783848255873,943.4013671875,10.86346435546875,0.013533618301153183,946.979248046875,0.0,0.01110050454735756,940.8900756835938,65.171630859375,0.07330863922834396,943.9494018554688,56.02720642089844,0.06578515470027924,914.9353637695312,115.16065979003906,0.12404031306505203,892.9629516601562,90.06092834472656,0.1285242736339569,989.729736328125,93.87542724609375,0.8611590266227722,993.8859252929688,96.88032531738281,0.8324072360992432,900.7962036132812,463.1493835449219,0.983794629573822,968.5354614257812,494.8702697753906,0.974617063999176,961.8966674804688,838.336181640625,0.9868807792663574,1234.6029052734375,694.3947143554688,0.9814815521240234
551,18366,885.5465698242188,75.92399597167969,0.0030473321676254272,890.2837524414062,58.142303466796875,0.003438727930188179,885.5848999023438,73.05372619628906,0.0016074856976047158,919.858154296875,39.17138671875,0.01538076438009739,905.5288696289062,65.66903686523438,0.003949683625251055,938.7409057617188,6.401573181152344,0.019963674247264862,934.1875,0.0,0.02772282063961029,932.5181274414062,56.56798553466797,0.0680990070104599,929.94384765625,53.533470153808594,0.10119764506816864,910.8023681640625,132.5387420654297,0.07900717109441757,884.5772094726562,117.88922882080078,0.10765509307384491,997.6522216796875,126.26641845703125,0.8964542150497437,995.458984375,122.12882995605469,0.9023200869560242,906.8386840820312,490.9670104980469,0.9816276431083679,953.2461547851562,484.2843017578125,0.9779556393623352,1004.5391235351562,843.368408203125,0.9794386625289917,1211.7310791015625,696.0496215820312,0.9771367907524109
552,18400,901.7891235351562,83.77411651611328,0.004371261224150658,905.5446166992188,66.79536437988281,0.004366727080196142,894.4097900390625,81.18099975585938,0.0021396400406956673,935.0178833007812,45.36112976074219,0.011895972304046154,899.6115112304688,72.39708709716797,0.0033114482648670673,950.7284545898438,6.71868896484375,0.024494938552379608,916.31103515625,0.0,0.02563491463661194,932.173095703125,51.33183288574219,0.10806120187044144,904.3770141601562,53.25169372558594,0.12306459993124008,892.9744262695312,125.18998718261719,0.14062750339508057,873.33935546875,108.19834899902344,0.17346356809139252,1020.637451171875,117.69410705566406,0.9293952584266663,991.0833129882812,119.44633483886719,0.9235827922821045,916.0897216796875,490.3831787109375,0.9882127642631531,926.4058227539062,498.7340087890625,0.9835057854652405,1068.5789794921875,834.4691162109375,0.9882810711860657,1176.890625,695.3298950195312,0.9857386350631714
553,18433,849.5643920898438,52.407691955566406,0.0022013969719409943,854.6929931640625,37.666168212890625,0.0028328082989901304,848.58837890625,52.642913818359375,0.0008533468353562057,892.2127075195312,25.812149047851562,0.020091066136956215,871.3810424804688,52.77392578125,0.0024789765011519194,914.8696899414062,0.0,0.04014869034290314,889.927001953125,0.0,0.0239956583827734,850.2411499023438,1.0888824462890625,0.1594548225402832,870.6995239257812,12.091506958007812,0.08397263288497925,899.9511108398438,12.251174926757812,0.13399949669837952,876.9635009765625,22.760879516601562,0.0754629373550415,1021.1229858398438,138.86331176757812,0.9277945756912231,982.6265258789062,136.41757202148438,0.9028711915016174,943.229736328125,503.4785461425781,0.9813365340232849,883.93310546875,463.8414001464844,0.9677841663360596,1088.2117919921875,826.0307006835938,0.9698873162269592,1129.640625,682.85400390625,0.9619192481040955
554,18466,860.023681640625,79.28638458251953,0.0020948639139533043,864.4451904296875,58.639434814453125,0.0026774893049150705,856.53466796875,75.68971252441406,0.0009460028959438205,903.3794555664062,40.055694580078125,0.01601569727063179,873.5299072265625,72.5855712890625,0.0023096553049981594,933.8560791015625,3.6259918212890625,0.019005319103598595,892.9747924804688,0.0,0.024740543216466904,871.3938598632812,27.0699462890625,0.0731787383556366,900.536865234375,38.713531494140625,0.10354895889759064,863.6153564453125,109.23603057861328,0.06932215392589569,868.2532348632812,110.05632019042969,0.08950113505125046,1023.8877563476562,124.64044189453125,0.8962479829788208,965.1423950195312,124.03722381591797,0.904585063457489,999.65478515625,503.76434326171875,0.9755816459655762,860.2494506835938,455.930908203125,0.9710537195205688,1157.4481201171875,833.8883056640625,0.9650189876556396,1077.1922607421875,702.2243041992188,0.9667928218841553
555,18500,876.151611328125,78.71585083007812,0.0024392548948526382,880.74267578125,54.52024841308594,0.0030947427731007338,871.8761596679688,69.9938735961914,0.0013347853673622012,919.3123168945312,38.97651672363281,0.01593022048473358,888.4173583984375,68.77262878417969,0.0030367334838956594,959.5430297851562,13.531951904296875,0.012303550727665424,912.2843627929688,6.8385772705078125,0.029966488480567932,939.6070556640625,53.93511199951172,0.03172101080417633,954.7937622070312,52.0389404296875,0.10922006517648697,928.6221313476562,111.70374298095703,0.02972727082669735,907.9465942382812,94.58349609375,0.07653821259737015,1028.1683349609375,111.39033508300781,0.8485932350158691,962.7738647460938,110.66651916503906,0.8970274925231934,1036.8475341796875,485.8559875488281,0.9692390561103821,858.7027587890625,440.99688720703125,0.9741618633270264,1191.355224609375,839.5606079101562,0.9631702303886414,1029.7999267578125,734.7335815429688,0.9725238084793091
556,18533,884.6614990234375,85.74236297607422,0.0032213525846600533,889.6365966796875,60.62562561035156,0.004219128284603357,879.549560546875,74.44175720214844,0.0019930549897253513,923.6353149414062,45.34474182128906,0.02078518085181713,890.8196411132812,72.0358657836914,0.005007665138691664,962.102783203125,19.067550659179688,0.0191939827054739,908.7491455078125,17.30255126953125,0.03216021507978439,940.967529296875,61.314720153808594,0.03481648489832878,959.9641723632812,61.56120300292969,0.07702206820249557,951.516357421875,122.56301879882812,0.023808179423213005,943.3687133789062,115.69013214111328,0.04155440255999565,1038.7386474609375,109.36848449707031,0.8655194640159607,963.7877197265625,112.57997131347656,0.8947610855102539,1075.3968505859375,474.55548095703125,0.9723569750785828,854.3209228515625,431.4366149902344,0.9739315509796143,1228.9498291015625,816.6362915039062,0.9693118333816528,962.0824584960938,743.132080078125,0.9758427739143372
557,18566,915.6245727539062,94.84554290771484,0.003304180456325412,920.4893188476562,72.16007995605469,0.004134060349315405,907.9093017578125,81.8023452758789,0.0018188155954703689,953.367431640625,59.174652099609375,0.012578426860272884,913.9561157226562,75.7672119140625,0.002821724396198988,974.1344604492188,32.31060791015625,0.016317028552293777,933.9369506835938,21.615509033203125,0.013422380201518536,927.3399047851562,77.02272033691406,0.05378064140677452,976.2589111328125,71.22477722167969,0.05032730475068092,911.9312133789062,118.30636596679688,0.050024550408124924,936.1175537109375,103.705078125,0.0447196401655674,1047.155517578125,80.72044372558594,0.8457754254341125,972.65771484375,78.69415283203125,0.8361135125160217,1097.3946533203125,458.06488037109375,0.9760804176330566,871.6435546875,426.0015869140625,0.9701142311096191,1270.047119140625,794.0126953125,0.9788049459457397,893.855712890625,777.9514770507812,0.9785521626472473
558,18600,928.2177124023438,93.24920654296875,0.0051666670478880405,931.6395263671875,71.30003356933594,0.00574721023440361,918.9347534179688,78.99213409423828,0.002749181119725108,958.8820190429688,59.7557373046875,0.008419468067586422,918.8552856445312,73.22273254394531,0.002292848192155361,972.9778442382812,41.96722412109375,0.010277405381202698,938.7610473632812,26.984344482421875,0.009699998423457146,921.8865966796875,89.0009765625,0.05219529569149017,972.68798828125,65.03141784667969,0.0554254949092865,882.2026977539062,116.52644348144531,0.07366541773080826,910.9727783203125,80.73435974121094,0.07407259196043015,1042.9691162109375,77.7388916015625,0.8352330327033997,970.4678344726562,77.6304931640625,0.8312164545059204,1106.44873046875,451.8390197753906,0.9819760322570801,887.8784790039062,436.76715087890625,0.9782338738441467,1302.7510986328125,781.0497436523438,0.9865642786026001,871.7928466796875,791.9733276367188,0.9862955212593079
559,18633,931.3348388671875,95.9000473022461,0.005385801196098328,935.32177734375,74.8549575805664,0.005662610754370689,922.2745971679688,82.1436767578125,0.0027422846760600805,963.2374877929688,62.418914794921875,0.006570362485945225,922.7435913085938,74.83719635009766,0.0018304904224351048,972.2532348632812,41.26139831542969,0.0075905416160821915,945.4138793945312,25.556991577148438,0.00825306586921215,904.843505859375,84.22709655761719,0.05189089849591255,963.8060302734375,61.87797546386719,0.06292401999235153,833.1044921875,119.66697692871094,0.09049048274755478,894.7044067382812,76.66012573242188,0.10253206640481949,1039.8724365234375,71.76072692871094,0.8150936365127563,972.9463500976562,72.70774841308594,0.8192382454872131,1096.79345703125,447.1728515625,0.9809271097183228,898.175537109375,439.1239013671875,0.9781054854393005,1320.345703125,763.3994750976562,0.9862402081489563,870.1404418945312,797.019287109375,0.9861915111541748
560,18666,946.397705078125,89.62126922607422,0.007341867778450251,947.3699340820312,71.8582763671875,0.0064073652029037476,937.1574096679688,78.40921783447266,0.003782443003728986,966.8615112304688,58.9951171875,0.0053597381338477135,939.6033325195312,67.82176208496094,0.0020105678122490644,963.3944091796875,28.466354370117188,0.008866907097399235,977.347412109375,5.9680023193359375,0.0068677859380841255,905.7777099609375,81.12954711914062,0.07790637016296387,970.5084228515625,62.7410888671875,0.06246838718652725,846.3129272460938,105.67730712890625,0.15629327297210693,892.6077270507812,75.73223876953125,0.13444234430789948,1031.47412109375,77.73957824707031,0.8024523854255676,991.5294799804688,68.84518432617188,0.7771233320236206,1078.2506103515625,458.02618408203125,0.9790123105049133,908.986328125,440.9698791503906,0.9733172655105591,1332.3533935546875,747.8153686523438,0.9842244386672974,892.4927368164062,802.4166870117188,0.9822807908058167
561,18700,907.1459350585938,85.34971618652344,0.007112728897482157,908.8277587890625,65.4876480102539,0.006924786604940891,899.1687622070312,74.4192123413086,0.00335705210454762,938.1073608398438,53.171173095703125,0.005487085785716772,910.9649658203125,68.0280990600586,0.0014471951872110367,952.7927856445312,22.117080688476562,0.005728143732994795,946.138427734375,8.685882568359375,0.007534172385931015,924.022705078125,55.10462951660156,0.055653173476457596,964.9765014648438,53.15185546875,0.08899707347154617,876.3388061523438,113.03659057617188,0.1387111097574234,895.35498046875,83.25210571289062,0.1926238238811493,1012.7672119140625,65.13890075683594,0.8100224733352661,967.1558227539062,68.46221923828125,0.8263037800788879,1046.3521728515625,473.5968933105469,0.9803721308708191,916.8841552734375,464.41802978515625,0.9803026914596558,1328.0859375,727.9829711914062,0.985880434513092,939.0745239257812,816.4891357421875,0.9866889119148254
562,18733,908.7734985351562,70.6556167602539,0.0029931815806776285,909.8961791992188,56.200653076171875,0.003387423697859049,904.7939453125,64.22213745117188,0.0014794861199334264,935.510986328125,43.40904235839844,0.007701216731220484,928.3267822265625,54.655975341796875,0.0015949764056131244,930.7137451171875,3.2493438720703125,0.009366276673972607,962.9008178710938,0.0,0.00849719438701868,896.5482788085938,25.914459228515625,0.057478297501802444,948.4556274414062,36.96473693847656,0.0584222786128521,911.4622192382812,91.15516662597656,0.07789282500743866,905.2730712890625,76.44282531738281,0.07646925002336502,998.8335571289062,81.83326721191406,0.8599035143852234,987.4024658203125,84.81216430664062,0.8521150350570679,1000.3798828125,492.1390686035156,0.9797552824020386,928.4805908203125,480.3556823730469,0.9769676923751831,1319.2222900390625,721.2848510742188,0.9839044809341431,971.124755859375,826.5904541015625,0.9835558533668518
563,18766,887.79736328125,62.33244323730469,0.0027281891088932753,889.5146484375,48.04966735839844,0.003275094088166952,884.9513549804688,61.418609619140625,0.0015076285926625133,919.2299194335938,36.594085693359375,0.011091798543930054,920.2000122070312,58.05853271484375,0.0023918834049254656,908.8260498046875,5.368721008300781,0.011531730182468891,990.5934448242188,0.0,0.013811228796839714,881.786865234375,27.094802856445312,0.047644954174757004,950.9385375976562,39.46696472167969,0.07271961867809296,906.1784057617188,71.27384948730469,0.05099678412079811,903.8780517578125,88.3406753540039,0.07566548883914948,996.8377685546875,109.08613586425781,0.8594794273376465,1030.61474609375,110.86454772949219,0.8701772689819336,942.7393798828125,492.4583435058594,0.9723364114761353,939.3666381835938,494.5016174316406,0.9740837812423706,1269.925048828125,701.1031494140625,0.9777607321739197,1005.3552856445312,831.8804321289062,0.9783873558044434
564,18800,888.9797973632812,65.42404174804688,0.0036867756862193346,888.6321411132812,51.40386199951172,0.003726136637851596,885.79345703125,66.46138000488281,0.0016827910440042615,912.9819946289062,36.406951904296875,0.010359416715800762,920.9804077148438,62.01283264160156,0.002447962062433362,896.674072265625,0.135040283203125,0.021479323506355286,984.7959594726562,0.0,0.017128515988588333,848.7258911132812,15.477859497070312,0.12852326035499573,900.8359375,34.88383483886719,0.11028376966714859,906.8477783203125,45.64530944824219,0.1643480360507965,896.1472778320312,63.03071594238281,0.15662254393100739,1005.7586059570312,121.04141235351562,0.9129322171211243,1048.43505859375,125.00122833251953,0.899278461933136,919.835693359375,486.870849609375,0.9815325140953064,939.8695678710938,495.39990234375,0.9782000184059143,1223.925048828125,710.0982055664062,0.9819024801254272,1034.0963134765625,833.513671875,0.978947639465332
565,18833,886.973388671875,63.20738983154297,0.005290402099490166,889.4290161132812,47.744293212890625,0.004435503855347633,884.1868896484375,65.96644592285156,0.0021515898406505585,923.83984375,33.75984191894531,0.010955561883747578,926.5267333984375,64.31263732910156,0.0029981648549437523,922.845703125,0.0,0.02987886592745781,1005.2077026367188,0.0,0.032371725887060165,867.4905395507812,16.037246704101562,0.19275085628032684,909.03515625,37.18235778808594,0.21214240789413452,837.2869262695312,8.439468383789062,0.2702966034412384,830.9051513671875,12.871307373046875,0.3090018630027771,1019.5167846679688,117.11906433105469,0.9225943684577942,1069.947509765625,117.31361389160156,0.9213034510612488,892.5078735351562,481.4986572265625,0.9815087914466858,972.3048706054688,493.8576965332031,0.9801449775695801,1178.818115234375,724.0350341796875,0.9766435027122498,1063.3914794921875,825.1898803710938,0.9748740792274475
566,18866,885.4087524414062,71.82852172851562,0.003415861399844289,885.3252563476562,56.12681579589844,0.0033248888794332743,886.052490234375,76.11982727050781,0.0013588130241259933,921.1399536132812,41.3653564453125,0.015002254396677017,944.600830078125,74.00166320800781,0.0031357582192867994,925.7320556640625,0.0,0.04007820039987564,1031.971435546875,0.0,0.03292335942387581,882.4116821289062,15.424530029296875,0.2015335112810135,937.2242431640625,31.308929443359375,0.16046464443206787,826.2178955078125,3.3797149658203125,0.2221934050321579,823.4749755859375,4.7779541015625,0.2013334333896637,1015.3617553710938,110.64349365234375,0.917611300945282,1093.0250244140625,108.13348388671875,0.9058247208595276,871.2176513671875,461.8091125488281,0.9772673845291138,1006.1052856445312,483.65496826171875,0.9728259444236755,1127.9801025390625,732.4780883789062,0.9701237678527832,1125.7254638671875,819.2081909179688,0.9646723866462708
567,18900,896.91162109375,75.50628662109375,0.003042572643607855,893.5470581054688,57.45794677734375,0.003612590953707695,898.2550048828125,77.14924621582031,0.001534403651021421,918.3099975585938,40.76765441894531,0.017612332478165627,955.80908203125,72.85533142089844,0.003917025867849588,912.6478271484375,0.6795730590820312,0.02545309066772461,1043.0372314453125,0.0,0.018081601709127426,895.6598510742188,22.004241943359375,0.08582007884979248,998.9725952148438,35.239837646484375,0.0629996508359909,941.41259765625,46.731170654296875,0.09460198879241943,940.9332885742188,64.17924499511719,0.07577534765005112,1006.5928955078125,95.21983337402344,0.8649517893791199,1104.5767822265625,91.70045471191406,0.8404532074928284,871.665771484375,455.5485534667969,0.9764080047607422,1042.646484375,468.8089599609375,0.9705237150192261,1053.49072265625,785.5880737304688,0.9767115116119385,1188.2947998046875,821.4957275390625,0.9719491004943848
568,18933,911.6705932617188,82.005615234375,0.0036191430408507586,907.400390625,62.92071533203125,0.003415539860725403,914.7021484375,80.51030731201172,0.0018733792239800096,924.0260620117188,45.53535461425781,0.01004395354539156,968.00830078125,74.15945434570312,0.003274262882769108,922.075927734375,6.964118957519531,0.011841995641589165,1055.3614501953125,0.0,0.01882571168243885,926.192138671875,47.03583526611328,0.05675439164042473,1023.2276611328125,40.83812713623047,0.1151726245880127,943.5098876953125,88.27326965332031,0.10786296427249908,938.6019287109375,72.13444519042969,0.19288845360279083,1007.398193359375,87.66581726074219,0.8377954363822937,1112.4024658203125,83.79647827148438,0.8599015474319458,887.6279907226562,442.75628662109375,0.979677140712738,1072.1573486328125,463.1325988769531,0.981165885925293,976.3887329101562,797.6742553710938,0.982349693775177,1222.4488525390625,803.7864990234375,0.9820426106452942
569,18966,932.0143432617188,87.70392608642578,0.0035088041331619024,929.9313354492188,66.02934265136719,0.0032951633911579847,933.16552734375,81.12574768066406,0.0015122971963137388,946.8065185546875,47.97212219238281,0.007383239921182394,977.2286376953125,72.67579650878906,0.001920723239891231,946.5035400390625,4.06365966796875,0.009672357700765133,1049.468505859375,0.0,0.010217306204140186,948.3180541992188,48.508094787597656,0.07870493829250336,1011.701904296875,38.50520324707031,0.09444213658571243,958.7464599609375,99.42572021484375,0.20183946192264557,944.5526733398438,87.29795837402344,0.2362302541732788,1020.0284423828125,71.86148071289062,0.8199354410171509,1109.504150390625,69.09580993652344,0.8123353719711304,906.0567626953125,437.61712646484375,0.9810740351676941,1093.5296630859375,450.11328125,0.9776456356048584,899.4324340820312,807.7474365234375,0.9815945625305176,1260.892578125,782.427978515625,0.9782745242118835
570,19000,947.4609985351562,83.62747192382812,0.0036582692991942167,947.9639282226562,59.833648681640625,0.0037785498425364494,944.599609375,72.796875,0.0015992175322026014,966.7731323242188,45.18544006347656,0.006290661636739969,971.7235717773438,67.86669158935547,0.0015094358241185546,971.8612060546875,5.835205078125,0.006731030531227589,1020.4193115234375,0.0,0.005636122077703476,967.5983276367188,44.641845703125,0.06323635578155518,981.9879150390625,34.43623352050781,0.05713535472750664,963.4791870117188,89.19671630859375,0.18968501687049866,935.5658569335938,78.4299545288086,0.18383315205574036,1034.1822509765625,53.64056396484375,0.7709817886352539,1088.0205078125,53.64555358886719,0.7386720776557922,924.3264770507812,434.4529724121094,0.9804210662841797,1092.6009521484375,445.2507019042969,0.9736348390579224,875.788330078125,813.1475830078125,0.9829809665679932,1289.718505859375,772.82373046875,0.9779083132743835
571,19033,956.662353515625,79.23323822021484,0.004291317891329527,957.695068359375,55.15928649902344,0.004245326854288578,953.3785400390625,68.06890869140625,0.001686908071860671,977.54736328125,40.748291015625,0.004526237491518259,976.8057861328125,63.93310546875,0.0010420309845358133,985.8237915039062,0.0,0.0049690608866512775,1017.02783203125,0.0,0.003921534400433302,973.8530883789062,33.97700500488281,0.0754011943936348,979.2442626953125,27.242294311523438,0.0616496242582798,958.4647216796875,80.99775695800781,0.29176104068756104,939.6629028320312,79.7193832397461,0.26845696568489075,1041.548583984375,49.086273193359375,0.7638388276100159,1080.1181640625,49.30714416503906,0.7203595042228699,933.3984375,431.3240966796875,0.982671320438385,1080.6197509765625,441.33648681640625,0.9750345945358276,874.7029418945312,807.1011352539062,0.9857392907142639,1301.0784912109375,754.0816040039062,0.9804328680038452
572,19066,982.6836547851562,69.06692504882812,0.015420866198837757,993.3964233398438,35.693756103515625,0.012617484666407108,973.39404296875,51.71564483642578,0.007751401513814926,1017.2963256835938,24.427162170410156,0.01211436465382576,975.9990234375,51.72926330566406,0.00460162153467536,1024.4403076171875,0.0,0.020159263163805008,989.880126953125,0.0,0.016012316569685936,991.0872802734375,35.70835876464844,0.12288819998502731,949.4344482421875,25.44733428955078,0.12008852511644363,942.9957275390625,84.03176879882812,0.3281274139881134,941.2526245117188,69.87455749511719,0.39430713653564453,1061.5087890625,75.308349609375,0.7625343799591064,1056.9345703125,87.67739868164062,0.726214587688446,912.4959106445312,424.4451599121094,0.9602311253547668,1058.21826171875,455.5815124511719,0.9439190030097961,925.9561767578125,789.5143432617188,0.9424524307250977,1296.51953125,726.2722778320312,0.9268710017204285
573,19100,938.1046752929688,92.98471069335938,0.007450868841260672,938.6969604492188,69.56609344482422,0.0068021491169929504,934.0895385742188,85.525634765625,0.002676185918971896,968.8067016601562,49.660675048828125,0.00811000820249319,965.0208129882812,75.94292449951172,0.0017017547506839037,976.5875854492188,0.0,0.011147145181894302,1008.498779296875,0.0,0.012269241735339165,970.5122680664062,32.327178955078125,0.11429315060377121,987.609619140625,34.543212890625,0.13438266515731812,957.1851196289062,85.91006469726562,0.33330515027046204,942.068359375,82.92237854003906,0.3800824284553528,1040.851318359375,59.2236328125,0.8203031420707703,1069.0467529296875,59.477508544921875,0.8089013695716858,945.9501342773438,452.5177001953125,0.9801712036132812,1038.1607666015625,466.20172119140625,0.9740878939628601,941.4454345703125,806.1539306640625,0.9809534549713135,1279.8868408203125,711.4559326171875,0.9763399958610535
574,19133,933.8330078125,89.18898010253906,0.005624464247375727,934.3906860351562,69.71752166748047,0.006567281670868397,931.6761474609375,83.77562713623047,0.002041077008470893,965.2736206054688,51.052734375,0.01413387805223465,956.80029296875,76.60084533691406,0.0018610991537570953,984.5675048828125,9.316085815429688,0.017031941562891006,983.1853637695312,0.0,0.014646165072917938,982.9376831054688,54.76844787597656,0.1033240556716919,985.0548706054688,54.96839904785156,0.09266939014196396,958.6448364257812,93.68408203125,0.20139193534851074,938.1489868164062,79.01321411132812,0.19403138756752014,1042.998779296875,77.40907287597656,0.860181987285614,1041.8399658203125,78.0208740234375,0.8362166881561279,954.0484008789062,464.1010437011719,0.9827776551246643,1007.5424194335938,478.92791748046875,0.9740678668022156,999.8939208984375,839.5699462890625,0.982763409614563,1258.7513427734375,698.5692138671875,0.9773300886154175
575,19166,929.4569091796875,81.41610717773438,0.006782863289117813,930.8544311523438,64.98326110839844,0.0069745793007314205,925.7609252929688,79.02051544189453,0.0025075008161365986,963.027099609375,46.06333923339844,0.013379095122218132,944.0762329101562,72.2322006225586,0.0023052303586155176,988.1400146484375,7.180572509765625,0.023340439423918724,968.4490356445312,0.0,0.022304272279143333,986.0440673828125,53.7857666015625,0.14133425056934357,977.6849365234375,54.25254821777344,0.14028070867061615,952.8012084960938,102.99517822265625,0.250899076461792,938.467529296875,90.16593933105469,0.26152491569519043,1054.6153564453125,99.49429321289062,0.9168503880500793,1037.42529296875,101.66267395019531,0.9050367474555969,957.868896484375,467.84765625,0.9887795448303223,995.5332641601562,490.63616943359375,0.9833974242210388,1050.6341552734375,835.3132934570312,0.9883812069892883,1225.4100341796875,695.475830078125,0.9849676489830017
576,19200,970.4637451171875,78.21382141113281,0.01541880238801241,980.7599487304688,52.10856628417969,0.01369355246424675,963.7020874023438,65.72868347167969,0.008014150895178318,1000.906005859375,29.22942352294922,0.021167362108826637,960.615966796875,52.74082946777344,0.006755385547876358,1004.1546020507812,0.0,0.04170377179980278,977.548828125,0.0,0.030606890097260475,960.7181396484375,63.49919128417969,0.15032507479190826,968.4160766601562,51.50175476074219,0.1262582242488861,931.3092651367188,114.34757995605469,0.2261403203010559,929.6566772460938,79.9808578491211,0.23822882771492004,1061.625732421875,143.63160705566406,0.8562984466552734,1031.228271484375,143.97203063964844,0.8263594508171082,949.53662109375,485.3174743652344,0.9681329727172852,938.1890258789062,469.74163818359375,0.9511699080467224,1094.6895751953125,821.6730346679688,0.958064615726471,1192.63525390625,681.362060546875,0.9488877654075623
577,19233,905.8683471679688,70.22454071044922,0.0036249752156436443,914.1787719726562,50.823394775390625,0.0032450270373374224,901.3632202148438,68.24198913574219,0.0011208277428522706,965.6096801757812,32.057281494140625,0.009665152989327908,921.19873046875,64.85481262207031,0.0013197954976931214,996.4999389648438,0.0,0.01932295225560665,967.6847534179688,0.0,0.03400601074099541,939.9254760742188,17.925430297851562,0.18691617250442505,989.9124755859375,43.265167236328125,0.34072521328926086,872.621337890625,13.6241455078125,0.33740973472595215,879.6756591796875,26.651412963867188,0.5166463255882263,1068.9990234375,131.00106811523438,0.9074161648750305,1020.3190307617188,126.48509216308594,0.9229167103767395,1001.7485961914062,499.6820983886719,0.9749023914337158,900.82861328125,467.6509094238281,0.9731982946395874,1123.060302734375,825.899658203125,0.9545066356658936,1145.956787109375,686.5598754882812,0.9566823840141296
578,19266,908.4047241210938,73.77392578125,0.0026533256750553846,916.3291625976562,55.421974182128906,0.003010347718372941,904.5794677734375,72.0237808227539,0.0010431250557303429,957.3914794921875,39.536865234375,0.01585884764790535,918.0941162109375,70.11998748779297,0.0023432907182723284,976.1395263671875,0.7249603271484375,0.040403593331575394,940.3627319335938,0.0,0.02697952836751938,881.9026489257812,15.082260131835938,0.20469753444194794,915.8442993164062,27.492919921875,0.13727913796901703,877.7326049804688,7.625701904296875,0.20130503177642822,878.2332153320312,10.382858276367188,0.15097229182720184,1069.0224609375,131.1804656982422,0.9428720474243164,1008.6436157226562,126.7913818359375,0.9278155565261841,1042.41064453125,500.9497375488281,0.9846051931381226,882.267333984375,442.1378479003906,0.9761469960212708,1166.398681640625,803.6953125,0.9745297431945801,1078.7171630859375,694.3656005859375,0.9708048105239868
579,19300,909.7835693359375,72.47314453125,0.002041205996647477,917.0505981445312,54.84990692138672,0.0026208534836769104,906.9679565429688,69.18466186523438,0.0009449030039831996,952.7449951171875,41.975486755371094,0.016249965876340866,920.8786010742188,68.02166748046875,0.002594123361632228,972.2005615234375,3.5450592041015625,0.03636991232633591,936.6593627929688,0.0,0.020048025995492935,893.1258544921875,11.232421875,0.14219562709331512,915.0521850585938,16.261093139648438,0.07863811403512955,924.3106079101562,0.13037109375,0.10750892013311386,911.4768676757812,3.94793701171875,0.06705064326524734,1066.2205810546875,123.20539855957031,0.9306749701499939,1001.2213134765625,123.07646942138672,0.9067709445953369,1079.30859375,485.4044494628906,0.982573926448822,881.89111328125,439.12957763671875,0.9723246097564697,1215.1502685546875,820.4732666015625,0.9750341773033142,1032.7188720703125,753.2962646484375,0.9704511761665344
580,19333,975.997802734375,73.32902526855469,0.013013390824198723,986.422119140625,49.75041961669922,0.015279032289981842,970.228515625,61.69818878173828,0.00912461057305336,1015.6531372070312,35.41145324707031,0.030591534450650215,967.8343505859375,53.300697326660156,0.011711323633790016,1029.2388916015625,9.48358154296875,0.06096535176038742,969.7705078125,0.0,0.022757818922400475,981.6453247070312,64.10037231445312,0.1245090663433075,961.0350952148438,57.15497589111328,0.04392354562878609,974.4313354492188,129.66046142578125,0.10111943632364273,965.1242065429688,138.6009521484375,0.04584619402885437,1095.092529296875,118.0689468383789,0.8174198865890503,1012.5769653320312,108.20535278320312,0.7344222068786621,1118.9412841796875,458.1365661621094,0.9492431879043579,893.9994506835938,425.03704833984375,0.9142829179763794,1270.6500244140625,794.186279296875,0.92979896068573,968.52197265625,741.197998046875,0.9053804874420166
581,19366,945.6260375976562,113.02001953125,0.014696775004267693,948.8800659179688,88.31552124023438,0.014690577052533627,933.1131591796875,97.32618713378906,0.0063637299463152885,987.3871459960938,74.39982604980469,0.017281077802181244,947.0376586914062,84.29754638671875,0.0044989329762756824,1022.1332397460938,36.42091369628906,0.033156465739011765,972.6033325195312,31.550445556640625,0.02536967024207115,975.9990234375,94.53099060058594,0.13545355200767517,985.5435791015625,82.45852661132812,0.09508240967988968,916.8662719726562,131.30950927734375,0.18447940051555634,940.91162109375,115.05638122558594,0.1294725090265274,1103.47265625,94.25006103515625,0.8343612551689148,1027.98828125,93.20796203613281,0.8141288757324219,1127.7806396484375,466.8533935546875,0.9739078283309937,915.205078125,438.6250305175781,0.9643211960792542,1300.461669921875,789.7234497070312,0.9752877354621887,925.3862915039062,777.6677856445312,0.9741608500480652
582,19400,986.5554809570312,93.2669906616211,0.005663188174366951,989.658935546875,74.56727600097656,0.0056497384794056416,976.8190307617188,81.97755432128906,0.0029458238277584314,1015.7000122070312,62.751983642578125,0.0060716369189321995,974.8679809570312,74.31916809082031,0.0019041199702769518,1023.9254150390625,35.339813232421875,0.009496449492871761,992.6971435546875,15.168182373046875,0.007097977213561535,973.8869018554688,76.94833374023438,0.07046683877706528,1003.1697387695312,57.50028991699219,0.05564884841442108,937.0164794921875,101.47096252441406,0.12021724134683609,939.8820190429688,80.30772399902344,0.097661092877388,1081.24755859375,85.98788452148438,0.8341401219367981,1009.6597290039062,78.99742126464844,0.8098784685134888,1143.51513671875,456.5555725097656,0.9824076294898987,924.3411254882812,437.925048828125,0.9763995409011841,1334.1845703125,772.5791625976562,0.9868431687355042,900.0390625,785.9865112304688,0.9850116968154907
583,19433,991.540283203125,93.26033020019531,0.006924605928361416,994.5932006835938,75.27378845214844,0.005829154513776302,981.1531372070312,83.4129409790039,0.0033610749524086714,1019.8494873046875,63.009864807128906,0.00452852388843894,977.5805053710938,76.08279418945312,0.0016858691815286875,1023.7003784179688,32.51206970214844,0.008427808061242104,999.1469116210938,13.934600830078125,0.007903974503278732,978.068115234375,70.00721740722656,0.08959121257066727,996.1029052734375,55.509063720703125,0.0896473079919815,935.2320556640625,95.41717529296875,0.19598791003227234,933.785400390625,74.93898010253906,0.19136770069599152,1074.9686279296875,82.67312622070312,0.8320218920707703,1010.4658813476562,77.23576354980469,0.8203462362289429,1129.4189453125,457.2281799316406,0.9809752702713013,929.6012573242188,442.5992431640625,0.9762820601463318,1351.4915771484375,757.517578125,0.9841947555541992,904.3804931640625,784.6754760742188,0.9827237129211426
584,19466,999.3938598632812,59.673728942871094,0.01865243911743164,1007.5230102539062,35.85706329345703,0.015540526248514652,988.9601440429688,47.364051818847656,0.011514713987708092,1026.749267578125,28.45220947265625,0.011648908257484436,975.5657958984375,46.55754089355469,0.006305523682385683,1015.2362060546875,12.152755737304688,0.025176148861646652,995.9227294921875,0.0,0.014708691276609898,976.9515380859375,53.728546142578125,0.1273677498102188,982.6654052734375,38.56633758544922,0.07713811099529266,940.7529296875,94.39009094238281,0.21184325218200684,939.8705444335938,78.54393768310547,0.15713529288768768,1067.3902587890625,102.86576843261719,0.7759982943534851,1014.4031982421875,98.29328155517578,0.7236681580543518,1096.6163330078125,458.95013427734375,0.9518579244613647,936.4447631835938,453.11566162109375,0.935024082660675,1349.0167236328125,745.6205444335938,0.9390518069267273,950.8841552734375,791.1751098632812,0.9256757497787476
585,19500,990.6385498046875,56.67498779296875,0.01292500365525484,1001.4637451171875,34.62554168701172,0.011705110780894756,981.0157470703125,45.291481018066406,0.007593472953885794,1025.2811279296875,24.458084106445312,0.01069345511496067,968.4252319335938,40.068077087402344,0.004497956950217485,1011.6652221679688,5.803436279296875,0.020908888429403305,981.760498046875,0.0,0.011068709194660187,972.2855224609375,48.497520446777344,0.11603283882141113,978.4127807617188,33.871124267578125,0.06550131738185883,932.442138671875,102.05596160888672,0.18880560994148254,941.7908935546875,77.00662994384766,0.13572227954864502,1053.3985595703125,120.55645751953125,0.7762977480888367,998.9231567382812,115.86392211914062,0.7193783521652222,1057.94775390625,474.2342224121094,0.9492059946060181,938.6808471679688,468.4004821777344,0.931739866733551,1341.4556884765625,726.7903442382812,0.9399645328521729,984.4732055664062,785.1865234375,0.9275704622268677
586,19533,981.4456787109375,63.511287689208984,0.01694965362548828,993.8102416992188,40.864036560058594,0.017641818150877953,972.06591796875,52.489013671875,0.011656081303954124,1022.1180419921875,29.495956420898438,0.01838718168437481,964.21875,46.904273986816406,0.008240948431193829,1009.888427734375,9.265846252441406,0.032804276794195175,975.6591796875,0.0,0.01368679292500019,978.491455078125,42.820106506347656,0.10796657204627991,948.9977416992188,32.58512878417969,0.04366613179445267,958.9931030273438,88.74018859863281,0.13638272881507874,939.1593017578125,72.80303192138672,0.07319657504558563,1055.805908203125,122.4759521484375,0.8042148947715759,1010.088134765625,120.39965057373047,0.7299328446388245,1009.6788940429688,480.5688171386719,0.9543449282646179,948.9195556640625,478.6644287109375,0.9332947134971619,1323.06396484375,724.6790161132812,0.950903058052063,1012.7505493164062,802.0592651367188,0.9371034502983093
587,19566,909.24462890625,66.75315856933594,0.0032538597006350756,908.6229858398438,52.93107604980469,0.003529240610077977,908.4904174804688,65.6550064086914,0.0016547390259802341,936.6009521484375,36.12373352050781,0.011876191943883896,951.58251953125,56.54026794433594,0.0027636412996798754,939.3966064453125,2.7694244384765625,0.015299368649721146,1021.182373046875,0.0,0.022362250834703445,917.1328735351562,30.33636474609375,0.06527204066514969,994.8323974609375,37.925445556640625,0.12092901766300201,934.7937622070312,65.77963256835938,0.06996771693229675,933.8173828125,79.20059967041016,0.12032225728034973,1030.6197509765625,122.55070495605469,0.900088906288147,1063.5706787109375,124.65003204345703,0.9154179096221924,988.1102294921875,491.5051574707031,0.9794046878814697,980.2824096679688,495.39166259765625,0.9818817973136902,1285.68359375,696.6478881835938,0.9817416071891785,1054.00390625,816.2938842773438,0.982914924621582
588,19600,911.0987548828125,84.80007934570312,0.0026421628426760435,912.0296630859375,71.39579772949219,0.003004260128363967,909.6527709960938,84.74240112304688,0.0011963744182139635,940.8826904296875,55.52659606933594,0.011816571466624737,948.9212646484375,76.98893737792969,0.002293037949129939,936.72607421875,9.827568054199219,0.021873530000448227,1012.6774291992188,0.0,0.018081746995449066,895.080322265625,21.393081665039062,0.11984752863645554,956.4334716796875,33.9239501953125,0.10450417548418045,916.9640502929688,33.55952453613281,0.12555116415023804,918.7225952148438,40.43504333496094,0.1193956732749939,1040.151611328125,125.54960632324219,0.9127950072288513,1073.859375,127.1396484375,0.9023793935775757,962.3838500976562,486.5450134277344,0.9797284007072449,973.3727416992188,489.4031066894531,0.9763007164001465,1239.3646240234375,702.2647705078125,0.979494571685791,1093.188720703125,805.0043334960938,0.9764767289161682
589,19633,913.44140625,76.76142883300781,0.0037823496386408806,912.6754760742188,62.6312255859375,0.0034568612463772297,914.1932983398438,78.39287567138672,0.0013909743865951896,944.7288208007812,47.670433044433594,0.010739331133663654,970.5906982421875,71.91581726074219,0.0022543363738805056,944.4862670898438,8.246086120605469,0.02579064853489399,1068.721435546875,0.0,0.026035483926534653,930.4768676757812,24.61578369140625,0.1929282248020172,1034.233642578125,41.59529113769531,0.19654972851276398,902.587890625,23.236404418945312,0.2767598330974579,917.2764282226562,33.56236267089844,0.2915678918361664,1037.9989013671875,121.64730834960938,0.9133919477462769,1113.7928466796875,118.58674621582031,0.9104413390159607,935.419921875,482.7506408691406,0.9790863394737244,1017.333984375,492.3900451660156,0.9770886301994324,1196.3309326171875,713.8670654296875,0.9735332727432251,1111.93408203125,800.823486328125,0.970973014831543
590,19666,891.9102172851562,59.768646240234375,0.0037065923679620028,891.6417846679688,44.11516571044922,0.004170656204223633,893.6708374023438,62.35569763183594,0.0015319918747991323,926.09130859375,32.02445983886719,0.022398516535758972,955.9443969726562,60.36808776855469,0.004275931976735592,921.0269165039062,0.0,0.05360838398337364,1042.685302734375,0.0,0.02614535577595234,853.7195434570312,9.412124633789062,0.1917066127061844,975.6828002929688,21.900466918945312,0.08330084383487701,898.6494140625,7.4181060791015625,0.17792418599128723,924.1903076171875,12.535675048828125,0.09212887287139893,1039.608642578125,117.19944763183594,0.9113775491714478,1120.2420654296875,114.54487609863281,0.8746045827865601,923.564208984375,472.1535949707031,0.9787201881408691,1050.5478515625,478.92547607421875,0.9676748514175415,1148.1802978515625,758.3338623046875,0.9719547629356384,1185.4017333984375,802.0341796875,0.9627171754837036
591,19700,927.681396484375,83.69677734375,0.0018603993812575936,927.13623046875,66.24444580078125,0.0025531966239213943,928.1015625,83.06684875488281,0.001095138373784721,952.9478759765625,49.291168212890625,0.019141925498843193,973.576904296875,75.9180908203125,0.003971445374190807,959.5357055664062,13.87005615234375,0.01722223311662674,1042.1187744140625,4.201263427734375,0.01904401183128357,960.7388305664062,60.746315002441406,0.03631431981921196,1020.8899536132812,63.47779083251953,0.048139818012714386,968.8460083007812,137.33181762695312,0.029875516891479492,968.401123046875,131.4150390625,0.038274433463811874,1042.3414306640625,96.82049560546875,0.8548269271850586,1112.1324462890625,95.05023193359375,0.8610526919364929,914.2886962890625,455.884765625,0.9762458205223083,1083.874755859375,475.0959777832031,0.9760110378265381,1090.9244384765625,781.9591064453125,0.9805610775947571,1229.1748046875,813.5663452148438,0.9796153903007507
592,19733,974.5878295898438,67.55719757080078,0.01088827196508646,977.1236572265625,39.91900634765625,0.010766319930553436,976.7501220703125,56.46807861328125,0.0062451548874378204,989.6995849609375,26.91888427734375,0.025809861719608307,1011.473388671875,52.95172119140625,0.007522977888584137,975.5101928710938,0.0,0.03615034371614456,1073.16162109375,0.0,0.02715371735394001,971.0875854492188,52.590911865234375,0.10008049011230469,1021.20703125,49.867034912109375,0.08822451531887054,974.88720703125,109.34046936035156,0.15095002949237823,962.51806640625,94.82714080810547,0.16058586537837982,1053.993896484375,95.9560546875,0.8314693570137024,1136.843994140625,101.66789245605469,0.8031583428382874,920.688720703125,437.4355773925781,0.969859778881073,1109.0478515625,456.64398193359375,0.9603851437568665,1014.9560546875,799.7322387695312,0.9595085382461548,1266.554443359375,776.2955932617188,0.9527283310890198
593,19766,991.7937622070312,91.38363647460938,0.00539277633652091,990.0413818359375,69.61601257324219,0.00476799625903368,985.6690063476562,79.57255554199219,0.002665057545527816,1000.2817993164062,52.990264892578125,0.008972050622105598,1010.0198974609375,68.54804992675781,0.0031906443182379007,994.02099609375,8.714996337890625,0.015610295347869396,1050.0609130859375,2.2664337158203125,0.010882322676479816,979.956298828125,56.536285400390625,0.08844674378633499,1001.0971069335938,47.61790466308594,0.06309626996517181,973.6411743164062,89.33500671386719,0.18635663390159607,946.6470336914062,81.64997863769531,0.15692923963069916,1054.47216796875,67.31620788574219,0.8315644860267639,1112.0980224609375,67.25294494628906,0.7892555594444275,947.6657104492188,441.2624816894531,0.9836904406547546,1126.3878173828125,453.7738952636719,0.9749330878257751,936.6040649414062,825.8128051757812,0.9850446581840515,1296.50244140625,760.3521118164062,0.9802103638648987
594,19800,998.8458862304688,87.74842071533203,0.004560752771794796,997.7734375,65.93495178222656,0.00442876061424613,993.5702514648438,74.15792083740234,0.00229093455709517,1013.187744140625,53.40325927734375,0.00914197601377964,1019.3260498046875,66.10576629638672,0.002815537853166461,1014.0845947265625,18.417938232421875,0.011513644829392433,1046.237548828125,11.092620849609375,0.009420658461749554,994.2207641601562,67.62730407714844,0.05607806146144867,1001.5787353515625,54.32377624511719,0.051676806062459946,994.4764404296875,105.5050048828125,0.12243370711803436,955.010009765625,87.30038452148438,0.12503695487976074,1065.3680419921875,63.75993347167969,0.7951762676239014,1105.8046875,63.885040283203125,0.7637527585029602,959.3272705078125,437.85382080078125,0.9819483757019043,1126.967041015625,447.8887939453125,0.9742721319198608,912.0097045898438,820.165283203125,0.9852392673492432,1324.9354248046875,743.8284301757812,0.98130863904953
595,19833,970.7039794921875,71.76171112060547,0.004014260601252317,976.4844970703125,49.94190216064453,0.004176691174507141,966.4019775390625,61.956390380859375,0.0017717806622385979,1000.9056396484375,39.870758056640625,0.006585521157830954,978.42431640625,61.084075927734375,0.0015475839609280229,1016.8696899414062,0.1602630615234375,0.005935630761086941,999.4559936523438,0.0,0.007028121966868639,1007.0863647460938,42.84947204589844,0.05139072611927986,973.7969970703125,38.88185119628906,0.06792733073234558,992.2950439453125,95.59529113769531,0.16080942749977112,954.1903076171875,89.03739166259766,0.20009757578372955,1073.934326171875,59.94049072265625,0.7687019109725952,1081.892578125,61.20579528808594,0.7658668160438538,960.2841796875,436.1662902832031,0.9793271422386169,1099.7078857421875,443.0293884277344,0.9747925996780396,923.0348510742188,823.9307250976562,0.9815160036087036,1349.561767578125,737.0418090820312,0.9781461954116821
596,19866,963.4658813476562,73.30906677246094,0.004319268744438887,968.2239990234375,52.48846435546875,0.004186310805380344,960.4190063476562,67.98493194580078,0.0019445439102128148,992.6456909179688,37.77159118652344,0.007331934757530689,974.8099975585938,65.97354125976562,0.0018791721668094397,998.8084716796875,0.0,0.007132455240935087,1000.9867553710938,0.0,0.0117695527151227,986.9883422851562,32.74644470214844,0.055637575685977936,974.8980102539062,33.72175598144531,0.1098310723900795,987.8391723632812,88.29730224609375,0.1583888977766037,956.7779541015625,82.47484588623047,0.2649100720882416,1062.4683837890625,72.42247009277344,0.7991530299186707,1078.17333984375,75.7752685546875,0.8188315033912659,956.2708740234375,442.8393249511719,0.9778022170066833,1077.9862060546875,455.92889404296875,0.9758844375610352,951.0791015625,825.50390625,0.9785557985305786,1348.3663330078125,720.3660278320312,0.9762502312660217
597,19900,954.1719360351562,79.84320831298828,0.007914255373179913,955.4242553710938,60.243141174316406,0.007871249690651894,951.4771728515625,73.54243469238281,0.0028561167418956757,982.5789184570312,45.83734130859375,0.012245415709912777,974.0794067382812,69.99346160888672,0.002197869820520282,997.07177734375,6.0012359619140625,0.015783263370394707,1002.5262451171875,2.2611236572265625,0.0170164592564106,995.9313354492188,49.0960693359375,0.10857453942298889,993.5396118164062,50.15327453613281,0.11717471480369568,976.2097778320312,95.96099853515625,0.2583732604980469,954.2821655273438,85.92681884765625,0.2767575681209564,1064.70166015625,82.49391174316406,0.8401943445205688,1076.26513671875,85.48796081542969,0.8264089822769165,959.1076049804688,451.9734191894531,0.9813950657844543,1059.040283203125,476.3612365722656,0.9737900495529175,1000.412841796875,847.0291137695312,0.9810923933982849,1326.0244140625,705.926513671875,0.9757146239280701
598,19933,942.1649780273438,87.30162048339844,0.0066703432239592075,943.402587890625,68.57423400878906,0.006903533823788166,941.3770751953125,83.68309020996094,0.0024228168185800314,978.5128784179688,49.344085693359375,0.012400292791426182,969.279052734375,77.1031494140625,0.0020340955816209316,997.5626220703125,9.555770874023438,0.01571500487625599,1003.5051879882812,0.4109344482421875,0.01984487473964691,989.8392944335938,57.14396667480469,0.10446398705244064,1005.5288696289062,54.67909240722656,0.13768772780895233,951.3374633789062,95.70771789550781,0.2228681892156601,945.5758666992188,81.54904174804688,0.2801613211631775,1062.677734375,97.7720947265625,0.8770692944526672,1066.7325439453125,99.49617004394531,0.8749347925186157,957.0692749023438,463.64447021484375,0.9853524565696716,1028.8707275390625,492.6459045410156,0.9804155230522156,1039.4989013671875,852.0265502929688,0.9856869578361511,1292.501220703125,699.8355102539062,0.9822152256965637
599,19966,955.2742309570312,84.21794128417969,0.0023791431449353695,962.6436767578125,66.02311706542969,0.0031779443379491568,950.215576171875,82.234130859375,0.0013888418907299638,996.3908081054688,44.70075988769531,0.014366080984473228,951.7714233398438,74.49000549316406,0.002953906077891588,1018.6382446289062,6.712371826171875,0.011891696602106094,959.1456298828125,0.0,0.01897362433373928,1016.2584228515625,51.92127227783203,0.03536680340766907,966.1664428710938,46.97859191894531,0.07120203226804733,993.4724731445312,127.0722885131836,0.03857728838920593,943.5355834960938,102.94972229003906,0.07133029401302338,1075.5999755859375,111.12510681152344,0.8657095432281494,1035.83544921875,113.18472290039062,0.8821433186531067,971.6534423828125,487.0668640136719,0.9779462814331055,1005.6901245117188,494.512939453125,0.9752296209335327,1083.5284423828125,851.3115234375,0.9787372350692749,1263.260009765625,693.1141967773438,0.9773871302604675
600,20000,912.5344848632812,71.53793334960938,0.002175721572712064,915.1985473632812,55.756370544433594,0.002727454761043191,913.8206176757812,73.52059936523438,0.0008996336255222559,949.3282470703125,36.306861877441406,0.015157539397478104,945.1793212890625,68.42491149902344,0.00217006029561162,953.558349609375,0.0,0.027324959635734558,974.294677734375,0.0,0.01693287305533886,862.8402709960938,1.2968902587890625,0.13922344148159027,910.72998046875,22.288101196289062,0.07675651460886002,916.73291015625,6.649200439453125,0.14541205763816833,910.4801025390625,19.336074829101562,0.0930171012878418,1068.256591796875,127.64085388183594,0.9292314648628235,1065.164794921875,128.7381134033203,0.9041272401809692,981.6513671875,505.0015869140625,0.9869645237922668,986.8449096679688,484.6802062988281,0.9771103858947754,1146.89794921875,842.369384765625,0.9818515777587891,1231.5224609375,697.0270385742188,0.9758958220481873
601,20033,893.9886474609375,68.36892700195312,0.001988604897633195,900.126220703125,49.1627197265625,0.00271725095808506,893.2673950195312,66.16438293457031,0.0007929651183076203,943.9376831054688,36.453392028808594,0.017094489187002182,924.531005859375,65.74495697021484,0.0019129141001030803,965.05078125,1.4786453247070312,0.024706246331334114,963.6536865234375,0.0,0.017463311553001404,900.8839111328125,8.140960693359375,0.11498334258794785,931.3623046875,20.619186401367188,0.08100134134292603,915.4205932617188,8.715591430664062,0.11748587340116501,902.2529907226562,7.0707550048828125,0.09328308701515198,1075.679443359375,116.07737731933594,0.8464879393577576,1050.2135009765625,114.97526550292969,0.8161771297454834,1007.4347534179688,498.71722412109375,0.956778347492218,939.0860595703125,472.9930114746094,0.936195433139801,1157.662841796875,831.8212280273438,0.9340871572494507,1179.636474609375,728.8397827148438,0.9198520183563232
602,20066,918.3491821289062,104.14727783203125,0.0025208306033164263,921.5117797851562,80.86972045898438,0.004069153685122728,911.0066528320312,96.82672119140625,0.001053181360475719,966.6734619140625,61.479766845703125,0.027918953448534012,931.2315673828125,91.39569854736328,0.0022939022164791822,1002.6743774414062,27.276123046875,0.02752530388534069,956.8062744140625,18.051361083984375,0.023387955501675606,964.4199829101562,59.59162902832031,0.06990721821784973,990.437255859375,72.2098388671875,0.06608353555202484,944.8643798828125,129.44760131835938,0.05205393210053444,958.6961669921875,133.07949829101562,0.048254288733005524,1081.940185546875,111.5855712890625,0.9114477634429932,1019.0477294921875,106.71670532226562,0.9056293964385986,1069.8900146484375,506.20751953125,0.9828132390975952,910.5247192382812,448.3330993652344,0.977157711982727,1221.1884765625,840.6035766601562,0.9801381230354309,1118.4517822265625,721.39599609375,0.980305552482605
603,20100,934.8818359375,89.20697021484375,0.0014197984710335732,939.7252807617188,66.95050048828125,0.0022351695224642754,933.22802734375,81.75862884521484,0.0008296887390315533,977.8447875976562,50.704193115234375,0.016653820872306824,952.3447265625,77.91938781738281,0.0023831180296838284,1009.3868408203125,20.011756896972656,0.012218602001667023,974.1282958984375,7.0210418701171875,0.017208131030201912,983.54443359375,61.62867736816406,0.02861686982214451,1018.087890625,55.8526611328125,0.05624408274888992,989.6565551757812,120.43975067138672,0.019808245822787285,995.3192749023438,115.7010498046875,0.03335556760430336,1077.6727294921875,110.96736145019531,0.8619360327720642,1014.6339111328125,110.12841796875,0.8831323981285095,1107.20361328125,480.72198486328125,0.9738718867301941,907.308837890625,436.7337341308594,0.9730418920516968,1270.0023193359375,829.5397338867188,0.9738861322402954,1053.2841796875,733.7091064453125,0.9774288535118103
604,20133,980.44921875,71.07394409179688,0.010226854123175144,988.6538696289062,47.630767822265625,0.012061129324138165,973.8338623046875,60.09214782714844,0.007060989271849394,1015.3965454101562,35.96534729003906,0.02325959876179695,970.0906372070312,55.21460723876953,0.00856854859739542,1025.022216796875,9.234649658203125,0.04361392557621002,978.2662963867188,0.0,0.01659850962460041,985.2145385742188,57.723976135253906,0.10499366372823715,984.763916015625,49.507896423339844,0.039476245641708374,967.0779418945312,118.68193817138672,0.09013545513153076,974.6489868164062,112.92105102539062,0.044815536588430405,1092.5008544921875,104.11395263671875,0.8026058077812195,1015.5750732421875,98.75452423095703,0.7187557220458984,1137.983642578125,457.8674011230469,0.951443076133728,913.3606567382812,440.0912780761719,0.9207857847213745,1314.712890625,794.5283813476562,0.9369081258773804,982.3284912109375,771.029541015625,0.9145295023918152
605,20166,955.844482421875,87.3233642578125,0.00214891554787755,959.1844482421875,64.84785461425781,0.0029974079225212336,953.7418823242188,75.48353576660156,0.0013202456757426262,985.2290649414062,55.816680908203125,0.010186980478465557,965.7117919921875,74.41021728515625,0.0022504301741719246,998.2626342773438,27.5906982421875,0.008283164352178574,986.768798828125,17.786773681640625,0.00886975321918726,955.7098388671875,67.609130859375,0.028764143586158752,1039.5076904296875,52.440101623535156,0.038134489208459854,950.565673828125,117.70436096191406,0.026854485273361206,1004.4658813476562,111.3695297241211,0.03205488249659538,1077.5623779296875,80.11445617675781,0.8262155652046204,1017.975830078125,86.89389038085938,0.8347090482711792,1155.35791015625,454.7963562011719,0.9769250154495239,928.7296752929688,442.3874206542969,0.9746515154838562,1343.7470703125,790.8117065429688,0.9815254211425781,925.99755859375,793.8733520507812,0.9825953245162964
606,20200,992.5206298828125,93.17731475830078,0.005020056385546923,995.5421142578125,72.68927764892578,0.005646856501698494,982.8563842773438,79.56378936767578,0.002883891575038433,1021.6022338867188,63.34375762939453,0.007054563611745834,981.9080200195312,74.15682220458984,0.002155893947929144,1028.01318359375,44.291656494140625,0.008760090917348862,1000.5663452148438,24.229934692382812,0.005800355691462755,985.2650756835938,93.24971008300781,0.04790686443448067,1025.8421630859375,74.48959350585938,0.033401429653167725,960.848388671875,120.48921203613281,0.07003966718912125,984.722412109375,112.31771850585938,0.05018123611807823,1085.4283447265625,77.23846435546875,0.8038290739059448,1016.6166381835938,72.64768981933594,0.769300639629364,1153.3262939453125,452.2804870605469,0.9809970855712891,940.2667236328125,439.02850341796875,0.973735511302948,1368.0579833984375,775.1222534179688,0.9874464273452759,903.7974853515625,800.1786499023438,0.9853543043136597
607,20233,1003.2174682617188,94.4319076538086,0.008419464342296124,1005.7705688476562,74.77054595947266,0.006806761026382446,992.295654296875,82.54055786132812,0.0038841459900140762,1031.0565185546875,64.96483612060547,0.0030927148181945086,989.0003051757812,76.89466094970703,0.0011947219027206302,1033.3974609375,34.4329833984375,0.0049443319439888,1015.3202514648438,11.150115966796875,0.005023065488785505,998.4472045898438,67.7772216796875,0.08339625597000122,1007.2628173828125,44.397308349609375,0.08880721032619476,937.3143310546875,97.38542175292969,0.25897133350372314,939.6500854492188,79.04141235351562,0.26233190298080444,1081.86181640625,64.73854064941406,0.788874626159668,1021.971923828125,59.21644592285156,0.7791898250579834,1136.989990234375,455.3455810546875,0.9807153940200806,941.2364501953125,445.0177001953125,0.9764443635940552,1378.648681640625,759.8004150390625,0.9854270219802856,905.8645629882812,804.4017333984375,0.9839678406715393
608,20266,952.2760620117188,80.61337280273438,0.004620153922587633,954.0703125,57.61285400390625,0.004250052385032177,946.8768310546875,68.40948486328125,0.0022968517150729895,978.7175903320312,45.667991638183594,0.003975138533860445,956.6517944335938,64.41261291503906,0.0012509414227679372,986.1443481445312,17.45844268798828,0.0037300363183021545,992.4307861328125,0.0,0.00798426941037178,961.8662719726562,49.047203063964844,0.04307493194937706,1013.231201171875,27.26275634765625,0.12236645072698593,943.8577880859375,97.74996185302734,0.11795533448457718,942.7062377929688,79.76829528808594,0.24388988316059113,1059.9151611328125,62.2445068359375,0.7711792588233948,1016.8652954101562,69.39862060546875,0.8265519738197327,1106.7147216796875,461.659912109375,0.9707610011100769,939.3590698242188,457.612060546875,0.975665271282196,1390.3328857421875,738.3035888671875,0.9741283655166626,946.5452270507812,822.4990234375,0.9780885577201843
609,20300,990.0653686523438,64.62307739257812,0.022613903507590294,999.4501342773438,40.22502136230469,0.018752649426460266,979.5533447265625,51.06733703613281,0.014414964243769646,1018.0870971679688,29.97088623046875,0.012987219728529453,963.96826171875,46.53277587890625,0.007613687310367823,1001.6510620117188,11.935844421386719,0.030005011707544327,978.947265625,0.0,0.014982692897319794,968.25732421875,48.14900207519531,0.1402360498905182,968.5142822265625,33.422950744628906,0.07064814120531082,935.356201171875,102.26774597167969,0.22338464856147766,936.3926391601562,84.6474838256836,0.14727556705474854,1051.3424072265625,114.9671630859375,0.7906861901283264,1001.2467041015625,112.60748291015625,0.7260333895683289,1064.824951171875,476.4678955078125,0.9519561529159546,936.6251220703125,473.6884460449219,0.9326069951057434,1362.5224609375,738.914794921875,0.9398842453956604,984.7841186523438,810.5946044921875,0.9242874383926392
610,20333,930.6099853515625,94.08000183105469,0.0037002654280513525,932.6468505859375,76.6746826171875,0.004644325468689203,924.9944458007812,85.59841918945312,0.0018562610493972898,965.3278198242188,61.96485900878906,0.010398509912192822,949.5377197265625,75.51956176757812,0.0019351319642737508,974.710205078125,19.889144897460938,0.0103019829839468,984.5134887695312,3.34112548828125,0.01051467377692461,957.7456665039062,39.81573486328125,0.05014209449291229,982.8807373046875,49.2659912109375,0.05887603014707565,953.3905029296875,106.19833374023438,0.061976246535778046,932.3280029296875,80.04634094238281,0.06727533787488937,1039.1729736328125,82.79800415039062,0.8504055738449097,1016.1277465820312,86.83103942871094,0.8517426252365112,1026.9949951171875,497.9546203613281,0.9767599701881409,951.5753173828125,487.2013854980469,0.9755481481552124,1348.2081298828125,713.3097534179688,0.9818960428237915,1025.8070068359375,837.2078857421875,0.9820433259010315
611,20366,910.932861328125,61.1297607421875,0.0027586373034864664,912.8511352539062,48.32359313964844,0.0031909600365906954,908.171142578125,62.58116912841797,0.0012212126748636365,943.8187866210938,35.10308074951172,0.010685890913009644,940.07763671875,59.64591979980469,0.0019411174580454826,941.7491455078125,0.0,0.021116554737091064,984.0615844726562,0.0,0.013019307516515255,876.5303344726562,2.291290283203125,0.12961891293525696,926.0628662109375,21.792755126953125,0.07950631529092789,910.7196044921875,15.13787841796875,0.13794851303100586,919.147216796875,51.4046630859375,0.0982620120048523,1030.39404296875,116.96026611328125,0.9223216772079468,1034.7257080078125,125.09479522705078,0.9002729058265686,983.4650268554688,490.7602233886719,0.9828855991363525,969.1776733398438,502.7271423339844,0.9773064255714417,1296.604248046875,701.7741088867188,0.9823393225669861,1060.527587890625,834.5867309570312,0.9781692028045654
612,20400,886.2550659179688,57.80397033691406,0.0025308632757514715,885.4054565429688,43.69244384765625,0.0028536778409034014,885.636474609375,58.39599609375,0.0010454789735376835,915.9388427734375,31.744033813476562,0.012659011408686638,938.0390625,54.977508544921875,0.0022146357223391533,910.680908203125,0.0,0.02716265432536602,1009.8882446289062,0.0,0.017572881653904915,849.4828491210938,3.3731231689453125,0.14514176547527313,915.3041381835938,18.933929443359375,0.09519680589437485,907.5401611328125,8.956924438476562,0.14831341803073883,909.4866943359375,19.143630981445312,0.11327710002660751,1037.1815185546875,116.85923767089844,0.9118874669075012,1086.2451171875,118.64744567871094,0.8901578187942505,946.4568481445312,487.6573791503906,0.9782520532608032,966.120849609375,490.9840393066406,0.9722999334335327,1239.8486328125,705.3286743164062,0.9761055111885071,1092.9588623046875,830.07080078125,0.9705497622489929
613,20433,893.63232421875,74.43315124511719,0.0020786321256309748,891.005126953125,58.350311279296875,0.002462414326146245,896.6798095703125,75.54357147216797,0.0009133274434134364,920.0443725585938,43.04951477050781,0.021337965503335,959.6298217773438,69.10624694824219,0.003632347332313657,911.7936401367188,5.3917694091796875,0.041551679372787476,1055.1055908203125,0.0,0.029081152752041817,878.024658203125,15.498046875,0.13696952164173126,1023.6505737304688,39.280975341796875,0.09418825805187225,923.4450073242188,33.551605224609375,0.10848496854305267,947.2679443359375,66.17605590820312,0.08186569064855576,1028.59228515625,112.38729858398438,0.8899959921836853,1115.4473876953125,109.04209899902344,0.8688619136810303,939.54736328125,485.469482421875,0.9659007787704468,1017.5482177734375,485.0246887207031,0.9552701115608215,1188.9400634765625,764.9177856445312,0.9508142471313477,1147.3428955078125,786.6925659179688,0.9416980743408203
614,20466,912.139892578125,83.68885803222656,0.002043868415057659,910.2747802734375,67.41307067871094,0.002457081340253353,913.2982177734375,85.162353515625,0.0011434947373345494,935.5779418945312,51.574310302734375,0.017775485292077065,965.1429443359375,79.04351806640625,0.004217129200696945,930.51513671875,13.253036499023438,0.021910646930336952,1051.552001953125,0.0,0.0266252551227808,924.7207641601562,35.543609619140625,0.05678843706846237,1027.203369140625,39.95832824707031,0.0823512151837349,951.1294555664062,73.639892578125,0.04784954711794853,959.2442016601562,71.91238403320312,0.06711333245038986,1024.728271484375,101.4686279296875,0.8762661218643188,1110.87744140625,97.73419189453125,0.8853333592414856,907.7250366210938,469.1891784667969,0.9736732840538025,1047.04638671875,481.35955810546875,0.9742436408996582,1138.024658203125,767.6870727539062,0.9739820957183838,1197.0682373046875,807.610107421875,0.9734345078468323
615,20500,927.3310546875,80.82279968261719,0.0023212137166410685,926.3782348632812,63.324440002441406,0.002744074445217848,927.5989990234375,80.80339050292969,0.001182197011075914,952.334716796875,46.26738739013672,0.011954461224377155,973.7525634765625,74.34938049316406,0.0026217899285256863,956.6458740234375,7.536323547363281,0.012310823425650597,1048.25244140625,0.0,0.01474266778677702,960.1746826171875,52.55401611328125,0.04903227090835571,1015.6534423828125,46.44605255126953,0.0693649873137474,965.2705688476562,115.03994750976562,0.06766866892576218,951.215576171875,94.32637023925781,0.09118583798408508,1035.3416748046875,87.42764282226562,0.8377265334129333,1112.5517578125,85.7490234375,0.845654308795929,899.87353515625,448.8933410644531,0.9762593507766724,1082.25,476.4884948730469,0.9760448932647705,1076.591796875,788.0408935546875,0.9797810316085815,1239.5640869140625,821.0494995117188,0.9782316088676453
616,20533,965.9286499023438,71.48197174072266,0.010464778169989586,971.1732788085938,41.86729431152344,0.010138586163520813,965.7154541015625,58.20698547363281,0.006216492038220167,987.3980712890625,27.64947509765625,0.024421118199825287,995.9009399414062,52.92162322998047,0.007851267233490944,976.341796875,0.0,0.03392837941646576,1053.1268310546875,0.0,0.027108624577522278,965.9650268554688,47.139862060546875,0.0909627303481102,1000.3572387695312,39.94921875,0.08809132128953934,969.1666259765625,111.06715393066406,0.14075489342212677,953.6766357421875,88.75756072998047,0.16256196796894073,1054.208984375,91.59407043457031,0.8017032146453857,1125.6893310546875,98.45137023925781,0.7768142819404602,903.159912109375,434.8150939941406,0.960857093334198,1102.0423583984375,455.7448425292969,0.9504140019416809,989.1844482421875,800.052978515625,0.9452446699142456,1269.92041015625,781.8272094726562,0.9373012185096741
617,20566,985.7496337890625,92.00933074951172,0.0053799650631845,982.5926513671875,69.56552124023438,0.004734577611088753,978.1978149414062,80.38613891601562,0.0025922057684510946,993.7028198242188,53.09852600097656,0.00831297505646944,1003.3046875,70.71711730957031,0.002864324487745762,988.1808471679688,6.2516326904296875,0.014183429069817066,1041.6934814453125,1.9555206298828125,0.00969067681580782,966.6113891601562,48.622833251953125,0.08785033971071243,990.7390747070312,39.302032470703125,0.06269989907741547,962.3379516601562,94.68008422851562,0.19963675737380981,941.3112182617188,84.41349792480469,0.17159268260002136,1044.0157470703125,65.52694702148438,0.8256134390830994,1098.9554443359375,66.9100341796875,0.7805488109588623,934.19921875,438.8218688964844,0.9833897948265076,1116.2474365234375,454.5608825683594,0.9744375944137573,917.6861572265625,821.127685546875,0.9851593375205994,1298.916259765625,762.0591430664062,0.9801663756370544
618,20600,996.40869140625,95.85118103027344,0.006806848105043173,995.6871337890625,72.0684814453125,0.005428830161690712,987.4520874023438,82.42353057861328,0.0029245270416140556,1010.7867431640625,58.00428771972656,0.0050133513286709785,1004.3816528320312,74.9520492553711,0.0017753912834450603,1009.3961791992188,6.8673248291015625,0.008002380840480328,1027.605224609375,0.74871826171875,0.006557573098689318,986.0912475585938,42.47209167480469,0.08994444459676743,975.6218872070312,29.94085693359375,0.0802135318517685,961.0343627929688,92.54438781738281,0.31500300765037537,939.7547607421875,85.98788452148438,0.32293701171875,1053.0810546875,54.31146240234375,0.7966693639755249,1083.6458740234375,57.09333801269531,0.7583451867103577,942.7702026367188,432.8721618652344,0.9845818877220154,1106.05126953125,451.0619201660156,0.9769511818885803,887.69091796875,821.74462890625,0.9869387149810791,1316.74072265625,749.3609619140625,0.9825485944747925
619,20633,960.4967651367188,79.25404357910156,0.003980875946581364,964.3623657226562,55.48640441894531,0.0039017475210130215,956.7689208984375,69.9971923828125,0.0015835288213565946,988.7949829101562,42.86997985839844,0.004535864107310772,976.0492553710938,68.58274841308594,0.0010133147006854415,998.3860473632812,0.0,0.0041909292340278625,1009.1127319335938,0.0,0.00486205006018281,979.6981811523438,30.82122802734375,0.06094453111290932,972.0188598632812,28.085403442382812,0.07924898713827133,964.402099609375,87.63670349121094,0.24915765225887299,941.63623046875,86.75626373291016,0.3077646493911743,1053.86962890625,52.219207763671875,0.7344298958778381,1077.9022216796875,54.11540222167969,0.7263900637626648,944.1998901367188,437.5172424316406,0.9766619205474854,1085.5101318359375,449.8810729980469,0.9712947010993958,900.7593383789062,811.7063598632812,0.9793258905410767,1338.642822265625,742.1876831054688,0.974538266658783
620,20666,946.0855102539062,85.51588439941406,0.007008478976786137,947.095458984375,62.79682159423828,0.006101406645029783,940.8883666992188,75.41246795654297,0.0023757151793688536,973.1301879882812,46.864013671875,0.005552980583161116,964.9389038085938,68.2049560546875,0.001229724963195622,984.7150268554688,0.0,0.007879632525146008,1003.2548217773438,0.0,0.007650516461580992,980.3248901367188,37.02351379394531,0.11477679759263992,980.9097290039062,32.32264709472656,0.11071223020553589,957.6942138671875,85.77497863769531,0.4036133289337158,938.74072265625,82.98284912109375,0.40458402037620544,1053.9517822265625,56.66862487792969,0.8074141144752502,1077.7637939453125,56.05659484863281,0.7823851704597473,944.3851318359375,447.12408447265625,0.9839972257614136,1063.037841796875,459.7748107910156,0.9768483638763428,938.16455078125,834.1256103515625,0.9852617383003235,1321.91162109375,721.0702514648438,0.98052579164505
621,20700,932.0692749023438,84.94507598876953,0.005882294848561287,931.3260498046875,64.46580505371094,0.005725328344851732,930.2656860351562,77.85967254638672,0.0020985312294214964,957.6385498046875,47.10484313964844,0.008146359585225582,960.9395141601562,70.82560729980469,0.0015339120291173458,970.5938110351562,5.783294677734375,0.01106491032987833,1006.1664428710938,0.0,0.011401916854083538,980.5584106445312,50.85585021972656,0.10622307658195496,998.8348388671875,45.4456787109375,0.11319298297166824,958.83837890625,94.34930419921875,0.28418850898742676,939.8331298828125,80.53509521484375,0.3100126385688782,1047.0167236328125,75.73384094238281,0.8463534712791443,1074.6126708984375,75.76084899902344,0.8293606638908386,949.9909057617188,459.03179931640625,0.9848507642745972,1035.601318359375,481.24969482421875,0.9782879948616028,986.4710083007812,846.5240478515625,0.9861733913421631,1305.0794677734375,709.9465942382812,0.9815689325332642
622,20733,929.2837524414062,82.8413314819336,0.005214029923081398,931.4188842773438,65.6674575805664,0.005183856468647718,926.2937622070312,78.55973052978516,0.0020450055599212646,963.06396484375,48.2266845703125,0.010484280996024609,947.137451171875,71.68018341064453,0.002022381406277418,984.7613525390625,11.038650512695312,0.014605468139052391,979.582275390625,0.0,0.019605183973908424,992.6241455078125,55.822174072265625,0.09441760927438736,991.4718017578125,51.3760986328125,0.14121446013450623,956.0446166992188,93.61505126953125,0.19357147812843323,934.4866333007812,78.36231994628906,0.26857155561447144,1045.96435546875,98.28657531738281,0.8841380476951599,1041.8909912109375,96.813720703125,0.8868946433067322,945.4130859375,474.44049072265625,0.985363781452179,1003.9224853515625,488.0845642089844,0.981448233127594,1029.574951171875,852.5980224609375,0.9852955341339111,1264.393798828125,698.9368286132812,0.982886016368866
623,20766,930.337158203125,78.47676086425781,0.004163441713899374,932.6519165039062,62.95985412597656,0.004256934858858585,925.6556396484375,75.93729400634766,0.0018592264968901873,960.7335815429688,43.90159606933594,0.012148022651672363,936.4548950195312,68.09149932861328,0.0026894337497651577,985.3187255859375,6.0029296875,0.01910078525543213,954.6522827148438,0.0,0.026551760733127594,987.2630004882812,55.063385009765625,0.08695897459983826,968.8290405273438,52.230743408203125,0.1384749412536621,961.3125,120.34130859375,0.1271090805530548,934.087158203125,99.51956176757812,0.19274622201919556,1057.669921875,107.30026245117188,0.9129541516304016,1032.6575927734375,109.42497253417969,0.9172847867012024,953.5343627929688,480.43231201171875,0.986461341381073,987.0384521484375,499.54443359375,0.9833052754402161,1077.9371337890625,841.8986206054688,0.9863138198852539,1229.5079345703125,700.7620239257812,0.9844074249267578
624,20800,851.6470336914062,50.457252502441406,0.0036781488452106714,857.8522338867188,31.59356689453125,0.004496061243116856,851.6682739257812,48.72935485839844,0.001349591533653438,907.7135620117188,19.978477478027344,0.02329854480922222,887.1346435546875,50.47618103027344,0.0029774915892630816,943.0806884765625,0.0,0.03648337349295616,929.7178955078125,0.0,0.031749043613672256,876.0503540039062,11.842666625976562,0.13412855565547943,919.3976440429688,27.051361083984375,0.10324721038341522,893.5579833984375,12.832122802734375,0.1301719844341278,886.6096801757812,16.565597534179688,0.09701187908649445,1058.631591796875,133.80111694335938,0.9212719798088074,1032.0587158203125,130.22727966308594,0.9115030169487,956.449462890625,503.0190124511719,0.9844632148742676,929.093505859375,466.31488037109375,0.9765934944152832,1111.1297607421875,844.3079833984375,0.9754989147186279,1178.4576416015625,688.479736328125,0.9720611572265625
625,20833,844.7905883789062,41.606964111328125,0.004368215799331665,850.964599609375,22.540283203125,0.005389094352722168,843.7534790039062,39.1431884765625,0.001370962942019105,900.3607177734375,13.648040771484375,0.02870897762477398,876.78466796875,43.35475158691406,0.0027053130324929953,937.3240966796875,0.0,0.04959343373775482,909.2012939453125,0.0,0.03504015505313873,855.7911987304688,4.009918212890625,0.1824459731578827,894.5984497070312,18.053421020507812,0.11646554619073868,912.0133666992188,4.7043914794921875,0.17827057838439941,903.2029418945312,12.5167236328125,0.11335822194814682,1060.742431640625,127.5065689086914,0.8868880867958069,1015.4103393554688,126.5295181274414,0.8633611798286438,989.0723876953125,503.21942138671875,0.9658984541893005,899.7837524414062,461.8495788574219,0.947443425655365,1143.599609375,833.7095947265625,0.9315768480300903,1125.6529541015625,711.6427001953125,0.9219798445701599
626,20866,895.0394897460938,94.16107177734375,0.00300673209130764,898.2513427734375,74.75708770751953,0.003577483119443059,888.868896484375,89.6648941040039,0.0011261049658060074,938.4752197265625,53.97193908691406,0.015659259632229805,907.905029296875,81.51725006103516,0.0018516601994633675,960.5364990234375,7.9964447021484375,0.02867400459945202,934.9398193359375,3.09906005859375,0.02318936213850975,904.243896484375,16.098358154296875,0.1417732685804367,954.2684936523438,40.49418640136719,0.12263230979442596,924.9591674804688,34.5487060546875,0.15340489149093628,925.8164672851562,75.59733581542969,0.13580948114395142,1057.134033203125,124.80720520019531,0.9330472350120544,1000.59619140625,121.45793151855469,0.9243518710136414,1054.2745361328125,507.37078857421875,0.9864575266838074,883.6690673828125,447.3580627441406,0.9808611273765564,1207.02734375,838.681640625,0.9815612435340881,1076.2335205078125,722.945068359375,0.9810284972190857
627,20900,962.6123657226562,84.42713928222656,0.01056764554232359,971.1987915039062,59.075660705566406,0.010993607342243195,953.7715454101562,71.2734146118164,0.006208463571965694,999.22119140625,39.46593475341797,0.018838567659258842,950.2919921875,58.37406921386719,0.006415968295186758,1012.509521484375,11.92364501953125,0.04026280716061592,968.6536254882812,0.0,0.01683065854012966,969.5249633789062,79.00163269042969,0.12996520102024078,964.4842529296875,56.982421875,0.05416584014892578,938.6804809570312,124.97628021240234,0.13829770684242249,924.8486938476562,109.28475952148438,0.0752258449792862,1075.6690673828125,132.39779663085938,0.7915455102920532,1003.4269409179688,117.72637939453125,0.7125430107116699,1090.3736572265625,478.7258605957031,0.9487861394882202,877.8876953125,434.9310607910156,0.916357696056366,1256.912841796875,816.4984741210938,0.9365078806877136,999.2882690429688,747.0016479492188,0.9174907803535461
628,20933,972.1140747070312,74.17142486572266,0.018620414659380913,981.8903198242188,48.85441589355469,0.01895854063332081,964.5335693359375,60.74680709838867,0.013065045699477196,1005.2776489257812,34.43181610107422,0.025854745879769325,956.6986694335938,52.29368591308594,0.012595590204000473,1011.218994140625,11.520103454589844,0.05583491548895836,970.0380249023438,0.0,0.023717841133475304,968.0509643554688,62.64923858642578,0.1350594162940979,961.6673583984375,50.14237976074219,0.05476192757487297,935.0059204101562,117.67854309082031,0.13345612585544586,939.9284057617188,110.62825012207031,0.06960964947938919,1081.829345703125,113.4158935546875,0.7939187288284302,1012.283203125,105.044677734375,0.7156084179878235,1110.465576171875,460.9417724609375,0.9437445998191833,905.0519409179688,439.93487548828125,0.9109405279159546,1284.67138671875,792.3442993164062,0.9197314977645874,945.1087646484375,766.1546630859375,0.8941491842269897
629,20966,962.2588500976562,93.43087005615234,0.006573216523975134,962.211181640625,75.00787353515625,0.005684674717485905,953.1826782226562,84.16692352294922,0.0033272341825067997,982.1625366210938,60.07695007324219,0.006681280676275492,955.9188232421875,74.94298553466797,0.0024526987690478563,989.434814453125,28.606109619140625,0.013648346066474915,995.7332153320312,9.278549194335938,0.011573586612939835,947.3814697265625,74.50735473632812,0.10018308460712433,1004.9058837890625,53.21864318847656,0.08830951899290085,896.6306762695312,109.69633483886719,0.1636602282524109,922.6787109375,88.21792602539062,0.14551126956939697,1069.30615234375,88.65458679199219,0.8490757942199707,1022.9390258789062,79.02978515625,0.8346775770187378,1122.0321044921875,462.60076904296875,0.9793247580528259,917.1341552734375,438.67364501953125,0.9735345840454102,1321.982421875,782.7630615234375,0.9804120063781738,877.9700927734375,786.4222412109375,0.9785539507865906
630,21000,984.62353515625,90.14636993408203,0.0080265486612916,986.2648315429688,71.75312805175781,0.006441684905439615,973.9991455078125,79.3165512084961,0.00400896230712533,1007.7054443359375,60.934547424316406,0.0037103802897036076,970.2987670898438,72.87361907958984,0.001559621887281537,1008.2811279296875,36.43620300292969,0.005994286388158798,1001.2361450195312,16.04827880859375,0.006267466116696596,975.8412475585938,79.41032409667969,0.07221724838018417,998.0103759765625,56.6385498046875,0.08254632353782654,931.7294311523438,95.12969970703125,0.1916661411523819,924.0165405273438,68.77372741699219,0.20233938097953796,1059.980224609375,80.51211547851562,0.7909946441650391,1007.2481689453125,72.69218444824219,0.785744309425354,1116.259521484375,454.9999694824219,0.980334997177124,923.8532104492188,441.9361572265625,0.9764848351478577,1342.774658203125,770.8157958984375,0.9852310419082642,876.1468505859375,795.3945922851562,0.9841572642326355
631,21033,1005.2503662109375,83.77276611328125,0.02470029704272747,1006.4869995117188,62.50740051269531,0.015130486339330673,990.7401123046875,71.95829772949219,0.013232636265456676,1014.4317626953125,49.22026062011719,0.005754576995968819,975.0888061523438,62.3353271484375,0.00436215428635478,1001.9659423828125,18.345703125,0.01877012848854065,1012.6961669921875,3.8707122802734375,0.010676316916942596,963.8611450195312,75.24893188476562,0.16961069405078888,990.3274536132812,60.425994873046875,0.08863169699907303,915.2562255859375,97.93121337890625,0.3626141846179962,912.9400634765625,79.58464050292969,0.23967179656028748,1047.6815185546875,93.10972595214844,0.7913572192192078,1007.0391235351562,81.33448791503906,0.7261471748352051,1094.6162109375,453.7837829589844,0.9725907444953918,917.3750610351562,444.5642395019531,0.9585085511207581,1348.3743896484375,753.9274291992188,0.9751036763191223,884.5352783203125,791.4326171875,0.9674149751663208
632,21066,986.8792114257812,54.73750305175781,0.02034575864672661,993.0025634765625,30.656227111816406,0.016053805127739906,980.207763671875,41.36466979980469,0.012627683579921722,1001.3726806640625,19.788070678710938,0.012124292552471161,969.4544677734375,35.824790954589844,0.006898445542901754,980.1432495117188,3.9447555541992188,0.027793174609541893,997.8395385742188,0.0,0.014904234558343887,950.388427734375,51.037513732910156,0.13947449624538422,981.0122680664062,37.838035583496094,0.07445432245731354,920.08447265625,97.23383331298828,0.22640061378479004,926.7749633789062,82.11573028564453,0.15281231701374054,1032.1593017578125,107.6711654663086,0.7528705596923828,1004.9397583007812,100.79768371582031,0.685706615447998,1062.444580078125,460.4081726074219,0.9410765767097473,920.3263549804688,456.4423828125,0.918333888053894,1336.555908203125,736.4851684570312,0.9245136380195618,932.0272216796875,789.0484008789062,0.9051905274391174
633,21100,999.9094848632812,77.42289733886719,0.020518405362963676,1002.1712646484375,59.26899719238281,0.013896201737225056,986.50634765625,66.90941619873047,0.012603633105754852,1004.560546875,43.427947998046875,0.008044195361435413,966.5088500976562,53.607421875,0.006197528913617134,987.460693359375,10.561203002929688,0.024339042603969574,988.0501708984375,0.0,0.01154704112559557,951.1996459960938,64.47747802734375,0.13909463584423065,964.658447265625,58.219940185546875,0.06087080016732216,921.5081787109375,105.15394592285156,0.23417188227176666,904.7726440429688,88.96476745605469,0.1350976526737213,1015.7272338867188,114.50413513183594,0.7842114567756653,981.0577392578125,105.28024291992188,0.7041459083557129,1013.9764404296875,481.5626220703125,0.9640207886695862,919.5187377929688,474.1855773925781,0.9459714293479919,1336.215087890625,732.9384155273438,0.9692478179931641,964.471435546875,813.1992797851562,0.9596326947212219
634,21133,924.6781005859375,86.41106414794922,0.004958512261509895,924.1115112304688,72.509033203125,0.004559207241982222,919.8307495117188,81.85313415527344,0.0023764714132994413,949.3260498046875,56.706939697265625,0.007121003698557615,948.1406860351562,70.79777526855469,0.002104594372212887,950.1641235351562,17.238006591796875,0.01072223111987114,1004.8983764648438,0.0,0.015733890235424042,942.782470703125,45.43244934082031,0.07532407343387604,990.7037353515625,48.450897216796875,0.1309937983751297,929.134521484375,114.55256652832031,0.1281818449497223,921.92431640625,99.21592712402344,0.19218294322490692,1015.7202758789062,96.46334838867188,0.8754388093948364,1025.866943359375,95.07829284667969,0.8916708827018738,979.5053100585938,496.4579772949219,0.9796439409255981,935.6390991210938,484.7194519042969,0.9812988638877869,1309.6011962890625,704.780517578125,0.9832742810249329,1006.8464965820312,827.0185546875,0.9845379590988159
635,21166,911.476318359375,75.07534790039062,0.0023359679616987705,913.8621826171875,62.01283264160156,0.003056301036849618,907.0653076171875,76.21060180664062,0.0012829351471737027,941.6627197265625,47.03086853027344,0.013330377638339996,932.7945556640625,71.5960464477539,0.002662713872268796,930.8140869140625,6.1272125244140625,0.019294312223792076,980.1923217773438,0.0,0.01372156385332346,879.9788818359375,10.529342651367188,0.07561091333627701,910.7157592773438,24.913330078125,0.056703563779592514,908.6363525390625,30.13897705078125,0.06121714413166046,895.4915771484375,40.30572509765625,0.051631860435009,1011.45947265625,116.74955749511719,0.9060199856758118,1027.889892578125,122.42713165283203,0.8887435793876648,939.6384887695312,494.2656555175781,0.9789870381355286,948.1690673828125,504.4084167480469,0.9745510220527649,1259.04345703125,696.3907470703125,0.9817523956298828,1037.81298828125,827.4179077148438,0.9786390066146851
636,21200,901.13818359375,88.4769287109375,0.001644582487642765,898.513427734375,72.7086181640625,0.0024011379573494196,900.955810546875,88.46063232421875,0.0009154723375104368,923.7756958007812,56.070899963378906,0.020639438182115555,953.8223876953125,81.02760314941406,0.0035537497606128454,908.5625610351562,15.24444580078125,0.02770984172821045,1037.8319091796875,0.0,0.01814410462975502,857.2702026367188,20.2115478515625,0.07147422432899475,980.7161865234375,42.67771911621094,0.04938364028930664,899.4180908203125,35.123748779296875,0.04162343591451645,918.7670288085938,56.00413513183594,0.03323398903012276,1010.9357299804688,120.64009094238281,0.9043356776237488,1082.3614501953125,117.52326965332031,0.8852490782737732,915.6044921875,493.083251953125,0.9768742918968201,953.8298950195312,489.95123291015625,0.9720579981803894,1195.84423828125,702.4176635742188,0.9803314805030823,1071.4290771484375,814.1900024414062,0.9766706824302673
637,21233,848.968505859375,64.9504623413086,0.002143167657777667,849.8580322265625,49.16642761230469,0.002589008305221796,852.66357421875,66.02742004394531,0.0007801559404470026,892.5708618164062,37.3736572265625,0.02242380380630493,925.4703979492188,62.0496826171875,0.003268701024353504,907.8521728515625,0.0,0.051450151950120926,1028.939697265625,0.0,0.031180281192064285,879.5703735351562,5.5795440673828125,0.18531334400177002,977.78564453125,20.558303833007812,0.09619317203760147,851.7191772460938,3.180999755859375,0.13882926106452942,867.2941284179688,6.7525177001953125,0.07941900193691254,1018.8492431640625,113.09230041503906,0.9126651287078857,1096.827392578125,110.48872375488281,0.8895325064659119,907.0708618164062,473.47723388671875,0.9745880961418152,998.1819458007812,484.078857421875,0.9637146592140198,1122.64453125,736.6953735351562,0.9622014760971069,1112.59033203125,780.5797119140625,0.9510033130645752
638,21266,903.58447265625,76.46928405761719,0.002826495561748743,900.8507080078125,60.11256408691406,0.0036734705790877342,905.2152099609375,79.42618560791016,0.001467167865484953,924.3724365234375,45.187774658203125,0.022658653557300568,958.0844116210938,77.24354553222656,0.004632087424397469,914.4111328125,5.34576416015625,0.03624061867594719,1043.1046142578125,0.0,0.01941588707268238,902.403076171875,17.043136596679688,0.10113760828971863,1009.3328247070312,34.63160705566406,0.05066017806529999,942.7203369140625,32.52854919433594,0.0833994597196579,952.2675170898438,54.38067626953125,0.04826502129435539,1009.4354248046875,101.71257019042969,0.8869040608406067,1102.0364990234375,99.62956237792969,0.848594069480896,880.4328002929688,462.7371826171875,0.9771124124526978,1028.544677734375,473.5386962890625,0.9672447443008423,1100.1978759765625,770.9251098632812,0.9769467711448669,1178.788330078125,803.5697021484375,0.9698699712753296
639,21300,925.9844970703125,80.0456771850586,0.0036684335209429264,921.7556762695312,62.30614471435547,0.003756084246560931,924.2741088867188,77.26631927490234,0.001829290296882391,943.6378784179688,46.789031982421875,0.014663281850516796,975.138427734375,70.35440826416016,0.004215479828417301,946.3211059570312,16.556854248046875,0.022532334551215172,1049.270751953125,6.5031280517578125,0.022628040984272957,947.3743896484375,63.264404296875,0.07256737351417542,1021.5765380859375,56.97203063964844,0.07941091060638428,952.0691528320312,101.27293395996094,0.09297127276659012,941.0930786132812,71.34068298339844,0.1003992110490799,1018.058349609375,85.5443115234375,0.8502225875854492,1102.493408203125,82.01353454589844,0.8443898558616638,882.8062133789062,441.5607604980469,0.9776560068130493,1064.3778076171875,470.12249755859375,0.9746504426002502,1036.3916015625,788.352783203125,0.9813786745071411,1213.2120361328125,809.1112060546875,0.9786120653152466
640,21333,935.237548828125,86.54185485839844,0.005745204631239176,936.7211303710938,61.62835693359375,0.005889985244721174,936.2340698242188,79.9835205078125,0.0029518844094127417,959.7687377929688,48.210777282714844,0.01334305852651596,980.0203857421875,76.83670806884766,0.0033928484190255404,951.8339233398438,1.1925201416015625,0.016396787017583847,1046.559326171875,0.085052490234375,0.016104748472571373,944.5556030273438,42.39495849609375,0.08168154954910278,992.9234619140625,32.74376678466797,0.0983906090259552,942.9080200195312,90.0084228515625,0.1664346307516098,934.23486328125,73.51533508300781,0.21459181606769562,1025.589111328125,83.79398345947266,0.8345023393630981,1110.48291015625,86.40284729003906,0.8258645534515381,885.4033813476562,431.99688720703125,0.9767518639564514,1086.189208984375,454.6837463378906,0.9727451801300049,946.0125732421875,799.4720458984375,0.972534716129303,1242.838623046875,781.2008666992188,0.9691219329833984
641,21366,956.913818359375,76.83883666992188,0.0032122156117111444,958.9244384765625,52.771934509277344,0.0034835648257285357,953.8947143554688,65.16650390625,0.0014753330033272505,978.3089599609375,39.79563903808594,0.005956484470516443,976.5245971679688,61.6490478515625,0.0013920186320319772,983.8604736328125,3.2615432739257812,0.0051588029600679874,1016.86083984375,0.0,0.004839180037379265,981.1912231445312,45.55455780029297,0.04607364162802696,982.1099853515625,35.62834167480469,0.048829153180122375,971.0830078125,96.89680480957031,0.14375810325145721,937.5010986328125,83.42807006835938,0.15586930513381958,1032.0849609375,52.04795837402344,0.7391678690910339,1075.29638671875,51.56208801269531,0.7160107493400574,930.722900390625,438.9290771484375,0.9782586693763733,1088.8763427734375,444.5387878417969,0.9719377160072327,874.075927734375,813.6139526367188,0.9823518395423889,1303.998046875,757.0667724609375,0.9778956770896912
642,21400,952.0985107421875,82.12834167480469,0.005060408730059862,955.51318359375,59.40685272216797,0.004638372920453548,947.0896606445312,73.311767578125,0.0020456763450056314,979.8986206054688,43.73332214355469,0.0044951713643968105,963.2255859375,68.99004364013672,0.0011807149276137352,991.0841674804688,0.0,0.0050414493307471275,998.3113403320312,0.0,0.005627291742712259,983.6497802734375,35.56132507324219,0.07495786249637604,970.5245361328125,26.128143310546875,0.09373153746128082,957.8069458007812,77.69581604003906,0.299950510263443,936.2788696289062,76.39791870117188,0.3585475981235504,1039.62890625,53.223724365234375,0.7706930637359619,1061.6273193359375,53.3074951171875,0.7593117952346802,929.6439208984375,435.64007568359375,0.9803480505943298,1070.103515625,446.8333740234375,0.975374162197113,896.1671142578125,805.9951782226562,0.9824381470680237,1315.01708984375,737.8321533203125,0.9781731963157654
643,21433,935.040771484375,86.6956787109375,0.005468950141221285,934.0858764648438,66.11251831054688,0.005492981988936663,933.5380249023438,79.3897476196289,0.002000975189730525,960.050537109375,48.55517578125,0.00843141134828329,964.0504760742188,71.66187286376953,0.001533535192720592,970.0697631835938,5.1273193359375,0.011031357571482658,1001.7815551757812,0.0,0.010611200705170631,970.3809814453125,45.463348388671875,0.10217965394258499,987.58544921875,41.49989318847656,0.10141593217849731,952.5678100585938,79.91835021972656,0.2668262720108032,933.322998046875,67.52023315429688,0.27488017082214355,1035.0361328125,70.21659851074219,0.8362802267074585,1059.3206787109375,68.7447509765625,0.8148464560508728,945.0188598632812,459.4589538574219,0.9834957718849182,1025.091064453125,471.2525329589844,0.9759907126426697,979.4000854492188,841.7947998046875,0.9845585227012634,1276.9781494140625,707.2075805664062,0.979872465133667
644,21466,923.6613159179688,84.41558074951172,0.005959703586995602,924.2464599609375,66.41663360595703,0.00614055385813117,920.56201171875,79.12916564941406,0.0023528512101620436,950.896240234375,47.29701232910156,0.010999482125043869,939.8802490234375,70.19963836669922,0.002106890780851245,971.8861083984375,8.778854370117188,0.015888292342424393,965.2453002929688,0.0,0.015588043257594109,982.7950439453125,60.38117980957031,0.1068318709731102,975.0729370117188,51.03675842285156,0.11123232543468475,950.8878173828125,104.73655700683594,0.22327947616577148,932.923095703125,90.01931762695312,0.23917441070079803,1034.466064453125,90.85134887695312,0.8584160208702087,1028.425537109375,88.63938903808594,0.8432395458221436,943.6822509765625,471.07745361328125,0.9817506670951843,988.6826171875,475.8370056152344,0.9738074541091919,1021.2100219726562,846.0338745117188,0.9815108180046082,1242.991455078125,691.9176635742188,0.9769708514213562
645,21500,907.1060180664062,73.50638580322266,0.002176605863496661,908.3937377929688,57.79186248779297,0.0024865109007805586,908.2329711914062,74.3671875,0.00114535354077816,932.847900390625,39.97020721435547,0.012878038920462132,935.1807861328125,69.14517974853516,0.0028774968814104795,939.4041137695312,2.8537673950195312,0.016361279413104057,977.6744995117188,0.0,0.023934613913297653,922.721435546875,34.625518798828125,0.06099013239145279,967.4335327148438,46.82496643066406,0.1119474321603775,942.6156616210938,96.97933959960938,0.0686224102973938,927.501953125,106.63790130615234,0.1237267330288887,1034.0086669921875,125.26460266113281,0.916034996509552,1050.7467041015625,124.97174835205078,0.9240401387214661,953.0132446289062,489.1640930175781,0.9860109090805054,981.1926879882812,485.04217529296875,0.9842187762260437,1071.5606689453125,832.8215942382812,0.9861185550689697,1220.382568359375,697.740478515625,0.9852395057678223
646,21533,815.975341796875,29.331710815429688,0.007263688836246729,821.8863525390625,10.504440307617188,0.008438142947852612,816.2142333984375,26.834152221679688,0.0021619689650833607,875.1708984375,2.7655563354492188,0.031157374382019043,859.3505859375,31.151870727539062,0.0029495893977582455,919.4763793945312,0.0,0.04770231619477272,917.6781005859375,0.0,0.04641607403755188,875.4794921875,11.391220092773438,0.17585505545139313,922.5869750976562,21.07562255859375,0.16700506210327148,894.4069213867188,12.896896362304688,0.20558302104473114,889.5263671875,18.58685302734375,0.18719589710235596,1046.2952880859375,142.09767150878906,0.9265334606170654,1024.007568359375,137.27366638183594,0.9230791330337524,958.9008178710938,506.1641540527344,0.9841129183769226,912.926513671875,464.1519470214844,0.9783717393875122,1110.9005126953125,828.9215698242188,0.9735907912254333,1160.3658447265625,685.6928100585938,0.9720044136047363
647,21566,825.62255859375,21.720016479492188,0.007420305162668228,834.7101440429688,3.5629806518554688,0.00973961316049099,824.3746948242188,18.623703002929688,0.0022628940641880035,890.1992797851562,0.0369415283203125,0.048647958785295486,855.6431274414062,26.14471435546875,0.0037202273961156607,937.3745727539062,0.0,0.07066041976213455,895.6532592773438,0.0,0.05345896631479263,876.0097045898438,8.2598876953125,0.177407369017601,911.1829833984375,17.707260131835938,0.1284506618976593,909.2039794921875,8.945892333984375,0.15378448367118835,901.7545776367188,18.761398315429688,0.10776398330926895,1049.9014892578125,133.6734619140625,0.9071323275566101,995.6149291992188,130.45391845703125,0.8930808305740356,993.7386474609375,504.97412109375,0.9713408946990967,894.1250610351562,458.1394958496094,0.9578940868377686,1138.46923828125,824.5059814453125,0.943654477596283,1102.3572998046875,684.789794921875,0.9400128722190857
648,21600,908.8137817382812,89.18962097167969,0.0022904344368726015,914.2460327148438,68.1851806640625,0.003241024212911725,900.6838989257812,82.98062896728516,0.0010486100800335407,955.1411743164062,51.69419860839844,0.02074195072054863,912.6324462890625,78.83040618896484,0.0025341191794723272,980.9560546875,17.231002807617188,0.029251886531710625,927.859130859375,8.3822021484375,0.02186746336519718,929.5164184570312,37.44273376464844,0.08379387110471725,944.6646118164062,47.787506103515625,0.06964433938264847,935.8271484375,80.25961303710938,0.06302438676357269,926.6356201171875,85.12458801269531,0.053615231066942215,1054.9017333984375,119.55047607421875,0.9109807014465332,985.0078735351562,115.452392578125,0.8988390564918518,1049.580078125,501.1002502441406,0.9806069731712341,877.1356811523438,444.783447265625,0.973443329334259,1196.2547607421875,831.3837890625,0.9775240421295166,1067.9212646484375,743.2001953125,0.9766256809234619
649,21633,913.5291137695312,106.4575424194336,0.003876489819958806,917.2998657226562,85.38636016845703,0.004506484139710665,906.503173828125,97.53018951416016,0.0016739831771701574,953.5551147460938,66.86123657226562,0.014587321318686008,919.915283203125,88.07027435302734,0.002378518460318446,987.230712890625,29.219924926757812,0.024006616324186325,948.7841186523438,14.037094116210938,0.023973269388079643,963.1159057617188,67.82093811035156,0.10683510452508926,977.52490234375,55.7384033203125,0.12019699811935425,912.0535278320312,119.71888732910156,0.1194843202829361,917.78564453125,109.12907409667969,0.12868191301822662,1063.936767578125,108.89625549316406,0.9026532769203186,997.4515380859375,101.32722473144531,0.9033448100090027,1088.0802001953125,486.78680419921875,0.9805446863174438,878.7847290039062,425.783935546875,0.9766210913658142,1240.4970703125,809.9595336914062,0.9768999814987183,994.248779296875,739.7763671875,0.9785057902336121
650,21666,973.338134765625,77.14810180664062,0.010946131311357021,980.2670288085938,53.94554901123047,0.00943007878959179,963.5491333007812,64.28494262695312,0.006645615212619305,999.1727294921875,34.96311950683594,0.014085627160966396,951.6793823242188,50.22312927246094,0.006730854976922274,1007.6222534179688,6.4346923828125,0.03650307282805443,965.8323364257812,0.0,0.02073839120566845,965.4393920898438,69.80813598632812,0.12972800433635712,966.5707397460938,46.86195373535156,0.07898008078336716,933.0450439453125,118.74730682373047,0.1463107168674469,917.1943359375,93.09690856933594,0.1072191447019577,1072.424560546875,121.29396057128906,0.8197172284126282,998.7001342773438,109.21865844726562,0.7737671136856079,1114.1107177734375,460.4560546875,0.9565562605857849,895.48046875,435.5650939941406,0.9377396106719971,1278.3394775390625,792.870361328125,0.9457104802131653,935.7281494140625,755.114501953125,0.9336158037185669
651,21700,990.8611450195312,66.48985290527344,0.01486117672175169,993.4691772460938,44.00859832763672,0.010593393817543983,980.466064453125,55.417945861816406,0.0083849485963583,1004.205322265625,30.103042602539062,0.00951644778251648,967.7899169921875,48.13389587402344,0.005521734245121479,996.5046997070312,8.809616088867188,0.02776039019227028,995.1220092773438,0.0,0.01802610605955124,949.7136840820312,67.21369171142578,0.14885728061199188,981.4866943359375,46.571434020996094,0.10102130472660065,921.2615356445312,108.44512939453125,0.22660458087921143,913.8475952148438,87.18775177001953,0.17792445421218872,1061.7542724609375,116.09225463867188,0.8228371739387512,1010.7217407226562,104.99528503417969,0.7837812900543213,1122.79833984375,458.284423828125,0.964695930480957,910.345458984375,444.89044189453125,0.9517063498497009,1311.9014892578125,779.3981323242188,0.9568994045257568,880.8726806640625,781.0062255859375,0.9476593732833862
652,21733,980.7926025390625,87.19789123535156,0.006821563933044672,982.4767456054688,70.0590591430664,0.005648209247738123,971.3360595703125,76.53620910644531,0.003531418042257428,1001.8158569335938,58.385284423828125,0.004651891533285379,968.87548828125,67.82720947265625,0.0019044397631660104,998.1145629882812,30.525421142578125,0.008016618900001049,997.6351318359375,9.011581420898438,0.008001555688679218,955.9026489257812,72.37449645996094,0.07450047135353088,995.260986328125,52.554931640625,0.08166860044002533,915.380126953125,99.71127319335938,0.15663142502307892,922.5718383789062,68.80563354492188,0.1633906066417694,1055.1510009765625,84.80410766601562,0.8155344724655151,1005.8225708007812,76.57846069335938,0.8088683485984802,1113.1966552734375,458.49334716796875,0.979516863822937,921.0670166015625,442.0157165527344,0.9757415056228638,1335.006591796875,757.7869873046875,0.9839380383491516,882.3450317382812,790.919677734375,0.9828833937644958
653,21766,1003.93212890625,74.98036193847656,0.018623927608132362,1006.8795776367188,56.43260192871094,0.01183718629181385,991.4445190429688,63.812461853027344,0.010555467568337917,1016.06494140625,42.655426025390625,0.006691683549433947,976.5278930664062,51.3167724609375,0.004983264487236738,1004.3642578125,9.143875122070312,0.0214381106197834,1002.6469116210938,0.0,0.013506056740880013,968.8012084960938,66.36181640625,0.14833572506904602,982.8660278320312,52.670745849609375,0.08932439982891083,930.3938598632812,89.41525268554688,0.2710365056991577,915.6064453125,73.21806335449219,0.19078132510185242,1048.094970703125,94.4033203125,0.7972784042358398,1001.7998657226562,81.47767639160156,0.74614417552948,1088.7940673828125,456.36126708984375,0.967986524105072,917.7892456054688,440.56878662109375,0.9545521140098572,1341.5166015625,746.970947265625,0.9690349698066711,896.0550537109375,777.5841674804688,0.9619340896606445
654,21800,998.67919921875,74.01841735839844,0.020274391397833824,1000.0684814453125,55.83036804199219,0.012659898959100246,987.6456298828125,62.581512451171875,0.011484966613352299,1002.741943359375,38.7593994140625,0.007214971352368593,972.107666015625,46.694366455078125,0.005572489462792873,990.5035400390625,6.8578033447265625,0.026280326768755913,995.4924926757812,0.0,0.013365769758820534,955.2526245117188,66.56698608398438,0.17485761642456055,983.15478515625,55.28851318359375,0.08445028960704803,925.1345825195312,103.81471252441406,0.3039833903312683,912.1439208984375,84.49575805664062,0.18892894685268402,1025.5565185546875,110.49925231933594,0.8123366832733154,986.630859375,97.83421325683594,0.7447561025619507,1058.7969970703125,473.2854309082031,0.9686514735221863,917.8496704101562,456.67962646484375,0.9532549381256104,1335.5626220703125,734.25732421875,0.9699130058288574,936.5059204101562,792.8163452148438,0.9613431096076965
655,21833,991.7113037109375,68.73094940185547,0.014370255172252655,996.810302734375,48.745513916015625,0.012821467593312263,980.0245971679688,58.139854431152344,0.009581894613802433,1007.5655517578125,33.72148132324219,0.012176438234746456,963.0592041015625,48.50727081298828,0.006511671934276819,991.7748413085938,5.593574523925781,0.02542395144701004,977.0447387695312,0.0,0.010498072020709515,958.2338256835938,61.116371154785156,0.09911708533763885,952.482421875,54.31343078613281,0.03993109613656998,943.8374633789062,114.60227966308594,0.12836922705173492,914.5279541015625,105.21002197265625,0.06841705739498138,1018.8733520507812,121.6651611328125,0.7887651920318604,979.1665649414062,113.54141235351562,0.7070667147636414,1002.6535034179688,483.1922912597656,0.9592868685722351,918.9232788085938,472.9386291503906,0.9405613541603088,1320.552978515625,717.9759521484375,0.9648120999336243,977.8576049804688,808.3023071289062,0.9544692635536194
656,21866,918.995361328125,81.34119415283203,0.002049652859568596,918.4801635742188,68.21035766601562,0.0027477475814521313,917.9859619140625,78.17159271240234,0.0012254308676347136,939.4421997070312,52.15901184082031,0.012801186181604862,950.8875732421875,67.1378173828125,0.0026081709656864405,932.6735229492188,17.742965698242188,0.011868052184581757,1009.640625,0.0,0.014237153343856335,919.1625366210938,53.694190979003906,0.03854430839419365,979.8967895507812,50.08124542236328,0.059085410088300705,916.9404296875,128.27838134765625,0.03141937032341957,917.286865234375,110.42962646484375,0.04676472395658493,1010.6607055664062,115.74169921875,0.8696866035461426,1041.1390380859375,115.39265441894531,0.8813298940658569,965.0081176757812,493.1039733886719,0.9736005067825317,949.1693725585938,488.9033203125,0.9756984114646912,1285.9642333984375,685.7802124023438,0.9806150794029236,1015.0252075195312,822.9369506835938,0.9813779592514038
657,21900,912.1686401367188,75.67597961425781,0.0019659781828522682,913.283203125,63.294639587402344,0.0026243350002914667,909.9393310546875,76.28082275390625,0.001143161440268159,938.3659057617188,47.71039581298828,0.014488136395812035,941.1482543945312,69.28665161132812,0.0029464513063430786,928.7327880859375,6.909599304199219,0.018648074939846992,990.92236328125,0.0,0.01627385802567005,892.0587768554688,14.527267456054688,0.05930737778544426,941.9799194335938,30.754165649414062,0.06022574380040169,926.9414672851562,46.26576232910156,0.042367033660411835,911.7193603515625,65.50584411621094,0.04662737622857094,1009.6206665039062,124.83004760742188,0.9042081236839294,1035.32666015625,129.4607391357422,0.8973143696784973,943.0777587890625,490.64276123046875,0.9772524237632751,956.874755859375,504.35467529296875,0.9755688309669495,1239.2666015625,686.1047973632812,0.9819542169570923,1053.9510498046875,818.9712524414062,0.9800326228141785
658,21933,894.7705078125,71.69137573242188,0.0024296147748827934,890.7166137695312,58.22639465332031,0.0028368239291012287,897.0663452148438,73.081787109375,0.0010457677999511361,914.1293334960938,41.4752197265625,0.016082925722002983,959.35791015625,63.739952087402344,0.002765004290267825,895.2042846679688,0.690032958984375,0.03459102660417557,1051.3582763671875,0.0,0.019281495362520218,859.8515625,8.929641723632812,0.15593217313289642,976.8739013671875,23.836395263671875,0.08462817966938019,919.1464233398438,18.10693359375,0.14093327522277832,922.6064453125,28.315887451171875,0.08805937319993973,1002.25341796875,122.44349670410156,0.9258111119270325,1097.111328125,117.52084350585938,0.9011914134025574,912.078369140625,492.142822265625,0.9818077683448792,980.9473266601562,484.6874084472656,0.9753379821777344,1202.89404296875,706.885498046875,0.9799482822418213,1082.651611328125,805.3504028320312,0.9752276539802551
659,21966,895.705078125,96.93539428710938,0.0022413297556340694,893.1375732421875,80.47750854492188,0.003235840005800128,898.0540161132812,97.78424835205078,0.0012163497740402818,919.648681640625,61.56024169921875,0.032457079738378525,958.3394775390625,87.91646575927734,0.00567928422242403,908.2933959960938,19.844192504882812,0.04678628221154213,1051.862548828125,2.9870223999023438,0.02771865576505661,887.998046875,37.87774658203125,0.092562735080719,1022.612548828125,57.26799774169922,0.052852533757686615,882.7734375,96.19640350341797,0.05241374298930168,941.6934814453125,117.119384765625,0.035279080271720886,1006.2756958007812,115.09140014648438,0.8819905519485474,1104.58447265625,111.09278869628906,0.8523641228675842,888.0086059570312,465.58978271484375,0.964659571647644,1012.4105224609375,478.7536315917969,0.9541685581207275,1137.71923828125,715.9601440429688,0.9644091129302979,1126.083984375,782.0162353515625,0.9559301137924194
660,22000,919.9611206054688,77.69542694091797,0.0038952240720391273,915.8527221679688,61.17894744873047,0.0038069237489253283,916.9151611328125,75.65245056152344,0.00191131338942796,935.6256103515625,44.220703125,0.013437468558549881,961.931640625,66.7353286743164,0.004021702334284782,936.1380615234375,12.839630126953125,0.023931095376610756,1036.99169921875,0.0,0.023501385003328323,949.5426635742188,64.12367248535156,0.08969444781541824,1013.8486328125,52.172515869140625,0.09415624290704727,954.8123168945312,110.2880859375,0.11771196126937866,936.7639770507812,87.32752990722656,0.12226958572864532,1010.0313720703125,93.18946838378906,0.8625044822692871,1088.38330078125,87.2900390625,0.8562686443328857,892.100830078125,461.2363586425781,0.9759130477905273,1042.2386474609375,475.6979675292969,0.9729188084602356,1094.0516357421875,775.9132690429688,0.9780053496360779,1193.0762939453125,806.9842529296875,0.9754829406738281
661,22033,911.0921630859375,77.25210571289062,0.003667011857032776,910.1160888671875,59.7242431640625,0.0037597655318677425,910.7470092773438,76.05017852783203,0.001731437398120761,930.640380859375,41.790733337402344,0.010101232677698135,949.6638793945312,68.59904479980469,0.002515560481697321,931.1376953125,2.4914474487304688,0.012981659732758999,1019.312255859375,0.0,0.013808305375277996,941.6841430664062,54.085533142089844,0.07437325268983841,989.867431640625,40.894866943359375,0.08958584815263748,957.3863525390625,102.07049560546875,0.1423620581626892,936.3283081054688,85.31982421875,0.1667816936969757,1013.568115234375,86.04556274414062,0.8332858085632324,1088.511962890625,82.73780822753906,0.8299500346183777,891.8902587890625,446.1010437011719,0.9771744608879089,1065.123779296875,462.0138244628906,0.9743028283119202,1021.8794555664062,800.5281372070312,0.9779568910598755,1225.5941162109375,788.7476806640625,0.9754192233085632
662,22066,927.4761352539062,85.86131286621094,0.005778708960860968,924.0415649414062,65.66171264648438,0.0045537701807916164,926.4108276367188,78.48493194580078,0.00238401023671031,941.5772705078125,47.04840087890625,0.008069437928497791,971.2139282226562,66.324462890625,0.0027751983143389225,942.7988891601562,1.32513427734375,0.016383633017539978,1035.4652099609375,0.0,0.016250986605882645,945.0928344726562,45.76615905761719,0.12352720648050308,1003.3060913085938,42.38873291015625,0.1260542869567871,949.6008911132812,84.1798095703125,0.2946850061416626,942.2972412109375,78.64933776855469,0.30006250739097595,1016.19140625,67.61576843261719,0.8459253907203674,1097.0460205078125,64.21147155761719,0.8318032026290894,912.4852294921875,434.8959045410156,0.9826924800872803,1092.0184326171875,449.4598388671875,0.9779873490333557,943.9991455078125,809.5057983398438,0.9828460812568665,1262.580810546875,766.6686401367188,0.9793696999549866
663,22100,940.5137939453125,82.62865447998047,0.0045966096222400665,941.4138793945312,59.55731964111328,0.004362496081739664,937.1616821289062,72.72006225585938,0.002015954116359353,959.4457397460938,43.857582092285156,0.005523612257093191,959.6080322265625,67.3304443359375,0.001506391679868102,967.0530395507812,5.899818420410156,0.005677251610904932,1007.4655151367188,0.0774078369140625,0.006184083875268698,971.0284423828125,50.20289611816406,0.06078748777508736,981.9298706054688,39.88385009765625,0.0757402777671814,959.6475219726562,90.32855987548828,0.21695588529109955,934.9556274414062,84.86215209960938,0.26126715540885925,1028.679443359375,55.37709045410156,0.7490724921226501,1075.14306640625,55.23893737792969,0.7389078736305237,925.1578369140625,435.779296875,0.978500247001648,1087.1998291015625,445.2415771484375,0.973588764667511,892.9532470703125,817.5440063476562,0.9809772372245789,1295.0538330078125,756.18310546875,0.977082371711731
664,22133,948.5746459960938,76.63856506347656,0.005004147533327341,951.6080932617188,55.406593322753906,0.004574882332235575,943.9403686523438,67.73650360107422,0.002063786145299673,972.9444580078125,41.978302001953125,0.004527419339865446,958.7086181640625,64.38111877441406,0.0012081606546416879,982.6253051757812,1.4660797119140625,0.004829258657991886,993.6555786132812,0.0,0.005575275048613548,976.7012939453125,40.46099853515625,0.06746591627597809,968.6768188476562,29.478103637695312,0.08881320059299469,955.0697021484375,78.845947265625,0.27196651697158813,933.2117309570312,78.43771362304688,0.3387165069580078,1035.643310546875,58.22900390625,0.7642658352851868,1059.7880859375,59.09275817871094,0.7557858824729919,934.8612670898438,435.8580322265625,0.9807963371276855,1077.74560546875,449.7861328125,0.9760951995849609,892.4026489257812,817.75927734375,0.9831178188323975,1309.8538818359375,741.9113159179688,0.9792529940605164
665,22166,945.6617431640625,82.045166015625,0.00454549677670002,953.04150390625,60.99751281738281,0.004197652917355299,937.9288330078125,74.72657775878906,0.0021406044252216816,981.04345703125,45.34613800048828,0.005286448635160923,940.6441040039062,70.5578384399414,0.0016101434594020247,996.6919555664062,0.0,0.005282198078930378,961.322021484375,0.0,0.008851611986756325,994.0463256835938,35.65397644042969,0.051182717084884644,940.6802368164062,30.046234130859375,0.11044158041477203,968.560546875,77.26785278320312,0.17616985738277435,930.6864624023438,74.89540100097656,0.3148306906223297,1043.430419921875,60.790557861328125,0.7728387117385864,1036.7047119140625,63.1234130859375,0.7972174286842346,929.3661499023438,444.60272216796875,0.9763012528419495,1049.7103271484375,455.9916687011719,0.9747126698493958,898.163330078125,818.850830078125,0.9775235056877136,1308.8931884765625,721.3397827148438,0.9754227995872498
666,22200,933.3805541992188,87.48834228515625,0.006537254434078932,934.4594116210938,66.69074249267578,0.00587399210780859,929.5922241210938,78.47509002685547,0.002475787652656436,960.1124877929688,50.20513916015625,0.006245969329029322,951.819091796875,70.7742919921875,0.0015190880512818694,971.3778076171875,5.265289306640625,0.008749597705900669,987.049072265625,0.0,0.00928101222962141,975.368408203125,45.39363098144531,0.09982617199420929,972.8269653320312,39.002655029296875,0.11113183945417404,954.0558471679688,83.95449829101562,0.3143244981765747,932.7561645507812,76.8563232421875,0.3493216335773468,1038.5328369140625,64.80345153808594,0.8137400150299072,1055.374755859375,64.23326110839844,0.7958192825317383,943.2442626953125,454.4541320800781,0.9827859997749329,1031.12548828125,469.7624816894531,0.9755797386169434,954.2452392578125,842.3963012695312,0.9843734502792358,1290.4576416015625,707.1082763671875,0.979603111743927
667,22233,923.518798828125,83.3239974975586,0.006387530360370874,924.519287109375,66.11089324951172,0.005994153209030628,919.7120361328125,78.38655853271484,0.002250038320198655,952.3865356445312,48.14057922363281,0.00878078117966652,937.4817504882812,70.42279815673828,0.0016231092158704996,973.879638671875,9.07470703125,0.014035073108971119,964.02685546875,0.0,0.015424053184688091,980.45458984375,58.02919006347656,0.12607388198375702,974.5193481445312,45.03446960449219,0.14946091175079346,944.521728515625,102.4764404296875,0.308826744556427,928.8929443359375,90.79829406738281,0.3629472255706787,1035.0255126953125,85.2462158203125,0.8770843744277954,1027.93798828125,84.56167602539062,0.8673953413963318,940.1878051757812,463.8779296875,0.9853192567825317,998.6738891601562,482.7863464355469,0.9795100092887878,999.352294921875,846.6597290039062,0.9848057627677917,1262.757568359375,698.4979248046875,0.9807814359664917
668,22266,922.6018676757812,80.32196044921875,0.004720942582935095,923.1491088867188,63.58312225341797,0.004942870233207941,919.57275390625,77.28730773925781,0.0019225046271458268,951.633544921875,45.300384521484375,0.012548252008855343,939.2525024414062,70.91027069091797,0.0022830627858638763,973.2196655273438,12.55609130859375,0.01775527559220791,968.3137817382812,0.0,0.022854363545775414,972.74267578125,64.44699096679688,0.09198637306690216,981.2918701171875,62.226837158203125,0.1354466676712036,946.7169799804688,113.488037109375,0.15522168576717377,927.4683837890625,94.1407470703125,0.21958334743976593,1040.5543212890625,104.05613708496094,0.9036887884140015,1031.3316650390625,103.30325317382812,0.905079185962677,946.0288696289062,481.6102294921875,0.9869866967201233,977.72021484375,491.6524963378906,0.9833009243011475,1047.3865966796875,850.5648193359375,0.9870052337646484,1228.2830810546875,695.2620849609375,0.9849667549133301
669,22300,966.1707153320312,77.69151306152344,0.009879523888230324,974.3434448242188,51.57893371582031,0.010061560198664665,964.7319946289062,64.51679992675781,0.005604773759841919,989.7860107421875,28.106643676757812,0.026111049577593803,969.1219482421875,49.137451171875,0.007421010639518499,987.1583862304688,0.0,0.04565002769231796,976.2166137695312,0.0,0.02563313953578472,946.3480224609375,75.65682220458984,0.11748578399419785,960.8618774414062,67.42936706542969,0.0721094012260437,930.827880859375,149.82583618164062,0.13376258313655853,917.9221801757812,124.90145874023438,0.1110602617263794,1043.4583740234375,145.42588806152344,0.8417066931724548,1024.8089599609375,145.92713928222656,0.789997935295105,941.49267578125,490.07098388671875,0.9640358686447144,939.4531860351562,477.2606506347656,0.9388376474380493,1088.3089599609375,834.6443481445312,0.9548715949058533,1200.232421875,688.2024536132812,0.9407997727394104
670,22333,859.2835693359375,46.47564697265625,0.0038723270408809185,865.9786376953125,29.853286743164062,0.004214937333017588,857.2013549804688,44.79862976074219,0.00142565555870533,908.7684326171875,20.70904541015625,0.019127588719129562,878.0989990234375,48.261474609375,0.002873216290026903,945.1362915039062,0.0,0.04129050299525261,899.8282470703125,0.0,0.03609062358736992,873.5709228515625,3.7767333984375,0.17745839059352875,892.8492431640625,11.724105834960938,0.1439446061849594,896.3873901367188,0.883026123046875,0.1713891476392746,884.433837890625,3.8865966796875,0.13330534100532532,1049.72119140625,136.9259490966797,0.9350161552429199,987.6339111328125,135.61669921875,0.9275237321853638,1020.5521240234375,510.0407409667969,0.9830808043479919,883.9151000976562,456.6761169433594,0.9756330251693726,1175.3536376953125,826.1533813476562,0.9684602618217468,1087.9381103515625,695.5531005859375,0.9672119617462158
671,22366,910.5692138671875,76.07963562011719,0.002797249471768737,915.9901123046875,55.543304443359375,0.0034677591174840927,902.9827880859375,69.68570709228516,0.0011364525416865945,953.9652709960938,42.17546081542969,0.015193406492471695,914.029541015625,68.02761840820312,0.0020491904579102993,970.1348876953125,6.657806396484375,0.030283737927675247,928.2762451171875,0.1374664306640625,0.017704054713249207,909.568359375,14.663818359375,0.13636326789855957,933.9060668945312,28.776718139648438,0.08010172843933105,930.8607788085938,32.57780456542969,0.13155415654182434,919.44970703125,42.63642883300781,0.08373837172985077,1053.6663818359375,116.68547058105469,0.9242684841156006,985.2279052734375,114.78218078613281,0.9011481404304504,1066.8035888671875,498.5579528808594,0.9850091934204102,869.2734985351562,441.2153625488281,0.9760985970497131,1219.1234130859375,837.5081176757812,0.9810870289802551,1043.5653076171875,750.1470947265625,0.9785259962081909
672,22400,929.0255126953125,95.92444610595703,0.0029863847885280848,935.2822265625,73.1077880859375,0.003784394823014736,920.3734130859375,84.91596221923828,0.0014402897795662284,975.5892944335938,57.81793212890625,0.014213436283171177,927.8865966796875,78.64064025878906,0.0023650864604860544,1009.3590698242188,25.499862670898438,0.0192701555788517,944.3303833007812,12.558700561523438,0.020001070573925972,987.8099365234375,59.73838806152344,0.06754120439291,967.5040283203125,50.50859069824219,0.08385370671749115,965.6452026367188,104.48542785644531,0.06398423761129379,935.2128295898438,83.74850463867188,0.07213275134563446,1071.3883056640625,97.23513793945312,0.884206235408783,987.8892211914062,92.80197143554688,0.8874943256378174,1102.12744140625,478.9226989746094,0.9778669476509094,875.28515625,426.91552734375,0.9742092490196228,1261.3394775390625,814.9005126953125,0.9762478470802307,976.9810180664062,758.6334838867188,0.9780885577201843
673,22433,964.9398193359375,90.48312377929688,0.004794687032699585,967.804931640625,71.53834533691406,0.004653642885386944,954.7159423828125,79.97737884521484,0.002590694697573781,993.43603515625,58.06402587890625,0.008145689964294434,953.15625,71.75630950927734,0.0027106532361358404,1007.9639892578125,26.463272094726562,0.016104862093925476,975.1571044921875,7.1338348388671875,0.012762035243213177,972.8038940429688,70.62844848632812,0.08366550505161285,989.6900024414062,51.286468505859375,0.07391159236431122,953.9515380859375,96.758056640625,0.10599450767040253,933.54736328125,65.56214904785156,0.0946521982550621,1076.2635498046875,93.39610290527344,0.8498405814170837,1004.365234375,84.83500671386719,0.8325343728065491,1127.918701171875,464.8512268066406,0.9762949347496033,896.0366821289062,436.6753234863281,0.9692589640617371,1301.7850341796875,797.4176025390625,0.9774453639984131,914.0336303710938,785.5279541015625,0.9750432372093201
674,22466,971.7667846679688,92.47368621826172,0.00664264801889658,973.7755737304688,73.49725341796875,0.005122635513544083,961.9911499023438,81.92365264892578,0.003391487989574671,996.8090209960938,58.81146240234375,0.00432991050183773,960.9838256835938,72.17097473144531,0.0019415921997278929,1001.28662109375,28.275833129882812,0.008463307283818722,994.09814453125,7.9356536865234375,0.010337754152715206,958.7135009765625,74.72447204589844,0.0807998776435852,1005.1677856445312,51.01469421386719,0.11458727717399597,914.1737060546875,104.8125,0.16981905698776245,925.8849487304688,75.12446594238281,0.2160719782114029,1065.02197265625,89.73554992675781,0.8407448530197144,1007.2750854492188,81.95672607421875,0.8480563759803772,1134.4949951171875,457.302978515625,0.9814403057098389,912.5711669921875,443.6168518066406,0.9796000123023987,1334.6878662109375,781.102294921875,0.9842993021011353,877.5543823242188,797.3572998046875,0.9840400815010071
675,22500,976.4539184570312,96.06889343261719,0.008569520898163319,978.5771484375,77.25505828857422,0.006719464436173439,964.8352661132812,85.36569213867188,0.004353857599198818,1000.6250610351562,65.77274322509766,0.004340932704508305,958.7537841796875,79.11609649658203,0.0019593643955886364,1002.8626708984375,38.634063720703125,0.008243649266660213,987.587646484375,19.990447998046875,0.00831687543541193,964.6923217773438,81.13998413085938,0.08502674847841263,991.197021484375,60.67987060546875,0.0941702127456665,917.7363891601562,102.63427734375,0.19577209651470184,917.893798828125,74.58110046386719,0.20692245662212372,1059.834716796875,83.26373291015625,0.8231692910194397,999.7545776367188,77.625,0.8166239857673645,1124.5482177734375,455.0118713378906,0.9812754392623901,920.3924560546875,444.40789794921875,0.977588415145874,1350.73388671875,765.1030883789062,0.984885573387146,884.6430053710938,797.8673095703125,0.9837062358856201
676,22533,996.7740478515625,86.67789459228516,0.019669681787490845,999.627197265625,65.84081268310547,0.013491863384842873,982.2381591796875,74.1332015991211,0.011065891943871975,1012.10107421875,52.51304626464844,0.00672280415892601,966.8531494140625,63.31768798828125,0.004625880625098944,1003.21142578125,21.388458251953125,0.020960364490747452,993.2398681640625,4.56536865234375,0.009826594032347202,964.6777954101562,75.68586730957031,0.15260609984397888,982.6856689453125,60.68243408203125,0.06612155586481094,927.5867309570312,98.39749145507812,0.28244566917419434,912.8558349609375,79.3282470703125,0.16128642857074738,1046.2208251953125,97.49533081054688,0.798060417175293,992.2388305664062,87.79962158203125,0.7190365791320801,1094.40966796875,457.669921875,0.9722207188606262,916.5828247070312,453.7178649902344,0.9558869004249573,1352.133544921875,750.1234741210938,0.9759960770606995,913.109619140625,800.7442016601562,0.9671035408973694
677,22566,978.6851806640625,55.15576171875,0.023303566500544548,985.8458862304688,29.670135498046875,0.01758848875761032,970.8153076171875,40.47285461425781,0.014531045220792294,996.0953979492188,17.327728271484375,0.011768500320613384,958.0816040039062,33.40653991699219,0.007312290370464325,975.6319580078125,2.9613189697265625,0.02755780704319477,985.3985595703125,0.0,0.015542778186500072,940.4725952148438,51.46723937988281,0.1414112150669098,976.3851928710938,40.75959777832031,0.08186440914869308,904.7294921875,108.29255676269531,0.2430194616317749,920.5252075195312,89.46356964111328,0.1791847050189972,1026.881103515625,114.52599334716797,0.7494043707847595,994.43505859375,109.3868408203125,0.6873961091041565,1057.1588134765625,467.2594299316406,0.939365565776825,919.5123291015625,465.0097351074219,0.9186552166938782,1338.015625,733.2716674804688,0.9236431121826172,955.51318359375,793.5778198242188,0.9056200981140137
678,22600,986.7978515625,72.98117065429688,0.012518325820565224,991.9449462890625,52.114952087402344,0.01103932037949562,976.236328125,62.50804138183594,0.008065039291977882,1003.0750732421875,33.95658874511719,0.01123883668333292,961.8338012695312,50.423858642578125,0.005652265157550573,986.638427734375,4.000144958496094,0.023370733484625816,977.1317138671875,0.0,0.010357573628425598,951.504150390625,60.111854553222656,0.10081960260868073,954.1865844726562,49.91107177734375,0.044817596673965454,933.2569580078125,106.20845031738281,0.13562871515750885,911.5420532226562,85.7907943725586,0.07968445867300034,1015.4470825195312,123.8265380859375,0.7724608182907104,978.9476318359375,116.61488342285156,0.6939640641212463,1001.6576538085938,484.8502197265625,0.9521878361701965,918.2698974609375,477.1093444824219,0.9320793747901917,1322.577392578125,716.9163208007812,0.956601083278656,991.7550659179688,802.461181640625,0.9446901679039001
679,22633,913.4312133789062,69.06852722167969,0.0027760430239140987,913.5524291992188,55.99635314941406,0.003088947618380189,910.419677734375,68.8560791015625,0.0014778542099520564,937.53955078125,42.302513122558594,0.008839184418320656,939.7599487304688,63.88792419433594,0.002115511102601886,926.4268798828125,6.064476013183594,0.011083773337304592,996.7318725585938,0.0,0.013205522671341896,893.23828125,19.88031005859375,0.060191020369529724,956.3925170898438,33.58387756347656,0.0870056301355362,927.75146484375,54.935394287109375,0.07237514108419418,920.85498046875,88.25749969482422,0.10183829814195633,1009.3833618164062,111.29644775390625,0.8819651007652283,1033.03564453125,115.5076904296875,0.888765811920166,960.4740600585938,491.2901916503906,0.9771941900253296,950.4402465820312,495.1899108886719,0.9780972599983215,1299.0732421875,692.0111083984375,0.9810855388641357,1029.099365234375,833.9892578125,0.981141209602356
680,22666,906.1978149414062,67.08251953125,0.004270676989108324,913.7618408203125,53.698951721191406,0.004119582008570433,897.7998657226562,68.11541748046875,0.001971988473087549,949.0925903320312,40.12449645996094,0.009020525962114334,909.9686889648438,65.51376342773438,0.0024597332812845707,943.4271240234375,0.5908584594726562,0.02162947505712509,945.7240600585938,0.0,0.017845211550593376,874.6416015625,7.7411956787109375,0.14696474373340607,874.3493041992188,21.977005004882812,0.12843942642211914,900.533447265625,25.018844604492188,0.1999981701374054,894.3719482421875,33.29466247558594,0.19512446224689484,1026.185302734375,113.50382995605469,0.9157226085662842,1012.861083984375,122.5704345703125,0.9030969142913818,936.0040893554688,485.2686767578125,0.9790797233581543,954.1376953125,506.293212890625,0.9753637313842773,1245.54638671875,693.486328125,0.977238655090332,1069.1575927734375,825.6903686523438,0.9733228087425232
681,22700,889.7655029296875,59.74456787109375,0.005164018366485834,891.2312622070312,45.07312774658203,0.0041628130711615086,889.35888671875,60.755104064941406,0.001884231111034751,927.6469116210938,32.03517150878906,0.00969842728227377,945.4505004882812,56.09889221191406,0.0023665863554924726,923.4873657226562,0.0,0.02485932596027851,1042.83056640625,0.0,0.03296927362680435,893.4236450195312,14.997116088867188,0.19458450376987457,969.0040283203125,40.27210235595703,0.26454517245292664,850.7135620117188,7.534515380859375,0.305149644613266,859.2229614257812,14.672927856445312,0.3960135579109192,1016.8311767578125,120.19349670410156,0.9274289608001709,1091.388916015625,115.71908569335938,0.9334372282028198,905.3814697265625,487.67669677734375,0.9833680987358093,986.3033447265625,487.47418212890625,0.9840916991233826,1201.5655517578125,703.3369140625,0.979606568813324,1095.2962646484375,810.1265869140625,0.9797924757003784
682,22733,880.8692016601562,86.22990417480469,0.002064454136416316,883.3817138671875,71.01386260986328,0.0028254552744328976,878.2315063476562,89.2379150390625,0.000990270054899156,919.9356079101562,55.08064270019531,0.0220642127096653,924.7020874023438,84.44485473632812,0.0034017860889434814,925.4608154296875,9.401618957519531,0.03827163949608803,1006.6717529296875,0.0,0.02155381441116333,891.6038818359375,23.003173828125,0.11933698505163193,947.7515869140625,27.019866943359375,0.060997381806373596,841.48828125,13.959869384765625,0.08086784183979034,835.9742431640625,13.539505004882812,0.05022430419921875,1017.5054321289062,105.0845947265625,0.8965456485748291,1077.3524169921875,103.32028198242188,0.8666638731956482,883.6876831054688,465.1841125488281,0.9701601266860962,1014.4844970703125,484.59442138671875,0.9599820375442505,1153.4561767578125,715.9303588867188,0.9663113951683044,1142.0401611328125,800.1663208007812,0.9577650427818298
683,22766,902.4340209960938,76.57493591308594,0.0026206192560493946,899.254638671875,60.15266418457031,0.0032193735241889954,903.752197265625,78.91376495361328,0.0013694389490410686,921.3766479492188,43.99598693847656,0.01851208508014679,955.6795043945312,74.8319320678711,0.004047423601150513,913.16455078125,4.285285949707031,0.02676309458911419,1036.801025390625,0.0,0.01875522918999195,894.8681030273438,21.001876831054688,0.08274620026350021,995.2683715820312,35.7271728515625,0.05862397700548172,938.2904663085938,37.314422607421875,0.07902447879314423,941.7372436523438,58.8914794921875,0.061768099665641785,1007.2391967773438,93.77357482910156,0.8749796152114868,1100.454833984375,91.57356262207031,0.8507274985313416,877.2872924804688,459.3012390136719,0.9763625264167786,1050.1414794921875,474.95892333984375,0.9703619480133057,1088.007568359375,768.3662109375,0.9768996238708496,1211.26416015625,809.8388671875,0.9719042778015137
684,22800,906.58984375,78.52212524414062,0.003039814066141844,905.2976684570312,60.25426483154297,0.003139509353786707,906.981689453125,77.72341918945312,0.0015737892827019095,926.1514892578125,43.9888916015625,0.010634399019181728,949.9266357421875,72.68989562988281,0.0029237400740385056,926.685791015625,4.555870056152344,0.011674381792545319,1027.368408203125,0.0,0.016413351520895958,931.1323852539062,53.25102996826172,0.051780130714178085,1002.722900390625,42.68822479248047,0.09146781265735626,945.4595947265625,103.71185302734375,0.08866700530052185,933.548583984375,78.67375946044922,0.1437090039253235,1013.770751953125,80.57926940917969,0.8302281498908997,1097.48095703125,78.84979248046875,0.8466414213180542,893.6521606445312,443.08660888671875,0.9773772358894348,1076.9044189453125,466.5279235839844,0.9777939915657043,1008.3799438476562,803.14013671875,0.9797027707099915,1245.4888916015625,796.1570434570312,0.978844940662384
685,22833,926.1834106445312,83.3580322265625,0.0029443183448165655,925.48046875,62.87736511230469,0.002951320493593812,926.8323364257812,78.26209259033203,0.0014504919527098536,943.6022338867188,46.33058166503906,0.008090679533779621,966.9671630859375,71.84344482421875,0.0022299254778772593,942.6266479492188,1.3528289794921875,0.008607368916273117,1034.89404296875,0.0,0.010965273715555668,945.490966796875,42.14703369140625,0.05215902253985405,994.5004272460938,37.45426940917969,0.08174266666173935,963.384033203125,90.46227264404297,0.11653673648834229,941.1907348632812,75.32373046875,0.1698148399591446,1015.6402587890625,65.5477294921875,0.8000562191009521,1098.874267578125,64.2667236328125,0.8077440857887268,908.8822631835938,433.86248779296875,0.9776564240455627,1094.8271484375,448.7509460449219,0.9761427044868469,917.2996826171875,799.2730102539062,0.9800776243209839,1283.36962890625,772.6944580078125,0.9778668284416199
686,22866,948.8018798828125,76.7358169555664,0.003523061750456691,948.3821411132812,53.22843933105469,0.0035507269203662872,948.0330200195312,66.10340881347656,0.0015165831428021193,965.2230834960938,41.004913330078125,0.005568525288254023,979.2328491210938,63.31553649902344,0.0013283108128234744,968.7195434570312,5.389915466308594,0.005281749647110701,1030.620849609375,0.0,0.005280098877847195,963.72802734375,47.15171813964844,0.05527660250663757,995.6488647460938,38.53074645996094,0.062241341918706894,959.219482421875,77.66793823242188,0.1876288503408432,938.2327880859375,71.08383178710938,0.21256545186042786,1025.0032958984375,52.92988586425781,0.7522174119949341,1086.135009765625,51.678955078125,0.7341268658638,928.5275268554688,439.5775451660156,0.9801544547080994,1096.95703125,447.31842041015625,0.9749772548675537,879.72900390625,816.369873046875,0.9831783175468445,1313.0277099609375,763.2720947265625,0.9791083931922913
687,22900,951.1593017578125,78.22677612304688,0.00513643492013216,952.5933837890625,57.222129821777344,0.004709134344011545,949.0449829101562,68.62580108642578,0.001787384389899671,974.05810546875,44.80979919433594,0.003933915868401527,974.6401977539062,64.24795532226562,0.0008274725987575948,980.099365234375,3.779296875,0.00450960174202919,1015.8504638671875,0.0,0.003909520339220762,970.6785888671875,33.92500305175781,0.09454695135354996,978.8018798828125,23.983566284179688,0.08451270312070847,951.8117065429688,66.43775939941406,0.412712037563324,935.3516235351562,72.56767272949219,0.400490939617157,1031.426513671875,58.18121337890625,0.7746914029121399,1073.1151123046875,55.297943115234375,0.7397574186325073,934.4701538085938,438.7682189941406,0.9839637875556946,1092.854736328125,441.24884033203125,0.9775751829147339,888.5588989257812,809.3483276367188,0.9855770468711853,1324.152099609375,742.7725219726562,0.9811241030693054
688,22933,944.4221801757812,79.06571960449219,0.0057168276980519295,948.5975341796875,57.660919189453125,0.0050881654024124146,939.4000854492188,71.69416809082031,0.002277561230584979,974.2001953125,43.58672332763672,0.004255239386111498,951.7747802734375,69.20013427734375,0.0011277367593720555,985.0050659179688,0.0,0.004596685990691185,982.6696166992188,0.0,0.005907710175961256,977.2174072265625,30.513656616210938,0.07445967942476273,958.3462524414062,21.403610229492188,0.10898536443710327,953.7589111328125,67.72764587402344,0.31996533274650574,931.3677978515625,68.3309097290039,0.41742417216300964,1039.741455078125,52.43055725097656,0.7692735195159912,1052.5733642578125,53.534454345703125,0.7678074836730957,935.822265625,436.255859375,0.9805070161819458,1064.32177734375,449.3850402832031,0.9762025475502014,915.1359252929688,815.631591796875,0.9822529554367065,1327.0699462890625,722.4343872070312,0.9784752130508423
689,22966,933.0715942382812,85.47241973876953,0.005906133912503719,932.4873046875,63.04243469238281,0.005031781271100044,930.5601806640625,74.93428802490234,0.0021680311765521765,952.4671020507812,45.31416320800781,0.004741352517157793,958.4104614257812,64.6446762084961,0.0012449672212824225,955.1055908203125,0.0,0.007144368719309568,1002.33984375,0.0,0.006660789251327515,957.63134765625,33.65675354003906,0.11027286946773529,982.9254150390625,28.408950805664062,0.10205435007810593,944.8012084960938,71.49302673339844,0.3832201659679413,930.8540649414062,68.8154296875,0.3788759112358093,1027.8414306640625,55.01966857910156,0.8019360303878784,1066.02734375,52.88104248046875,0.7712092995643616,939.6893920898438,454.6143493652344,0.983816385269165,1041.4193115234375,463.1902160644531,0.9757005572319031,951.6551513671875,840.3919067382812,0.9855912923812866,1299.033447265625,709.7183837890625,0.9805537462234497
690,23000,915.3184814453125,79.03699493408203,0.005427020601928234,914.6678466796875,61.37690734863281,0.005192419048398733,915.00732421875,74.04446411132812,0.0019411738030612469,941.2941284179688,45.19844055175781,0.008209883235394955,947.1454467773438,66.91827392578125,0.0015269367722794414,954.3497314453125,5.4929351806640625,0.0121466601267457,991.2141723632812,0.0,0.01258797012269497,968.1802368164062,53.018280029296875,0.1152011826634407,995.8883666992188,41.706207275390625,0.12665994465351105,938.69921875,98.05046081542969,0.29076895117759705,931.1519165039062,84.66334533691406,0.32539018988609314,1021.7212524414062,87.99732971191406,0.8605570793151855,1047.0028076171875,86.20440673828125,0.8465237617492676,940.8856811523438,462.97100830078125,0.9845888018608093,1016.1514892578125,480.46795654296875,0.9781620502471924,996.0771484375,842.3565673828125,0.9852334856987,1273.01416015625,696.2373657226562,0.9810498356819153
691,23033,900.5776977539062,69.37458801269531,0.0051847645081579685,901.3513793945312,53.99464416503906,0.004905216861516237,898.52197265625,66.64038848876953,0.002151696477085352,927.6170654296875,37.73588562011719,0.011058316566050053,920.5081787109375,59.91078186035156,0.0025056551676243544,940.76904296875,1.2068939208984375,0.01931498572230339,946.611328125,0.0,0.022810988128185272,926.29931640625,36.76190185546875,0.11091035604476929,936.466552734375,44.39469909667969,0.1443789005279541,935.1582641601562,89.37583923339844,0.19673499464988708,918.7981567382812,93.64997863769531,0.25398942828178406,1027.074462890625,106.79008483886719,0.9151464700698853,1025.9619140625,107.62504577636719,0.9124075174331665,942.4773559570312,482.0404357910156,0.9884358644485474,988.0736083984375,488.40081787109375,0.984654426574707,1047.3282470703125,837.3286743164062,0.9880756139755249,1232.383544921875,690.2606201171875,0.9861001372337341
692,23066,799.9603271484375,24.500518798828125,0.010626590810716152,807.036865234375,3.9769821166992188,0.015590253286063671,800.25537109375,20.890960693359375,0.0030050170607864857,864.5078125,0.0,0.06913167238235474,844.4544677734375,27.717910766601562,0.0038959751836955547,915.234375,0.0,0.07738220691680908,898.8406372070312,0.0,0.05770484730601311,857.5515747070312,12.013961791992188,0.1652064174413681,894.2532348632812,24.497085571289062,0.1188448816537857,880.6183471679688,10.404556274414062,0.14409780502319336,869.30126953125,11.088409423828125,0.10513216257095337,1048.164306640625,129.7379608154297,0.9101206064224243,1015.974609375,127.90800476074219,0.8965849876403809,971.44775390625,494.7261657714844,0.9775240421295166,913.3912963867188,460.125,0.9674296975135803,1113.015869140625,819.1845703125,0.9619272947311401,1133.39599609375,696.48291015625,0.9581369757652283
693,23100,898.8280029296875,80.37080383300781,0.0013031505513936281,904.32861328125,61.51922607421875,0.0019957437179982662,896.18701171875,76.6010971069336,0.0007304917671717703,935.4020385742188,48.154884338378906,0.019735869020223618,909.9525756835938,75.69925689697266,0.0029364870861172676,949.8367309570312,10.248023986816406,0.02815178595483303,931.3119506835938,2.506072998046875,0.017057528719305992,881.7138061523438,26.1031494140625,0.0698709636926651,956.029541015625,42.28411102294922,0.04746648296713829,920.0343017578125,43.06365966796875,0.0380697026848793,935.7073974609375,65.19007873535156,0.028916744515299797,1042.7840576171875,114.11668395996094,0.9068464636802673,987.591064453125,115.21527099609375,0.8849213719367981,1069.9185791015625,477.7011413574219,0.9773847460746765,878.0628662109375,437.01324462890625,0.9675905108451843,1201.05322265625,803.4712524414062,0.9740448594093323,1026.853271484375,737.6165771484375,0.9708409905433655
694,23133,925.6051025390625,99.78602600097656,0.003539708210155368,929.7466430664062,78.22160339355469,0.004278295673429966,918.6356201171875,85.95323181152344,0.0020678520668298006,958.7239379882812,63.83280944824219,0.012946770526468754,925.3499145507812,76.48514556884766,0.0034070764668285847,975.5132446289062,34.23930358886719,0.0166122205555439,948.863037109375,22.347702026367188,0.015388516709208488,931.11865234375,76.96513366699219,0.049214210361242294,1000.4365234375,69.48321533203125,0.053516730666160583,919.7213745117188,123.3779296875,0.04375821724534035,969.1051025390625,115.26553344726562,0.04420033097267151,1054.2401123046875,79.18656921386719,0.8468242287635803,989.0845336914062,78.84974670410156,0.8451712131500244,1111.388916015625,456.0877990722656,0.9759736657142639,899.6087646484375,432.7012939453125,0.9719289541244507,1285.6683349609375,784.241455078125,0.9793440699577332,895.034912109375,782.9862670898438,0.9798797965049744
695,23166,942.9104614257812,91.61370849609375,0.0047093890607357025,946.5540771484375,70.40357208251953,0.005353907588869333,934.667724609375,76.86685180664062,0.0026493549812585115,972.586669921875,60.13684844970703,0.0075729466043412685,935.8766479492188,70.55916595458984,0.0021223723888397217,982.3357543945312,40.99085998535156,0.007374532986432314,954.0067749023438,25.644149780273438,0.008169802837073803,943.595947265625,89.45503234863281,0.03632834926247597,983.39599609375,65.83790588378906,0.04800187796354294,923.6248779296875,118.56344604492188,0.05431713908910751,930.8709106445312,83.44541931152344,0.06305109709501266,1045.3770751953125,70.658935546875,0.7941120862960815,979.859130859375,71.92977905273438,0.8022478222846985,1109.631103515625,449.5998229980469,0.9786650538444519,909.9161376953125,439.2815856933594,0.9762411713600159,1315.8472900390625,768.08349609375,0.9855257868766785,872.201904296875,793.3687133789062,0.9859417080879211
696,23200,968.2835083007812,90.41867065429688,0.0064947460778057575,970.21728515625,71.48281860351562,0.006567704025655985,957.8589477539062,78.1666259765625,0.0041207680478692055,990.4544677734375,61.60198974609375,0.007217369042336941,955.1417236328125,71.76466369628906,0.002934661228209734,985.3330078125,42.5203857421875,0.008905738592147827,983.0394287109375,21.599212646484375,0.006857865024358034,945.4993286132812,104.39625549316406,0.042140886187553406,984.3375244140625,88.28384399414062,0.035355906933546066,925.6995849609375,122.161376953125,0.06329360604286194,935.701904296875,123.82795715332031,0.05314166471362114,1040.580322265625,76.19137573242188,0.7638363242149353,993.1343994140625,68.27197265625,0.7380920052528381,1094.75048828125,450.364501953125,0.9759417772293091,919.1793823242188,436.7525939941406,0.9694861769676208,1332.6064453125,756.252685546875,0.984512209892273,873.4319458007812,794.7176513671875,0.982607901096344
697,23233,992.8983764648438,78.26687622070312,0.02148665115237236,993.1016235351562,57.562957763671875,0.014943933114409447,981.2027587890625,65.73184204101562,0.013965005055069923,994.1448364257812,42.811614990234375,0.009881445206701756,967.6598510742188,53.290924072265625,0.007896454073488712,979.7572631835938,11.893707275390625,0.029220759868621826,999.47021484375,0.0,0.013240901753306389,948.8192138671875,74.35652160644531,0.13255420327186584,984.6893920898438,65.86949157714844,0.053602736443281174,931.6422729492188,108.09104919433594,0.19623544812202454,928.964599609375,106.12065124511719,0.10013969242572784,1023.8038330078125,100.77891540527344,0.7806124091148376,993.0435791015625,89.56068420410156,0.6946554183959961,1067.7265625,458.73797607421875,0.9649781584739685,916.6699829101562,448.4407958984375,0.9449127912521362,1334.410400390625,743.4248657226562,0.9699589014053345,906.40869140625,792.1755981445312,0.9594852924346924
698,23266,990.303466796875,69.95157623291016,0.031046241521835327,992.8971557617188,49.40492248535156,0.019016800448298454,976.996826171875,58.06439208984375,0.019852278754115105,994.0060424804688,33.2501220703125,0.009378602728247643,956.5383911132812,44.68739318847656,0.009374850429594517,977.8172607421875,3.0611572265625,0.03497232124209404,976.4901123046875,0.0,0.015457048080861568,940.0105590820312,63.05158996582031,0.17488035559654236,955.9761352539062,55.17521667480469,0.07041031867265701,907.1012573242188,109.96170043945312,0.28424960374832153,895.87744140625,93.03108215332031,0.15684109926223755,1001.3117065429688,112.062744140625,0.7768889665603638,962.5083618164062,103.1868896484375,0.6839815378189087,1029.8031005859375,470.7311096191406,0.9586697816848755,908.8900146484375,468.6094665527344,0.9353768229484558,1321.6048583984375,732.12890625,0.9621614813804626,943.1956787109375,805.5963745117188,0.9479205012321472
699,23300,909.0284423828125,68.81632232666016,0.003498980076983571,908.431640625,55.33172607421875,0.0034844123292714357,905.4876708984375,65.45368194580078,0.0016410514945164323,932.2329711914062,40.61737060546875,0.007570700254291296,933.8340454101562,56.680938720703125,0.0018296960042789578,921.2849731445312,0.0,0.012724180705845356,977.9031982421875,0.0,0.011628542095422745,883.982666015625,12.45556640625,0.08620395511388779,955.8577880859375,38.33509826660156,0.0859188362956047,920.9373779296875,70.23060607910156,0.12101224809885025,910.3079833984375,88.72695922851562,0.11893043667078018,996.864990234375,95.39694213867188,0.886962354183197,1003.29296875,99.54583740234375,0.8787223696708679,984.1250610351562,494.1101989746094,0.9808716773986816,929.1419677734375,486.1974182128906,0.9783339500427246,1311.0889892578125,707.8341674804688,0.9835231900215149,990.262939453125,830.3980102539062,0.9827422499656677
700,23333,860.9832153320312,54.5628662109375,0.004517353605479002,861.4788208007812,39.86663818359375,0.0049012526869773865,858.3485107421875,53.11988067626953,0.001898294547572732,892.6732788085938,28.58795928955078,0.015196526423096657,900.2509155273438,50.98063659667969,0.003157688770443201,895.4273681640625,0.0,0.03229792043566704,960.9737548828125,0.0,0.02281687781214714,854.5785522460938,8.061264038085938,0.14848515391349792,904.4163208007812,22.909561157226562,0.09948044270277023,901.6258544921875,30.524139404296875,0.14184987545013428,890.218505859375,46.30357360839844,0.0986211895942688,998.4413452148438,124.73936462402344,0.9235243201255798,1020.5152587890625,133.19821166992188,0.9080164432525635,950.8196411132812,488.83978271484375,0.982030987739563,934.1594848632812,495.3477478027344,0.9767346978187561,1263.416015625,695.5069580078125,0.9794012308120728,1023.7008056640625,822.8441162109375,0.975115180015564
701,23366,890.8397827148438,70.04415893554688,0.0035426749382168055,892.2141723632812,55.82359313964844,0.0033855971414595842,889.4432373046875,70.67642211914062,0.0015076271956786513,923.1593627929688,41.483070373535156,0.008820025250315666,931.32080078125,65.732666015625,0.002006656490266323,913.4122924804688,3.3389511108398438,0.01791207492351532,1009.422607421875,0.0,0.019601499661803246,875.5896606445312,19.59466552734375,0.13494773209095,949.0540161132812,36.448150634765625,0.16186237335205078,858.9432373046875,17.988235473632812,0.19215291738510132,867.092529296875,26.270233154296875,0.24022436141967773,1000.4711303710938,122.27572631835938,0.9109249114990234,1048.81298828125,122.51417541503906,0.910323977470398,908.5728759765625,489.2941589355469,0.9800609350204468,937.6250610351562,500.40948486328125,0.9792701005935669,1216.8486328125,703.2213134765625,0.979893684387207,1051.75244140625,818.87109375,0.9782097339630127
702,23400,878.5587768554688,55.13800048828125,0.004025478381663561,877.8417358398438,40.163795471191406,0.0036088647320866585,879.06396484375,57.13531494140625,0.0016547753475606441,907.7618408203125,27.091392517089844,0.013838507235050201,935.3690185546875,54.15618896484375,0.003400371875613928,901.4613647460938,0.0,0.03863954171538353,1023.6732788085938,0.0,0.03553665801882744,856.7543334960938,12.781082153320312,0.19391240179538727,921.8829956054688,31.20794677734375,0.17861755192279816,827.8298950195312,3.0727386474609375,0.2164173424243927,822.413330078125,6.0014190673828125,0.22045163810253143,1003.77197265625,120.66311645507812,0.9292850494384766,1085.0792236328125,119.25938415527344,0.9229625463485718,884.1143798828125,479.0420227050781,0.9810282588005066,985.9772338867188,495.1300048828125,0.978812575340271,1175.7520751953125,711.7232666015625,0.9765973687171936,1083.4390869140625,828.3633422851562,0.9735789895057678
703,23433,879.810791015625,84.45913696289062,0.0020565816666930914,878.8897705078125,67.44085693359375,0.002852672478184104,879.76611328125,86.5198974609375,0.0011873421026393771,909.0303955078125,50.76319885253906,0.026837049052119255,933.2523193359375,81.42782592773438,0.005215408280491829,905.9742431640625,11.426490783691406,0.03487265110015869,1019.1044311523438,0.076263427734375,0.027231648564338684,878.1688842773438,31.36614990234375,0.06813713163137436,984.350341796875,49.472877502441406,0.056957680732011795,870.7523803710938,54.74739074707031,0.04068975895643234,918.7489624023438,83.40046691894531,0.038009122014045715,999.8405151367188,109.76467895507812,0.8711684942245483,1079.9130859375,106.68882751464844,0.8582191467285156,865.0448608398438,465.7265625,0.9647685885429382,1000.803955078125,478.7355651855469,0.9600655436515808,1123.6436767578125,741.7925415039062,0.9650920629501343,1135.3472900390625,807.179443359375,0.9609153270721436
704,23466,899.76220703125,69.27104187011719,0.004456100054085255,894.530517578125,52.98243713378906,0.00413304939866066,897.260009765625,68.51644134521484,0.002174844965338707,914.2100830078125,38.376068115234375,0.013846962712705135,946.597412109375,63.247467041015625,0.004394380375742912,914.7870483398438,6.2507171630859375,0.02582368813455105,1021.6448974609375,0.0,0.02696271985769272,918.2846069335938,49.84075927734375,0.09316294640302658,998.5911254882812,54.723724365234375,0.10774651914834976,941.629638671875,90.43148803710938,0.12612594664096832,930.8756103515625,78.70976257324219,0.14417129755020142,997.8047485351562,95.12077331542969,0.8738142251968384,1080.0970458984375,92.76979064941406,0.8707351088523865,874.3247680664062,452.0173645019531,0.9787493348121643,1038.3157958984375,474.4259033203125,0.9768258333206177,1067.3172607421875,776.4064331054688,0.9810526967048645,1197.6302490234375,811.8850708007812,0.9791291952133179
705,23500,909.2677001953125,79.55058288574219,0.003604142228141427,905.4461669921875,60.71818542480469,0.0036458189133554697,912.0460205078125,77.25123596191406,0.0017418398056179285,919.404052734375,44.12681579589844,0.01032351329922676,958.2929077148438,71.07728576660156,0.002713062334805727,914.3600463867188,6.4845428466796875,0.013025319203734398,1034.5941162109375,0.0,0.013575002551078796,927.7679443359375,58.33531951904297,0.07137976586818695,1003.9292602539062,46.41371154785156,0.0855233371257782,947.893798828125,115.28128051757812,0.13893012702465057,932.8053588867188,89.96239471435547,0.16402189433574677,996.7174682617188,82.62744140625,0.8441430926322937,1093.6729736328125,78.28019714355469,0.8383289575576782,890.1700439453125,443.87677001953125,0.9815349578857422,1064.9561767578125,454.57489013671875,0.9787954688072205,973.8759155273438,806.2236328125,0.9832175970077515,1231.197998046875,783.6798706054688,0.9809399247169495
706,23533,923.6460571289062,89.52685546875,0.003701988607645035,921.617431640625,67.58152770996094,0.0035510961897671223,924.0518798828125,83.3807373046875,0.001785840024240315,936.9483032226562,51.077545166015625,0.006842286325991154,962.0816040039062,78.00526428222656,0.0019914174918085337,934.1138916015625,7.392608642578125,0.007059170864522457,1028.6810302734375,0.0,0.008964837528765202,938.5062255859375,50.17993927001953,0.05429172143340111,993.5103149414062,39.94024658203125,0.08507667481899261,951.7560424804688,92.44686126708984,0.15249235928058624,934.1651611328125,79.29471588134766,0.21971435844898224,1003.7546997070312,62.47645568847656,0.7824505567550659,1085.8359375,61.156402587890625,0.7886408567428589,904.0573120117188,433.28643798828125,0.9789254665374756,1078.7705078125,445.9685974121094,0.9770370125770569,902.9778442382812,802.105224609375,0.9820637702941895,1263.1829833984375,769.1206665039062,0.9798629879951477
707,23566,942.4270629882812,85.04283142089844,0.005593968089669943,942.075439453125,62.70579528808594,0.0047213234938681126,937.076171875,72.36888885498047,0.0023870854638516903,960.2982788085938,48.58868408203125,0.006520011927932501,964.2825317382812,63.98737335205078,0.002142040990293026,965.822021484375,12.157516479492188,0.01028801966458559,1008.1492919921875,8.638412475585938,0.009354705922305584,968.7654418945312,53.30616760253906,0.08666150271892548,978.1268920898438,45.84992980957031,0.08306624740362167,955.903564453125,84.54551696777344,0.25192612409591675,928.487548828125,68.34928894042969,0.2486574947834015,1015.6864013671875,56.78741455078125,0.8120047450065613,1065.12939453125,55.392974853515625,0.7875725030899048,918.0634155273438,435.7236328125,0.9842157959938049,1086.585693359375,445.73931884765625,0.9785507917404175,886.9964599609375,816.8182983398438,0.9863676428794861,1278.7327880859375,755.8613891601562,0.9828930497169495
708,23600,935.7642211914062,83.97640228271484,0.004824838135391474,940.2830200195312,61.882667541503906,0.004392613656818867,930.2200927734375,76.45289611816406,0.0020657835993915796,967.083984375,47.00422668457031,0.0046690478920936584,946.651123046875,73.25527954101562,0.0013253220822662115,979.3624877929688,0.1549530029296875,0.005370869301259518,982.8114624023438,0.0,0.0062189046293497086,971.157958984375,32.93952941894531,0.07021806389093399,950.2572021484375,26.339767456054688,0.09567786753177643,950.895263671875,67.3037109375,0.2666998505592346,929.7682495117188,66.58433532714844,0.34026408195495605,1025.451171875,56.94085693359375,0.7767937183380127,1046.1807861328125,57.73429870605469,0.7712844610214233,915.9791259765625,432.8122863769531,0.9800730347633362,1059.976318359375,442.5255432128906,0.9759619832038879,879.5795288085938,799.8147583007812,0.9821457266807556,1293.00244140625,738.1056518554688,0.9786697626113892
709,23633,929.382080078125,94.01314544677734,0.007220013998448849,932.5665893554688,71.8227310180664,0.005792991723865271,922.1033935546875,86.29218292236328,0.002822435460984707,964.2431030273438,53.05540466308594,0.005351932719349861,943.9596557617188,76.77836608886719,0.0016437552403658628,975.6848754882812,0.0,0.008294747211039066,978.4751586914062,0.0,0.01051838044077158,966.197021484375,23.720855712890625,0.10215562582015991,949.8087158203125,24.061111450195312,0.14456166326999664,947.1588745117188,68.53230285644531,0.35248565673828125,929.1127319335938,63.844207763671875,0.44221022725105286,1029.211669921875,51.01524353027344,0.816485583782196,1044.7393798828125,51.67378234863281,0.8156057000160217,918.1736450195312,439.3302917480469,0.9824276566505432,1038.749755859375,452.5702819824219,0.9784412384033203,907.1531982421875,805.393798828125,0.9838339686393738,1279.542236328125,719.8658447265625,0.9809391498565674
710,23666,924.7872314453125,86.59764862060547,0.0049540395848453045,923.791259765625,65.56100463867188,0.004538612440228462,923.81640625,79.33600616455078,0.0019396914867684245,946.18212890625,47.6326904296875,0.0067477114498615265,956.281005859375,70.7684555053711,0.0016016106819733977,945.6069946289062,0.0,0.009778984822332859,1003.3921508789062,0.0,0.010214674286544323,950.6918334960938,40.15498352050781,0.09855607151985168,990.4312744140625,36.583282470703125,0.10984160751104355,943.5020751953125,80.81808471679688,0.2699772119522095,931.51318359375,71.01887512207031,0.30327868461608887,1013.7807006835938,67.87806701660156,0.8360666632652283,1056.1988525390625,66.60214233398438,0.8199864625930786,931.3079833984375,457.8592834472656,0.9838082194328308,1019.4400634765625,469.1338195800781,0.9773545861244202,958.925537109375,833.061767578125,0.9854171872138977,1273.200439453125,701.6275634765625,0.9813023209571838
711,23700,915.1898803710938,77.45365905761719,0.0034358676057308912,915.942138671875,61.15031433105469,0.0040361699648201466,914.435302734375,71.96022033691406,0.0014800132485106587,941.8986206054688,44.670867919921875,0.013635360635817051,941.1890869140625,62.67743682861328,0.0022590013686567545,954.3580322265625,8.290603637695312,0.017830265685915947,970.7261962890625,0.0,0.016104701906442642,958.8146362304688,56.97578430175781,0.08047550171613693,976.0762939453125,48.54533386230469,0.07954283803701401,945.3263549804688,112.84854125976562,0.118028424680233,924.9115600585938,90.22526550292969,0.12384478747844696,1016.42431640625,97.13314819335938,0.8859365582466125,1026.497314453125,93.32501220703125,0.8707379102706909,931.0450439453125,473.9735412597656,0.9848355650901794,986.4526977539062,476.46527099609375,0.9780985116958618,1004.3568115234375,836.7019653320312,0.9859532117843628,1239.831298828125,687.7944946289062,0.9825080037117004
712,23733,911.4089965820312,75.29010772705078,0.005551932845264673,913.6046142578125,60.08601379394531,0.00512860668823123,906.1129760742188,72.01533508300781,0.0023439573124051094,940.09423828125,40.15997314453125,0.01092606782913208,917.0400390625,61.32147216796875,0.0027170584071427584,959.4149780273438,4.392974853515625,0.022596172988414764,934.431884765625,0.0,0.02606767974793911,952.9241333007812,48.45268249511719,0.12876254320144653,930.9655151367188,44.53129577636719,0.1610170304775238,932.322021484375,124.66854858398438,0.2177092283964157,915.9688110351562,120.14479064941406,0.2724969983100891,1032.8746337890625,113.74996948242188,0.9294773936271667,1011.873779296875,112.00657653808594,0.9267550110816956,935.6678466796875,484.4920349121094,0.9892359375953674,966.2342529296875,484.5500793457031,0.9856195449829102,1063.19384765625,828.8823852539062,0.9886562824249268,1213.8690185546875,684.7188720703125,0.9868592023849487
713,23766,811.711181640625,37.91423034667969,0.0035330308601260185,816.2429809570312,20.486526489257812,0.0046987226232886314,815.6533813476562,37.67115783691406,0.0012370303738862276,868.630615234375,12.541168212890625,0.03202974051237106,868.9486694335938,41.28584289550781,0.003284273436293006,909.1512451171875,0.0,0.05165896192193031,936.2780151367188,0.0,0.03780458867549896,870.8115844726562,11.543243408203125,0.14992859959602356,936.2732543945312,25.567245483398438,0.09888704121112823,861.5272216796875,15.620681762695312,0.11884140968322754,869.044189453125,26.626785278320312,0.0814666822552681,1030.770263671875,145.1549530029297,0.9417222738265991,1032.316650390625,140.02230834960938,0.9304662346839905,942.5211791992188,505.0660705566406,0.9878552556037903,931.5921630859375,472.3141784667969,0.9809795022010803,1101.318603515625,831.5528564453125,0.9820809960365295,1173.5240478515625,681.2155151367188,0.9787383675575256
714,23800,802.7847900390625,21.878379821777344,0.008977980352938175,811.7601928710938,1.8362960815429688,0.011875598691403866,804.8849487304688,18.78900146484375,0.002389643108472228,877.4229125976562,0.2830810546875,0.050488170236349106,855.4678344726562,28.003646850585938,0.0029532979242503643,929.4266967773438,0.3470306396484375,0.058246929198503494,917.4904174804688,0.0,0.056406088173389435,875.4718017578125,11.142425537109375,0.16888390481472015,927.712158203125,24.502304077148438,0.16553255915641785,889.2023315429688,6.1693267822265625,0.18410110473632812,884.739990234375,13.470062255859375,0.17025630176067352,1041.75244140625,142.7554473876953,0.8955141305923462,1010.3280029296875,136.77499389648438,0.893130898475647,966.5095825195312,505.0721740722656,0.9705058336257935,899.2509155273438,463.214111328125,0.9620071649551392,1120.389404296875,820.2894287109375,0.9457473754882812,1136.580810546875,696.24609375,0.9448591470718384
715,23833,896.64990234375,77.33706665039062,0.002133446978405118,904.5391845703125,59.096031188964844,0.0028050653636455536,891.4583129882812,76.01930236816406,0.000993319321423769,943.2050170898438,42.77178955078125,0.01851644739508629,899.5455322265625,74.34521484375,0.0028084833174943924,957.4453735351562,4.9113006591796875,0.042165711522102356,908.420166015625,0.0,0.020500481128692627,872.9196166992188,10.60382080078125,0.1582222431898117,888.197021484375,19.623367309570312,0.07546166330575943,911.1207275390625,10.171417236328125,0.11965963989496231,895.727783203125,14.556564331054688,0.06723704934120178,1039.4893798828125,136.3970947265625,0.9377027153968811,970.5927124023438,135.84017944335938,0.909867525100708,1032.1065673828125,505.5394592285156,0.9828086495399475,865.3533325195312,453.4233703613281,0.9698750972747803,1184.129150390625,817.0266723632812,0.9738161563873291,1075.3994140625,707.4296264648438,0.9672185182571411
716,23866,895.1701049804688,88.70475769042969,0.0025056612212210894,899.4063720703125,66.1249008178711,0.0030147775541990995,893.17333984375,78.95425415039062,0.001575118163600564,931.7005004882812,50.64884948730469,0.02175770327448845,914.5587158203125,74.25414276123047,0.006019237916916609,966.8408813476562,15.727134704589844,0.023391908034682274,939.3435668945312,9.268295288085938,0.04360981285572052,951.673828125,55.40840148925781,0.03861530125141144,1026.193359375,57.81713104248047,0.10057658702135086,990.5960693359375,115.23390197753906,0.024640381336212158,1072.792236328125,109.32634735107422,0.04593421146273613,1037.266845703125,124.21275329589844,0.8772206902503967,980.6973266601562,125.36370849609375,0.9084497094154358,1063.1331787109375,484.8153991699219,0.9684240221977234,870.3677368164062,441.1228942871094,0.9723494052886963,1220.0240478515625,809.9501953125,0.9611479640007019,1018.0133056640625,749.0211181640625,0.9701602458953857
717,23900,919.9918212890625,96.54080200195312,0.002372995251789689,924.8729248046875,75.90795135498047,0.0031004776246845722,913.1961059570312,86.32669830322266,0.0012509217485785484,959.6070556640625,59.138671875,0.016642283648252487,922.7520141601562,77.1716537475586,0.00296034780330956,986.9923095703125,26.086944580078125,0.023649271577596664,940.8836059570312,13.982666015625,0.022677404806017876,958.7779541015625,66.90174865722656,0.06198456510901451,978.8353881835938,61.45509338378906,0.07118784636259079,949.4401245117188,121.97053527832031,0.043703850358724594,945.2410278320312,107.01370239257812,0.04628545790910721,1057.0096435546875,104.10031127929688,0.8964664936065674,982.8510131835938,99.69841003417969,0.8974579572677612,1097.88525390625,475.1861877441406,0.9785307049751282,870.5806274414062,421.3558044433594,0.974683403968811,1265.6004638671875,796.68603515625,0.9776392579078674,957.8274536132812,744.3062133789062,0.9793981909751892
718,23933,934.569091796875,96.68064880371094,0.0033865629229694605,939.3139038085938,75.13089752197266,0.004165664315223694,927.8660888671875,82.11701202392578,0.00199867389164865,969.3128051757812,62.032928466796875,0.013099092058837414,934.1063842773438,73.37677001953125,0.003339549759402871,988.4509887695312,36.48097229003906,0.01577063277363777,951.3360595703125,22.781845092773438,0.015863589942455292,962.5755615234375,80.47467041015625,0.04226814955472946,1010.1978149414062,79.05166625976562,0.05320901423692703,984.3701171875,131.73614501953125,0.03637223318219185,1015.371337890625,135.72280883789062,0.039652999490499496,1059.8851318359375,85.11726379394531,0.8479047417640686,987.630126953125,84.21830749511719,0.8519064784049988,1114.53759765625,462.3662414550781,0.9756955504417419,886.8812255859375,430.6084899902344,0.9729887843132019,1303.4013671875,780.3121948242188,0.9796884655952454,902.205322265625,785.830078125,0.9809153079986572
719,23966,958.3834228515625,88.29920196533203,0.005711975507438183,959.530517578125,68.90711975097656,0.005879702512174845,948.8362426757812,75.45291137695312,0.003414503065869212,981.1027221679688,58.83091735839844,0.008029256016016006,947.989013671875,68.78894805908203,0.002911648014560342,984.0736694335938,41.14036560058594,0.011717308312654495,972.1981201171875,18.84228515625,0.008098329417407513,935.9339599609375,104.22203063964844,0.05281706899404526,1003.9281616210938,86.02322387695312,0.039924900978803635,914.4239501953125,124.38725280761719,0.06847643852233887,964.1900634765625,125.98883056640625,0.0537288561463356,1051.546142578125,87.25955200195312,0.8124650120735168,988.9490356445312,78.56529235839844,0.7839465737342834,1119.49267578125,452.9201965332031,0.9795560240745544,898.2910766601562,435.091552734375,0.9729790687561035,1331.7503662109375,770.3005981445312,0.9858008027076721,868.1437377929688,793.1200561523438,0.9836852550506592
720,24000,962.0278930664062,99.50658416748047,0.006449321750551462,963.7073974609375,79.59352111816406,0.007107645273208618,950.8654174804688,85.92327117919922,0.004055321682244539,987.7040405273438,72.31517028808594,0.0077397883869707584,948.94775390625,81.95590209960938,0.00277679949067533,990.7838745117188,55.163543701171875,0.008971083909273148,972.3095092773438,31.00360107421875,0.005892590619623661,952.1953125,117.34126281738281,0.04047362133860588,992.1032104492188,101.17007446289062,0.029167409986257553,941.4683227539062,141.09915161132812,0.058493904769420624,964.1178588867188,156.664306640625,0.04381215572357178,1046.5654296875,79.4747314453125,0.7700786590576172,983.6715698242188,71.53669738769531,0.7331264615058899,1107.1517333984375,455.0879821777344,0.977800726890564,905.0518798828125,438.86566162109375,0.9706375598907471,1351.229248046875,752.4274291992188,0.9866460561752319,882.1239624023438,799.8158569335938,0.9844656586647034
721,24033,988.6165161132812,83.76477813720703,0.023567484691739082,989.2055053710938,63.38301086425781,0.016122233122587204,975.822509765625,71.29094696044922,0.014869515784084797,994.8624267578125,50.41864013671875,0.008854047395288944,962.8335571289062,60.42906188964844,0.007194052916020155,983.88232421875,19.623458862304688,0.026868682354688644,994.056396484375,1.3243560791015625,0.012489687651395798,942.72607421875,79.65092468261719,0.14069803059101105,974.7184448242188,65.07843017578125,0.0585344135761261,913.0862426757812,106.11048889160156,0.22427164018154144,911.7901611328125,95.77958679199219,0.11971171945333481,1028.6011962890625,102.31613159179688,0.7898567318916321,987.5074462890625,90.00640869140625,0.7085158824920654,1077.757568359375,461.12750244140625,0.9688581228256226,905.1895751953125,449.42022705078125,0.951295018196106,1349.516845703125,744.6299438476562,0.9736009240150452,901.4686889648438,800.4053344726562,0.9643625617027283
722,24066,982.7341918945312,67.25825500488281,0.01843433268368244,984.90625,45.10755157470703,0.012922837398946285,974.1002197265625,55.05601501464844,0.011291288770735264,986.928466796875,28.506179809570312,0.009278492070734501,959.8689575195312,43.527809143066406,0.0062085404060781,965.1685791015625,3.0106658935546875,0.02451932244002819,986.1760864257812,0.0,0.013266457244753838,930.221923828125,63.55400848388672,0.13404609262943268,962.045166015625,47.95573425292969,0.07362022995948792,901.8096923828125,104.75713348388672,0.21814343333244324,898.5260009765625,88.33177185058594,0.15272372961044312,1004.3131713867188,114.755126953125,0.7747925519943237,978.6134033203125,105.33334350585938,0.7106291055679321,1046.1683349609375,477.4464416503906,0.954468846321106,914.3433837890625,468.63427734375,0.9379491209983826,1335.4383544921875,729.9497680664062,0.9522577524185181,945.2594604492188,803.1281127929688,0.9405879378318787
723,24100,983.6297607421875,68.39380645751953,0.01726720482110977,987.5693359375,48.40827941894531,0.013721248134970665,975.788818359375,57.17914581298828,0.010939973406493664,991.1900634765625,31.6790771484375,0.011610480956733227,962.7691040039062,44.77301788330078,0.006753002759069204,967.1347045898438,3.8996429443359375,0.02795122191309929,984.1831665039062,0.0,0.012250063940882683,928.9568481445312,61.281280517578125,0.12790235877037048,951.7532958984375,53.92426300048828,0.05389874801039696,901.1071166992188,123.88069152832031,0.18310821056365967,894.4130859375,109.72842407226562,0.1044914647936821,1002.6383666992188,132.9840545654297,0.7948020696640015,983.540771484375,123.82283020019531,0.7162904143333435,991.525634765625,490.29144287109375,0.95733243227005,915.4974975585938,480.3830871582031,0.9387571215629578,1315.151123046875,716.3101196289062,0.9606013894081116,980.2084350585938,814.0516357421875,0.9489908814430237
724,24133,915.2780151367188,88.60917663574219,0.0025918541941791773,918.2578125,74.86541748046875,0.003149227239191532,911.5377197265625,85.34944152832031,0.0015243333764374256,943.4965209960938,57.66895294189453,0.009795750491321087,931.7356567382812,74.5242919921875,0.00226731994189322,938.9096069335938,20.198753356933594,0.009605499915778637,978.0272827148438,0.0,0.01322660967707634,923.0440673828125,58.09053039550781,0.0415288507938385,946.8587036132812,58.626983642578125,0.07584120333194733,900.6709594726562,143.81878662109375,0.04563337191939354,892.4901733398438,124.58599090576172,0.07984905689954758,999.1065673828125,119.98759460449219,0.862748384475708,1006.9601440429688,123.36387634277344,0.8800711035728455,955.9971923828125,494.6794128417969,0.972489058971405,944.5001220703125,502.3135070800781,0.9759426712989807,1277.4627685546875,692.5188598632812,0.9794865846633911,1019.1702270507812,835.8484497070312,0.9806511998176575
725,24166,899.0253295898438,70.10939025878906,0.0022986717522144318,900.1349487304688,57.637939453125,0.0028124055825173855,896.7211303710938,70.87039947509766,0.001110914396122098,926.00244140625,43.85820007324219,0.012744179926812649,931.3992919921875,65.39252471923828,0.0023700103629380465,910.632568359375,2.8935470581054688,0.02398764155805111,986.7340087890625,0.0,0.014329458586871624,859.54541015625,4.613983154296875,0.11499659717082977,904.2195434570312,18.33856201171875,0.06891005486249924,904.3092041015625,15.131378173828125,0.10412845760583878,887.9887084960938,24.1790771484375,0.07395154982805252,1004.1183471679688,120.61244201660156,0.9137051105499268,1039.7850341796875,123.82749938964844,0.8881582021713257,921.8460083007812,492.9073181152344,0.9785726070404053,945.7007446289062,501.1961975097656,0.9720497131347656,1232.87158203125,696.9402465820312,0.9791216254234314,1052.997314453125,829.5022583007812,0.9739930629730225
726,24200,904.2864990234375,88.17897033691406,0.002565963426604867,904.0517578125,72.78714752197266,0.0034376922994852066,902.5169677734375,89.72346496582031,0.0014224509941413999,929.3514404296875,57.19145965576172,0.0212695375084877,942.6627197265625,84.64631652832031,0.004309186711907387,912.7518920898438,16.20636749267578,0.03404943272471428,1013.9276733398438,0.12220001220703125,0.01964363269507885,875.79345703125,14.356887817382812,0.0952942743897438,955.866455078125,31.497482299804688,0.05388850346207619,908.2349853515625,28.634857177734375,0.06580096483230591,917.0711669921875,49.8101806640625,0.04379769414663315,1006.3680419921875,111.41624450683594,0.9033486843109131,1070.3575439453125,112.08659362792969,0.8750008940696716,896.0603637695312,484.8828125,0.9756219387054443,985.904296875,498.203369140625,0.9683705568313599,1177.79833984375,711.4326782226562,0.976727306842804,1085.7520751953125,825.1873779296875,0.970930814743042
727,24233,916.5862426757812,85.79399871826172,0.0025999608915299177,912.1842651367188,68.69430541992188,0.00297620240598917,911.7637939453125,84.95020294189453,0.0014833076857030392,933.6627197265625,51.26092529296875,0.01953538879752159,956.7943725585938,77.52884674072266,0.0053412592969834805,924.795654296875,17.782241821289062,0.030694380402565002,1037.9681396484375,2.4563140869140625,0.02784261666238308,930.1668090820312,65.71517944335938,0.06698176264762878,1015.4813842773438,64.70594787597656,0.06712140142917633,942.6354370117188,144.84498596191406,0.052208226174116135,947.0153198242188,121.13914489746094,0.052686870098114014,996.6604614257812,93.10739135742188,0.8478663563728333,1078.7034912109375,89.55583190917969,0.8395312428474426,884.6159057617188,465.6290588378906,0.9615905284881592,1011.6268310546875,482.04583740234375,0.9580665826797485,1138.463134765625,740.9033203125,0.9653593897819519,1138.1051025390625,811.6754150390625,0.9618759751319885
728,24266,908.2742309570312,79.28372955322266,0.003367854282259941,905.0557250976562,62.044281005859375,0.0037247331347316504,908.7859497070312,78.97315979003906,0.001784269930794835,923.046630859375,45.01441955566406,0.013280714862048626,952.0034790039062,72.80717468261719,0.0034227934665977955,919.7880859375,11.065361022949219,0.016188884153962135,1025.3016357421875,0.0,0.017085181549191475,930.670166015625,52.63410186767578,0.06324876844882965,983.16943359375,48.724456787109375,0.07649993896484375,946.7340698242188,109.69933319091797,0.08943533152341843,926.2572021484375,92.12081909179688,0.10717695206403732,1001.37841796875,93.93626403808594,0.8456259965896606,1087.2059326171875,90.60685729980469,0.8439477682113647,876.1666870117188,456.41839599609375,0.9756006002426147,1047.79833984375,471.6148681640625,0.9741573333740234,1067.3367919921875,781.7341918945312,0.9782884120941162,1202.4407958984375,817.0896606445312,0.9763641357421875
729,24300,916.8702392578125,78.33013916015625,0.004375704564154148,913.8312377929688,58.61920166015625,0.004178886767476797,918.8016357421875,75.94860076904297,0.0020128004252910614,930.080810546875,41.11775207519531,0.008551123552024364,964.25048828125,69.84397888183594,0.0023559401743113995,923.5369262695312,1.023468017578125,0.01091378927230835,1040.4788818359375,0.0,0.011612960137426853,924.7128295898438,43.92146301269531,0.07851997017860413,1000.08544921875,41.1009521484375,0.09444982558488846,943.8081665039062,96.77398681640625,0.18781308829784393,931.5173950195312,83.91064453125,0.22002890706062317,999.26220703125,76.44181823730469,0.8325139880180359,1093.7872314453125,73.05377197265625,0.8261121511459351,893.65087890625,443.7638244628906,0.9815576672554016,1072.857421875,456.2588195800781,0.9790111184120178,974.9949340820312,799.435546875,0.9833822846412659,1233.6207275390625,790.9683837890625,0.9810225367546082
730,24333,927.9744873046875,83.25865173339844,0.0045341313816607,926.8890380859375,60.104736328125,0.004314745310693979,926.7086791992188,76.25967407226562,0.0019766599871218204,944.2337036132812,45.911109924316406,0.005650375969707966,959.5307006835938,74.0705337524414,0.0015212339349091053,942.078369140625,0.0,0.006161801051348448,1016.7158203125,0.0,0.005897667724639177,934.4393920898438,31.813888549804688,0.06848359853029251,970.78125,28.803634643554688,0.07268184423446655,953.2142944335938,79.0682373046875,0.23634430766105652,932.2717895507812,76.36896514892578,0.2549058198928833,1013.6994018554688,51.40411376953125,0.7672891020774841,1081.7354736328125,52.325042724609375,0.7448344230651855,908.1835327148438,435.38775634765625,0.9805339574813843,1080.3323974609375,447.7822265625,0.9749996066093445,899.2445678710938,820.5628051757812,0.9827497005462646,1277.0987548828125,775.8594360351562,0.9784727096557617
731,24366,946.8147583007812,87.31654357910156,0.005357628688216209,946.435546875,63.68019104003906,0.004488674458116293,941.3977661132812,74.2738037109375,0.002010969677940011,964.1832885742188,46.832977294921875,0.004943602252751589,968.4298095703125,63.40159606933594,0.0014190584188327193,968.2055053710938,0.0,0.008611234836280346,1007.4402465820312,0.0,0.005964593030512333,957.8856811523438,32.561370849609375,0.11423979699611664,961.796142578125,26.891830444335938,0.07571486383676529,950.921142578125,80.50698852539062,0.3738477826118469,932.3173828125,74.225830078125,0.296023428440094,1026.2308349609375,47.776611328125,0.8164221048355103,1073.076416015625,47.12548828125,0.7665610313415527,919.4368896484375,439.6000671386719,0.9863980412483215,1087.580322265625,447.3586120605469,0.9783254861831665,878.6231689453125,830.2619018554688,0.9877177476882935,1288.259765625,757.9530639648438,0.9829157590866089
732,24400,960.5572509765625,99.72411346435547,0.00727849593386054,962.2108764648438,76.29061889648438,0.0055970726534724236,950.5263671875,86.87381744384766,0.0034883301705121994,981.9750366210938,59.46405029296875,0.006139453500509262,965.4981079101562,76.51311492919922,0.0026469610165804625,987.697265625,1.1720123291015625,0.011396941728889942,987.9826049804688,0.0,0.010504677891731262,972.444091796875,39.567535400390625,0.09225555509328842,955.7943115234375,35.789154052734375,0.10065557807683945,946.6458129882812,68.92103576660156,0.2644847631454468,924.3167724609375,62.04766845703125,0.315795361995697,1029.0997314453125,59.80169677734375,0.8133867979049683,1045.207275390625,63.44114685058594,0.7911603450775146,916.8302001953125,435.9579162597656,0.9816271662712097,1063.5908203125,452.7623291015625,0.9752295017242432,892.7586059570312,798.523193359375,0.9833093285560608,1294.041259765625,740.65869140625,0.9793490171432495
733,24433,921.0699462890625,88.28533172607422,0.005787770729511976,922.0322265625,66.60811614990234,0.004878460429608822,916.03271484375,80.48595428466797,0.002372852060943842,948.7117919921875,48.64837646484375,0.006285215727984905,941.8402099609375,71.86308288574219,0.001842060242779553,961.2200317382812,0.0,0.009003317914903164,979.2057495117188,0.0,0.012186266481876373,962.558349609375,29.918746948242188,0.08537732064723969,963.4044799804688,31.339691162109375,0.13425423204898834,952.9407348632812,80.34434509277344,0.26078134775161743,932.2705688476562,69.6602783203125,0.36219510436058044,1027.598876953125,61.04315185546875,0.8193148374557495,1051.08984375,62.25714111328125,0.8246840834617615,922.5419311523438,447.17626953125,0.981217622756958,1038.1893310546875,460.2950439453125,0.977992594242096,921.328857421875,813.4601440429688,0.9829617142677307,1293.441650390625,724.9695434570312,0.9804102778434753
734,24466,923.26123046875,81.7177734375,0.004713194444775581,921.7252807617188,61.044639587402344,0.00431740703061223,922.1634521484375,74.25283813476562,0.001718549756333232,945.770751953125,43.24140930175781,0.006990499794483185,955.198486328125,65.86418151855469,0.0014753211289644241,953.1038818359375,0.0,0.010882887057960033,1001.091064453125,0.0,0.011210670694708824,964.1153564453125,40.3282470703125,0.11146754771471024,987.0985717773438,30.76007080078125,0.12093640863895416,951.5718994140625,94.61073303222656,0.29562726616859436,929.6680908203125,78.75773620605469,0.32463645935058594,1027.0908203125,75.79110717773438,0.8507035374641418,1062.6158447265625,73.41719055175781,0.8345763087272644,938.0482788085938,468.2911682128906,0.9841120839118958,1020.570556640625,477.1636962890625,0.9772435426712036,964.1530151367188,855.7919311523438,0.9840982556343079,1281.8272705078125,709.8270874023438,0.9794436693191528
735,24500,924.0947265625,84.01934051513672,0.005416843108832836,924.5330810546875,66.53231048583984,0.005074530839920044,920.0841674804688,80.5254135131836,0.0020595460664480925,952.0682373046875,46.906494140625,0.00805111974477768,937.3604736328125,72.86421203613281,0.0016926745884120464,972.2515869140625,5.4148406982421875,0.013023585081100464,963.9422607421875,0.0,0.015585081651806831,976.9817504882812,53.2734375,0.11220476776361465,963.53271484375,44.12274169921875,0.14669576287269592,946.84228515625,105.2332763671875,0.26303383708000183,928.1914672851562,92.79666137695312,0.33213531970977783,1038.727294921875,90.84992980957031,0.8889356255531311,1031.169189453125,90.50660705566406,0.8840208053588867,935.2606811523438,473.10076904296875,0.9870485663414001,983.27001953125,488.2861022949219,0.9821555018424988,1008.6381225585938,855.421875,0.9870427846908569,1245.04248046875,693.3323974609375,0.9839210510253906
736,24533,964.3983764648438,76.90340423583984,0.011512059718370438,974.3955688476562,48.41084289550781,0.011000905185937881,959.3401489257812,62.70973205566406,0.006627706345170736,992.4996337890625,27.098052978515625,0.021457519382238388,959.0582885742188,50.981231689453125,0.007203326560556889,989.7532348632812,0.0,0.037633754312992096,964.0182495117188,0.0,0.02248997427523136,946.6807250976562,56.285614013671875,0.11304095387458801,937.650390625,53.032196044921875,0.0746055617928505,937.8014526367188,104.43777465820312,0.1560523360967636,913.5569458007812,87.45096588134766,0.14065216481685638,1042.8182373046875,129.50277709960938,0.8299368023872375,1020.6685180664062,136.0993194580078,0.7771255373954773,925.1641845703125,478.4384765625,0.9667391180992126,956.4679565429688,482.47076416015625,0.9425620436668396,1052.9542236328125,840.5819091796875,0.9585943222045898,1218.9564208984375,692.0695190429688,0.9442101120948792
737,24566,794.177734375,18.831069946289062,0.03297603130340576,798.8524169921875,0.0,0.04283036291599274,794.0596313476562,16.335525512695312,0.00795295275747776,858.9732055664062,0.0,0.09761388599872589,842.9971313476562,23.534408569335938,0.004946619737893343,922.1011962890625,0.0,0.0968891829252243,914.2529296875,0.0,0.10981075465679169,884.1558837890625,11.3807373046875,0.20634996891021729,918.2537841796875,24.948989868164062,0.23542332649230957,869.0527954101562,9.794586181640625,0.24004563689231873,859.897705078125,7.40753173828125,0.25717467069625854,1047.1832275390625,145.63427734375,0.9371931552886963,1024.371826171875,142.61050415039062,0.9394340515136719,947.8592529296875,505.1889343261719,0.9870685338973999,911.735107421875,472.34857177734375,0.9834031462669373,1096.801513671875,851.2593383789062,0.9774842858314514,1166.5234375,687.3001098632812,0.9772642850875854
738,24600,848.80029296875,51.55265808105469,0.00321465777233243,854.8519287109375,32.50547790527344,0.0036265060771256685,845.5521240234375,49.061737060546875,0.0010958919301629066,900.2918701171875,21.041542053222656,0.017151499167084694,873.2569580078125,50.806732177734375,0.002217227127403021,937.067138671875,0.0,0.03341418877243996,906.340087890625,0.0,0.025640765205025673,859.37548828125,8.556838989257812,0.16965511441230774,885.4774169921875,17.994140625,0.11934360861778259,898.422607421875,9.075668334960938,0.19620534777641296,883.0513916015625,14.723464965820312,0.13868200778961182,1051.963623046875,120.26898193359375,0.8598380088806152,1007.285400390625,118.44602966308594,0.8369126915931702,969.356689453125,498.5922546386719,0.9593251943588257,899.4105834960938,461.7409362792969,0.9401678442955017,1125.6768798828125,842.4119262695312,0.920170783996582,1114.7408447265625,740.0092163085938,0.9090327620506287
739,24633,873.97119140625,59.11491394042969,0.0036754640750586987,876.64599609375,39.991790771484375,0.003916127607226372,871.0532836914062,55.61011505126953,0.0015301430830731988,907.475830078125,27.878768920898438,0.016185177490115166,889.4569702148438,58.22007751464844,0.003222640370950103,933.5325317382812,0.0,0.03446762263774872,910.17138671875,0.0,0.030799908563494682,875.7943725585938,8.161880493164062,0.14892415702342987,904.1995239257812,16.920730590820312,0.1231578141450882,919.5411987304688,5.017822265625,0.14576418697834015,903.3721313476562,9.68316650390625,0.11371788382530212,1046.653076171875,124.81027221679688,0.9230315685272217,995.8493041992188,126.25847625732422,0.9148367047309875,1035.671630859375,503.4228515625,0.9825940728187561,879.2666625976562,447.3448791503906,0.9749337434768677,1199.086669921875,847.7301635742188,0.9690781831741333,1075.1392822265625,716.4617309570312,0.9680942296981812
740,24666,900.0650634765625,80.49842834472656,0.0011535040102899075,906.0418090820312,60.76661682128906,0.0018838627729564905,897.6309814453125,75.78987121582031,0.0006517134024761617,940.3831787109375,48.25996398925781,0.019450116902589798,913.392578125,75.32423400878906,0.00256653712131083,959.322021484375,11.476547241210938,0.022522758692502975,935.6885986328125,2.0316925048828125,0.015421849675476551,897.7637329101562,22.908828735351562,0.05305321142077446,952.8787231445312,31.700042724609375,0.041357968002557755,930.1492309570312,36.17124938964844,0.02738025411963463,926.1209106445312,49.29487609863281,0.022542627528309822,1054.08544921875,112.3187255859375,0.891025722026825,993.0745849609375,112.25523376464844,0.8743301033973694,1082.8111572265625,484.9189453125,0.9748167395591736,866.8487548828125,435.8028259277344,0.9654621481895447,1233.74853515625,829.8154907226562,0.9707762002944946,1007.1063232421875,756.9548950195312,0.9690334796905518
741,24700,976.307373046875,80.41447448730469,0.010759511031210423,982.4051513671875,56.44624328613281,0.00991467572748661,967.5111694335938,66.80303192138672,0.006871862802654505,1000.4490966796875,38.12530517578125,0.017679955810308456,958.3700561523438,53.34599304199219,0.008221282623708248,1004.99658203125,10.036949157714844,0.043657202273607254,974.1451416015625,0.0,0.021908296272158623,963.2682495117188,77.78347778320312,0.1230795830488205,972.1666259765625,58.999671936035156,0.06441351771354675,944.0145263671875,124.23053741455078,0.11879964172840118,930.4705810546875,109.61066436767578,0.07664217799901962,1068.14111328125,116.60939025878906,0.8036529421806335,1001.7090454101562,104.21388244628906,0.7427910566329956,1108.559814453125,463.04205322265625,0.9486427903175354,890.4904174804688,439.27655029296875,0.9229552149772644,1272.1650390625,794.3930053710938,0.9358465075492859,943.022705078125,754.620849609375,0.9180456399917603
742,24733,955.4536743164062,87.64263153076172,0.004170030355453491,956.78173828125,67.85831451416016,0.004449930042028427,947.3259887695312,75.99325561523438,0.002538117812946439,979.4273681640625,54.2918701171875,0.010153566487133503,951.3685913085938,66.87702941894531,0.0034768707118928432,986.3875122070312,30.393218994140625,0.016436107456684113,982.9176635742188,9.181777954101562,0.011163681745529175,930.71728515625,90.6697998046875,0.058580148965120316,1025.0443115234375,74.99913024902344,0.04343080520629883,905.3179931640625,124.86868286132812,0.05750652402639389,994.2166137695312,132.6705322265625,0.04415569826960564,1064.817138671875,89.43740844726562,0.8399800658226013,1008.1879272460938,79.47056579589844,0.8153564929962158,1122.611572265625,463.8091735839844,0.9779020547866821,906.2103881835938,437.5996398925781,0.9706507921218872,1316.9256591796875,793.6495971679688,0.9818242192268372,883.1864013671875,793.1923828125,0.9795457124710083
743,24766,974.0637817382812,87.030029296875,0.00507173128426075,976.3709106445312,67.0642318725586,0.0054036290384829044,964.31689453125,74.13551330566406,0.003160074818879366,998.5642700195312,57.086334228515625,0.007612000685185194,962.2425537109375,68.11001586914062,0.0027620368637144566,997.9323120117188,41.26753234863281,0.009794613346457481,986.33740234375,19.826431274414062,0.006894579157233238,960.0479736328125,109.22286987304688,0.04247630015015602,1014.8713989257812,91.76943969726562,0.03295505419373512,952.8008422851562,136.7823486328125,0.055575985461473465,978.8071899414062,145.8036346435547,0.043205711990594864,1054.8721923828125,82.67308044433594,0.7902435660362244,997.1884155273438,75.26005554199219,0.7604338526725769,1118.822509765625,456.9503173828125,0.9780772924423218,918.892333984375,442.3235778808594,0.9709126949310303,1340.357177734375,776.4959106445312,0.9852810502052307,875.8890991210938,795.7196655273438,0.9831189513206482
744,24800,975.379638671875,93.89234161376953,0.006791871041059494,976.9317626953125,74.38494873046875,0.006001831963658333,964.2274169921875,81.98609161376953,0.003570159198716283,997.6292724609375,63.46879577636719,0.004235689993947744,960.8851318359375,75.47850036621094,0.001628457335755229,994.20361328125,37.336212158203125,0.006127895787358284,993.0723266601562,16.949020385742188,0.005420651286840439,961.5974731445312,83.68363952636719,0.061731576919555664,985.1168212890625,66.97576904296875,0.05891641601920128,928.4130249023438,100.23248291015625,0.14494207501411438,918.1961059570312,76.82373046875,0.1362224519252777,1050.553466796875,73.53263854980469,0.7793585062026978,1003.7406005859375,67.49075317382812,0.7612748742103577,1100.905517578125,460.4759216308594,0.9790908098220825,922.8827514648438,447.41180419921875,0.9739311337471008,1352.7864990234375,761.1509399414062,0.9851022958755493,897.7236328125,805.2211303710938,0.983440637588501
745,24833,994.912353515625,74.88116455078125,0.01390688307583332,996.6865234375,56.381561279296875,0.0108722522854805,982.683837890625,63.24147033691406,0.008605384267866611,1003.8715209960938,41.886749267578125,0.008231245912611485,967.1793823242188,50.41864013671875,0.005057986825704575,993.0040283203125,10.288330078125,0.021426070481538773,986.480224609375,0.0,0.008441506884992123,960.2772827148438,75.98725891113281,0.11146143078804016,982.2749633789062,68.5513916015625,0.039480023086071014,939.2724609375,112.5963134765625,0.16512519121170044,930.740478515625,109.35704040527344,0.07651283591985703,1029.0638427734375,101.70648193359375,0.775015115737915,981.5343017578125,90.86402893066406,0.6784427165985107,1066.4759521484375,467.53875732421875,0.9672265648841858,917.7843017578125,454.166748046875,0.9466549754142761,1348.80615234375,742.796875,0.9734723567962646,932.89404296875,796.4083251953125,0.9638822078704834
746,24866,991.802001953125,70.950439453125,0.014015489257872105,995.25244140625,48.81134033203125,0.011788192205131054,980.958251953125,59.656585693359375,0.0089266924187541,1000.877197265625,31.3619384765625,0.010078690946102142,964.0596923828125,48.69557189941406,0.005378245376050472,979.2905883789062,1.9553375244140625,0.020939435809850693,985.1092529296875,0.0,0.009523987770080566,946.698486328125,59.67107391357422,0.10234369337558746,958.9273681640625,49.682029724121094,0.045495741069316864,932.1524658203125,99.05905151367188,0.15515215694904327,913.83984375,85.26976776123047,0.09089186787605286,1016.8807983398438,106.03765869140625,0.7637214660644531,988.8926391601562,99.77261352539062,0.6819918751716614,1012.60546875,473.81689453125,0.9565686583518982,924.3373413085938,471.97430419921875,0.9368842840194702,1326.698974609375,730.4133911132812,0.9604306817054749,972.4008178710938,809.7703857421875,0.948423445224762
747,24900,913.7742919921875,64.22666931152344,0.002446951577439904,914.306640625,51.344970703125,0.003196281846612692,912.37158203125,63.43922424316406,0.0012683202512562275,938.2745361328125,40.74018859863281,0.011095224879682064,941.3145141601562,60.99774169921875,0.002024024026468396,928.440185546875,6.064796447753906,0.014194040559232235,988.6430053710938,0.0,0.009562085382640362,888.9183349609375,13.311813354492188,0.07032804936170578,942.1425170898438,25.897247314453125,0.048528578132390976,926.3048095703125,26.894622802734375,0.06886772811412811,914.5226440429688,42.62123107910156,0.05157023295760155,1014.8461303710938,100.07780456542969,0.8814734220504761,1029.0067138671875,105.13407897949219,0.8578640222549438,974.8079833984375,487.53662109375,0.9784117937088013,945.9573364257812,485.1602783203125,0.9726850390434265,1309.9176025390625,705.9545288085938,0.9810918569564819,1011.7615356445312,829.155029296875,0.9781297445297241
748,24933,896.8759155273438,62.573822021484375,0.003150624455884099,899.130615234375,49.510276794433594,0.0033443751744925976,892.9720458984375,63.937591552734375,0.0014135238016024232,928.5172729492188,36.789642333984375,0.009495556354522705,922.6132202148438,61.43536376953125,0.0020185373723506927,921.71435546875,0.2712249755859375,0.01913633942604065,977.8800659179688,0.0,0.014332852326333523,870.637939453125,11.535598754882812,0.1269485056400299,903.9935913085938,23.723098754882812,0.09856755286455154,901.9988403320312,27.995269775390625,0.15689508616924286,896.737060546875,38.431915283203125,0.13656321167945862,1018.9554443359375,115.97854614257812,0.9113683700561523,1038.3671875,122.02093505859375,0.8951656222343445,945.3856811523438,490.51641845703125,0.9805188179016113,954.8991088867188,501.9298095703125,0.9759911894798279,1265.7691650390625,704.2239379882812,0.9797918200492859,1045.5404052734375,826.6669921875,0.9761859774589539
749,24966,892.58740234375,50.15478515625,0.00482445303350687,891.5142211914062,35.048126220703125,0.0040618134662508965,894.8502197265625,52.36578369140625,0.0018012928776443005,927.2288818359375,22.867469787597656,0.011986471712589264,961.4392700195312,50.12677001953125,0.002848321571946144,916.7642822265625,0.0,0.03182901069521904,1059.191162109375,0.0,0.03712483495473862,869.31005859375,11.2071533203125,0.193072110414505,952.6685180664062,40.18860626220703,0.2320239245891571,851.5735473632812,7.125640869140625,0.2516290545463562,851.1126708984375,13.829544067382812,0.30601251125335693,1014.3281860351562,124.40620422363281,0.9366843700408936,1102.5328369140625,121.79095458984375,0.9381818175315857,911.7791748046875,490.8590087890625,0.9850164651870728,978.813720703125,494.4749450683594,0.9848040342330933,1218.8284912109375,703.8545532226562,0.982077419757843,1077.57861328125,824.3895263671875,0.9812024831771851
750,25000,885.4907836914062,79.16157531738281,0.0016790189547464252,883.3650512695312,63.793487548828125,0.0023489692248404026,888.4873046875,81.88032531738281,0.0007394810090772808,915.349365234375,47.33770751953125,0.02757932059466839,956.133544921875,74.9912338256836,0.0037074692081660032,908.8500366210938,4.830024719238281,0.057272907346487045,1057.09228515625,0.0,0.025207025930285454,880.5479736328125,16.078994750976562,0.1602093130350113,1009.5004272460938,33.233642578125,0.06005213037133217,858.8442993164062,14.789886474609375,0.0919690951704979,908.9247436523438,38.023956298828125,0.04306461662054062,1013.4664916992188,114.4193115234375,0.9145813584327698,1112.700439453125,110.13006591796875,0.8753912448883057,893.1416625976562,471.7921447753906,0.9721744060516357,1010.1580810546875,483.2676086425781,0.9568774700164795,1162.6871337890625,723.4493408203125,0.9652236104011536,1133.342529296875,776.7332153320312,0.952553927898407
751,25033,898.2376708984375,79.24072265625,0.0023477738723158836,897.5424194335938,63.65776062011719,0.0029539987444877625,896.7265014648438,81.43258666992188,0.0012417016550898552,922.7459106445312,47.42182159423828,0.018909413367509842,941.2526245117188,76.30613708496094,0.003899943083524704,914.9970703125,5.6122283935546875,0.026357850059866905,1021.13916015625,0.0,0.020365269854664803,898.7935180664062,25.502883911132812,0.07721402496099472,984.214111328125,31.3304443359375,0.06174875423312187,930.2875366210938,50.390716552734375,0.06649582833051682,944.0416259765625,66.72120666503906,0.05706267058849335,1017.3519897460938,103.76966857910156,0.8756096363067627,1096.0089111328125,101.36558532714844,0.8594594597816467,886.739501953125,466.7222900390625,0.9734338521957397,1038.13916015625,477.0412902832031,0.9679838418960571,1124.131103515625,766.705322265625,0.9726323485374451,1188.689453125,800.4964599609375,0.9685717225074768
752,25066,906.70263671875,75.63496398925781,0.003370339050889015,903.6751098632812,58.31195068359375,0.003507067682221532,908.0941772460938,75.87103271484375,0.0016968301497399807,926.0234985351562,42.747802734375,0.011380116455256939,958.0706787109375,71.28831481933594,0.0029954849742352962,928.9249877929688,9.87432861328125,0.012602441012859344,1041.52685546875,0.0,0.017834533005952835,938.0560913085938,50.985328674316406,0.056142378598451614,1015.6831665039062,46.736366271972656,0.09709206223487854,955.0587158203125,82.09849548339844,0.09435897320508957,944.0723876953125,70.57383728027344,0.14715330302715302,1017.04248046875,90.04499816894531,0.8330073356628418,1105.84423828125,86.31120300292969,0.8506873846054077,893.2628173828125,449.8707580566406,0.9768194556236267,1070.318115234375,467.3446960449219,0.977747917175293,1062.5093994140625,794.865234375,0.9791160225868225,1229.2760009765625,803.7700805664062,0.9788622856140137
753,25100,927.282958984375,81.64329528808594,0.0034783908631652594,927.40283203125,62.901947021484375,0.003239479148760438,927.3278198242188,79.43888854980469,0.0015660454519093037,949.8199462890625,45.061248779296875,0.007004501298069954,966.5453491210938,72.33769226074219,0.0019000282045453787,952.0006713867188,0.0,0.008385054767131805,1036.0152587890625,0.0,0.011781451292335987,954.9811401367188,43.155006408691406,0.06628236919641495,1001.5506591796875,37.15338134765625,0.11176031827926636,959.4826049804688,101.29662322998047,0.170994833111763,942.4969482421875,84.86279296875,0.2529795467853546,1024.329345703125,75.45579528808594,0.8301479816436768,1099.7784423828125,73.52984619140625,0.8427318930625916,912.9979248046875,438.54364013671875,0.9813994765281677,1097.6370849609375,456.7379455566406,0.980899453163147,966.8076782226562,807.7152099609375,0.9826441407203674,1268.9932861328125,785.877685546875,0.9814597368240356
754,25133,943.5159301757812,75.76229095458984,0.004511458333581686,943.59912109375,53.50859069824219,0.004114062990993261,940.9973754882812,67.25157165527344,0.0019455428700894117,959.294677734375,38.970977783203125,0.005258005578070879,967.1928100585938,62.9512939453125,0.0014901614049449563,962.844970703125,0.0,0.005590916145592928,1022.5200805664062,0.0,0.006487411446869373,963.7490844726562,37.75218200683594,0.06307434290647507,988.9215087890625,30.41583251953125,0.08361327648162842,962.2853393554688,99.84564971923828,0.22866807878017426,941.9030151367188,88.80844116210938,0.2837275564670563,1034.0552978515625,52.431976318359375,0.7629294991493225,1093.8321533203125,52.231109619140625,0.7584074139595032,927.7525634765625,435.5484313964844,0.9799007773399353,1100.52099609375,445.14276123046875,0.9762267470359802,899.4329223632812,814.3887329101562,0.9821637868881226,1301.228271484375,766.6770629882812,0.9788970947265625
755,25166,960.0942993164062,73.76834106445312,0.004445185419172049,961.7179565429688,50.94268798828125,0.0040860469453036785,956.8751220703125,62.900482177734375,0.0016969272401183844,979.4710693359375,38.30351257324219,0.0037341229617595673,977.447021484375,59.17730712890625,0.0008943446446210146,984.9619140625,0.0,0.0037714571226388216,1018.15234375,0.0,0.0039058509282767773,981.8494873046875,32.726531982421875,0.06910315901041031,984.647705078125,21.155593872070312,0.07783861458301544,961.0140380859375,87.70369720458984,0.3175216615200043,941.7804565429688,84.88270568847656,0.35113704204559326,1041.015869140625,51.45794677734375,0.7453811764717102,1081.3890380859375,49.952178955078125,0.7265780568122864,942.75830078125,436.2964782714844,0.9817256331443787,1093.7418212890625,439.54833984375,0.9764974117279053,888.2347412109375,816.560302734375,0.9845190048217773,1322.46826171875,751.9923706054688,0.9806768894195557
756,25200,984.943359375,120.03570556640625,0.017260175198316574,986.4357299804688,93.984375,0.011753590777516365,970.88232421875,107.38851928710938,0.007932648062705994,1006.7070922851562,78.22993469238281,0.010220875032246113,989.2040405273438,94.26947021484375,0.005263947416096926,1015.9075927734375,6.7240447998046875,0.023426322266459465,1007.4573364257812,16.15155029296875,0.02079910784959793,990.4500732421875,57.557098388671875,0.14273107051849365,978.2301635742188,58.92375183105469,0.12940773367881775,951.299560546875,85.34532165527344,0.37404242157936096,939.124755859375,81.76547241210938,0.37931105494499207,1052.7967529296875,62.12947082519531,0.7629208564758301,1063.5460205078125,68.81405639648438,0.728914737701416,931.5650024414062,430.3135986328125,0.9719942808151245,1082.7073974609375,455.2491760253906,0.9598296880722046,910.7933349609375,793.512451171875,0.9744506478309631,1302.9215087890625,731.3313598632812,0.9671323299407959
757,25233,934.1235961914062,76.81629180908203,0.0051406617276370525,938.0713500976562,54.858856201171875,0.004499468952417374,930.9003295898438,70.4205322265625,0.0019139506621286273,964.7579956054688,38.330474853515625,0.004936401732265949,953.3742065429688,65.26542663574219,0.001157619757577777,970.2496948242188,0.0,0.0058907438069581985,1002.4500732421875,0.0,0.00825755950063467,968.8720092773438,33.66004943847656,0.08934291452169418,982.9019775390625,25.916702270507812,0.1445479840040207,956.9756469726562,86.43901062011719,0.33673787117004395,939.4116821289062,87.66009521484375,0.46329978108406067,1040.5576171875,69.55796813964844,0.7971068024635315,1071.59521484375,68.81163024902344,0.8040145039558411,942.594970703125,449.89190673828125,0.9790713787078857,1053.10107421875,457.0782470703125,0.9756630063056946,926.4588012695312,815.0665283203125,0.9788267612457275,1317.68505859375,716.039794921875,0.9752451181411743
758,25266,930.5919799804688,83.72989654541016,0.006017582956701517,930.0247192382812,63.368797302246094,0.005753387231379747,928.8094482421875,76.73448944091797,0.0020491057075560093,957.612548828125,44.98136901855469,0.007887449115514755,960.117919921875,67.94100952148438,0.0014123201835900545,969.5420532226562,0.0,0.011592065915465355,1003.2478637695312,0.0,0.011012080125510693,975.4771728515625,40.143585205078125,0.12531530857086182,995.3112182617188,35.010498046875,0.12058792263269424,953.414794921875,87.56121826171875,0.338517963886261,937.9984130859375,78.68453979492188,0.34282732009887695,1040.3062744140625,72.8572998046875,0.8452563285827637,1064.8602294921875,71.72547912597656,0.8227475881576538,953.5438842773438,459.6512451171875,0.9835929870605469,1029.4439697265625,475.36578369140625,0.9756935238838196,990.0126953125,842.1692504882812,0.9837818145751953,1286.4609375,702.27783203125,0.9784320592880249
759,25300,918.9841918945312,76.86898040771484,0.0058706956915557384,917.2913818359375,59.66839599609375,0.0057854363694787025,919.3348999023438,73.64945983886719,0.0019952612929046154,945.1966552734375,43.390960693359375,0.011489985510706902,953.590087890625,68.39767456054688,0.001883347169496119,964.4998168945312,8.497283935546875,0.020122798159718513,998.6583251953125,0.0,0.018982049077749252,977.8472900390625,56.26213073730469,0.14968760311603546,1013.323974609375,52.25697326660156,0.14434191584587097,953.731201171875,99.39656066894531,0.30087870359420776,940.7492065429688,87.80474853515625,0.3070821762084961,1042.2314453125,97.05267333984375,0.8973419070243835,1061.0406494140625,96.79119873046875,0.8819870352745056,947.7273559570312,465.21551513671875,0.9866744875907898,1004.9638061523438,485.5639343261719,0.9800875782966614,1031.3232421875,842.6781616210938,0.9859071969985962,1251.6380615234375,696.036865234375,0.9813971519470215
760,25333,972.8364868164062,71.94314575195312,0.011689328588545322,982.9041748046875,46.78367614746094,0.009973254054784775,965.5654907226562,59.29735565185547,0.0060422359965741634,997.7448120117188,24.418670654296875,0.01625489816069603,956.9506225585938,45.854827880859375,0.005521720740944147,997.6790771484375,0.0,0.03270624577999115,959.6143798828125,0.0,0.02525058016180992,962.4435424804688,64.3919677734375,0.1324499398469925,945.5839233398438,48.56098937988281,0.1222224086523056,938.3230590820312,122.7857666015625,0.2190793752670288,926.6940307617188,96.8609619140625,0.25711312890052795,1057.2943115234375,130.23959350585938,0.8576735258102417,1026.403076171875,136.71363830566406,0.8305230140686035,943.0197143554688,474.671630859375,0.9717904329299927,970.146240234375,482.0797119140625,0.9569194912910461,1073.311767578125,827.7945556640625,0.9632299542427063,1225.614501953125,689.9029541015625,0.9540538191795349
761,25366,891.2020263671875,62.00028991699219,0.003605844918638468,896.712158203125,44.07408142089844,0.00308584445156157,890.5367431640625,61.89745330810547,0.0011908578453585505,943.4591674804688,26.632301330566406,0.008793003857135773,919.4868774414062,59.782470703125,0.0014772717840969563,970.0364379882812,0.0,0.01770993322134018,971.2830200195312,0.0,0.034179434180259705,912.3757934570312,14.057785034179688,0.16797469556331635,972.7498168945312,37.87284851074219,0.3307322859764099,853.1991577148438,13.387481689453125,0.30705928802490234,859.6446533203125,20.043411254882812,0.500576376914978,1062.3134765625,135.47113037109375,0.9269766211509705,1036.496337890625,130.92897033691406,0.9412806034088135,981.2884521484375,504.11956787109375,0.9844303727149963,915.34130859375,469.93670654296875,0.9832678437232971,1127.2281494140625,836.3472290039062,0.9746717810630798,1180.6103515625,671.9258422851562,0.9760941863059998
762,25400,872.294677734375,57.74629211425781,0.003077269531786442,880.4976196289062,37.04621887207031,0.0034375335089862347,870.0924682617188,56.474853515625,0.001141037791967392,933.2857055664062,22.3582763671875,0.017448721453547478,893.9730834960938,57.909324645996094,0.0022521847859025,968.2855224609375,0.0,0.032940786331892014,925.2420043945312,0.0,0.032475344836711884,879.6796875,12.23638916015625,0.1594918966293335,902.3643188476562,27.865447998046875,0.16871100664138794,866.0720825195312,7.2524871826171875,0.18374085426330566,854.3317260742188,3.480560302734375,0.20334595441818237,1063.9361572265625,124.58143615722656,0.8972316384315491,1004.5508422851562,122.84165954589844,0.8917360901832581,1018.3216552734375,503.8575439453125,0.968055248260498,898.0424194335938,463.8835144042969,0.9572133421897888,1145.7213134765625,832.4835815429688,0.9406405687332153,1141.162353515625,685.4395141601562,0.9365861415863037
763,25433,888.0621337890625,62.49114990234375,0.0021077932324260473,895.30908203125,43.935516357421875,0.0027626531664282084,884.8090209960938,60.62095642089844,0.0009793553035706282,933.8427124023438,32.93060302734375,0.017048992216587067,898.9911499023438,63.41498565673828,0.0026424420066177845,955.49560546875,0.0,0.03522341698408127,915.3967895507812,0.0,0.018829666078090668,877.9314575195312,7.8753204345703125,0.1312301754951477,900.8311767578125,17.13446044921875,0.0707399994134903,918.3231811523438,3.9096221923828125,0.10265785455703735,906.4434814453125,10.685211181640625,0.06377465277910233,1060.4700927734375,115.57191467285156,0.9304187297821045,995.0073852539062,117.57412719726562,0.9051753878593445,1060.5777587890625,488.0263366699219,0.9839763641357422,887.4129638671875,444.0475158691406,0.9736738204956055,1202.224365234375,827.0914306640625,0.9773678183555603,1069.247802734375,735.933837890625,0.9726850390434265
764,25466,925.2432861328125,95.64608001708984,0.002920604543760419,930.516357421875,73.41275024414062,0.003656175686046481,916.75048828125,85.76900482177734,0.0013419539900496602,970.888427734375,56.45539855957031,0.015088776126503944,928.3753051757812,78.29793548583984,0.0023060969542711973,1003.6397094726562,21.254241943359375,0.020251218229532242,949.7285766601562,7.6264801025390625,0.022949842736124992,974.0354614257812,54.02215576171875,0.07238374650478363,968.899658203125,43.04937744140625,0.09914303570985794,958.275390625,107.48707580566406,0.07046402245759964,938.39501953125,92.44789123535156,0.08652966469526291,1073.8623046875,104.14549255371094,0.8854683041572571,998.1669311523438,97.74696350097656,0.8933393955230713,1098.76611328125,481.8710632324219,0.9763213992118835,878.8526611328125,420.551513671875,0.9734237790107727,1249.9691162109375,814.5249633789062,0.9731076955795288,1001.846923828125,743.10888671875,0.9762551188468933
765,25500,985.1232299804688,70.73515319824219,0.015290860086679459,994.71484375,45.936126708984375,0.015538503415882587,977.855224609375,57.35490417480469,0.010744834318757057,1016.7308349609375,32.256500244140625,0.021120473742485046,968.635986328125,49.201698303222656,0.010225237347185612,1019.7609252929688,8.692588806152344,0.04236467182636261,976.1127319335938,0.0,0.020078841596841812,976.2462158203125,58.20124053955078,0.11479448527097702,967.582275390625,41.75383758544922,0.0543963722884655,954.5623168945312,107.97699737548828,0.12231647968292236,948.9920654296875,93.52217102050781,0.0728164091706276,1083.791748046875,105.55052947998047,0.7776231169700623,1011.2029418945312,97.12035369873047,0.7059370279312134,1123.4742431640625,450.7685852050781,0.9445232152938843,906.1651611328125,431.50152587890625,0.9151327013969421,1286.2841796875,796.2247924804688,0.9246663451194763,949.07177734375,763.5028076171875,0.9022457003593445
766,25533,977.0888671875,93.0706787109375,0.00657538091763854,979.3006591796875,74.51751708984375,0.005191832780838013,967.1085205078125,82.9639892578125,0.0033071120269596577,1003.2105712890625,58.844970703125,0.004961312748491764,965.7435302734375,72.13389587402344,0.0020896291825920343,1010.664794921875,24.517776489257812,0.0103107625618577,994.5847778320312,5.0763702392578125,0.011922985315322876,966.57666015625,66.94303894042969,0.09180411696434021,1002.9719848632812,47.04835510253906,0.12098030745983124,931.9298095703125,91.83641052246094,0.18061579763889313,933.5621948242188,72.37765502929688,0.21688081324100494,1076.408203125,86.78256225585938,0.853556752204895,1014.7733154296875,78.40150451660156,0.8571223020553589,1137.25341796875,455.9200744628906,0.9814565181732178,917.62353515625,435.3004150390625,0.979019820690155,1319.8505859375,782.43701171875,0.9831831455230713,893.5594482421875,785.8141479492188,0.9829145073890686
767,25566,990.3131103515625,90.06575775146484,0.007215722464025021,992.8392944335938,71.65862274169922,0.005831420421600342,979.270751953125,79.30979919433594,0.003643812146037817,1015.4650268554688,59.559173583984375,0.003980293869972229,973.8829345703125,71.64738464355469,0.0016758935526013374,1017.3331298828125,31.226119995117188,0.006890163291245699,998.9535522460938,12.180130004882812,0.007332128938287497,975.381591796875,74.26927185058594,0.0751299038529396,997.7645874023438,56.72300720214844,0.08872968703508377,938.2424926757812,97.16075134277344,0.1813216656446457,928.7012329101562,75.11054992675781,0.19848443567752838,1069.00634765625,78.13810729980469,0.8084318041801453,1008.1842041015625,71.75074768066406,0.8047822713851929,1126.5987548828125,448.683837890625,0.9803062677383423,926.1700439453125,437.7336730957031,0.9767500758171082,1337.0185546875,765.1809692382812,0.9848213791847229,887.5567626953125,791.5118408203125,0.9837870001792908
768,25600,1016.9965209960938,80.9608383178711,0.018191402778029442,1020.7937622070312,60.58019256591797,0.012647335417568684,1000.4923095703125,68.6879653930664,0.010762110352516174,1033.69775390625,47.98649597167969,0.006551770027726889,979.2845458984375,59.05389404296875,0.0047482387162745,1025.457275390625,16.152923583984375,0.018161354586482048,999.8642578125,2.3778076171875,0.01036692876368761,985.7340087890625,69.48362731933594,0.12278066575527191,978.3643798828125,58.88470458984375,0.06589290499687195,943.740234375,93.45428466796875,0.23215389251708984,920.6723022460938,80.80220031738281,0.15056459605693817,1063.3790283203125,85.09071350097656,0.786647379398346,1002.6209106445312,75.75810241699219,0.7245004177093506,1098.638671875,448.5648193359375,0.9714628458023071,926.9505615234375,441.4793701171875,0.9575472474098206,1347.2794189453125,751.1965942382812,0.9759924411773682,909.7483520507812,788.642578125,0.9690264463424683
769,25633,1011.7344360351562,81.61425018310547,0.01718112826347351,1015.8499145507812,63.29832458496094,0.011316575109958649,996.5775756835938,70.29116821289062,0.010205156169831753,1025.6346435546875,47.91902160644531,0.006123204715549946,974.548828125,57.053466796875,0.004727341700345278,1012.5975952148438,11.14947509765625,0.018331516534090042,991.5007934570312,0.0,0.011106682941317558,977.9569702148438,64.73332214355469,0.1280815452337265,973.4231567382812,55.94764709472656,0.07680181413888931,938.560791015625,96.23130798339844,0.23832692205905914,910.2008666992188,79.49903869628906,0.1734069138765335,1041.54736328125,102.32693481445312,0.7916226387023926,987.846923828125,93.72335815429688,0.7368447184562683,1069.7052001953125,467.4078674316406,0.9680143594741821,928.5316772460938,462.81298828125,0.9558013677597046,1345.3564453125,733.675048828125,0.9724512696266174,942.9566040039062,802.5325927734375,0.9656915664672852
770,25666,942.9263305664062,90.31883239746094,0.004439384210854769,948.5845336914062,72.25918579101562,0.005273146089166403,934.207763671875,80.43148040771484,0.0023858798667788506,982.3707885742188,59.13116455078125,0.008873367682099342,941.9612426757812,71.79734802246094,0.0020561842247843742,992.5222778320312,18.056259155273438,0.009026551619172096,960.0157470703125,5.241943359375,0.009322995319962502,969.3695068359375,36.86595153808594,0.04699904844164848,964.880126953125,42.93800354003906,0.055820826441049576,953.3421020507812,89.65512084960938,0.06540888547897339,929.0696411132812,60.11970520019531,0.0698840394616127,1036.506103515625,70.72128295898438,0.8332750797271729,984.279296875,75.46646118164062,0.8346370458602905,1034.6693115234375,490.02154541015625,0.9763985276222229,941.9365234375,476.75921630859375,0.9745766520500183,1345.3392333984375,721.3577270507812,0.9814949035644531,992.3843994140625,826.9976806640625,0.9818816781044006
771,25700,918.4488525390625,67.40524291992188,0.00309626548551023,921.8245239257812,53.95612335205078,0.0037266393192112446,914.625,66.15518188476562,0.001546029350720346,951.0477905273438,42.42402648925781,0.009829837828874588,937.9702758789062,62.564414978027344,0.001971915364265442,946.1272583007812,7.7235260009765625,0.01319641713052988,984.5289916992188,0.0,0.010257297195494175,905.4837036132812,14.457138061523438,0.0772164985537529,949.8880004882812,24.33233642578125,0.06370379775762558,934.4512939453125,35.049957275390625,0.09239056706428528,923.024658203125,56.38023376464844,0.07969415187835693,1025.736572265625,104.38870239257812,0.8818199038505554,1026.345458984375,108.64915466308594,0.8666187524795532,980.6429443359375,492.5162658691406,0.9784331321716309,957.3671875,488.7550354003906,0.9743160605430603,1304.83740234375,705.9484252929688,0.9802908897399902,1022.9282836914062,825.2246704101562,0.9782368540763855
772,25733,892.6250610351562,48.47692108154297,0.007433799095451832,894.9756469726562,33.464263916015625,0.007777874823659658,890.332275390625,49.973236083984375,0.00303199072368443,933.568359375,21.349365234375,0.017003335058689117,935.0907592773438,49.391807556152344,0.0033854430075734854,934.3200073242188,0.0,0.03584864363074303,1001.542236328125,0.0,0.024483731016516685,878.0022583007812,9.067840576171875,0.16856567561626434,924.4755859375,30.992340087890625,0.11790812015533447,907.36767578125,23.927398681640625,0.19851462543010712,903.7005615234375,29.974960327148438,0.15615463256835938,1031.2568359375,122.10406494140625,0.9229013919830322,1060.548828125,126.62960815429688,0.9054479598999023,948.8921508789062,490.4462585449219,0.9831174612045288,966.5894165039062,499.078857421875,0.97869873046875,1256.1243896484375,699.4351196289062,0.9822202920913696,1056.164306640625,827.7689208984375,0.9786556959152222
773,25766,912.2949829101562,79.88177490234375,0.002761413110420108,908.5276489257812,66.6990966796875,0.0028443660121411085,912.8789672851562,80.60989379882812,0.001006216974928975,929.216552734375,47.887596130371094,0.010684236884117126,963.7943115234375,69.19161987304688,0.0018150070682168007,907.7752685546875,3.24737548828125,0.030141666531562805,1035.8865966796875,0.0,0.015402872115373611,852.7564697265625,13.956298828125,0.2291467785835266,928.4139404296875,24.622421264648438,0.11134082078933716,934.2228393554688,31.628952026367188,0.28852608799934387,929.0628662109375,44.975921630859375,0.17186082899570465,1023.5930786132812,118.89459228515625,0.9275135397911072,1097.166259765625,116.61497497558594,0.8958761692047119,929.7440185546875,487.33148193359375,0.9831367135047913,978.5599975585938,481.62103271484375,0.974647045135498,1216.294189453125,720.0908813476562,0.9786663055419922,1087.5438232421875,810.26513671875,0.9717032313346863
774,25800,886.0594482421875,77.45629119873047,0.0019413852132856846,884.5865478515625,61.471527099609375,0.002645701402798295,887.2203979492188,80.13226318359375,0.0008288740646094084,917.259033203125,43.74385070800781,0.02624962478876114,950.0400390625,73.01838684082031,0.0035279246512800455,910.024658203125,0.93896484375,0.0565129891037941,1042.664794921875,0.0,0.022329479455947876,863.43310546875,12.440689086914062,0.172673299908638,986.1046752929688,28.253402709960938,0.058235328644514084,886.888916015625,9.4031982421875,0.11334086954593658,914.5778198242188,31.542388916015625,0.04737117514014244,1020.1510620117188,110.70872497558594,0.9067791104316711,1108.0313720703125,107.78746032714844,0.8583279252052307,906.7467651367188,469.38006591796875,0.9709044694900513,1022.0328369140625,478.0102844238281,0.9533262848854065,1158.4090576171875,728.154296875,0.9616559147834778,1136.7159423828125,786.59326171875,0.9472302794456482
775,25833,904.445068359375,76.00016784667969,0.002433483488857746,901.0565795898438,59.90904235839844,0.002864004112780094,906.0613403320312,77.89107513427734,0.0011690378887578845,923.7097778320312,43.007354736328125,0.017210880294442177,960.9539794921875,71.7608871459961,0.0034974636510014534,917.5682983398438,2.4781494140625,0.02726680040359497,1044.6641845703125,0.0,0.020259223878383636,896.5777587890625,19.758087158203125,0.09695124626159668,1005.368408203125,31.66259765625,0.07279685884714127,944.9989624023438,41.47013854980469,0.09798184037208557,952.6997680664062,66.76382446289062,0.0788511410355568,1019.7136840820312,103.79534912109375,0.8840320706367493,1110.8330078125,99.44879150390625,0.8650991916656494,898.0545043945312,466.04901123046875,0.9770583510398865,1049.0950927734375,471.1747131347656,0.9713307023048401,1108.4537353515625,785.9432983398438,0.9745663404464722,1201.0,808.3313598632812,0.9702275991439819
776,25866,918.6939697265625,77.60014343261719,0.0031995438039302826,914.2335815429688,59.106536865234375,0.003411924233660102,918.4481201171875,73.97289276123047,0.0015387213788926601,938.0281372070312,45.42814636230469,0.01507026981562376,974.8179931640625,68.2840805053711,0.0037227023858577013,942.278564453125,16.13323974609375,0.02011500485241413,1051.072998046875,7.6803131103515625,0.021096792072057724,942.45654296875,56.68414306640625,0.06318441778421402,1033.04443359375,53.48492431640625,0.0743761733174324,957.9512329101562,99.32867431640625,0.08160523325204849,955.5615234375,70.73643493652344,0.09335613995790482,1022.635986328125,83.78732299804688,0.8533982038497925,1109.839599609375,81.3328857421875,0.8505321145057678,905.679443359375,440.7347106933594,0.9803906679153442,1085.4510498046875,470.2839660644531,0.9778152704238892,1031.69482421875,810.2236328125,0.9837213158607483,1243.373779296875,806.3910522460938,0.9814988970756531
777,25900,930.66650390625,75.58724212646484,0.0026175451930612326,930.8941040039062,54.36781311035156,0.0028160065412521362,932.9066162109375,70.30194854736328,0.0011896571377292275,954.949462890625,38.068267822265625,0.00823525246232748,980.1090087890625,63.27081298828125,0.0018042729934677482,957.8743286132812,0.0,0.007862432859838009,1050.73388671875,0.0,0.009459025226533413,956.0125122070312,45.38733673095703,0.05061286687850952,1014.7474365234375,40.639434814453125,0.07238807529211044,969.3486328125,109.24156951904297,0.11489412933588028,949.9676513671875,90.94084167480469,0.1534895896911621,1034.5303955078125,68.5660400390625,0.7903790473937988,1114.14892578125,65.62376403808594,0.7954007983207703,925.2636108398438,440.95513916015625,0.9776688814163208,1097.1829833984375,452.11871337890625,0.9752650856971741,950.010498046875,823.1565551757812,0.9798191785812378,1283.545654296875,781.0393676757812,0.9774208664894104
778,25933,960.4572143554688,75.31990814208984,0.0031530812848359346,961.5283813476562,51.74645233154297,0.0033552050590515137,958.4906616210938,65.066162109375,0.00144696154166013,978.7474365234375,38.55290222167969,0.0059214704670012,984.2241821289062,61.67500305175781,0.0014056118670850992,981.881103515625,0.0,0.004784070421010256,1030.15478515625,0.0,0.0053235809318721294,974.5865478515625,46.18151092529297,0.04202183708548546,992.64111328125,39.535308837890625,0.05392660200595856,975.5704345703125,111.2047119140625,0.1337197870016098,948.4879760742188,98.13308715820312,0.1647898405790329,1043.8184814453125,52.914825439453125,0.7323318123817444,1095.876708984375,52.55291748046875,0.7258533239364624,937.739013671875,441.4695739746094,0.977814257144928,1101.9677734375,448.0757751464844,0.9734059572219849,904.223388671875,826.1385498046875,0.9818621277809143,1312.844970703125,769.6128540039062,0.9784220457077026
779,25966,997.32568359375,93.08576202392578,0.005160418804734945,997.0992431640625,70.48484802246094,0.0046241311356425285,989.63916015625,79.25228118896484,0.002545676426962018,1009.0838012695312,56.231964111328125,0.006853841245174408,1004.841796875,70.29830932617188,0.002385689178481698,1006.0211791992188,9.25872802734375,0.009784121066331863,1022.9209594726562,3.0670166015625,0.007446138188242912,985.031494140625,51.15728759765625,0.06771788001060486,976.2659912109375,39.85350036621094,0.05604489520192146,977.69970703125,92.25164794921875,0.17940756678581238,942.1302490234375,79.50247192382812,0.17117714881896973,1049.1522216796875,60.42219543457031,0.8014948964118958,1078.705078125,61.5780029296875,0.7615110874176025,941.702880859375,443.8693542480469,0.9837945103645325,1103.9609375,450.3938903808594,0.9754648804664612,902.4515991210938,828.3615112304688,0.9862560629844666,1311.1622314453125,743.50634765625,0.9821548461914062
780,26000,1007.7394409179688,100.36001586914062,0.014563316479325294,1013.5985107421875,69.97840118408203,0.009263403713703156,991.9799194335938,83.07337188720703,0.007531741168349981,1025.6422119140625,51.90705871582031,0.007708982098847628,984.3795776367188,73.3187026977539,0.00501013919711113,1030.1697998046875,0.0,0.019884582608938217,983.1258544921875,0.0,0.01566283218562603,1004.038330078125,43.81681823730469,0.13055387139320374,946.5477905273438,26.9967041015625,0.11780000478029251,951.5161743164062,95.13372802734375,0.34735673666000366,932.8773193359375,81.96304321289062,0.383749783039093,1055.6558837890625,71.729736328125,0.7801313996315002,1041.347412109375,82.00625610351562,0.7392172813415527,932.2948608398438,431.8212890625,0.9710705876350403,1072.0484619140625,454.3642578125,0.9561006426811218,941.097900390625,811.3491821289062,0.967506468296051,1324.388427734375,725.0804443359375,0.9579083323478699
781,26033,946.8933715820312,81.06488800048828,0.00539879035204649,947.818359375,58.40419006347656,0.00523395836353302,943.6820068359375,71.89288330078125,0.0021274832542985678,971.3790893554688,41.56196594238281,0.008052607998251915,967.75732421875,64.99285125732422,0.0018265573307871819,981.7575073242188,0.0,0.010599613189697266,1003.69873046875,0.0,0.010410253889858723,981.6046142578125,44.832275390625,0.08873889595270157,987.6039428710938,38.6378173828125,0.08791053295135498,966.7421264648438,92.96644592285156,0.2330852597951889,944.2496337890625,78.47035217285156,0.23838874697685242,1051.867919921875,61.648773193359375,0.8065192103385925,1074.67138671875,62.88093566894531,0.7834751605987549,949.8960571289062,449.4971923828125,0.9804413318634033,1050.7921142578125,469.59771728515625,0.9715656042098999,975.9578857421875,852.3494262695312,0.9818888306617737,1315.1121826171875,717.8771362304688,0.9758747816085815
782,26066,935.4210205078125,84.31846618652344,0.003901864169165492,935.33056640625,64.6472396850586,0.004836096893996,935.0377807617188,77.85509490966797,0.0015815624501556158,964.3478393554688,48.28889465332031,0.0137354526668787,967.8131103515625,71.09445190429688,0.001975848339498043,977.0689086914062,12.717178344726562,0.014222151599824429,1006.3884887695312,0.0,0.012984328903257847,981.0595092773438,58.722747802734375,0.07168106734752655,1001.4391479492188,52.61906433105469,0.06824487447738647,964.4708862304688,104.79299926757812,0.12274294346570969,946.0440673828125,83.59542846679688,0.12197557836771011,1045.784423828125,84.47273254394531,0.859076738357544,1067.69091796875,81.89991760253906,0.8403862118721008,952.0103759765625,473.0223083496094,0.9845777153968811,1027.5992431640625,482.5621032714844,0.977452278137207,1015.7772216796875,855.2323608398438,0.9863114953041077,1281.6307373046875,707.3103637695312,0.9823827743530273
783,26100,926.8839721679688,75.35531616210938,0.0031792917288839817,928.567626953125,60.01908874511719,0.003857116214931011,924.7362670898438,73.78660583496094,0.0013959083007648587,959.7854614257812,42.983642578125,0.015249393880367279,947.5084228515625,67.6659164428711,0.0025319852866232395,973.072509765625,2.1300201416015625,0.02215348370373249,969.36279296875,0.0,0.01858021877706051,941.8182373046875,28.370040893554688,0.08932729065418243,962.98486328125,39.736358642578125,0.07608751207590103,957.2630004882812,71.07188415527344,0.10484369844198227,941.2752685546875,72.55865478515625,0.0960095077753067,1052.164306640625,107.74026489257812,0.9188792705535889,1044.037841796875,108.88398742675781,0.9036462903022766,955.3920288085938,487.1091613769531,0.9887079000473022,1000.1376342773438,496.6993408203125,0.9825837016105652,1069.1668701171875,851.1114501953125,0.9888816475868225,1241.52685546875,701.345947265625,0.9856756329536438
784,26133,888.1036376953125,51.062896728515625,0.003948662895709276,892.7882690429688,33.88677978515625,0.004125584382563829,888.9373779296875,48.534095764160156,0.001332744024693966,930.1973876953125,18.343185424804688,0.016455892473459244,921.4524536132812,44.40861511230469,0.0026556383818387985,952.29150390625,0.0,0.04088132083415985,956.3865966796875,0.0,0.027961228042840958,870.8549194335938,13.4630126953125,0.227084681391716,895.5357055664062,17.88885498046875,0.11947546154260635,868.0360107421875,1.175445556640625,0.25849801301956177,851.7677001953125,0.0,0.14686661958694458,1062.3951416015625,132.47662353515625,0.936582624912262,1056.2357177734375,129.59271240234375,0.9168084263801575,956.0945434570312,497.14764404296875,0.9881651401519775,983.6347045898438,473.41845703125,0.9790249466896057,1102.716064453125,846.6881103515625,0.9790958166122437,1208.5689697265625,700.3394165039062,0.9727583527565002
785,26166,884.6409301757812,70.61325073242188,0.002939997473731637,889.9611206054688,50.150596618652344,0.0034303339198231697,882.1551513671875,65.39126586914062,0.0009655250469222665,935.0760498046875,33.448516845703125,0.015932947397232056,911.1702270507812,61.32362365722656,0.001785052940249443,964.3416137695312,0.0,0.023438086733222008,947.606201171875,0.0,0.0235395859926939,891.9996337890625,23.888763427734375,0.13832415640354156,956.5265502929688,30.895706176757812,0.1255408078432083,910.0944213867188,23.185089111328125,0.17942838370800018,920.070068359375,39.47904968261719,0.15204454958438873,1069.137939453125,126.40919494628906,0.8624222874641418,1031.435302734375,122.15762329101562,0.8554683327674866,990.683349609375,503.8758544921875,0.9662232398986816,913.8876342773438,465.1879577636719,0.9537509679794312,1134.159912109375,847.81640625,0.9376917481422424,1147.1417236328125,714.2947998046875,0.93310546875
786,26200,907.1217041015625,67.37525939941406,0.004631667397916317,912.8223266601562,48.5870361328125,0.0049644350074231625,899.5037841796875,62.76246643066406,0.0016267658211290836,955.1752319335938,36.00421142578125,0.01592126674950123,912.7396240234375,62.14869689941406,0.0022014817222952843,978.7548217773438,5.2540740966796875,0.03591678664088249,936.3640747070312,0.0,0.02625456638634205,919.5726928710938,22.681594848632812,0.18914026021957397,946.3587036132812,35.1090087890625,0.1390378624200821,926.8016967773438,37.206024169921875,0.23223477602005005,930.5702514648438,56.09138488769531,0.17887833714485168,1071.0477294921875,127.48356628417969,0.9308861494064331,1007.5148315429688,121.51213073730469,0.9168849587440491,1047.2830810546875,515.9326171875,0.9854884743690491,889.6547241210938,449.3882751464844,0.977792501449585,1198.04443359375,839.9697875976562,0.9781827926635742,1104.037109375,708.3806762695312,0.9763739109039307
787,26233,906.6024169921875,78.17372131347656,0.0015192601131275296,913.45263671875,58.74675750732422,0.0022533959709107876,903.873291015625,74.4547348022461,0.0007271011709235609,953.3915405273438,45.1175537109375,0.01635953038930893,921.2879028320312,73.74101257324219,0.002038894686847925,977.0292358398438,6.21405029296875,0.023276297375559807,942.488037109375,0.0,0.014935280196368694,905.5345458984375,16.326004028320312,0.08350470662117004,941.4578247070312,22.664886474609375,0.055571019649505615,932.50341796875,13.576583862304688,0.05881952494382858,923.299072265625,28.609359741210938,0.04155243933200836,1073.32763671875,116.84664916992188,0.9072968363761902,1007.0838012695312,116.21420288085938,0.8874525427818298,1089.73681640625,488.21337890625,0.9799823760986328,885.5000610351562,433.3841247558594,0.9702582359313965,1246.19287109375,835.7457275390625,0.9736874103546143,1039.2210693359375,745.0475463867188,0.9714882969856262
788,26266,975.558349609375,73.90386199951172,0.015103848651051521,985.3912963867188,49.984130859375,0.016629287973046303,968.726318359375,61.695945739746094,0.010539245791733265,1011.5015869140625,35.232421875,0.027031388133764267,962.2210693359375,52.85968780517578,0.011654416099190712,1022.8452758789062,8.612205505371094,0.056663766503334045,963.3003540039062,0.0,0.021946564316749573,969.1981201171875,57.335174560546875,0.1309644877910614,948.7391967773438,45.25831604003906,0.04760342091321945,950.9445190429688,121.01172637939453,0.11856842786073685,943.6104736328125,112.61009216308594,0.056516751646995544,1093.005126953125,115.48038482666016,0.8026121854782104,1008.5419921875,107.41051483154297,0.7175102829933167,1128.080322265625,463.9613342285156,0.9456762671470642,897.3897094726562,436.27691650390625,0.908983588218689,1297.7144775390625,805.6349487304688,0.9209581613540649,970.1984252929688,760.1299438476562,0.8935186862945557
789,26300,971.6283569335938,99.83878326416016,0.003379405476152897,974.4527587890625,80.32340240478516,0.003788411384448409,964.389404296875,88.77406311035156,0.0019976687617599964,1002.6314086914062,65.2422866821289,0.009943307377398014,970.9385375976562,78.49205017089844,0.002976506482809782,1012.861328125,31.5596923828125,0.016131054610013962,996.94921875,13.497940063476562,0.011255099438130856,965.420166015625,73.94252014160156,0.06010716035962105,1035.881103515625,66.71484375,0.0465053915977478,962.5831298828125,109.53620910644531,0.05643278360366821,1020.2369995117188,119.0650634765625,0.043439336121082306,1087.669677734375,91.6552734375,0.8600272536277771,1023.5114135742188,83.58206176757812,0.8393427729606628,1152.1600341796875,466.5810241699219,0.9796184301376343,918.1538696289062,437.1539611816406,0.9730921387672424,1331.5089111328125,802.0918579101562,0.9823458790779114,895.88623046875,796.4443969726562,0.9806098341941833
790,26333,980.4007568359375,94.94096374511719,0.0039110020734369755,982.3333740234375,74.9333724975586,0.0043400428257882595,973.3762817382812,82.37118530273438,0.0022198501974344254,1008.4949340820312,64.20206451416016,0.007606783416122198,979.5716552734375,75.59227752685547,0.002256946172565222,1013.77294921875,40.663421630859375,0.010974549688398838,1005.8402709960938,20.44940185546875,0.007110014092177153,968.1731567382812,91.75442504882812,0.05447191745042801,1044.140869140625,74.07485961914062,0.037383392453193665,954.5989379882812,118.65614318847656,0.0665847435593605,1007.7681884765625,118.10311889648438,0.046424929052591324,1081.1036376953125,82.67642211914062,0.8369659781455994,1020.4114379882812,76.28352355957031,0.8061695694923401,1160.5101318359375,454.7932434082031,0.9823843836784363,929.2313232421875,437.95782470703125,0.9754382371902466,1362.458251953125,790.0076904296875,0.987017810344696,884.4680786132812,797.9652709960938,0.9849570393562317
791,26366,990.2759399414062,90.20201110839844,0.004771658685058355,993.0361328125,69.12105560302734,0.005350985564291477,980.7449951171875,76.06697845458984,0.002733760280534625,1019.521728515625,61.12715148925781,0.006800735369324684,982.308349609375,71.87649536132812,0.002092188922688365,1021.4146728515625,41.702545166015625,0.008619051426649094,1007.1375732421875,20.346954345703125,0.0055180382914841175,973.0865478515625,89.30859375,0.04900481551885605,1024.6168212890625,71.03054809570312,0.032057929784059525,942.4951171875,116.61653137207031,0.07053408771753311,976.0178833007812,107.4642333984375,0.048327624797821045,1080.317626953125,72.04344177246094,0.8011236786842346,1018.7290649414062,67.21028137207031,0.7622087001800537,1149.302978515625,451.2212219238281,0.9804970026016235,933.6846923828125,441.3954162597656,0.9725275039672852,1376.495849609375,772.2318115234375,0.9871283769607544,895.2044677734375,805.6900634765625,0.984527587890625
792,26400,1001.0806884765625,57.391845703125,0.01842104084789753,1005.544189453125,33.1885986328125,0.015610501170158386,992.9353637695312,44.7747802734375,0.011098877526819706,1017.0538940429688,27.156005859375,0.011409713886678219,981.0379028320312,45.57637023925781,0.005876211449503899,995.0302734375,13.326690673828125,0.025614449754357338,1003.6812744140625,0.0,0.01148346159607172,953.6190185546875,59.380027770996094,0.13854998350143433,982.5450439453125,40.59752655029297,0.05846507474780083,915.7077026367188,117.73221588134766,0.22454527020454407,936.9052734375,99.87945556640625,0.12652228772640228,1059.4530029296875,94.2759017944336,0.7762799263000488,1019.2930297851562,90.2955551147461,0.694449245929718,1122.9234619140625,457.82244873046875,0.9571534991264343,935.788330078125,454.126953125,0.9337277412414551,1375.6409912109375,756.4944458007812,0.9456936120986938,928.821533203125,799.6433715820312,0.9269941449165344
793,26433,991.5729370117188,64.54981231689453,0.013463695533573627,998.9624633789062,40.990264892578125,0.01265402976423502,983.3529663085938,51.8448486328125,0.008786452002823353,1013.7658081054688,29.875213623046875,0.014323472045361996,970.3870239257812,46.201446533203125,0.006669932510703802,991.5902709960938,11.592453002929688,0.029074866324663162,984.2747192382812,0.0,0.012622273527085781,953.8309936523438,56.041717529296875,0.11251646280288696,970.740234375,41.27387237548828,0.04751868546009064,928.6533203125,115.67889404296875,0.1409578174352646,937.1050415039062,94.95103454589844,0.07803303748369217,1044.90380859375,113.1287841796875,0.7772846221923828,1001.8165283203125,110.3243408203125,0.6982148885726929,1078.481689453125,472.6022644042969,0.9478104710578918,935.0077514648438,469.69793701171875,0.9224082827568054,1368.3282470703125,743.4520263671875,0.9358322024345398,966.0433959960938,800.11083984375,0.9167749285697937
794,26466,932.8484497070312,99.93489074707031,0.003726956434547901,934.87060546875,79.52796936035156,0.004760205280035734,927.598388671875,89.2671890258789,0.002010502852499485,964.9070434570312,63.2340087890625,0.009890916757285595,948.0733032226562,78.67792510986328,0.002022883854806423,965.8781127929688,18.092605590820312,0.00865583959966898,976.2322998046875,5.161468505859375,0.008441195823252201,933.7177734375,46.06416320800781,0.041293688118457794,976.9613037109375,54.05387878417969,0.04514550045132637,923.7998657226562,116.89329528808594,0.05186549574136734,927.4154663085938,86.45489501953125,0.05299363657832146,1030.8895263671875,69.47373962402344,0.812448263168335,1004.24072265625,76.82345581054688,0.8099943995475769,1041.7913818359375,491.5514831542969,0.9734504222869873,949.992431640625,483.7266540527344,0.9706172347068787,1368.815185546875,728.1351928710938,0.9798938035964966,1011.63232421875,836.3947143554688,0.9796164035797119
795,26500,914.0809936523438,74.76800537109375,0.0032171232160180807,917.6752319335938,60.35472106933594,0.0036915529053658247,910.3599853515625,73.55502319335938,0.001551073626615107,950.5880126953125,46.63165283203125,0.008835136890411377,934.7239379882812,68.72401428222656,0.0018125800415873528,951.9699096679688,5.388702392578125,0.012074511498212814,974.9688720703125,0.0,0.011251253075897694,901.3422241210938,9.919509887695312,0.07989230751991272,946.1817626953125,20.898971557617188,0.08227309584617615,935.28076171875,36.524322509765625,0.10536783188581467,929.6250610351562,73.32781219482422,0.10990836471319199,1041.0853271484375,108.61276245117188,0.883088231086731,1028.0833740234375,115.40858459472656,0.8776379823684692,996.5656127929688,494.0458679199219,0.9775830507278442,960.1930541992188,494.6329040527344,0.9752616882324219,1324.764404296875,711.4351806640625,0.978463351726532,1047.6187744140625,836.4002075195312,0.9771363139152527
796,26533,910.5128784179688,73.99060821533203,0.0036142629105597734,914.8240356445312,60.08795928955078,0.0037399334833025932,904.9085083007812,74.05279541015625,0.0016838640440255404,947.7687377929688,46.43467712402344,0.009134139865636826,929.2884521484375,69.91490936279297,0.0021875707898288965,945.2667846679688,3.4924392700195312,0.016736524179577827,979.137451171875,0.0,0.015858393162488937,898.4630737304688,11.121734619140625,0.11043558269739151,917.3087768554688,24.77197265625,0.11443423479795456,921.7476196289062,30.436248779296875,0.14683184027671814,915.4564819335938,40.525726318359375,0.15981023013591766,1038.485107421875,110.22738647460938,0.8995046019554138,1044.6053466796875,116.90089416503906,0.8932614922523499,966.18408203125,489.80120849609375,0.9777799844741821,974.5992431640625,502.991455078125,0.9757737517356873,1268.3876953125,704.7964477539062,0.9771365523338318,1083.028564453125,837.4141845703125,0.97466641664505
797,26566,906.8465576171875,76.47738647460938,0.0031943453941494226,905.9639282226562,62.57789611816406,0.0031188323628157377,905.41552734375,77.89789581298828,0.0011906888103112578,933.567626953125,45.83848571777344,0.011150052770972252,954.1068115234375,69.32945251464844,0.002112873364239931,917.2570190429688,4.680244445800781,0.03030438907444477,1033.1566162109375,0.0,0.019094988703727722,863.8815307617188,11.976104736328125,0.21360577642917633,939.714111328125,20.59515380859375,0.13065391778945923,921.87841796875,20.30438232421875,0.2720326781272888,924.5582885742188,37.20295715332031,0.1911756545305252,1030.3880615234375,115.89834594726562,0.925416886806488,1100.2655029296875,114.01808166503906,0.9039008021354675,933.299560546875,493.8673400878906,0.981940746307373,1009.955078125,491.75787353515625,0.975835382938385,1225.27734375,722.909912109375,0.9754858016967773,1107.2069091796875,823.2872314453125,0.970173180103302
798,26600,910.8333129882812,93.79335021972656,0.0024993072729557753,910.0217895507812,77.19003295898438,0.002749581355601549,908.5147705078125,95.68890380859375,0.0013789506629109383,937.76025390625,59.19873046875,0.016546975821256638,954.2839965820312,88.54046630859375,0.004401255398988724,932.1337280273438,19.257041931152344,0.022372126579284668,1047.346435546875,0.9120941162109375,0.0325448140501976,915.9451904296875,43.12694549560547,0.06540010124444962,1024.0726318359375,41.064170837402344,0.11590490490198135,925.7091674804688,86.33155059814453,0.05945953354239464,949.8673706054688,75.7163314819336,0.09892568737268448,1030.9720458984375,104.09454345703125,0.8741201162338257,1109.5616455078125,101.02679443359375,0.8931506872177124,907.5260620117188,471.2732238769531,0.9680176973342896,1035.4830322265625,483.7421569824219,0.9717013239860535,1175.7572021484375,723.0662841796875,0.9665984511375427,1158.6373291015625,796.6425170898438,0.968148946762085
799,26633,908.997314453125,70.53156280517578,0.0017758402973413467,906.989013671875,55.753692626953125,0.002341656945645809,910.6820678710938,73.13397216796875,0.0008497595554217696,932.49169921875,42.28669738769531,0.01793500781059265,966.8274536132812,69.41619873046875,0.00307013769634068,928.72119140625,0.0,0.02675427682697773,1046.3028564453125,0.0,0.015598240308463573,903.5863037109375,12.545791625976562,0.08726346492767334,1001.5493774414062,26.421432495117188,0.04854290187358856,959.7550659179688,27.874465942382812,0.07479298859834671,955.2867431640625,54.060791015625,0.047157805413007736,1031.3345947265625,95.300537109375,0.8832694888114929,1119.251953125,93.60026550292969,0.850429892539978,902.0782470703125,460.93426513671875,0.9774855375289917,1073.1075439453125,479.57940673828125,0.969519317150116,1106.868896484375,778.2658081054688,0.9766604900360107,1231.1600341796875,822.7871704101562,0.9701452255249023
800,26666,948.8289184570312,74.35171508789062,0.0017153182998299599,949.69921875,51.513954162597656,0.0022456131409853697,952.2697143554688,66.90554809570312,0.000901650229934603,971.7689208984375,37.11060333251953,0.012351365759968758,1000.3458862304688,61.40508270263672,0.002485831966623664,971.9749755859375,0.0,0.009744374081492424,1067.2532958984375,0.0,0.009141910821199417,969.4724731445312,52.680450439453125,0.033490996807813644,1062.610595703125,49.00914001464844,0.03691191226243973,1006.2962646484375,124.64655303955078,0.047628916800022125,1006.8515625,109.2337875366211,0.05158962681889534,1041.087890625,72.16218566894531,0.7815013527870178,1121.6663818359375,70.62007141113281,0.7698335647583008,930.5574340820312,439.4797668457031,0.9756289720535278,1103.4393310546875,451.275146484375,0.9707247018814087,931.8867797851562,822.0249633789062,0.9804843068122864,1312.53369140625,775.8517456054688,0.9766344428062439
801,26700,996.0342407226562,91.88257598876953,0.0041452432051301,994.1640625,67.417236328125,0.004119771998375654,989.1693115234375,76.45504760742188,0.0022226886358112097,1006.13232421875,54.37248229980469,0.008470509201288223,1012.8973388671875,69.13282012939453,0.002737664384767413,1002.3988037109375,18.350784301757812,0.009422682225704193,1044.6864013671875,11.94781494140625,0.007854373194277287,989.8275146484375,67.894775390625,0.04382443055510521,1006.55078125,53.56169128417969,0.042702507227659225,994.4894409179688,111.90055847167969,0.0959920883178711,949.484130859375,91.60221862792969,0.10311025381088257,1049.983154296875,62.329742431640625,0.780551552772522,1097.7398681640625,63.067108154296875,0.750238299369812,942.2098999023438,438.7909240722656,0.9823494553565979,1116.7457275390625,451.3003234863281,0.975472629070282,906.5418090820312,826.1777954101562,0.98710697889328,1319.44921875,759.7979736328125,0.9837574362754822
802,26733,1002.6921997070312,93.31466674804688,0.004531183745712042,1005.6341552734375,69.59037780761719,0.004819789435714483,991.9627075195312,77.43949127197266,0.002497177803888917,1024.666259765625,57.70751953125,0.008464343845844269,998.785400390625,71.37572479248047,0.0026717630680650473,1030.8310546875,21.745376586914062,0.0088148582726717,1006.9348754882812,16.074554443359375,0.006577732972800732,1019.38916015625,71.07289123535156,0.0400807149708271,980.3184814453125,53.97074890136719,0.03423744812607765,1006.6261596679688,105.66746520996094,0.08902250230312347,948.4297485351562,82.61709594726562,0.08693911880254745,1061.4122314453125,56.0460205078125,0.7533174753189087,1065.36962890625,58.79054260253906,0.7100679874420166,947.0745849609375,435.1348571777344,0.9798950552940369,1099.4344482421875,451.2061462402344,0.9700019359588623,916.9158325195312,827.31591796875,0.9854927659034729,1330.0447998046875,739.9486694335938,0.9808847904205322
803,26766,948.9723510742188,81.01581573486328,0.005980394780635834,949.3513793945312,59.053619384765625,0.006163022015243769,946.1636962890625,73.0517578125,0.0022383001632988453,978.0289916992188,43.96595764160156,0.009809454903006554,974.4929809570312,68.80982208251953,0.0018217143369838595,989.1793212890625,5.52960205078125,0.012007594108581543,1012.6239624023438,0.0,0.011812858283519745,987.56103515625,46.09089660644531,0.09288686513900757,993.2946166992188,43.216827392578125,0.09215545654296875,967.205810546875,100.5062255859375,0.2325841784477234,944.60302734375,87.61720275878906,0.23873382806777954,1055.81689453125,70.81068420410156,0.8232795000076294,1078.61474609375,71.0958251953125,0.8015280365943909,951.3587646484375,454.9002990722656,0.9814376831054688,1046.226806640625,475.8324279785156,0.9730878472328186,987.468017578125,848.3890380859375,0.982998251914978,1313.4066162109375,716.4442749023438,0.9772571325302124
804,26800,944.4150390625,83.4873046875,0.007687854580581188,945.0668334960938,64.20856475830078,0.007304181344807148,940.7947998046875,79.9727783203125,0.002609448740258813,977.6030883789062,44.608245849609375,0.008229210041463375,962.2636108398438,73.6798095703125,0.0015158490277826786,996.5963745117188,0.0,0.012799655087292194,990.2296752929688,0.0,0.012801812961697578,996.4612426757812,38.174835205078125,0.13741463422775269,970.7996215820312,34.58624267578125,0.13584685325622559,964.6983642578125,102.49928283691406,0.3653135597705841,944.572265625,95.87777709960938,0.3732081949710846,1063.18701171875,82.44754028320312,0.8662887215614319,1060.3509521484375,83.67819213867188,0.8473057150840759,951.6998901367188,464.66766357421875,0.9853931069374084,1016.3025512695312,486.3136901855469,0.9778474569320679,1024.1220703125,853.7389526367188,0.9853197932243347,1277.2080078125,700.8751220703125,0.9801768064498901
805,26833,943.7089233398438,83.3543930053711,0.005305293016135693,946.0658569335938,66.02261352539062,0.005333664361387491,936.997802734375,81.53592681884766,0.0023533538915216923,978.1119384765625,45.58319091796875,0.011755187064409256,947.181884765625,74.96214294433594,0.002717419061809778,1002.536376953125,5.0438690185546875,0.017098959535360336,965.9088134765625,0.0,0.024555034935474396,994.328857421875,44.19502258300781,0.08613850176334381,964.4044189453125,46.32444763183594,0.13915477693080902,966.3013916015625,107.67123413085938,0.14642661809921265,941.7643432617188,91.90768432617188,0.2166946828365326,1064.8736572265625,100.10806274414062,0.9036800265312195,1038.7535400390625,101.54031372070312,0.9093953371047974,959.3216552734375,482.589111328125,0.9864906072616577,1003.2276000976562,496.0843505859375,0.9835671186447144,1075.5142822265625,848.9441528320312,0.9862704873085022,1240.3388671875,709.893310546875,0.984677791595459
806,26866,910.581298828125,67.44287109375,0.003353872336447239,915.860107421875,51.33226776123047,0.0030108715873211622,910.171875,68.04057312011719,0.0011680840980261564,956.7210083007812,33.73493957519531,0.00862877443432808,937.6329345703125,63.65684509277344,0.0015879241982474923,977.6079711914062,0.0,0.018531451001763344,989.9666748046875,0.0,0.02536064200103283,933.0176391601562,26.17071533203125,0.1722538024187088,994.0530395507812,40.31121826171875,0.23566243052482605,889.054931640625,18.57586669921875,0.30175653100013733,895.0994262695312,29.115463256835938,0.38679081201553345,1067.6136474609375,125.35578918457031,0.9253599047660828,1059.50048828125,122.01445770263672,0.9293303489685059,964.746826171875,495.04083251953125,0.9862246513366699,975.0088500976562,480.2736511230469,0.9829654097557068,1121.196533203125,843.0912475585938,0.9788075685501099,1210.546875,703.0458984375,0.9773604869842529
807,26900,886.038818359375,60.61322021484375,0.003660034155473113,890.5128173828125,41.92753601074219,0.0034957374446094036,885.4421997070312,56.35835266113281,0.0011114267399534583,936.6948852539062,28.218109130859375,0.013614308089017868,921.4627685546875,54.851165771484375,0.0018474136013537645,977.1124877929688,0.0,0.022378040477633476,973.054931640625,0.0,0.036537040024995804,927.0906982421875,22.163909912109375,0.15606005489826202,999.3511962890625,47.83751678466797,0.2371482253074646,903.0419311523438,24.243850708007812,0.25053495168685913,905.8024291992188,33.29315185546875,0.31166625022888184,1070.668701171875,123.27653503417969,0.8296758532524109,1039.96142578125,119.50694274902344,0.8556037545204163,995.4166870117188,500.7446594238281,0.9492505788803101,921.7825927734375,462.2743835449219,0.9448165893554688,1153.087646484375,847.9476928710938,0.8877487778663635,1124.7528076171875,738.4334106445312,0.8969005942344666
808,26933,893.2430419921875,68.6773681640625,0.002867077011615038,900.6951293945312,48.25531768798828,0.003585826838389039,892.4425659179688,66.36412811279297,0.0011890839086845517,947.3710327148438,38.380645751953125,0.015873076394200325,917.0411376953125,70.15676879882812,0.0021552867256104946,972.7247314453125,9.449455261230469,0.0261031873524189,947.8231201171875,0.0,0.02015567384660244,905.32421875,23.615249633789062,0.12370096892118454,935.609619140625,29.508682250976562,0.10219383239746094,929.5465087890625,17.523971557617188,0.1345813274383545,923.26025390625,23.392868041992188,0.11609681695699692,1071.1285400390625,116.54237365722656,0.9121187329292297,1017.5206298828125,113.61666870117188,0.8984516859054565,1055.789306640625,500.0126953125,0.9817088842391968,898.7898559570312,447.3193664550781,0.9737858176231384,1201.894775390625,839.5215454101562,0.9731729626655579,1091.3203125,727.370361328125,0.9707823395729065
809,26966,881.8717041015625,47.274810791015625,0.002715368987992406,888.7703247070312,27.011032104492188,0.0038480376824736595,883.06787109375,43.60917663574219,0.001288909581489861,934.7860107421875,23.821517944335938,0.021333366632461548,917.1038818359375,51.754302978515625,0.0028556878678500652,965.7583618164062,3.958282470703125,0.02577851340174675,963.8529663085938,0.0,0.021229885518550873,919.4188842773438,23.614700317382812,0.07032519578933716,982.77392578125,26.128097534179688,0.06814393401145935,942.8657836914062,26.446975708007812,0.05270953103899956,939.1655883789062,27.070220947265625,0.050794973969459534,1067.8338623046875,108.25831604003906,0.8936911821365356,1022.7660522460938,106.9892578125,0.8868380188941956,1092.6519775390625,482.9929504394531,0.9788195490837097,897.35107421875,437.4859619140625,0.9732061624526978,1253.7044677734375,828.86279296875,0.9747733473777771,1027.383544921875,765.3442993164062,0.9746906757354736
810,27000,976.9761352539062,63.29393005371094,0.013493608683347702,986.2935791015625,40.910430908203125,0.013872639276087284,970.1231689453125,52.94947814941406,0.008956516161561012,1010.8540649414062,29.26483154296875,0.02301519364118576,963.3609008789062,47.83806610107422,0.010005835443735123,1016.0978393554688,1.4270095825195312,0.05195572227239609,966.2069091796875,0.0,0.02270246297121048,948.0091552734375,44.53937530517578,0.14021413028240204,944.6541137695312,42.41734313964844,0.05916498228907585,935.5465087890625,98.30891418457031,0.13709931075572968,931.2207641601562,108.4903793334961,0.07530778646469116,1095.6807861328125,112.22115325927734,0.8219833970069885,1016.327880859375,106.50196838378906,0.7521541714668274,1129.195556640625,461.5818176269531,0.9511071443557739,907.4690551757812,439.7779541015625,0.9218877553939819,1291.124755859375,794.463134765625,0.9272997975349426,964.5948486328125,762.8485107421875,0.9041774868965149
811,27033,946.8369140625,94.88250732421875,0.002787467557936907,948.2149658203125,73.1612319946289,0.0033146822825074196,944.5805053710938,82.0352783203125,0.0014753233408555388,977.32275390625,60.84546661376953,0.01271914504468441,967.3877563476562,74.36897277832031,0.002915453165769577,986.36572265625,26.604766845703125,0.01609029993414879,1005.116455078125,17.95550537109375,0.01541283167898655,939.5806274414062,69.27420043945312,0.05051752179861069,1084.9134521484375,61.97218322753906,0.057080525904893875,939.0093994140625,126.52665710449219,0.04493993520736694,1094.7227783203125,112.53501892089844,0.04314418137073517,1076.4345703125,77.55171203613281,0.8678378462791443,1034.0167236328125,79.92393493652344,0.8690800070762634,1142.0523681640625,462.9394226074219,0.9805681109428406,927.7018432617188,440.83209228515625,0.9776255488395691,1330.19580078125,795.2316284179688,0.9824044108390808,901.8643798828125,795.6336059570312,0.9835532903671265
812,27066,964.4278564453125,86.830810546875,0.004370603710412979,968.927490234375,62.734130859375,0.005441723857074976,958.2114868164062,69.38367462158203,0.002318125916644931,1001.5087280273438,56.162200927734375,0.00990980863571167,970.2302856445312,65.49584197998047,0.0022683232091367245,1015.4259033203125,35.05723571777344,0.009246495552361012,993.479736328125,24.653274536132812,0.008160052821040154,984.5341796875,87.13792419433594,0.03751467913389206,1052.0948486328125,71.1328125,0.0369967482984066,973.169677734375,134.5487823486328,0.04873812571167946,1049.2906494140625,124.05839538574219,0.04114412143826485,1082.20361328125,66.70156860351562,0.8031469583511353,1018.0955200195312,69.34066772460938,0.7973480224609375,1142.930419921875,453.7590026855469,0.9793907403945923,932.7775268554688,434.2131042480469,0.9750698804855347,1360.8304443359375,779.966552734375,0.9852184653282166,896.084716796875,799.96875,0.9855116605758667
813,27100,1023.8798217773438,81.50285339355469,0.014760450460016727,1026.02685546875,61.35328674316406,0.011277392506599426,1009.0201416015625,70.40384674072266,0.00840990711003542,1042.0177001953125,50.05938720703125,0.006840754300355911,994.486083984375,63.703330993652344,0.004038304090499878,1032.9971923828125,20.767181396484375,0.01748555526137352,1018.9993286132812,5.374969482421875,0.00887489877641201,986.7088623046875,76.69903564453125,0.11854030191898346,999.2922973632812,59.42573547363281,0.05479780212044716,933.5779418945312,106.74916076660156,0.2085326761007309,933.3374633789062,90.58474731445312,0.11934234946966171,1078.4337158203125,85.05111694335938,0.8025954365730286,1020.4205932617188,75.99911499023438,0.7334846258163452,1133.209716796875,450.6423645019531,0.9756428003311157,938.8474731445312,446.139892578125,0.9614410996437073,1363.199462890625,763.5946655273438,0.9799988865852356,901.094482421875,792.0618896484375,0.9729912281036377
814,27133,1000.9552001953125,60.8353157043457,0.01965366117656231,1007.81201171875,35.67388916015625,0.016607290133833885,990.3594360351562,47.65763854980469,0.012496558018028736,1023.4832153320312,27.497474670410156,0.0120579544454813,975.5848999023438,46.73522186279297,0.0067479610443115234,1007.6226806640625,12.264884948730469,0.025505244731903076,997.0276489257812,0.0,0.013504848815500736,968.8568725585938,56.69377899169922,0.12292899936437607,979.9352416992188,38.83824920654297,0.06459624320268631,930.2833251953125,108.4281234741211,0.19966450333595276,938.2025756835938,92.12816619873047,0.13306257128715515,1062.60400390625,97.5398941040039,0.7648620009422302,1015.837158203125,94.6409912109375,0.6997045874595642,1092.3380126953125,458.4096984863281,0.9508366584777832,938.6456909179688,459.2744140625,0.9306517243385315,1361.31201171875,748.5789184570312,0.9396047592163086,949.5759887695312,803.7240600585938,0.9231173992156982
815,27166,992.8692626953125,56.612274169921875,0.011583649553358555,1001.3353881835938,34.31089782714844,0.011016235686838627,985.5359497070312,44.82996368408203,0.006972492206841707,1018.7294311523438,24.28692626953125,0.010131152346730232,975.1974487304688,39.761329650878906,0.003968076314777136,1001.311767578125,2.79254150390625,0.01602938026189804,989.2401733398438,0.0,0.008791636675596237,968.564208984375,54.48419952392578,0.09075677394866943,981.1060791015625,42.77996063232422,0.052362728863954544,935.6906127929688,118.8833999633789,0.15647484362125397,941.4957275390625,102.99595642089844,0.11287684738636017,1050.94091796875,111.24996185302734,0.7357620000839233,1009.2548217773438,106.94581604003906,0.6765344738960266,1049.132568359375,470.5244140625,0.9458652138710022,939.9876708984375,463.16839599609375,0.9280745387077332,1349.84375,734.8584594726562,0.940895676612854,992.7515258789062,793.8861694335938,0.9293943047523499
816,27200,923.2683715820312,72.72450256347656,0.004765627905726433,927.3817749023438,58.586585998535156,0.004681524354964495,918.0404663085938,72.59596252441406,0.0022072826977819204,961.2448120117188,41.24922180175781,0.00851425714790821,940.0679321289062,65.50625610351562,0.0022131905425339937,965.09912109375,1.7307586669921875,0.014854086562991142,983.379150390625,0.0,0.016573099419474602,911.4889526367188,12.598068237304688,0.10755862295627594,941.4627685546875,20.848480224609375,0.13346250355243683,930.5966186523438,32.320220947265625,0.1621360331773758,930.3457641601562,51.50267028808594,0.19726811349391937,1046.4881591796875,117.07470703125,0.9008395671844482,1036.63037109375,123.45877075195312,0.9019536375999451,983.2395629882812,491.8865966796875,0.9799209237098694,973.3797607421875,501.0817565917969,0.979031503200531,1293.2381591796875,704.4515991210938,0.9798073768615723,1070.6851806640625,823.0660400390625,0.9787721633911133
817,27233,927.906982421875,92.44972229003906,0.002371784532442689,928.2063598632812,77.67427825927734,0.002893483964726329,925.8578491210938,91.92288208007812,0.0012067792704328895,957.7516479492188,60.89332580566406,0.012731179594993591,966.036865234375,83.59446716308594,0.0025831267703324556,954.1629638671875,17.876014709472656,0.016855981200933456,1032.56005859375,0.0,0.018762653693556786,921.3640747070312,26.6846923828125,0.07183094322681427,974.824462890625,41.10841369628906,0.09218356013298035,935.7279663085938,52.20606994628906,0.0691281110048294,928.386474609375,59.71604919433594,0.08952231705188751,1043.9635009765625,120.08967590332031,0.8881379961967468,1082.4822998046875,118.88351440429688,0.8919081091880798,951.5145874023438,491.1353759765625,0.9748613834381104,972.1171875,488.5831604003906,0.9748898148536682,1234.2169189453125,706.52490234375,0.9771580696105957,1096.1031494140625,815.426513671875,0.9762687683105469
818,27266,913.1768798828125,71.67837524414062,0.003158790757879615,912.2417602539062,56.23411560058594,0.0029439544305205345,915.531005859375,73.60535430908203,0.0010644900612533092,944.6988525390625,38.69691467285156,0.0135506521910429,975.221923828125,66.12469482421875,0.002385454485192895,937.7135009765625,0.0,0.04000519961118698,1070.0899658203125,0.0,0.030836138874292374,896.4970703125,19.938125610351562,0.260484904050827,1005.2008666992188,40.58583068847656,0.1855780929327011,880.5601196289062,14.82000732421875,0.3193338215351105,892.9888916015625,24.4713134765625,0.25503402948379517,1040.9241943359375,117.41999816894531,0.9103673100471497,1125.412109375,113.69160461425781,0.8929664492607117,925.7891845703125,478.80706787109375,0.973522424697876,1021.8468627929688,483.410888671875,0.9639207720756531,1180.7822265625,755.4525146484375,0.9554489850997925,1147.39892578125,770.538818359375,0.9458805918693542
819,27300,914.9227294921875,90.41212463378906,0.0011328230611979961,912.8796997070312,74.40957641601562,0.0017647534841671586,919.1256103515625,92.56535339355469,0.0006533539853990078,942.9823608398438,57.40534973144531,0.02759232558310032,984.5275268554688,84.93026733398438,0.0045699928887188435,938.61328125,12.862998962402344,0.02948332205414772,1072.849853515625,0.0,0.02307366393506527,899.6145629882812,34.98454284667969,0.049096494913101196,1071.4815673828125,56.683616638183594,0.041529808193445206,891.7824096679688,87.71168518066406,0.023967448621988297,1014.7340698242188,121.10094451904297,0.02198653854429722,1031.5858154296875,110.79144287109375,0.8865448832511902,1122.567626953125,108.28074645996094,0.876633882522583,908.6792602539062,465.85308837890625,0.9737813472747803,1054.21533203125,484.1564025878906,0.9703826904296875,1136.5125732421875,754.5379028320312,0.9768120646476746,1201.6043701171875,812.0936279296875,0.973584771156311
820,27333,911.6788940429688,74.972900390625,0.0015614599687978625,909.5535278320312,59.31275939941406,0.002084714127704501,914.2468872070312,76.70793914794922,0.000777954759541899,934.860595703125,43.01458740234375,0.018505441024899483,972.2106323242188,70.37736511230469,0.0033035995438694954,933.5936889648438,0.6309127807617188,0.026683101430535316,1050.0157470703125,0.0,0.01662016659975052,901.502197265625,17.604034423828125,0.07569532841444016,1010.0535278320312,33.31068420410156,0.045975569635629654,954.010498046875,33.93731689453125,0.05916052311658859,966.2100219726562,68.40689849853516,0.0406823605298996,1037.738037109375,97.78875732421875,0.893498420715332,1127.9716796875,97.82405090332031,0.8663613796234131,898.8279418945312,447.2845458984375,0.9813303351402283,1088.9912109375,478.9233703613281,0.9749374985694885,1076.9228515625,781.575439453125,0.9823392033576965,1241.273193359375,816.0957641601562,0.9770681858062744
821,27366,971.1793823242188,75.34375762939453,0.010024926625192165,973.421875,45.03117370605469,0.011370839551091194,973.976806640625,62.18243408203125,0.006519582588225603,988.1583251953125,31.070892333984375,0.03679027035832405,1014.539794921875,57.817474365234375,0.010830400511622429,976.61669921875,0.0,0.044982537627220154,1077.43212890625,0.0,0.027816127985715866,967.7337036132812,56.827056884765625,0.0775434672832489,1031.4371337890625,55.58301544189453,0.05452442541718483,979.04736328125,128.2630157470703,0.0855071097612381,978.1705322265625,118.22767639160156,0.07596702128648758,1057.379638671875,94.2029800415039,0.8044830560684204,1143.6298828125,100.32003021240234,0.7589682340621948,910.6858520507812,432.53887939453125,0.9626131057739258,1107.0985107421875,452.9033203125,0.9478324055671692,997.4652709960938,801.807861328125,0.9539198279380798,1279.963623046875,780.5482177734375,0.9431649446487427
822,27400,954.9369506835938,80.09724426269531,0.002496838103979826,955.091552734375,58.15924072265625,0.002962239785119891,957.1835327148438,71.80101013183594,0.0011852143798023462,974.7116088867188,43.3458251953125,0.010495759546756744,1000.2484130859375,65.08351135253906,0.0022252495400607586,975.7273559570312,2.8758316040039062,0.0101901451125741,1062.115234375,0.0,0.008789438754320145,971.22314453125,41.74424743652344,0.051628079265356064,1027.9229736328125,39.172760009765625,0.047314129769802094,982.615966796875,109.64998626708984,0.09420408308506012,969.9766845703125,95.35908508300781,0.08969258517026901,1052.489501953125,72.2486572265625,0.816755473613739,1130.8819580078125,70.11085510253906,0.7957659363746643,938.6590576171875,438.1116027832031,0.9821250438690186,1116.6806640625,445.6655578613281,0.9768403768539429,920.6331176757812,812.524658203125,0.9850854873657227,1318.654296875,766.0587768554688,0.9813096523284912
823,27433,968.8712768554688,75.91717529296875,0.002209362806752324,973.2407836914062,52.62945556640625,0.0028510033152997494,967.6357421875,66.27582550048828,0.0011457757791504264,995.2740478515625,41.04212951660156,0.009887251071631908,992.6235961914062,64.37580871582031,0.002067125868052244,998.8048095703125,0.0,0.007907597348093987,1028.609619140625,0.0,0.006729535758495331,991.4205322265625,36.63990783691406,0.0370965301990509,1007.09716796875,38.564208984375,0.03456893563270569,1014.32958984375,98.69620513916016,0.06610985100269318,977.6700439453125,87.55453491210938,0.06354481726884842,1055.96044921875,63.00993347167969,0.7826290726661682,1094.47900390625,64.27253723144531,0.7560340762138367,950.1839599609375,436.6941833496094,0.9787107110023499,1091.4241943359375,442.4804992675781,0.9713982939720154,906.9642333984375,808.5587768554688,0.9833842515945435,1337.2672119140625,732.0234985351562,0.9787402153015137
824,27466,990.18701171875,95.72721862792969,0.0124139953404665,990.9588012695312,71.7271728515625,0.010542781092226505,979.037353515625,85.58638000488281,0.006595630198717117,1012.4000854492188,58.907135009765625,0.01698031835258007,1001.768798828125,76.33438110351562,0.007516003213822842,1016.5286865234375,0.3555450439453125,0.031214434653520584,1018.9808959960938,5.5521240234375,0.023908773437142372,998.4338989257812,65.69682312011719,0.09460330009460449,1002.0324096679688,50.47727966308594,0.07491868734359741,999.225830078125,101.64408874511719,0.16451309621334076,974.8707885742188,73.01490783691406,0.14634527266025543,1060.3026123046875,71.46432495117188,0.777519941329956,1073.2041015625,76.65257263183594,0.7373538017272949,945.5350341796875,439.0341796875,0.9711999893188477,1070.4320068359375,459.94537353515625,0.9570246338844299,960.4141845703125,795.2404174804688,0.9768006801605225,1306.97900390625,710.060302734375,0.9697232246398926
825,27500,959.584716796875,83.61389923095703,0.005190758965909481,960.1692504882812,61.328521728515625,0.005712820217013359,958.0632934570312,75.89103698730469,0.0021638544276356697,985.0828857421875,42.60498046875,0.011922153644263744,985.3942260742188,68.27991485595703,0.0023536249063909054,991.2607421875,0.0,0.014329222962260246,1019.1500244140625,0.0,0.012978390790522099,987.2600708007812,47.338897705078125,0.0815066322684288,1010.260986328125,44.16755676269531,0.07409150153398514,986.5105590820312,87.71383666992188,0.16006559133529663,969.6407470703125,70.90328979492188,0.1520777940750122,1056.17578125,74.31509399414062,0.829520583152771,1078.909912109375,76.52806091308594,0.8034952878952026,958.5792846679688,451.01019287109375,0.9810712933540344,1038.4573974609375,473.67254638671875,0.9717357754707336,994.6752319335938,834.2250366210938,0.9836587309837341,1295.432861328125,699.3089599609375,0.9777817726135254
826,27533,969.3261108398438,69.46707916259766,0.0076325139962136745,975.9318237304688,41.48375701904297,0.008876664564013481,970.5181884765625,57.785430908203125,0.004894563928246498,992.1900024414062,23.775650024414062,0.03273943439126015,988.8689575195312,49.973602294921875,0.009361818432807922,987.7500610351562,0.0,0.05078953877091408,1014.9530639648438,0.0,0.027538491412997246,968.7694702148438,53.06758117675781,0.09792958945035934,997.4652709960938,55.038116455078125,0.059623997658491135,991.1832275390625,131.90057373046875,0.09268072992563248,992.7138061523438,120.01403045654297,0.07848003506660461,1066.2637939453125,113.17529296875,0.8692754507064819,1083.9056396484375,122.19412994384766,0.8203110098838806,951.59326171875,460.62744140625,0.9719569683074951,1005.3444213867188,474.53662109375,0.9512190818786621,1038.5994873046875,828.0767822265625,0.962702214717865,1270.105224609375,685.225341796875,0.9475669860839844
827,27566,988.2052001953125,74.37895202636719,0.009047890082001686,997.9087524414062,50.277740478515625,0.009930561296641827,986.4338989257812,64.5351791381836,0.005968189798295498,1013.9710693359375,28.653671264648438,0.03044799156486988,989.273681640625,52.19286346435547,0.01005734782665968,1011.1045532226562,0.0,0.049801137298345566,991.9708251953125,0.0,0.032601624727249146,975.5502319335938,53.26087188720703,0.1053241640329361,962.1744384765625,50.88079833984375,0.07640884816646576,971.660888671875,129.21812438964844,0.10645540803670883,957.197021484375,110.14279174804688,0.1019316017627716,1079.5203857421875,127.62284088134766,0.865459680557251,1065.08544921875,135.15911865234375,0.8302016854286194,958.8045043945312,480.1728820800781,0.9656088352203369,1000.9398803710938,485.1764831542969,0.9452329874038696,1091.044189453125,826.8021850585938,0.9489994049072266,1230.0108642578125,689.4946899414062,0.9350201487541199
828,27600,906.4979248046875,45.04522705078125,0.0061722141690552235,912.1045532226562,27.652175903320312,0.005514420568943024,905.1748046875,42.20391082763672,0.0017651038942858577,956.4724731445312,13.525039672851562,0.01609332114458084,932.3786010742188,41.290557861328125,0.0022875203285366297,984.9186401367188,0.0,0.034277670085430145,963.6795043945312,0.0,0.04921166971325874,894.3887329101562,16.057113647460938,0.22571930289268494,932.1051635742188,33.59747314453125,0.2711960971355438,882.3179321289062,12.76739501953125,0.3338981866836548,873.4635009765625,22.089340209960938,0.3566235601902008,1087.66650390625,143.4685821533203,0.9271427989006042,1051.8857421875,138.65846252441406,0.9321398735046387,981.8963012695312,497.30841064453125,0.9837107062339783,929.6944580078125,458.33929443359375,0.9792413115501404,1122.5826416015625,832.1130981445312,0.9676308035850525,1167.12890625,684.0768432617188,0.9671601057052612
829,27633,928.56591796875,64.20735168457031,0.0040741912089288235,935.5859985351562,46.794891357421875,0.0038863513618707657,921.4447631835938,60.176055908203125,0.0012195074232295156,983.3134155273438,31.538131713867188,0.014754598028957844,938.17529296875,56.40559387207031,0.0018605234799906611,1010.9033813476562,0.0,0.0422075018286705,961.9907836914062,0.0,0.03748377785086632,928.7847900390625,15.45245361328125,0.2724718451499939,952.3654174804688,35.07032775878906,0.23061004281044006,887.1851806640625,16.335983276367188,0.3513045012950897,880.7113647460938,11.92913818359375,0.30738794803619385,1083.4361572265625,129.89671325683594,0.9157155156135559,1021.6382446289062,122.31221008300781,0.9049127101898193,1019.511474609375,511.5456848144531,0.9724960327148438,902.0370483398438,459.4157409667969,0.9606004953384399,1167.3804931640625,815.934814453125,0.9458430409431458,1136.51806640625,700.7511596679688,0.941148042678833
830,27666,908.170166015625,65.42262268066406,0.0037880137097090483,913.4491577148438,46.157867431640625,0.004556762520223856,905.3856811523438,62.550933837890625,0.0016334692481905222,951.9296875,33.479942321777344,0.0181284062564373,926.2298583984375,63.7822265625,0.002860898384824395,977.9896240234375,3.51580810546875,0.031495351344347,953.6620483398438,0.0,0.025090020149946213,906.0531005859375,17.223358154296875,0.12766176462173462,939.0053100585938,24.498275756835938,0.10852991789579391,933.8390502929688,12.7694091796875,0.1278560906648636,927.3931884765625,20.751205444335938,0.1119743064045906,1079.9937744140625,126.45556640625,0.9196248054504395,1024.9017333984375,124.42854309082031,0.9089916944503784,1071.24658203125,496.1847229003906,0.9830999374389648,901.1958618164062,441.5087890625,0.9766929745674133,1212.9913330078125,829.7882080078125,0.9762808084487915,1068.1988525390625,739.9324951171875,0.974980354309082
831,27700,944.2509155273438,75.955078125,0.0020686197094619274,952.3140258789062,59.033111572265625,0.002816129708662629,939.4179077148438,72.82173156738281,0.000999269774183631,987.8573608398438,42.23027801513672,0.015335215255618095,945.9882202148438,66.43693542480469,0.002283870941027999,1000.57763671875,2.3255767822265625,0.031952910125255585,958.1610717773438,0.0,0.012755230069160461,921.3248901367188,18.399124145507812,0.13191930949687958,937.5048217773438,17.617401123046875,0.05072949454188347,942.1937255859375,16.36614990234375,0.10072311013936996,929.3616943359375,21.830291748046875,0.04794587939977646,1091.04345703125,124.43019104003906,0.9066914916038513,1015.8799438476562,120.73958587646484,0.8605117797851562,1111.597412109375,476.28839111328125,0.977266252040863,897.0386352539062,429.63922119140625,0.9597412943840027,1270.6444091796875,809.4347534179688,0.9692119359970093,1004.656005859375,741.8719482421875,0.960561990737915
832,27733,980.6043090820312,70.63739776611328,0.009336394257843494,987.854736328125,50.035491943359375,0.010953308083117008,976.2324829101562,60.523887634277344,0.0066328165121376514,1012.4216918945312,39.164772033691406,0.026406092569231987,976.348388671875,53.808563232421875,0.009901625104248524,1018.3443603515625,11.609275817871094,0.05202525109052658,988.0111694335938,0.0,0.02072482742369175,982.0016479492188,62.11640167236328,0.1048184409737587,1000.055419921875,53.453086853027344,0.041874565184116364,999.6622924804688,123.68497467041016,0.07702827453613281,1018.5364379882812,128.58248901367188,0.03784148767590523,1096.2567138671875,112.59821319580078,0.8293691873550415,1028.649169921875,103.87122344970703,0.7593005299568176,1139.4122314453125,459.28875732421875,0.9546573758125305,917.2337036132812,432.849609375,0.929039478302002,1309.2313232421875,791.8928833007812,0.938510537147522,944.7413330078125,773.7429809570312,0.9205325841903687
833,27766,994.8883666992188,90.03472137451172,0.00936400331556797,995.726806640625,69.96405029296875,0.008461270481348038,986.2205200195312,79.0044937133789,0.005638070870190859,1017.65625,54.4793701171875,0.012624276801943779,991.4851684570312,66.88707733154297,0.005668343510478735,1017.12451171875,22.663558959960938,0.029339022934436798,1027.9002685546875,6.5619049072265625,0.014805953949689865,961.10546875,85.8782958984375,0.10308841615915298,1049.1876220703125,79.37370300292969,0.05094675347208977,932.8487548828125,125.76205444335938,0.10904261469841003,1014.8763427734375,149.29083251953125,0.061894726008176804,1092.1336669921875,100.41334533691406,0.8424350619316101,1042.254638671875,86.44477844238281,0.7910122871398926,1157.734130859375,456.1266174316406,0.975827693939209,932.5742797851562,432.53350830078125,0.9635558128356934,1338.3717041015625,788.0707397460938,0.9784746766090393,896.8335571289062,782.21044921875,0.9728821516036987
834,27800,996.2044067382812,90.54977416992188,0.01343800500035286,996.658447265625,70.91825866699219,0.011774718761444092,984.9970092773438,80.15727996826172,0.006868579890578985,1017.221435546875,58.61906433105469,0.009197698906064034,984.7786254882812,71.67510223388672,0.003698989748954773,1014.8248901367188,28.829360961914062,0.02387424372136593,1023.1926879882812,8.7242431640625,0.008242195472121239,955.8175048828125,90.42782592773438,0.15536412596702576,1026.815185546875,72.1505126953125,0.044487856328487396,878.9207763671875,131.9202117919922,0.233846053481102,948.3577880859375,144.7760009765625,0.09316352009773254,1089.35595703125,91.2344970703125,0.8378884196281433,1038.682373046875,78.1904296875,0.7481071949005127,1153.406005859375,450.6850891113281,0.9802404046058655,936.5462036132812,437.2724304199219,0.9636669158935547,1364.1121826171875,770.7540893554688,0.9833167195320129,890.6665649414062,787.931640625,0.9754880666732788
835,27833,1002.9959716796875,63.44124984741211,0.009308108128607273,1008.1034545898438,39.920265197753906,0.010537097230553627,997.4282836914062,52.44465637207031,0.0062608239240944386,1028.8289794921875,34.22303009033203,0.016668852418661118,997.3211669921875,53.548072814941406,0.006100811064243317,1010.015869140625,17.0980224609375,0.02718152105808258,1024.4083251953125,1.338958740234375,0.01002136804163456,962.887939453125,71.81941223144531,0.08557050675153732,1014.8529052734375,59.137298583984375,0.029148541390895844,931.9420776367188,120.30928802490234,0.08628536760807037,995.7127075195312,134.27821350097656,0.03788856789469719,1069.5478515625,87.12043762207031,0.7678136825561523,1032.1190185546875,81.27232360839844,0.6722157597541809,1128.1669921875,449.4408874511719,0.9546895623207092,940.5611572265625,443.9253234863281,0.9277287721633911,1368.6533203125,753.1302490234375,0.950329065322876,923.8614501953125,793.2349243164062,0.9318604469299316
836,27866,1000.3297729492188,59.86431884765625,0.014016333036124706,1006.661865234375,37.54991912841797,0.012599130161106586,993.45703125,48.661354064941406,0.0087368069216609,1023.6522216796875,29.129562377929688,0.013132711872458458,986.5047607421875,46.23058319091797,0.00619333004578948,1002.1696166992188,11.349311828613281,0.028251497074961662,1011.4995727539062,0.0,0.014112299308180809,963.2254028320312,56.97669982910156,0.12394339591264725,986.2802124023438,41.02928924560547,0.06135737895965576,932.2119750976562,111.09281158447266,0.16834357380867004,942.4944458007812,95.79915618896484,0.10533493757247925,1059.016357421875,103.04095458984375,0.8009756803512573,1024.65087890625,97.83201599121094,0.7385729551315308,1093.3480224609375,466.4225769042969,0.9557399749755859,938.6802978515625,459.448974609375,0.9373877644538879,1369.2774658203125,739.5560913085938,0.9447760581970215,954.5202026367188,803.13134765625,0.9301150441169739
837,27900,986.7500610351562,67.11543273925781,0.011908886954188347,997.1015625,45.53803253173828,0.012229938991367817,979.5545654296875,56.57102966308594,0.008065138012170792,1023.5581665039062,35.23448181152344,0.016535572707653046,972.79345703125,51.62395477294922,0.007228648755699396,1011.6427001953125,12.621437072753906,0.03187558054924011,979.6773071289062,0.0,0.014226317405700684,973.5260620117188,54.43858337402344,0.1041322648525238,959.40234375,42.26458740234375,0.046730514615774155,936.33984375,115.63980102539062,0.11340078711509705,939.1514892578125,102.14163208007812,0.06678003072738647,1056.865478515625,120.8437728881836,0.804600715637207,1002.6963500976562,118.51359558105469,0.7379134297370911,1060.2735595703125,478.7005920410156,0.950286865234375,938.3421630859375,476.8534240722656,0.9298660755157471,1362.35009765625,726.8814697265625,0.9426101446151733,998.5792236328125,807.2044067382812,0.9272989630699158
838,27933,924.8807983398438,75.40262603759766,0.003170410869643092,928.53369140625,60.1131591796875,0.0038172597996890545,920.8755493164062,73.43962097167969,0.0015949126100167632,960.7288208007812,46.35054016113281,0.009598670527338982,941.5791015625,69.68978118896484,0.00192311592400074,967.3101196289062,5.310218811035156,0.012061168439686298,973.4842529296875,0.0,0.01094842329621315,915.203125,10.981201171875,0.07099772244691849,959.5517578125,20.05078125,0.07185577601194382,954.5399780273438,29.322097778320312,0.0854000523686409,938.6341552734375,47.277557373046875,0.08433989435434341,1047.4188232421875,109.80226135253906,0.8872913122177124,1019.1401977539062,117.23968505859375,0.8822121024131775,1023.72607421875,499.2240905761719,0.9794741868972778,960.2508544921875,488.6915588378906,0.9772112369537354,1343.570556640625,712.821044921875,0.9802928566932678,1043.0028076171875,831.0370483398438,0.9797463417053223
839,27966,923.4822387695312,78.68994140625,0.0031807657796889544,925.149169921875,65.44033813476562,0.003487715497612953,920.8147583007812,78.60791015625,0.0014055970823392272,956.9551391601562,46.51805877685547,0.010794216766953468,958.7232055664062,68.51282501220703,0.0021377147641032934,954.9002075195312,3.561309814453125,0.020606061443686485,1016.9652709960938,0.0,0.017284633591771126,904.871337890625,15.60113525390625,0.12488961964845657,968.5455322265625,29.504653930664062,0.11116857081651688,935.9082641601562,34.98211669921875,0.13747599720954895,936.1802368164062,61.72920227050781,0.13048268854618073,1040.1280517578125,143.6948699951172,0.9282460808753967,1059.6826171875,148.62351989746094,0.9201399087905884,987.211669921875,500.8808288574219,0.9836762547492981,980.8538818359375,509.44134521484375,0.9812780022621155,1294.9345703125,696.9965209960938,0.9838576912879944,1077.2933349609375,830.2468872070312,0.9817292094230652
840,28000,916.2804565429688,79.49798583984375,0.0027687065303325653,918.6450805664062,66.60443115234375,0.0029511575121432543,913.5798950195312,80.43447875976562,0.0011569979833438993,951.9467163085938,51.48351287841797,0.011612600646913052,951.4088745117188,74.0621337890625,0.002278743777424097,953.5814208984375,4.956024169921875,0.028083257377147675,1006.1826782226562,0.0,0.02160906046628952,896.8214721679688,10.982070922851562,0.16416968405246735,932.4303588867188,25.9339599609375,0.12991240620613098,928.3018798828125,17.728912353515625,0.1741327941417694,913.5045776367188,31.998641967773438,0.1536112278699875,1050.841552734375,127.86337280273438,0.922744870185852,1070.656494140625,130.3941650390625,0.9097597599029541,956.7953491210938,488.8462829589844,0.977897047996521,973.08984375,495.5856018066406,0.9736122488975525,1244.5997314453125,699.198486328125,0.9741161465644836,1118.5440673828125,823.3004760742188,0.9692636728286743
841,28033,901.80908203125,75.12734985351562,0.0028538554906845093,901.57861328125,60.07154846191406,0.0029654470272362232,903.0670776367188,77.13427734375,0.0010839712340384722,933.10205078125,44.86871337890625,0.016841456294059753,959.0511474609375,70.59603881835938,0.0030051972717046738,921.4948120117188,2.8171920776367188,0.046373143792152405,1045.5499267578125,0.0,0.02676987834274769,871.9219360351562,11.040023803710938,0.22631436586380005,975.4215698242188,19.470474243164062,0.120302714407444,926.9617919921875,12.539291381835938,0.2342333346605301,941.70068359375,33.932464599609375,0.14292573928833008,1041.29833984375,112.75785827636719,0.9055463075637817,1119.1256103515625,109.97236633300781,0.8735366463661194,945.5222778320312,486.02783203125,0.9711761474609375,1034.8509521484375,487.6029357910156,0.9570434093475342,1197.5531005859375,773.707275390625,0.9510774612426758,1167.2611083984375,794.231201171875,0.9372028112411499
842,28066,923.3461303710938,88.91093444824219,0.0015595892909914255,924.9630126953125,74.315185546875,0.0022651851177215576,923.907958984375,90.53590393066406,0.0008713552379049361,954.0950317382812,58.733116149902344,0.024111928418278694,971.1539306640625,83.21333312988281,0.0043448894284665585,947.146240234375,11.876289367675781,0.03143283724784851,1043.0325927734375,0.0,0.02096223458647728,909.6607055664062,17.070556640625,0.06731687486171722,1010.0996704101562,23.724700927734375,0.04394698888063431,940.11328125,23.251373291015625,0.038528162986040115,959.0894165039062,48.0523681640625,0.027601437643170357,1042.880615234375,107.47151184082031,0.8912898302078247,1112.0372314453125,105.14167785644531,0.8707430362701416,925.9230346679688,472.3348388671875,0.9749178886413574,1068.2633056640625,484.1351623535156,0.9687707424163818,1144.9736328125,762.0075073242188,0.974540650844574,1219.6005859375,815.789794921875,0.9696285724639893
843,28100,978.2760009765625,77.39962005615234,0.01124043669551611,985.1925659179688,49.82661437988281,0.012277570553123951,976.3583374023438,65.56352233886719,0.007039002608507872,1003.3883056640625,37.494140625,0.0326155461370945,1000.2990112304688,61.968910217285156,0.00969163328409195,989.5790405273438,3.1992645263671875,0.046151116490364075,1048.46435546875,5.255653381347656,0.028892315924167633,979.6049194335938,55.877723693847656,0.09964153170585632,996.6544799804688,44.64042663574219,0.0690370574593544,974.0256958007812,114.62086486816406,0.12201160192489624,960.5454711914062,90.67870330810547,0.10849297046661377,1061.117919921875,99.407958984375,0.8163384199142456,1116.9803466796875,106.84391784667969,0.7728366255760193,918.5830078125,442.2865905761719,0.958001971244812,1094.95556640625,472.5306701660156,0.9432315230369568,1078.7156982421875,789.4205932617188,0.9441179633140564,1242.992431640625,800.9326171875,0.9319117069244385
844,28133,985.7149658203125,69.68374633789062,0.008260399103164673,989.9537353515625,42.68238830566406,0.00872532557696104,985.6483764648438,58.200965881347656,0.005055578425526619,1004.5210571289062,30.032089233398438,0.025724926963448524,1015.9642333984375,54.24444580078125,0.00772822555154562,987.45947265625,0.0,0.03601491078734398,1067.95458984375,0.0,0.022824151441454887,975.9739990234375,43.21900177001953,0.08772112429141998,1010.5015869140625,41.49554443359375,0.06318903714418411,986.7286376953125,113.8187026977539,0.1146228238940239,970.7605590820312,94.74478912353516,0.1042541041970253,1057.533203125,94.72824096679688,0.8279345631599426,1132.02490234375,101.92323303222656,0.7864471673965454,922.4149169921875,436.7046203613281,0.9684807062149048,1120.642333984375,457.5134582519531,0.9560706615447998,1010.2298583984375,796.1804809570312,0.9594806432723999,1284.989013671875,779.4210815429688,0.9504866003990173
845,28166,995.9214477539062,88.27537536621094,0.00415425468236208,993.9769287109375,66.46531677246094,0.004003558307886124,990.8828125,76.5695571899414,0.002124899299815297,1005.538330078125,51.76744079589844,0.008715487085282803,1018.2870483398438,67.72366333007812,0.00279128085821867,998.6149291992188,9.347442626953125,0.012043477967381477,1053.592529296875,3.0647735595703125,0.008722534403204918,986.5528564453125,53.531982421875,0.06223246827721596,1008.6231079101562,40.395904541015625,0.04852399602532387,1000.3132934570312,92.958251953125,0.12933509051799774,964.1543579101562,73.87449645996094,0.11496995389461517,1053.5406494140625,65.60009765625,0.8102112412452698,1110.4844970703125,66.72724914550781,0.7691594362258911,950.1517333984375,439.0645751953125,0.9829702377319336,1132.4114990234375,454.91943359375,0.9746193289756775,934.3628540039062,826.6179809570312,0.9860696792602539,1318.06103515625,759.2611083984375,0.98173588514328
846,28200,1003.6957397460938,91.6234130859375,0.005085274111479521,1003.109130859375,69.70520782470703,0.004712329246103764,996.99169921875,78.08084106445312,0.0024265700485557318,1015.6265258789062,56.26666259765625,0.006469837389886379,1014.6113891601562,69.56275177001953,0.002089390531182289,1012.8176879882812,11.776473999023438,0.008603830821812153,1034.359619140625,5.3600006103515625,0.006233819294720888,994.623291015625,48.27928161621094,0.06576893478631973,991.1221313476562,36.57916259765625,0.05010901391506195,991.5026245117188,84.64736938476562,0.18570002913475037,957.5687866210938,68.31999206542969,0.1656813621520996,1064.8009033203125,58.022552490234375,0.7855380177497864,1097.5198974609375,60.122039794921875,0.7375215291976929,957.6127319335938,435.63079833984375,0.9837144017219543,1121.952392578125,449.5508728027344,0.974677562713623,923.5142822265625,829.0904541015625,0.9871556758880615,1331.80810546875,747.1161499023438,0.9826549887657166
847,28233,998.5379028320312,72.55501556396484,0.009366786107420921,1006.5662841796875,43.7244873046875,0.008857876993715763,991.0895385742188,58.23504638671875,0.005234822165220976,1025.2440185546875,36.23872375488281,0.015547259710729122,998.3099365234375,60.79920959472656,0.005284225568175316,1020.3616333007812,0.0,0.02265818789601326,1016.7279052734375,0.0,0.016560055315494537,999.6589965820312,37.24335479736328,0.08903875946998596,967.3469848632812,30.14959716796875,0.07981692254543304,988.7418823242188,91.66900634765625,0.17587397992610931,956.2198486328125,78.01782989501953,0.200929194688797,1069.9036865234375,78.922119140625,0.8113106489181519,1089.1773681640625,89.57450866699219,0.7759332060813904,935.353271484375,433.9804992675781,0.9714557528495789,1097.5594482421875,453.4391784667969,0.9589126110076904,934.4851684570312,806.171142578125,0.960843563079834,1343.578857421875,731.381103515625,0.9507590532302856
848,28266,967.1248168945312,77.83026123046875,0.006476823706179857,969.8839111328125,55.454132080078125,0.006271700374782085,962.2220458984375,68.41227722167969,0.002739003160968423,992.64111328125,41.278564453125,0.010033557191491127,977.5752563476562,64.14800262451172,0.0025498897302895784,1002.0256958007812,0.0,0.01280487421900034,999.3560180664062,0.0,0.013120307587087154,1002.0732421875,38.89013671875,0.08112776279449463,981.9541625976562,37.11863708496094,0.08292210102081299,1000.6798706054688,84.06582641601562,0.19675105810165405,965.1941528320312,71.96278381347656,0.19847138226032257,1065.45263671875,61.749114990234375,0.7997283339500427,1077.2330322265625,64.76513671875,0.780280590057373,953.0323486328125,444.2933349609375,0.9784543514251709,1069.66943359375,461.64532470703125,0.9693348407745361,976.2294311523438,849.7862548828125,0.9792628884315491,1332.9559326171875,713.2011108398438,0.973344624042511
849,28300,947.0687255859375,77.01210021972656,0.0052506159991025925,947.3552856445312,56.482635498046875,0.005986711010336876,946.4649047851562,69.98167419433594,0.0020496519282460213,974.68505859375,42.563232421875,0.015483885072171688,977.4571533203125,66.25577545166016,0.002427759114652872,984.0040283203125,9.11700439453125,0.01727958954870701,1015.5781860351562,0.0,0.017914919182658195,987.4539184570312,57.73480224609375,0.08213458955287933,1016.7050170898438,50.422393798828125,0.08826644718647003,978.9655151367188,101.3990478515625,0.14690226316452026,959.5413818359375,76.35910034179688,0.15871958434581757,1057.1671142578125,86.73165893554688,0.8487838506698608,1082.1065673828125,87.24032592773438,0.8358452320098877,954.4257202148438,458.693603515625,0.9815382957458496,1040.3350830078125,478.781005859375,0.9740763306617737,1013.3148803710938,850.7279663085938,0.9825960397720337,1309.547607421875,704.426513671875,0.977715790271759
850,28333,928.7530517578125,72.92857360839844,0.004038121551275253,931.506591796875,56.84468078613281,0.0043960497714579105,925.15087890625,70.71219635009766,0.0017610712675377727,964.254638671875,40.338409423828125,0.013622904196381569,943.5813598632812,65.56977081298828,0.0027312615420669317,983.0975341796875,0.0,0.020710676908493042,961.518310546875,0.0,0.021513957530260086,949.2192993164062,24.919326782226562,0.09201306849718094,951.5538940429688,36.95924377441406,0.09865554422140121,955.21240234375,61.16139221191406,0.12803371250629425,941.1421508789062,66.96762084960938,0.14005118608474731,1063.7457275390625,103.33671569824219,0.904358983039856,1046.0673828125,105.07919311523438,0.8962326049804688,957.91259765625,477.3016662597656,0.9863491058349609,1006.4285888671875,486.3168640136719,0.9806026816368103,1067.3165283203125,852.03076171875,0.9858810901641846,1269.5810546875,697.2388916015625,0.9827509522438049
851,28366,912.1829223632812,62.427978515625,0.0031511380802839994,916.623046875,47.40861511230469,0.0026072829496115446,913.811279296875,62.66999816894531,0.0011119690025225282,955.1519775390625,29.536788940429688,0.007729925215244293,947.7667236328125,56.146820068359375,0.0015505937626585364,976.4031372070312,0.0,0.014265535399317741,1009.2826538085938,0.0,0.03470127657055855,950.38134765625,23.881072998046875,0.13301917910575867,1006.2142333984375,30.664993286132812,0.3325757086277008,880.8334350585938,21.432403564453125,0.2563484311103821,886.9984130859375,27.745742797851562,0.4967854619026184,1061.283203125,128.92160034179688,0.9348225593566895,1072.2626953125,123.82928466796875,0.9524981379508972,967.9043579101562,496.3836364746094,0.9887059926986694,1002.0714111328125,488.9908447265625,0.989090621471405,1106.165283203125,845.8663940429688,0.9837725758552551,1249.3765869140625,695.94140625,0.9849008321762085
852,28400,909.0970458984375,70.61929321289062,0.0037689178716391325,912.7849731445312,53.98553466796875,0.004332694690674543,905.0159912109375,66.27955627441406,0.0011707396479323506,960.43310546875,38.309326171875,0.0179608091711998,935.1341552734375,60.12030029296875,0.0016687852330505848,990.7333984375,5.594696044921875,0.028482966125011444,974.9468994140625,0.0,0.03246060758829117,950.1290283203125,33.72990417480469,0.14953072369098663,1000.5093994140625,43.30009460449219,0.17882242798805237,925.7051391601562,53.55747985839844,0.19407294690608978,934.643798828125,56.746673583984375,0.22437961399555206,1079.796142578125,128.84591674804688,0.9304912090301514,1044.0238037109375,121.283935546875,0.9307074546813965,1004.635986328125,509.625,0.9856719970703125,933.6231079101562,475.1384582519531,0.9813359379768372,1157.6522216796875,837.77783203125,0.9798556566238403,1191.7333984375,688.4478149414062,0.9789078831672668
853,28433,903.6482543945312,87.01560974121094,0.0037710361648350954,909.367919921875,66.46881866455078,0.004550062119960785,895.9264526367188,81.41191864013672,0.0012509955558925867,961.399169921875,47.51458740234375,0.017292816191911697,915.01171875,75.29493713378906,0.0015915539115667343,994.5324096679688,11.175796508789062,0.02407580427825451,943.0633544921875,1.581573486328125,0.025901533663272858,940.4698486328125,33.35540771484375,0.12724390625953674,961.82763671875,45.27690124511719,0.1504400074481964,925.8680419921875,51.7137451171875,0.16916465759277344,931.4174194335938,73.82611083984375,0.1906835287809372,1074.19775390625,120.12863159179688,0.887722373008728,1008.4596557617188,114.16539001464844,0.8883388042449951,1036.5009765625,512.0164184570312,0.9732043743133545,902.310302734375,460.7456359863281,0.9663243889808655,1191.423583984375,839.4419555664062,0.9595076441764832,1130.5997314453125,712.2579956054688,0.960231602191925
854,28466,869.75537109375,53.52978515625,0.0029823100194334984,876.70703125,32.503326416015625,0.004278041888028383,870.2556762695312,49.703590393066406,0.0012481390731409192,924.91552734375,26.88109588623047,0.023035932332277298,902.6234130859375,56.72721862792969,0.0023957984521985054,958.0966186523438,6.529975891113281,0.02783535048365593,945.2462768554688,0.6655197143554688,0.022128822281956673,906.9498291015625,21.715530395507812,0.08854782581329346,957.9995727539062,27.243621826171875,0.0792369619011879,918.4869384765625,14.274765014648438,0.07404136657714844,919.0228271484375,18.369094848632812,0.06820545345544815,1069.6839599609375,117.35426330566406,0.9032713770866394,1018.8953857421875,116.64198303222656,0.8943150639533997,1088.799072265625,494.0107727050781,0.9802086353302002,899.53125,441.0802001953125,0.9734880924224854,1247.671875,839.9161376953125,0.9733997583389282,1075.7698974609375,737.9578857421875,0.9730786085128784
855,28500,898.0460815429688,57.009979248046875,0.0023179352283477783,905.7273559570312,39.1025390625,0.0030508514028042555,896.3297119140625,52.731170654296875,0.001038827933371067,946.424072265625,31.154388427734375,0.014679496176540852,914.6964111328125,55.20872497558594,0.00207730196416378,973.5377807617188,2.4409332275390625,0.024182787165045738,937.1116943359375,0.0,0.016545968130230904,910.6261596679688,13.9090576171875,0.10045365989208221,937.3175048828125,14.491104125976562,0.07338859885931015,930.7100830078125,11.309463500976562,0.0846068263053894,923.71240234375,10.610137939453125,0.06489144265651703,1072.8297119140625,113.30552673339844,0.9108520150184631,1001.3453979492188,115.77035522460938,0.8949454426765442,1120.5882568359375,478.5837097167969,0.9809699058532715,895.3157958984375,433.50421142578125,0.9731634855270386,1286.532470703125,812.7590942382812,0.9749279618263245,1006.48828125,751.8442993164062,0.9737645983695984
856,28533,965.786865234375,64.96955108642578,0.011476757004857063,972.0543823242188,43.82698059082031,0.01256532222032547,961.2782592773438,55.07219696044922,0.007969319820404053,992.783935546875,33.369598388671875,0.02643153816461563,960.6055908203125,49.58203125,0.010903396643698215,989.3010864257812,4.6707916259765625,0.06221062317490578,979.9971923828125,0.0,0.02037232182919979,942.4894409179688,42.529266357421875,0.13724163174629211,990.4398193359375,39.86675262451172,0.04163782671093941,960.7301025390625,82.55607604980469,0.10387281328439713,1001.3003540039062,93.48548126220703,0.041270289570093155,1078.3260498046875,106.8922348022461,0.843785285949707,1019.5346069335938,99.9744644165039,0.7573634386062622,1149.3116455078125,456.68585205078125,0.9597867131233215,913.2788696289062,433.3836364746094,0.9299241900444031,1325.4154052734375,788.2327880859375,0.9419863820075989,932.1062622070312,769.40283203125,0.9194554686546326
857,28566,971.08544921875,89.0753173828125,0.004679352045059204,973.311767578125,70.25672149658203,0.004736121743917465,963.3612670898438,77.48833465576172,0.0024244252126663923,999.9911499023438,58.745819091796875,0.0069946483708918095,969.5599975585938,69.38575744628906,0.0020686588250100613,1005.0333862304688,33.3848876953125,0.011997278779745102,999.2257690429688,11.88262939453125,0.008327769115567207,959.6142578125,76.27418518066406,0.07476052641868591,1019.4291381835938,52.01133728027344,0.054376065731048584,937.1962280273438,99.00119018554688,0.10394309461116791,951.3865356445312,70.14779663085938,0.07707899808883667,1075.4659423828125,89.08021545410156,0.8575705885887146,1016.9590454101562,80.90757751464844,0.8330941796302795,1149.4652099609375,458.668212890625,0.983564019203186,919.2028198242188,435.14080810546875,0.9775193929672241,1356.1405029296875,778.9346923828125,0.9867510199546814,889.8804931640625,791.1866455078125,0.9849525094032288
858,28600,983.7405395507812,89.2858657836914,0.006733010523021221,985.6817016601562,71.17263793945312,0.005629843100905418,974.0717163085938,78.41944885253906,0.0033345127012580633,1009.0540161132812,59.23622131347656,0.004265278577804565,973.9406127929688,70.30867767333984,0.0016410475363954902,1008.0355224609375,31.97186279296875,0.007623568642884493,1005.1829223632812,11.404220581054688,0.007170866709202528,972.7619018554688,71.88084411621094,0.08059338480234146,1000.76171875,52.16001892089844,0.08101055026054382,940.2266235351562,97.04498291015625,0.17667344212532043,929.9141235351562,69.13179016113281,0.17005234956741333,1067.260986328125,80.64326477050781,0.8317856192588806,1015.46923828125,74.4539794921875,0.8206043243408203,1131.9776611328125,457.57574462890625,0.9825336337089539,928.4705810546875,443.07513427734375,0.978402853012085,1367.9849853515625,758.1032104492188,0.9862297773361206,887.37255859375,794.4862060546875,0.9849711060523987
859,28633,987.5502319335938,54.31047821044922,0.021776456385850906,994.1299438476562,30.577194213867188,0.01618749462068081,979.1253662109375,41.575927734375,0.013075324706733227,1005.6126708984375,22.367408752441406,0.011535677127540112,964.9003295898438,39.29571533203125,0.007019455078989267,987.5392456054688,9.790740966796875,0.0303342342376709,988.6069946289062,0.0,0.01710529997944832,955.2491455078125,52.95011901855469,0.15888310968875885,974.742919921875,38.00422668457031,0.09021997451782227,921.0122680664062,97.06704711914062,0.26171422004699707,929.9998168945312,82.50020599365234,0.18612618744373322,1044.960205078125,103.76513671875,0.7781749367713928,1002.8229370117188,98.98633575439453,0.7192071676254272,1099.3331298828125,458.85992431640625,0.9472015500068665,929.1084594726562,455.1041564941406,0.9261742830276489,1360.12841796875,746.2333374023438,0.9242466688156128,923.0048828125,784.6528930664062,0.9058547616004944
860,28666,978.7058715820312,54.9620361328125,0.020950308069586754,987.4869384765625,31.56873321533203,0.01597648859024048,970.17041015625,41.209716796875,0.01310509629547596,998.788330078125,20.91448974609375,0.012164742685854435,952.72998046875,34.856964111328125,0.0074503677897155285,981.1728515625,5.621864318847656,0.029810845851898193,968.3358764648438,0.0,0.016938606277108192,947.82666015625,49.6834716796875,0.1436970829963684,963.3193969726562,35.44404602050781,0.08462810516357422,920.8634033203125,99.79083251953125,0.231006920337677,924.8768920898438,87.43755340576172,0.17125125229358673,1032.8719482421875,114.5804672241211,0.7613837718963623,986.595947265625,109.73174285888672,0.7036734223365784,1057.4420166015625,470.5442810058594,0.936366081237793,920.3336791992188,465.77288818359375,0.9144205451011658,1351.4857177734375,734.8489379882812,0.9125354290008545,958.7396850585938,786.275390625,0.8939136266708374
861,28700,913.3013916015625,65.07719421386719,0.004785879980772734,917.9916381835938,49.9215087890625,0.00466606579720974,905.3265991210938,60.73796081542969,0.002157065784558654,951.900146484375,37.686126708984375,0.007404622156172991,919.9380493164062,55.32275390625,0.0018924393225461245,949.6661376953125,0.0,0.014643453061580658,946.1982421875,0.0,0.01096674706786871,892.8123779296875,4.7859649658203125,0.11312885582447052,923.3131713867188,22.080001831054688,0.0861881822347641,921.9005737304688,39.64764404296875,0.17043936252593994,917.4075317382812,43.1978759765625,0.13324947655200958,1025.6412353515625,89.96218872070312,0.8863028883934021,989.1432495117188,96.76181030273438,0.8676411509513855,1013.6166381835938,495.767578125,0.9801183938980103,927.0667114257812,482.6108093261719,0.974925696849823,1340.385986328125,706.4238891601562,0.9806076288223267,993.4012451171875,822.9525146484375,0.9787771701812744
862,28733,896.2485961914062,62.41923522949219,0.002882570493966341,899.98828125,48.97773742675781,0.0035699119325727224,893.3007202148438,61.617919921875,0.001551013090647757,933.36572265625,38.4217529296875,0.012147576548159122,925.76953125,58.879554748535156,0.002531765028834343,934.8352661132812,7.401969909667969,0.014775152318179607,985.169677734375,0.0,0.014653095975518227,897.3814086914062,27.447097778320312,0.06049589812755585,943.6461181640625,34.509796142578125,0.06993985176086426,895.0181274414062,44.1346435546875,0.05663733929395676,896.2794799804688,41.44596862792969,0.06698727607727051,1019.0357666015625,117.8258056640625,0.8860970139503479,1030.7054443359375,121.36827850341797,0.8862553238868713,961.5848388671875,495.55389404296875,0.9769649505615234,947.9793090820312,498.9901428222656,0.9762513041496277,1294.259765625,693.9886474609375,0.9807597994804382,1023.485107421875,828.1840209960938,0.9801708459854126
863,28766,904.7540283203125,81.85528564453125,0.0024671026039868593,904.76806640625,67.74034881591797,0.0027325476985424757,902.639892578125,81.03836059570312,0.001174611272290349,929.1868286132812,50.73944091796875,0.0111257154494524,939.1275024414062,72.56831359863281,0.002366043860092759,917.995849609375,11.227455139160156,0.02074120007455349,1005.3168334960938,0.0,0.018841290846467018,878.077880859375,35.38352966308594,0.10922278463840485,926.5465087890625,46.065399169921875,0.10626353323459625,878.4962768554688,39.36689758300781,0.1095745638012886,876.425537109375,38.66862487792969,0.11888987571001053,1016.03271484375,122.57148742675781,0.9119971394538879,1060.943115234375,125.14356994628906,0.9043753743171692,931.7598266601562,491.0437316894531,0.978665292263031,954.2653198242188,505.7560119628906,0.976151168346405,1235.3885498046875,693.8167114257812,0.9794542193412781,1066.94384765625,817.9220581054688,0.9763192534446716
864,28800,895.0563354492188,80.28204345703125,0.004223798867315054,893.7865600585938,65.30030822753906,0.003320825519040227,895.0257568359375,79.86007690429688,0.0015695295296609402,919.7728271484375,45.99330139160156,0.008444572798907757,948.0313110351562,68.18575286865234,0.002161814598366618,912.7562255859375,4.085609436035156,0.021786678582429886,1049.6025390625,0.0,0.030625075101852417,891.6136474609375,29.530426025390625,0.19381174445152283,1004.6320190429688,48.890968322753906,0.2792074382305145,861.0567626953125,27.660232543945312,0.31944677233695984,882.5977172851562,37.82505798339844,0.42926812171936035,1013.2192993164062,124.00625610351562,0.9231165051460266,1096.691650390625,119.28680419921875,0.9309657216072083,909.8145141601562,487.54864501953125,0.9821879267692566,992.6116333007812,490.32147216796875,0.9831427931785583,1188.3173828125,711.913818359375,0.9774706363677979,1091.5623779296875,802.6683349609375,0.9778191447257996
865,28833,883.3720092773438,77.9278564453125,0.002853386104106903,886.0339965820312,63.30043029785156,0.0030003320425748825,881.955322265625,81.29988098144531,0.001206596614792943,921.3484497070312,47.40586853027344,0.015175915323197842,926.6892700195312,77.0127182006836,0.0029171532951295376,925.8259887695312,0.885406494140625,0.033639613538980484,1000.9530639648438,0.0,0.02844160608947277,878.3809814453125,15.868377685546875,0.16036483645439148,916.4712524414062,25.874771118164062,0.13121825456619263,826.4880981445312,7.9920501708984375,0.16462592780590057,813.4237060546875,3.327484130859375,0.1513596773147583,1020.9485473632812,112.01728820800781,0.901445746421814,1075.2423095703125,111.56158447265625,0.8900465965270996,893.2611694335938,470.2087097167969,0.9715339541435242,1010.7415161132812,487.5238342285156,0.9658046960830688,1151.37939453125,740.2633666992188,0.961463212966919,1140.374267578125,800.8150634765625,0.9558076858520508
866,28866,910.4130249023438,75.04234313964844,0.0027145673520863056,908.060546875,58.260589599609375,0.003228314220905304,906.9677124023438,73.87126922607422,0.0014318723697215319,932.35986328125,42.409515380859375,0.018082983791828156,952.9784545898438,66.96540069580078,0.004433158785104752,926.9296875,3.9835968017578125,0.03026660531759262,1020.7002563476562,0.0,0.01839756965637207,911.8365478515625,32.59483337402344,0.08053802698850632,1002.4154663085938,39.14460754394531,0.04776911064982414,944.9115600585938,74.84577941894531,0.07144378870725632,956.8546142578125,75.41358947753906,0.0470307320356369,1008.1450805664062,92.70314025878906,0.8846153020858765,1080.9305419921875,91.2052001953125,0.8528239130973816,887.8370361328125,457.8994445800781,0.9807759523391724,1047.7525634765625,480.40447998046875,0.9734758734703064,1070.7523193359375,786.7046508789062,0.9838575124740601,1204.907470703125,811.675048828125,0.9793176651000977
867,28900,912.38916015625,79.69734191894531,0.003537043696269393,911.1683349609375,62.2159423828125,0.0033459216356277466,912.85693359375,78.8305435180664,0.0016732573276385665,929.8401489257812,43.75030517578125,0.008471766486763954,952.1942138671875,71.39076232910156,0.002383125713095069,928.8560180664062,0.41182708740234375,0.011465871706604958,1020.1294555664062,0.0,0.014254751615226269,934.9887084960938,44.586158752441406,0.07372671365737915,981.022705078125,35.084014892578125,0.10867126286029816,949.2288208007812,92.72236633300781,0.15580454468727112,931.5441284179688,83.12413787841797,0.21613149344921112,1008.136474609375,85.57086181640625,0.8488575220108032,1088.18310546875,84.11549377441406,0.8533763885498047,891.9915161132812,442.676513671875,0.9807792901992798,1076.1552734375,465.2603759765625,0.9796395897865295,975.007568359375,798.8207397460938,0.9819439649581909,1241.7174072265625,791.9719848632812,0.980117917060852
868,28933,936.6082763671875,89.73495483398438,0.005439393687993288,935.2291870117188,67.85334777832031,0.004506396595388651,932.04638671875,80.58517456054688,0.002044167835265398,955.2035522460938,50.491790771484375,0.006066540721803904,967.2113037109375,70.93437194824219,0.001753477961756289,958.9790649414062,0.337646484375,0.01195948664098978,1019.1200561523438,0.0,0.008150101639330387,949.3796997070312,38.23979187011719,0.13328281044960022,972.637939453125,37.81947326660156,0.08651618659496307,949.7137451171875,78.35710144042969,0.3744789958000183,934.6446533203125,80.52854919433594,0.28999465703964233,1021.4998168945312,56.37995910644531,0.8273889422416687,1083.7149658203125,56.05558776855469,0.7796224355697632,908.3248901367188,439.1961364746094,0.9844468235969543,1096.87646484375,454.9331359863281,0.9757212996482849,897.6842651367188,824.5401000976562,0.9846113324165344,1276.0428466796875,769.6875,0.9787553548812866
869,28966,918.538330078125,70.56709289550781,0.004369937349110842,921.8845825195312,47.78368377685547,0.004447388928383589,919.73291015625,60.87970733642578,0.0021878026891499758,937.8301391601562,33.27461242675781,0.010993985459208488,948.8062133789062,53.87983703613281,0.0032815709710121155,947.6488647460938,0.0,0.009968903847038746,987.62548828125,0.0,0.013960927724838257,951.6218872070312,32.54466247558594,0.050663940608501434,960.6035766601562,28.858108520507812,0.07715196162462234,967.0327758789062,100.58468627929688,0.12262183427810669,936.206787109375,87.16522979736328,0.15645195543766022,1018.4952392578125,62.0130615234375,0.7522952556610107,1071.39013671875,62.43505096435547,0.7711434960365295,908.5219116210938,446.5628662109375,0.9694342017173767,1094.910400390625,438.8936462402344,0.9682429432868958,858.71728515625,824.0839233398438,0.9606685638427734,1290.0322265625,759.3726196289062,0.9599253535270691
870,29000,951.6253662109375,83.49744415283203,0.0046180314384400845,955.3839111328125,61.103416442871094,0.0043272944167256355,944.0511474609375,68.9834976196289,0.002177713206037879,974.3273315429688,47.947265625,0.006282854359596968,954.5567016601562,61.306297302246094,0.0020532412454485893,990.4081420898438,10.411834716796875,0.007796632591634989,972.2656860351562,7.858245849609375,0.006936111953109503,994.35205078125,56.37126159667969,0.05653480440378189,948.2757568359375,46.707183837890625,0.053275980055332184,977.5686645507812,83.37579345703125,0.16287089884281158,932.1046752929688,72.31979370117188,0.15770147740840912,1034.6185302734375,48.337646484375,0.7786300778388977,1047.2281494140625,49.00341796875,0.7504352927207947,919.9025268554688,441.3468322753906,0.9831658601760864,1086.508544921875,448.4956359863281,0.9759753942489624,872.9969482421875,837.0560913085938,0.9859786629676819,1309.79541015625,737.6636962890625,0.9821648597717285
871,29033,931.39892578125,80.524658203125,0.0028236208017915487,936.0791625976562,60.180816650390625,0.003270918969064951,926.383544921875,72.37962341308594,0.0016505866078659892,954.9796752929688,45.40857696533203,0.009043415077030659,932.3782348632812,67.70603942871094,0.0025511065032333136,964.1203002929688,5.6480255126953125,0.007685330230742693,952.365966796875,0.25710296630859375,0.008924422785639763,975.4450073242188,48.84095764160156,0.033050842583179474,938.7700805664062,38.72163391113281,0.04867108166217804,976.5738525390625,98.27687072753906,0.06136789917945862,923.4277954101562,79.6995849609375,0.08954676985740662,1019.7888793945312,63.157379150390625,0.7870640158653259,1031.64697265625,66.07901000976562,0.7870717644691467,919.2715454101562,448.5400085449219,0.9772816896438599,1056.5931396484375,455.414794921875,0.972701370716095,896.77587890625,824.1687622070312,0.98055100440979,1310.7052001953125,719.72509765625,0.9775077700614929
872,29066,922.4013061523438,82.96028137207031,0.0036938092671334743,925.6714477539062,63.33350372314453,0.003971675410866737,917.5668334960938,73.82643127441406,0.0017316335579380393,949.6187133789062,48.8426513671875,0.008863652125000954,933.706298828125,67.0033950805664,0.0020917460788041353,956.5569458007812,8.8125,0.01048396434634924,960.0430908203125,0.0,0.009698825888335705,965.0283203125,56.61309814453125,0.05901407450437546,949.276611328125,45.71534729003906,0.0602496862411499,957.4061279296875,112.3348388671875,0.11974576115608215,919.8378295898438,86.343017578125,0.12849628925323486,1016.382080078125,76.6395263671875,0.8291875720024109,1029.7825927734375,76.74632263183594,0.8081238269805908,918.3585205078125,462.55828857421875,0.9828968644142151,1023.8574829101562,472.6854248046875,0.9753252863883972,939.4407348632812,848.26171875,0.9856424927711487,1291.034912109375,706.7186889648438,0.9815757274627686
873,29100,910.0178833007812,81.15151977539062,0.002950655296444893,910.0841674804688,63.17317199707031,0.0034563124645501375,909.8582153320312,75.68994140625,0.0013146093115210533,935.912109375,46.18840026855469,0.011258501559495926,939.7494506835938,67.95835876464844,0.0020046569406986237,942.5853881835938,8.600738525390625,0.013407668098807335,975.8199462890625,0.0,0.01286308653652668,947.8131103515625,57.84306335449219,0.06484533846378326,971.38134765625,47.99908447265625,0.06974030286073685,941.1567993164062,112.38175964355469,0.10196738690137863,918.30029296875,83.85855102539062,0.11725949496030807,1011.6736450195312,93.48545837402344,0.8724328875541687,1036.561279296875,93.61976623535156,0.8571446537971497,915.4999389648438,467.18475341796875,0.9854201674461365,994.9669189453125,488.1755065917969,0.9788200259208679,976.5108032226562,848.2022094726562,0.9879512190818787,1259.8177490234375,694.2192993164062,0.9842276573181152
874,29133,917.68359375,78.34611511230469,0.0029088889714330435,922.0543823242188,61.795555114746094,0.003305881517007947,913.100341796875,74.26293182373047,0.0015155380824580789,950.1412353515625,42.50115966796875,0.011367167346179485,921.8267822265625,65.48897552490234,0.0027274014428257942,965.6220703125,5.2020263671875,0.015254687517881393,937.9857788085938,0.0,0.01691438816487789,974.2027587890625,62.29014587402344,0.057516999542713165,942.425048828125,59.21104431152344,0.07494258135557175,955.0781860351562,129.52560424804688,0.07373182475566864,909.3041381835938,104.94580078125,0.0980285033583641,1020.3604125976562,103.08425903320312,0.8882576823234558,1001.968505859375,103.28182983398438,0.8837229013442993,914.9580688476562,487.5099792480469,0.9846712946891785,957.8119506835938,495.7383728027344,0.979086697101593,1023.6209716796875,857.0015258789062,0.986323356628418,1220.7008056640625,689.7322998046875,0.9835822582244873
875,29166,900.1974487304688,72.4251708984375,0.0033990019001066685,907.5707397460938,50.95079040527344,0.004761687479913235,903.5826416015625,67.5634765625,0.002089208457618952,937.2918090820312,32.047279357910156,0.029872054234147072,932.33154296875,58.228546142578125,0.005856502801179886,937.3447875976562,0.0,0.04190809652209282,955.100830078125,0.0,0.024477340281009674,887.1017456054688,33.15376281738281,0.08847086876630783,914.063232421875,47.79579162597656,0.05467008054256439,898.96875,104.45995330810547,0.06582377851009369,894.9488525390625,117.9752197265625,0.05430588871240616,1019.5728149414062,134.1566162109375,0.9053044319152832,1021.8110961914062,136.77142333984375,0.873627245426178,917.7438354492188,492.8590393066406,0.9778171181678772,929.6671752929688,487.1291198730469,0.9628498554229736,1075.574951171875,848.2354125976562,0.9703230857849121,1193.027099609375,691.6751708984375,0.9611071944236755
876,29200,793.0869140625,32.78727722167969,0.006675276905298233,800.3115844726562,14.486892700195312,0.007957333698868752,794.6678466796875,31.545181274414062,0.001842703903093934,860.2515258789062,8.204658508300781,0.026930207386612892,839.7401733398438,37.00840759277344,0.001998746069148183,907.170654296875,0.0,0.03511930629611015,898.4133911132812,0.0,0.03759504482150078,855.2135009765625,13.209091186523438,0.16674426198005676,908.669677734375,21.03277587890625,0.18280847370624542,861.350830078125,9.145065307617188,0.23295357823371887,857.9286499023438,16.604965209960938,0.24294181168079376,1022.4930419921875,137.16134643554688,0.9102691411972046,991.8234252929688,131.48936462402344,0.9101487398147583,945.2836303710938,506.6206359863281,0.9805279970169067,889.167724609375,467.5919494628906,0.9745527505874634,1098.1995849609375,838.6798706054688,0.9665751457214355,1138.3662109375,684.8563232421875,0.9655837416648865
877,29233,843.6101684570312,60.948326110839844,0.0019817943684756756,849.913330078125,42.70143127441406,0.002508313162252307,841.1755981445312,59.15263366699219,0.0008149025961756706,894.603759765625,29.067283630371094,0.017058368772268295,863.9068603515625,59.59723663330078,0.002217295579612255,936.1221923828125,0.0,0.027801742777228355,888.057373046875,0.0,0.02515026554465294,861.8978271484375,9.092742919921875,0.11438204348087311,882.4766235351562,15.70733642578125,0.09975294023752213,846.5863647460938,0.8716278076171875,0.09515242278575897,826.7197875976562,0.0,0.08111396431922913,1021.1458740234375,128.76251220703125,0.9084720015525818,959.0152587890625,126.34112548828125,0.9019327759742737,988.7276000976562,508.82940673828125,0.975664496421814,865.2828369140625,459.7215270996094,0.9668782949447632,1163.144287109375,837.21337890625,0.9581682682037354,1075.14111328125,728.1885375976562,0.9568559527397156
